{
    "day": {
        "Adj Close": 4.145076, 
        "Close": 44.25, 
        "Company": "WBA", 
        "Date": "1992-12-21", 
        "High": 44.5, 
        "Low": 43.875038, 
        "Open": 44.25, 
        "Volume": 2752000, 
        "day": 1, 
        "week": 52
    }
}