{
    "day": {
        "Adj Close": 84.709999, 
        "Close": 84.709999, 
        "Company": "FANG", 
        "Date": "2014-07-17", 
        "High": 88.199997, 
        "Low": 84.0, 
        "Open": 85.82, 
        "Volume": 843000, 
        "day": 17, 
        "month": 7
    }
}