{
    "day": {
        "Adj Close": 86.660004, 
        "Close": 86.660004, 
        "Company": "FANG", 
        "Date": "2014-07-18", 
        "High": 87.339996, 
        "Low": 84.57, 
        "Open": 84.57, 
        "Volume": 1229200, 
        "day": 18, 
        "month": 7
    }
}