{
    "day": {
        "Adj Close": 88.010002, 
        "Close": 88.010002, 
        "Company": "FANG", 
        "Date": "2014-07-24", 
        "High": 89.080002, 
        "Low": 86.860001, 
        "Open": 88.120003, 
        "Volume": 2064100, 
        "day": 24, 
        "month": 7
    }
}