{
    "day": {
        "Adj Close": 76.858193, 
        "Close": 83.360001, 
        "Company": "TROW", 
        "Date": "2013-12-30", 
        "High": 83.550003, 
        "Low": 82.910004, 
        "Open": 83.400002, 
        "Volume": 518300, 
        "day": 1, 
        "week": 53
    }
}