{
    "day": {
        "Adj Close": 30.709284, 
        "Close": 31.969999, 
        "Company": "MDLZ", 
        "Date": "2013-09-26", 
        "High": 32.119999, 
        "Low": 31.82, 
        "Open": 32.040001, 
        "Volume": 4838200, 
        "day": 4, 
        "week": 39
    }
}