{
    "day": {
        "Adj Close": 3.04491, 
        "Close": 32.875038, 
        "Company": "WBA", 
        "Date": "1992-05-07", 
        "High": 33.0, 
        "Low": 32.5, 
        "Open": 32.5, 
        "Volume": 2962400, 
        "day": 4, 
        "week": 19
    }
}