{
    "day": {
        "Adj Close": 3.04491, 
        "Close": 32.875038, 
        "Company": "WBA", 
        "Date": "1992-05-08", 
        "High": 32.875038, 
        "Low": 32.5, 
        "Open": 32.875038, 
        "Volume": 1280000, 
        "day": 5, 
        "week": 19
    }
}