{
    "day": {
        "Adj Close": 31.33,
        "Close": 31.33,
        "Company": "TCBI",
        "Date": "2016-02-24",
        "High": 32.099998,
        "Low": 29.780001,
        "Open": 31.790001,
        "Volume": 957600,
        "day": 3,
        "week": 8
    }
}