{
    "day": {
        "Adj Close": 15.843127, 
        "Close": 33.029999, 
        "Company": "MDLZ", 
        "Date": "2005-01-25", 
        "High": 33.599998, 
        "Low": 33.029999, 
        "Open": 33.41, 
        "Volume": 2064400, 
        "day": 25, 
        "month": 1
    }
}