{
    "day": {
        "Adj Close": 16.663345, 
        "Close": 34.740002, 
        "Company": "MDLZ", 
        "Date": "2005-01-04", 
        "High": 35.25, 
        "Low": 34.73, 
        "Open": 34.950001, 
        "Volume": 1183200, 
        "day": 4, 
        "month": 1
    }
}