{
    "day": {
        "Adj Close": 18.700001,
        "Close": 18.700001,
        "Company": "TCBI",
        "Date": "2007-01-24",
        "High": 18.809999,
        "Low": 18.51,
        "Open": 18.690001,
        "Volume": 60200,
        "day": 3,
        "week": 4
    }
}