{
    "day": {
        "Adj Close": 3.209689, 
        "Close": 38.124962, 
        "Company": "TROW", 
        "Date": "1995-06-28", 
        "High": 38.5, 
        "Low": 38.0, 
        "Open": 38.0, 
        "Volume": 336800, 
        "day": 3, 
        "week": 26
    }
}