{
    "day": {
        "Adj Close": 10.592633, 
        "Close": 28.98, 
        "Company": "TROW", 
        "Date": "2001-10-02", 
        "High": 29.440001, 
        "Low": 28.059999, 
        "Open": 28.73, 
        "Volume": 1841400, 
        "day": 2, 
        "week": 40
    }
}