{
    "day": {
        "Adj Close": 11.210354, 
        "Close": 30.67, 
        "Company": "TROW", 
        "Date": "2001-10-03", 
        "High": 30.67, 
        "Low": 28.549999, 
        "Open": 29.0, 
        "Volume": 1769000, 
        "day": 3, 
        "week": 40
    }
}