{
    "day": {
        "Adj Close": 3.984752, 
        "Close": 41.875038, 
        "Company": "WBA", 
        "Date": "1993-12-29", 
        "High": 42.25, 
        "Low": 41.375038, 
        "Open": 42.124962, 
        "Volume": 1216000, 
        "day": 3, 
        "week": 52
    }
}