{
    "day": {
        "Adj Close": 1.5724, 
        "Close": 37.0, 
        "Company": "WBA", 
        "Date": "1987-02-13", 
        "High": 37.124962, 
        "Low": 36.624962, 
        "Open": 36.624962, 
        "Volume": 2734400, 
        "day": 5, 
        "week": 7
    }
}