{
    "day": {
        "Adj Close": 19.049999,
        "Close": 19.049999,
        "Company": "TCBI",
        "Date": "2010-11-12",
        "High": 19.52,
        "Low": 19.040001,
        "Open": 19.459999,
        "Volume": 93000,
        "day": 5,
        "week": 45
    }
}