{
    "day": {
        "Adj Close": 42.126886, 
        "Close": 49.98, 
        "Company": "TROW", 
        "Date": "2009-11-06", 
        "High": 50.25, 
        "Low": 49.099998, 
        "Open": 49.209999, 
        "Volume": 1466100, 
        "day": 5, 
        "week": 45
    }
}