{
    "day": {
        "Adj Close": 263.820007, 
        "Close": 263.820007, 
        "Company": "TSLA", 
        "Date": "2014-09-18", 
        "High": 265.600006, 
        "Low": 262.320007, 
        "Open": 263.359985, 
        "Volume": 3692600, 
        "day": 4, 
        "week": 38
    }
}