{
    "day": {
        "Adj Close": 259.320007, 
        "Close": 259.320007, 
        "Company": "TSLA", 
        "Date": "2014-09-19", 
        "High": 261.429993, 
        "Low": 255.270004, 
        "Open": 257.98999, 
        "Volume": 6810900, 
        "day": 5, 
        "week": 38
    }
}