{
    "day": {
        "Adj Close": 44.650002,
        "Close": 44.650002,
        "Company": "TCBI",
        "Date": "2013-08-15",
        "High": 45.43,
        "Low": 44.459999,
        "Open": 44.610001,
        "Volume": 231700,
        "day": 4,
        "week": 33
    }
}