{
    "day": {
        "Adj Close": 18.345579, 
        "Close": 40.450001, 
        "Company": "MDLZ", 
        "Date": "2002-04-15", 
        "High": 40.599998, 
        "Low": 39.599998, 
        "Open": 39.700001, 
        "Volume": 1773900, 
        "day": 1, 
        "week": 16
    }
}