{
    "day": {
        "Adj Close": 17.619918, 
        "Close": 38.849998, 
        "Company": "MDLZ", 
        "Date": "2002-04-18", 
        "High": 39.0, 
        "Low": 38.32, 
        "Open": 38.950001, 
        "Volume": 2843700, 
        "day": 4, 
        "week": 16
    }
}