{
    "day": {
        "Adj Close": 20.059999,
        "Close": 20.059999,
        "Company": "TCBI",
        "Date": "2007-11-19",
        "High": 20.440001,
        "Low": 19.790001,
        "Open": 20.389999,
        "Volume": 136100,
        "day": 1,
        "week": 47
    }
}