{
    "day": {
        "Adj Close": 37.955862,
        "Close": 38.630001,
        "Company": "LPLA",
        "Date": "2015-10-16",
        "High": 38.790001,
        "Low": 38.110001,
        "Open": 38.330002,
        "Volume": 487400,
        "day": 5,
        "week": 42
    }
}