{
    "day": {
        "Adj Close": 34.369764, 
        "Close": 41.279999, 
        "Company": "WBA", 
        "Date": "2005-01-13", 
        "High": 41.919998, 
        "Low": 41.25, 
        "Open": 41.919998, 
        "Volume": 2968200, 
        "day": 4, 
        "week": 2
    }
}