{
    "day": {
        "Adj Close": 10.489304, 
        "Close": 28.32, 
        "Company": "TROW", 
        "Date": "2002-08-29", 
        "High": 28.469999, 
        "Low": 27.18, 
        "Open": 27.469999, 
        "Volume": 1032400, 
        "day": 4, 
        "week": 35
    }
}