{
    "day": {
        "Adj Close": 18.440001,
        "Close": 18.440001,
        "Company": "TCBI",
        "Date": "2010-06-17",
        "High": 18.49,
        "Low": 18.280001,
        "Open": 18.4,
        "Volume": 78400,
        "day": 4,
        "week": 24
    }
}