{
    "day": {
        "Adj Close": 14.430855,
        "Close": 16.1,
        "Company": "SUNS",
        "Date": "2015-02-26",
        "High": 16.110001,
        "Low": 15.76,
        "Open": 15.8,
        "Volume": 89700,
        "day": 26,
        "month": 2
    }
}