{
    "day": {
        "Adj Close": 14.493597,
        "Close": 16.17,
        "Company": "SUNS",
        "Date": "2015-02-27",
        "High": 16.24,
        "Low": 16.049999,
        "Open": 16.15,
        "Volume": 50300,
        "day": 27,
        "month": 2
    }
}