{
    "day": {
        "Adj Close": 23.964855, 
        "Close": 25.52, 
        "Company": "MDLZ", 
        "Date": "2012-12-06", 
        "High": 25.65, 
        "Low": 25.4, 
        "Open": 25.549999, 
        "Volume": 7797000, 
        "day": 4, 
        "week": 49
    }
}