{
    "day": {
        "Adj Close": 70.669998, 
        "Close": 70.669998, 
        "Company": "FANG", 
        "Date": "2014-05-16", 
        "High": 70.730003, 
        "Low": 67.639999, 
        "Open": 69.629997, 
        "Volume": 736400, 
        "day": 16, 
        "month": 5
    }
}