{
    "day": {
        "Adj Close": 71.470001, 
        "Close": 71.470001, 
        "Company": "FANG", 
        "Date": "2014-05-27", 
        "High": 73.150002, 
        "Low": 70.360001, 
        "Open": 72.849998, 
        "Volume": 885600, 
        "day": 27, 
        "month": 5
    }
}