{
    "day": {
        "Adj Close": 75.720001, 
        "Close": 75.720001, 
        "Company": "FANG", 
        "Date": "2014-05-07", 
        "High": 76.5, 
        "Low": 71.599998, 
        "Open": 73.720001, 
        "Volume": 1760300, 
        "day": 7, 
        "month": 5
    }
}