{
    "day": {
        "Adj Close": 29.243908, 
        "Close": 33.450001, 
        "Company": "WBA", 
        "Date": "2010-02-04", 
        "High": 35.099998, 
        "Low": 33.439999, 
        "Open": 34.720001, 
        "Volume": 17080600, 
        "day": 4, 
        "month": 2
    }
}