{
    "day": {
        "Adj Close": 29.383789, 
        "Close": 33.610001, 
        "Company": "WBA", 
        "Date": "2010-02-09", 
        "High": 33.84, 
        "Low": 33.41, 
        "Open": 33.549999, 
        "Volume": 7249200, 
        "day": 9, 
        "month": 2
    }
}