{
    "day": {
        "Adj Close": 1.316882, 
        "Close": 33.5, 
        "Company": "TROW", 
        "Date": "1991-11-26", 
        "High": 33.5, 
        "Low": 32.75008, 
        "Open": 33.5, 
        "Volume": 27200, 
        "day": 2, 
        "week": 48
    }
}