{
    "day": {
        "Adj Close": 1.297227, 
        "Close": 33.0, 
        "Company": "TROW", 
        "Date": "1991-11-27", 
        "High": 33.5, 
        "Low": 32.75008, 
        "Open": 33.5, 
        "Volume": 43200, 
        "day": 3, 
        "week": 48
    }
}