{
    "day": {
        "Adj Close": 16.268421, 
        "Close": 28.0, 
        "Company": "MDLZ", 
        "Date": "2010-07-01", 
        "High": 28.040001, 
        "Low": 27.709999, 
        "Open": 28.0, 
        "Volume": 9408400, 
        "day": 4, 
        "week": 26
    }
}