{
    "day": {
        "Adj Close": 0.840299, 
        "Close": 21.75008, 
        "Company": "TROW", 
        "Date": "1991-02-01", 
        "High": 22.0, 
        "Low": 20.75008, 
        "Open": 21.24992, 
        "Volume": 1662400, 
        "day": 5, 
        "week": 5
    }
}