{
    "day": {
        "Adj Close": 17.063993, 
        "Close": 32.810001, 
        "Company": "MDLZ", 
        "Date": "2007-11-21", 
        "High": 33.040001, 
        "Low": 32.619999, 
        "Open": 32.709999, 
        "Volume": 8397900, 
        "day": 3, 
        "week": 47
    }
}