{
    "day": {
        "Adj Close": 44.159766,
        "Close": 46.68,
        "Company": "LPLA",
        "Date": "2013-12-23",
        "High": 47.150002,
        "Low": 45.860001,
        "Open": 46.25,
        "Volume": 528800,
        "day": 1,
        "week": 52
    }
}