{
    "day": {
        "Adj Close": 30.155513, 
        "Close": 76.610001, 
        "Company": "TROW", 
        "Date": "2006-02-01", 
        "High": 76.970001, 
        "Low": 75.370003, 
        "Open": 76.099998, 
        "Volume": 1391600, 
        "day": 3, 
        "week": 5
    }
}