{
    "day": {
        "Adj Close": 76.261826, 
        "Close": 81.839996, 
        "Company": "TROW", 
        "Date": "2014-06-13", 
        "High": 82.529999, 
        "Low": 81.57, 
        "Open": 82.459999, 
        "Volume": 793300, 
        "day": 13, 
        "month": 6
    }
}