{
    "day": {
        "Adj Close": 77.704959, 
        "Close": 83.830002, 
        "Company": "TROW", 
        "Date": "2014-06-05", 
        "High": 83.959999, 
        "Low": 82.110001, 
        "Open": 82.849998, 
        "Volume": 1388400, 
        "day": 5, 
        "month": 6
    }
}