{
    "day": {
        "Adj Close": 56.053688, 
        "Close": 62.700001, 
        "Company": "TROW", 
        "Date": "2012-07-19", 
        "High": 63.400002, 
        "Low": 62.490002, 
        "Open": 62.849998, 
        "Volume": 1301500, 
        "day": 19, 
        "month": 7
    }
}