{
    "day": {
        "Adj Close": 56.348706, 
        "Close": 63.029999, 
        "Company": "TROW", 
        "Date": "2012-07-02", 
        "High": 63.330002, 
        "Low": 62.240002, 
        "Open": 63.16, 
        "Volume": 1060300, 
        "day": 2, 
        "month": 7
    }
}