{
    "day": {
        "Adj Close": 54.247811, 
        "Close": 60.68, 
        "Company": "TROW", 
        "Date": "2012-07-24", 
        "High": 61.259998, 
        "Low": 59.990002, 
        "Open": 61.259998, 
        "Volume": 1410900, 
        "day": 24, 
        "month": 7
    }
}