{
    "day": {
        "Adj Close": 55.803366, 
        "Close": 62.419998, 
        "Company": "TROW", 
        "Date": "2012-07-05", 
        "High": 63.119999, 
        "Low": 62.360001, 
        "Open": 62.900002, 
        "Volume": 971100, 
        "day": 5, 
        "month": 7
    }
}