{
    "day": {
        "Adj Close": 55.266969, 
        "Close": 61.82, 
        "Company": "TROW", 
        "Date": "2012-07-06", 
        "High": 62.009998, 
        "Low": 61.220001, 
        "Open": 61.57, 
        "Volume": 964100, 
        "day": 6, 
        "month": 7
    }
}