{
    "day": {
        "Adj Close": 55.195451, 
        "Close": 61.740002, 
        "Company": "TROW", 
        "Date": "2012-07-09", 
        "High": 61.880001, 
        "Low": 61.290001, 
        "Open": 61.880001, 
        "Volume": 958000, 
        "day": 9, 
        "month": 7
    }
}