{
    "day": {
        "Adj Close": 1.176916, 
        "Close": 31.24992, 
        "Company": "TROW", 
        "Date": "1990-01-08", 
        "High": 31.5, 
        "Low": 31.0, 
        "Open": 31.0, 
        "Volume": 660800, 
        "day": 1, 
        "week": 2
    }
}