{
    "day": {
        "Adj Close": 30.091879, 
        "Close": 32.849998, 
        "Company": "WBA", 
        "Date": "2012-05-14", 
        "High": 33.119999, 
        "Low": 32.779999, 
        "Open": 33.009998, 
        "Volume": 5845600, 
        "day": 14, 
        "month": 5
    }
}