{
    "day": {
        "Adj Close": 28.833289, 
        "Close": 31.26, 
        "Company": "WBA", 
        "Date": "2012-05-24", 
        "High": 31.49, 
        "Low": 30.950001, 
        "Open": 31.35, 
        "Volume": 5119100, 
        "day": 24, 
        "month": 5
    }
}