{
    "day": {
        "Adj Close": 1.085521, 
        "Close": 27.75008, 
        "Company": "TROW", 
        "Date": "1991-07-01", 
        "High": 28.0, 
        "Low": 27.24992, 
        "Open": 27.24992, 
        "Volume": 169600, 
        "day": 1, 
        "week": 27
    }
}