{
    "day": {
        "Adj Close": 17.389999, 
        "Close": 17.389999, 
        "Company": "FANG", 
        "Date": "2012-10-24", 
        "High": 17.469999, 
        "Low": 16.92, 
        "Open": 16.92, 
        "Volume": 158200, 
        "day": 3, 
        "week": 43
    }
}