{
    "day": {
        "Adj Close": 32.390276, 
        "Close": 33.720001, 
        "Company": "MDLZ", 
        "Date": "2013-11-19", 
        "High": 34.07, 
        "Low": 33.52, 
        "Open": 33.66, 
        "Volume": 5377600, 
        "day": 19, 
        "month": 11
    }
}