{
    "day": {
        "Adj Close": 32.553571, 
        "Close": 33.889999, 
        "Company": "MDLZ", 
        "Date": "2013-11-26", 
        "High": 34.200001, 
        "Low": 33.599998, 
        "Open": 33.68, 
        "Volume": 7694700, 
        "day": 26, 
        "month": 11
    }
}