{
    "day": {
        "Adj Close": 28.590566, 
        "Close": 30.030001, 
        "Company": "MDLZ", 
        "Date": "2013-04-05", 
        "High": 30.209999, 
        "Low": 29.84, 
        "Open": 29.879999, 
        "Volume": 10431900, 
        "day": 5, 
        "week": 14
    }
}