{
    "day": {
        "Adj Close": 19.864928, 
        "Close": 43.799999, 
        "Company": "MDLZ", 
        "Date": "2002-06-12", 
        "High": 43.950001, 
        "Low": 43.0, 
        "Open": 43.330002, 
        "Volume": 2212500, 
        "day": 3, 
        "week": 24
    }
}