{
    "day": {
        "Adj Close": 74.400322, 
        "Close": 76.07, 
        "Company": "TROW", 
        "Date": "2015-08-14", 
        "High": 76.150002, 
        "Low": 75.5, 
        "Open": 75.589996, 
        "Volume": 772200, 
        "day": 14, 
        "month": 8
    }
}