{
    "day": {
        "Adj Close": 74.556813, 
        "Close": 76.230003, 
        "Company": "TROW", 
        "Date": "2015-08-17", 
        "High": 76.279999, 
        "Low": 75.360001, 
        "Open": 75.5, 
        "Volume": 819100, 
        "day": 17, 
        "month": 8
    }
}