{
    "day": {
        "Adj Close": 69.255773, 
        "Close": 70.809998, 
        "Company": "TROW", 
        "Date": "2015-08-26", 
        "High": 71.120003, 
        "Low": 69.160004, 
        "Open": 69.620003, 
        "Volume": 3412800, 
        "day": 26, 
        "month": 8
    }
}