{
    "day": {
        "Adj Close": 20.611233, 
        "Close": 34.220001, 
        "Company": "MDLZ", 
        "Date": "2011-08-24", 
        "High": 34.27, 
        "Low": 33.799999, 
        "Open": 34.029999, 
        "Volume": 8550600, 
        "day": 24, 
        "month": 8
    }
}