{
    "day": {
        "Adj Close": 20.448607, 
        "Close": 33.950001, 
        "Company": "MDLZ", 
        "Date": "2011-08-26", 
        "High": 34.09, 
        "Low": 32.900002, 
        "Open": 33.52, 
        "Volume": 9229600, 
        "day": 26, 
        "month": 8
    }
}