{
    "day": {
        "Adj Close": 1.31197, 
        "Close": 33.375038, 
        "Company": "TROW", 
        "Date": "1991-09-27", 
        "High": 34.0, 
        "Low": 33.375038, 
        "Open": 34.0, 
        "Volume": 67200, 
        "day": 27, 
        "month": 9
    }
}