{
    "day": {
        "Adj Close": 1.320228, 
        "Close": 33.75008, 
        "Company": "TROW", 
        "Date": "1991-09-09", 
        "High": 33.75008, 
        "Low": 33.0, 
        "Open": 33.0, 
        "Volume": 80000, 
        "day": 9, 
        "month": 9
    }
}