{
    "day": {
        "Adj Close": 3.954466, 
        "Close": 41.375038, 
        "Company": "WBA", 
        "Date": "1994-04-19", 
        "High": 41.75, 
        "Low": 41.0, 
        "Open": 41.375038, 
        "Volume": 2816000, 
        "day": 109, 
        "year": 1994
    }
}