{
    "day": {
        "Adj Close": 4.026141, 
        "Close": 42.124962, 
        "Company": "WBA", 
        "Date": "1994-04-26", 
        "High": 42.25, 
        "Low": 41.624962, 
        "Open": 41.75, 
        "Volume": 1211200, 
        "day": 116, 
        "year": 1994
    }
}