{
    "day": {
        "Adj Close": 4.08588, 
        "Close": 42.75, 
        "Company": "WBA", 
        "Date": "1994-05-04", 
        "High": 42.875038, 
        "Low": 42.124962, 
        "Open": 42.75, 
        "Volume": 788800, 
        "day": 124, 
        "year": 1994
    }
}