{
    "day": {
        "Adj Close": 3.947031, 
        "Close": 41.124962, 
        "Company": "WBA", 
        "Date": "1994-05-23", 
        "High": 41.5, 
        "Low": 41.124962, 
        "Open": 41.25, 
        "Volume": 920800, 
        "day": 143, 
        "year": 1994
    }
}