{
    "day": {
        "Adj Close": 3.923044, 
        "Close": 40.875038, 
        "Company": "WBA", 
        "Date": "1994-05-31", 
        "High": 41.124962, 
        "Low": 40.75, 
        "Open": 40.75, 
        "Volume": 1278400, 
        "day": 151, 
        "year": 1994
    }
}