{
    "day": {
        "Adj Close": 3.616011, 
        "Close": 38.0, 
        "Company": "WBA", 
        "Date": "1994-01-17", 
        "High": 38.124962, 
        "Low": 37.0, 
        "Open": 37.0, 
        "Volume": 4323200, 
        "day": 17, 
        "year": 1994
    }
}