{
    "day": {
        "Adj Close": 3.49115, 
        "Close": 36.375038, 
        "Company": "WBA", 
        "Date": "1994-06-30", 
        "High": 37.124962, 
        "Low": 35.624962, 
        "Open": 37.124962, 
        "Volume": 2970400, 
        "day": 181, 
        "year": 1994
    }
}