{
    "day": {
        "Adj Close": 3.443161, 
        "Close": 35.875038, 
        "Company": "WBA", 
        "Date": "1994-07-06", 
        "High": 36.375038, 
        "Low": 35.624962, 
        "Open": 36.375038, 
        "Volume": 1548800, 
        "day": 187, 
        "year": 1994
    }
}