{
    "day": {
        "Adj Close": 3.455155, 
        "Close": 36.0, 
        "Company": "WBA", 
        "Date": "1994-07-26", 
        "High": 36.124962, 
        "Low": 35.624962, 
        "Open": 35.624962, 
        "Volume": 1271200, 
        "day": 207, 
        "year": 1994
    }
}