{
    "day": {
        "Adj Close": 3.563125, 
        "Close": 37.124962, 
        "Company": "WBA", 
        "Date": "1994-08-01", 
        "High": 37.124962, 
        "Low": 36.375038, 
        "Open": 36.5, 
        "Volume": 1309600, 
        "day": 213, 
        "year": 1994
    }
}