{
    "day": {
        "Adj Close": 3.748372, 
        "Close": 38.875038, 
        "Company": "WBA", 
        "Date": "1994-10-14", 
        "High": 39.25, 
        "Low": 38.624962, 
        "Open": 38.875038, 
        "Volume": 783200, 
        "day": 287, 
        "year": 1994
    }
}