{
    "day": {
        "Adj Close": 3.989424, 
        "Close": 41.375038, 
        "Company": "WBA", 
        "Date": "1994-10-31", 
        "High": 41.875038, 
        "Low": 41.124962, 
        "Open": 41.875038, 
        "Volume": 1307200, 
        "day": 304, 
        "year": 1994
    }
}