{
    "day": {
        "Adj Close": 3.72306, 
        "Close": 39.124962, 
        "Company": "WBA", 
        "Date": "1994-01-31", 
        "High": 39.5, 
        "Low": 38.5, 
        "Open": 38.624962, 
        "Volume": 1809600, 
        "day": 31, 
        "year": 1994
    }
}