{
    "day": {
        "Adj Close": 4.008037, 
        "Close": 41.375038, 
        "Company": "WBA", 
        "Date": "1994-11-09", 
        "High": 41.75, 
        "Low": 41.25, 
        "Open": 41.75, 
        "Volume": 1614400, 
        "day": 313, 
        "year": 1994
    }
}