{
    "day": {
        "Adj Close": 4.068577, 
        "Close": 42.0, 
        "Company": "WBA", 
        "Date": "1994-11-16", 
        "High": 42.25, 
        "Low": 41.875038, 
        "Open": 42.25, 
        "Volume": 2668000, 
        "day": 320, 
        "year": 1994
    }
}