{
    "day": {
        "Adj Close": 3.947489, 
        "Close": 40.75, 
        "Company": "WBA", 
        "Date": "1994-12-02", 
        "High": 41.124962, 
        "Low": 40.375038, 
        "Open": 40.375038, 
        "Volume": 1762400, 
        "day": 336, 
        "year": 1994
    }
}