{
    "day": {
        "Adj Close": 3.651699, 
        "Close": 38.375038, 
        "Company": "WBA", 
        "Date": "1994-02-04", 
        "High": 39.25, 
        "Low": 38.25, 
        "Open": 38.875038, 
        "Volume": 1961600, 
        "day": 35, 
        "year": 1994
    }
}