{
    "day": {
        "Adj Close": 4.334972, 
        "Close": 44.75, 
        "Company": "WBA", 
        "Date": "1994-12-20", 
        "High": 45.0, 
        "Low": 44.25, 
        "Open": 44.624962, 
        "Volume": 3207200, 
        "day": 354, 
        "year": 1994
    }
}