{
    "day": {
        "Adj Close": 4.334972, 
        "Close": 44.75, 
        "Company": "WBA", 
        "Date": "1994-12-27", 
        "High": 44.875038, 
        "Low": 44.5, 
        "Open": 44.875038, 
        "Volume": 1144000, 
        "day": 361, 
        "year": 1994
    }
}