{
    "day": {
        "Adj Close": 3.687379, 
        "Close": 38.75, 
        "Company": "WBA", 
        "Date": "1994-02-07", 
        "High": 38.75, 
        "Low": 37.875038, 
        "Open": 38.0, 
        "Volume": 2310400, 
        "day": 38, 
        "year": 1994
    }
}