{
    "day": {
        "Adj Close": 3.882777, 
        "Close": 40.624962, 
        "Company": "WBA", 
        "Date": "1994-02-28", 
        "High": 41.124962, 
        "Low": 40.624962, 
        "Open": 40.875038, 
        "Volume": 1258400, 
        "day": 59, 
        "year": 1994
    }
}