{
    "day": {
        "Adj Close": 3.72306, 
        "Close": 39.124962, 
        "Company": "WBA", 
        "Date": "1994-01-06", 
        "High": 39.75, 
        "Low": 39.124962, 
        "Open": 39.25, 
        "Volume": 1838400, 
        "day": 6, 
        "year": 1994
    }
}