{
    "day": {
        "Adj Close": 3.918621, 
        "Close": 41.0, 
        "Company": "WBA", 
        "Date": "1994-03-17", 
        "High": 41.124962, 
        "Low": 40.624962, 
        "Open": 40.75, 
        "Volume": 2138400, 
        "day": 76, 
        "year": 1994
    }
}