{
    "day": {
        "Adj Close": 3.882777, 
        "Close": 40.624962, 
        "Company": "WBA", 
        "Date": "1994-04-07", 
        "High": 40.624962, 
        "Low": 39.75, 
        "Open": 40.124962, 
        "Volume": 1822400, 
        "day": 97, 
        "year": 1994
    }
}