{
    "day": {
        "Adj Close": 69.201636, 
        "Close": 69.720001, 
        "Company": "TROW", 
        "Date": "2016-02-26", 
        "High": 70.639999, 
        "Low": 69.300003, 
        "Open": 70.510002, 
        "Volume": 1040200, 
        "day": 26, 
        "month": 2
    }
}