{
    "day": {
        "Adj Close": 33.830081, 
        "Close": 36.099998, 
        "Company": "WBA", 
        "Date": "2012-12-07", 
        "High": 36.130001, 
        "Low": 35.75, 
        "Open": 35.900002, 
        "Volume": 6025000, 
        "day": 5, 
        "week": 49
    }
}