{
    "day": {
        "Adj Close": 43.347814, 
        "Close": 50.34, 
        "Company": "TROW", 
        "Date": "2010-10-01", 
        "High": 51.099998, 
        "Low": 49.869999, 
        "Open": 50.689999, 
        "Volume": 1734300, 
        "day": 1, 
        "month": 10
    }
}