{
    "day": {
        "Adj Close": 47.093601, 
        "Close": 54.689999, 
        "Company": "TROW", 
        "Date": "2010-10-25", 
        "High": 55.220001, 
        "Low": 54.689999, 
        "Open": 55.119999, 
        "Volume": 2944800, 
        "day": 25, 
        "month": 10
    }
}