{
    "day": {
        "Adj Close": 26.095403, 
        "Close": 31.870001, 
        "Company": "TROW", 
        "Date": "2008-11-12", 
        "High": 33.560001, 
        "Low": 31.860001, 
        "Open": 32.599998, 
        "Volume": 2655000, 
        "day": 12, 
        "month": 11
    }
}