{
    "day": {
        "Adj Close": 26.684944, 
        "Close": 32.59, 
        "Company": "TROW", 
        "Date": "2008-11-13", 
        "High": 32.669998, 
        "Low": 28.59, 
        "Open": 32.189999, 
        "Volume": 7306400, 
        "day": 13, 
        "month": 11
    }
}