{
    "day": {
        "Adj Close": 23.712671, 
        "Close": 28.959999, 
        "Company": "TROW", 
        "Date": "2008-11-17", 
        "High": 31.559999, 
        "Low": 28.959999, 
        "Open": 30.92, 
        "Volume": 4388300, 
        "day": 17, 
        "month": 11
    }
}