{
    "day": {
        "Adj Close": 24.924507, 
        "Close": 30.440001, 
        "Company": "TROW", 
        "Date": "2008-11-24", 
        "High": 30.809999, 
        "Low": 27.299999, 
        "Open": 27.74, 
        "Volume": 5621000, 
        "day": 24, 
        "month": 11
    }
}