{
    "day": {
        "Adj Close": 24.588796, 
        "Close": 30.030001, 
        "Company": "TROW", 
        "Date": "2008-11-25", 
        "High": 31.950001, 
        "Low": 28.549999, 
        "Open": 31.25, 
        "Volume": 3088400, 
        "day": 25, 
        "month": 11
    }
}