{
    "day": {
        "Adj Close": 27.143477, 
        "Close": 33.150002, 
        "Company": "TROW", 
        "Date": "2008-11-26", 
        "High": 33.220001, 
        "Low": 28.0, 
        "Open": 29.17, 
        "Volume": 3494900, 
        "day": 26, 
        "month": 11
    }
}