{
    "day": {
        "Adj Close": 34.373548, 
        "Close": 41.98, 
        "Company": "TROW", 
        "Date": "2008-11-04", 
        "High": 42.0, 
        "Low": 39.18, 
        "Open": 40.189999, 
        "Volume": 3573000, 
        "day": 4, 
        "month": 11
    }
}