{
    "day": {
        "Adj Close": 16.860001,
        "Close": 16.860001,
        "Company": "TCBI",
        "Date": "2010-08-03",
        "High": 17.07,
        "Low": 16.5,
        "Open": 16.76,
        "Volume": 158500,
        "day": 2,
        "week": 31
    }
}