{
    "day": {
        "Adj Close": 21.440001,
        "Close": 21.440001,
        "Company": "TCBI",
        "Date": "2007-02-22",
        "High": 21.879999,
        "Low": 21.280001,
        "Open": 21.76,
        "Volume": 83900,
        "day": 22,
        "month": 2
    }
}