{
    "day": {
        "Adj Close": 20.129999,
        "Close": 20.129999,
        "Company": "TCBI",
        "Date": "2007-02-28",
        "High": 20.610001,
        "Low": 19.940001,
        "Open": 20.290001,
        "Volume": 89900,
        "day": 28,
        "month": 2
    }
}