{
    "day": {
        "Adj Close": 17.766107, 
        "Close": 34.16, 
        "Company": "MDLZ", 
        "Date": "2007-12-12", 
        "High": 34.98, 
        "Low": 33.75, 
        "Open": 34.349998, 
        "Volume": 9668800, 
        "day": 12, 
        "month": 12
    }
}