{
    "day": {
        "Adj Close": 17.116, 
        "Close": 32.91, 
        "Company": "MDLZ", 
        "Date": "2007-12-20", 
        "High": 33.240002, 
        "Low": 32.720001, 
        "Open": 33.200001, 
        "Volume": 7549300, 
        "day": 20, 
        "month": 12
    }
}