{
    "day": {
        "Adj Close": 17.577461, 
        "Close": 33.52, 
        "Company": "MDLZ", 
        "Date": "2007-12-26", 
        "High": 33.619999, 
        "Low": 33.169998, 
        "Open": 33.43, 
        "Volume": 5950300, 
        "day": 26, 
        "month": 12
    }
}