{
    "day": {
        "Adj Close": 45.906704, 
        "Close": 46.279999, 
        "Company": "MDLZ", 
        "Date": "2015-10-29", 
        "High": 46.439999, 
        "Low": 45.470001, 
        "Open": 46.32, 
        "Volume": 6002100, 
        "day": 4, 
        "week": 44
    }
}