{
    "day": {
        "Adj Close": 14.6258,
        "Close": 18.290001,
        "Company": "SUNS",
        "Date": "2013-11-13",
        "High": 18.389999,
        "Low": 18.01,
        "Open": 18.059999,
        "Volume": 11300,
        "day": 13,
        "month": 11
    }
}