{
    "day": {
        "Adj Close": 14.784818,
        "Close": 18.370001,
        "Company": "SUNS",
        "Date": "2013-11-20",
        "High": 18.42,
        "Low": 17.959999,
        "Open": 18.25,
        "Volume": 18300,
        "day": 20,
        "month": 11
    }
}