{
    "day": {
        "Adj Close": 14.36191,
        "Close": 17.959999,
        "Company": "SUNS",
        "Date": "2013-11-05",
        "High": 18.25,
        "Low": 17.950001,
        "Open": 18.07,
        "Volume": 24600,
        "day": 5,
        "month": 11
    }
}