{
    "day": {
        "Adj Close": 35.254649, 
        "Close": 44.23, 
        "Company": "TROW", 
        "Date": "2006-12-27", 
        "High": 44.369999, 
        "Low": 43.619999, 
        "Open": 44.040001, 
        "Volume": 682700, 
        "day": 3, 
        "week": 52
    }
}