{
    "day": {
        "Adj Close": 71.720001, 
        "Close": 71.720001, 
        "Company": "FANG", 
        "Date": "2016-02-24", 
        "High": 71.769997, 
        "Low": 67.519997, 
        "Open": 71.059998, 
        "Volume": 1043400, 
        "day": 3, 
        "week": 8
    }
}