{
    "day": {
        "Adj Close": 28.763373, 
        "Close": 34.73, 
        "Company": "WBA", 
        "Date": "2004-01-13", 
        "High": 35.709999, 
        "Low": 34.25, 
        "Open": 34.599998, 
        "Volume": 3506000, 
        "day": 13, 
        "month": 1
    }
}