{
    "day": {
        "Adj Close": 28.50663, 
        "Close": 34.419998, 
        "Company": "WBA", 
        "Date": "2004-01-28", 
        "High": 35.169998, 
        "Low": 34.389999, 
        "Open": 34.639999, 
        "Volume": 3692400, 
        "day": 28, 
        "month": 1
    }
}