{
    "day": {
        "Adj Close": 29.011832, 
        "Close": 35.029999, 
        "Company": "WBA", 
        "Date": "2004-01-06", 
        "High": 35.450001, 
        "Low": 34.849998, 
        "Open": 35.099998, 
        "Volume": 3198100, 
        "day": 6, 
        "month": 1
    }
}