{
    "day": {
        "Adj Close": 2.138171, 
        "Close": 25.87504, 
        "Company": "TROW", 
        "Date": "1994-07-01", 
        "High": 26.75, 
        "Low": 25.5, 
        "Open": 26.75, 
        "Volume": 1234400, 
        "day": 5, 
        "week": 26
    }
}