{
    "day": {
        "Adj Close": 11.525682,
        "Close": 16.25,
        "Company": "SUNS",
        "Date": "2012-03-22",
        "High": 16.360001,
        "Low": 16.110001,
        "Open": 16.360001,
        "Volume": 33800,
        "day": 4,
        "week": 12
    }
}