{
    "day": {
        "Adj Close": 29.126618,
        "Close": 33.549999,
        "Company": "LPLA",
        "Date": "2011-08-01",
        "High": 33.630001,
        "Low": 32.549999,
        "Open": 33.279999,
        "Volume": 358100,
        "day": 1,
        "week": 31
    }
}