{
    "day": {
        "Adj Close": 27.659436,
        "Close": 31.860001,
        "Company": "LPLA",
        "Date": "2011-08-04",
        "High": 32.889999,
        "Low": 31.459999,
        "Open": 32.740002,
        "Volume": 293700,
        "day": 4,
        "week": 31
    }
}