{
    "day": {
        "Adj Close": 76.5, 
        "Close": 76.5, 
        "Company": "TROW", 
        "Date": "2016-04-13", 
        "High": 76.519997, 
        "Low": 74.540001, 
        "Open": 74.720001, 
        "Volume": 2413300, 
        "day": 13, 
        "month": 4
    }
}