{
    "day": {
        "Adj Close": 1.291517, 
        "Close": 30.62496, 
        "Company": "WBA", 
        "Date": "1986-09-12", 
        "High": 32.124962, 
        "Low": 30.0, 
        "Open": 32.0, 
        "Volume": 7240000, 
        "day": 12, 
        "month": 9
    }
}