{
    "day": {
        "Adj Close": 1.291517, 
        "Close": 30.62496, 
        "Company": "WBA", 
        "Date": "1986-09-17", 
        "High": 30.87504, 
        "Low": 30.5, 
        "Open": 30.5, 
        "Volume": 5048000, 
        "day": 17, 
        "month": 9
    }
}