{
    "day": {
        "Adj Close": 15.330257, 
        "Close": 34.049999, 
        "Company": "MDLZ", 
        "Date": "2001-11-15", 
        "High": 34.09, 
        "Low": 33.540001, 
        "Open": 33.950001, 
        "Volume": 1264500, 
        "day": 4, 
        "week": 46
    }
}