{
    "day": {
        "Adj Close": 16.491911, 
        "Close": 34.580002, 
        "Company": "MDLZ", 
        "Date": "2004-12-01", 
        "High": 34.759998, 
        "Low": 34.220001, 
        "Open": 34.43, 
        "Volume": 1829800, 
        "day": 3, 
        "week": 49
    }
}