{
    "day": {
        "Adj Close": 12.900309,
        "Close": 16.399999,
        "Company": "SONA",
        "Date": "2007-01-17",
        "High": 16.480002,
        "Low": 16.199997,
        "Open": 16.480002,
        "Volume": 5300,
        "day": 3,
        "week": 3
    }
}