{
    "day": {
        "Adj Close": 14.840186, 
        "Close": 31.32, 
        "Company": "MDLZ", 
        "Date": "2004-07-07", 
        "High": 31.57, 
        "Low": 31.219999, 
        "Open": 31.42, 
        "Volume": 835100, 
        "day": 3, 
        "week": 28
    }
}