{
    "day": {
        "Adj Close": 26.719999, 
        "Close": 26.719999, 
        "Company": "TSLA", 
        "Date": "2011-05-24", 
        "High": 27.5, 
        "Low": 26.6, 
        "Open": 27.02, 
        "Volume": 613700, 
        "day": 24, 
        "month": 5
    }
}