{
    "day": {
        "Adj Close": 248.350006, 
        "Close": 248.350006, 
        "Company": "TSLA", 
        "Date": "2015-06-02", 
        "High": 249.399994, 
        "Low": 246.300003, 
        "Open": 248.919998, 
        "Volume": 2134800, 
        "day": 2, 
        "week": 23
    }
}