{
    "day": {
        "Adj Close": 245.919998, 
        "Close": 245.919998, 
        "Company": "TSLA", 
        "Date": "2015-06-04", 
        "High": 249.300003, 
        "Low": 245.710007, 
        "Open": 247.5, 
        "Volume": 2453600, 
        "day": 4, 
        "week": 23
    }
}