{
    "day": {
        "Adj Close": 249.139999, 
        "Close": 249.139999, 
        "Company": "TSLA", 
        "Date": "2015-06-05", 
        "High": 249.699997, 
        "Low": 245.679993, 
        "Open": 246.0, 
        "Volume": 3022000, 
        "day": 5, 
        "week": 23
    }
}