{
    "day": {
        "Adj Close": 58.25, 
        "Close": 58.25, 
        "Company": "FANG", 
        "Date": "2015-01-07", 
        "High": 60.029999, 
        "Low": 57.18, 
        "Open": 58.400002, 
        "Volume": 1197000, 
        "day": 3, 
        "week": 2
    }
}