{
    "day": {
        "Adj Close": 37.785662, 
        "Close": 47.59, 
        "Company": "TROW", 
        "Date": "2006-10-10", 
        "High": 47.849998, 
        "Low": 47.209999, 
        "Open": 47.689999, 
        "Volume": 1756600, 
        "day": 10, 
        "month": 10
    }
}