{
    "day": {
        "Adj Close": 37.761843, 
        "Close": 47.560001, 
        "Company": "TROW", 
        "Date": "2006-10-12", 
        "High": 47.740002, 
        "Low": 47.220001, 
        "Open": 47.380001, 
        "Volume": 1821100, 
        "day": 12, 
        "month": 10
    }
}