{
    "day": {
        "Adj Close": 36.769364, 
        "Close": 46.310001, 
        "Company": "TROW", 
        "Date": "2006-10-26", 
        "High": 46.310001, 
        "Low": 45.389999, 
        "Open": 46.110001, 
        "Volume": 2631000, 
        "day": 26, 
        "month": 10
    }
}