{
    "day": {
        "Adj Close": 37.706265, 
        "Close": 47.490002, 
        "Company": "TROW", 
        "Date": "2006-10-04", 
        "High": 47.490002, 
        "Low": 46.400002, 
        "Open": 47.099998, 
        "Volume": 1414300, 
        "day": 4, 
        "month": 10
    }
}