{
    "day": {
        "Adj Close": 80.580002, 
        "Close": 80.580002, 
        "Company": "FANG", 
        "Date": "2016-04-11", 
        "High": 82.059998, 
        "Low": 79.970001, 
        "Open": 81.349998, 
        "Volume": 788200, 
        "day": 1, 
        "week": 15
    }
}