{
    "day": {
        "Adj Close": 82.300003, 
        "Close": 82.300003, 
        "Company": "FANG", 
        "Date": "2016-04-19", 
        "High": 84.449997, 
        "Low": 81.75, 
        "Open": 82.300003, 
        "Volume": 1250400, 
        "day": 2, 
        "week": 16
    }
}