{
    "day": {
        "Adj Close": 50.000948, 
        "Close": 57.23, 
        "Company": "TROW", 
        "Date": "2011-06-17", 
        "High": 57.830002, 
        "Low": 57.009998, 
        "Open": 57.619999, 
        "Volume": 1627700, 
        "day": 17, 
        "month": 6
    }
}