{
    "day": {
        "Adj Close": 49.869897, 
        "Close": 57.080002, 
        "Company": "TROW", 
        "Date": "2011-06-23", 
        "High": 57.169998, 
        "Low": 55.939999, 
        "Open": 56.860001, 
        "Volume": 2391300, 
        "day": 23, 
        "month": 6
    }
}