{
    "day": {
        "Adj Close": 83.597723, 
        "Close": 83.989998, 
        "Company": "WBA", 
        "Date": "2015-12-01", 
        "High": 84.690002, 
        "Low": 83.360001, 
        "Open": 84.43, 
        "Volume": 2978800, 
        "day": 1, 
        "month": 12
    }
}