{
    "day": {
        "Adj Close": 82.124639, 
        "Close": 82.510002, 
        "Company": "WBA", 
        "Date": "2015-12-18", 
        "High": 83.440002, 
        "Low": 82.139999, 
        "Open": 82.730003, 
        "Volume": 8529900, 
        "day": 18, 
        "month": 12
    }
}