{
    "day": {
        "Adj Close": 85.986515, 
        "Close": 86.389999, 
        "Company": "WBA", 
        "Date": "2015-12-30", 
        "High": 87.0, 
        "Low": 86.339996, 
        "Open": 86.82, 
        "Volume": 2184400, 
        "day": 30, 
        "month": 12
    }
}