{
    "day": {
        "Adj Close": 84.762264, 
        "Close": 85.160004, 
        "Company": "WBA", 
        "Date": "2015-12-31", 
        "High": 86.040001, 
        "Low": 84.779999, 
        "Open": 85.919998, 
        "Volume": 2528700, 
        "day": 31, 
        "month": 12
    }
}