{
    "day": {
        "Adj Close": 36.131043, 
        "Close": 37.310001, 
        "Company": "MDLZ", 
        "Date": "2014-06-12", 
        "High": 37.639999, 
        "Low": 37.139999, 
        "Open": 37.599998, 
        "Volume": 5980800, 
        "day": 12, 
        "month": 6
    }
}