{
    "day": {
        "Adj Close": 36.072938, 
        "Close": 37.25, 
        "Company": "MDLZ", 
        "Date": "2014-06-16", 
        "High": 37.470001, 
        "Low": 37.150002, 
        "Open": 37.389999, 
        "Volume": 6710700, 
        "day": 16, 
        "month": 6
    }
}