{
    "day": {
        "Adj Close": 36.189145, 
        "Close": 37.369999, 
        "Company": "MDLZ", 
        "Date": "2014-06-17", 
        "High": 37.439999, 
        "Low": 37.0, 
        "Open": 37.110001, 
        "Volume": 7997400, 
        "day": 17, 
        "month": 6
    }
}