{
    "day": {
        "Adj Close": 12.928023,
        "Close": 17.440001,
        "Company": "SUNS",
        "Date": "2012-11-02",
        "High": 18.1,
        "Low": 17.41,
        "Open": 18.1,
        "Volume": 28000,
        "day": 5,
        "week": 44
    }
}