{
    "day": {
        "Adj Close": 28.918396, 
        "Close": 36.529999, 
        "Company": "TROW", 
        "Date": "2006-07-12", 
        "High": 37.470001, 
        "Low": 36.330002, 
        "Open": 37.0, 
        "Volume": 867700, 
        "day": 3, 
        "week": 28
    }
}