{
    "day": {
        "Adj Close": 34.779999,
        "Close": 34.779999,
        "Company": "TCBI",
        "Date": "2012-04-25",
        "High": 34.889999,
        "Low": 33.830002,
        "Open": 34.52,
        "Volume": 227300,
        "day": 116,
        "year": 2012
    }
}