{
    "day": {
        "Adj Close": 36.889999,
        "Close": 36.889999,
        "Company": "TCBI",
        "Date": "2012-05-09",
        "High": 37.09,
        "Low": 36.049999,
        "Open": 36.470001,
        "Volume": 591900,
        "day": 130,
        "year": 2012
    }
}