{
    "day": {
        "Adj Close": 38.080002,
        "Close": 38.080002,
        "Company": "TCBI",
        "Date": "2012-05-10",
        "High": 38.099998,
        "Low": 37.169998,
        "Open": 37.32,
        "Volume": 408000,
        "day": 131,
        "year": 2012
    }
}