{
    "day": {
        "Adj Close": 38.790001,
        "Close": 38.790001,
        "Company": "TCBI",
        "Date": "2012-06-08",
        "High": 39.07,
        "Low": 37.66,
        "Open": 38.049999,
        "Volume": 431300,
        "day": 160,
        "year": 2012
    }
}