{
    "day": {
        "Adj Close": 38.59,
        "Close": 38.59,
        "Company": "TCBI",
        "Date": "2012-06-11",
        "High": 40.130001,
        "Low": 38.48,
        "Open": 39.810001,
        "Volume": 662500,
        "day": 163,
        "year": 2012
    }
}