{
    "day": {
        "Adj Close": 38.790001,
        "Close": 38.790001,
        "Company": "TCBI",
        "Date": "2012-06-18",
        "High": 39.259998,
        "Low": 38.639999,
        "Open": 38.939999,
        "Volume": 427500,
        "day": 170,
        "year": 2012
    }
}