{
    "day": {
        "Adj Close": 40.0,
        "Close": 40.0,
        "Company": "TCBI",
        "Date": "2012-06-19",
        "High": 40.700001,
        "Low": 38.950001,
        "Open": 38.950001,
        "Volume": 859400,
        "day": 171,
        "year": 2012
    }
}