{
    "day": {
        "Adj Close": 40.389999,
        "Close": 40.389999,
        "Company": "TCBI",
        "Date": "2012-06-29",
        "High": 41.66,
        "Low": 40.23,
        "Open": 41.380001,
        "Volume": 459700,
        "day": 181,
        "year": 2012
    }
}