{
    "day": {
        "Adj Close": 32.669998,
        "Close": 32.669998,
        "Company": "TCBI",
        "Date": "2012-01-20",
        "High": 32.880001,
        "Low": 31.85,
        "Open": 31.969999,
        "Volume": 289100,
        "day": 20,
        "year": 2012
    }
}