{
    "day": {
        "Adj Close": 41.849998,
        "Close": 41.849998,
        "Company": "TCBI",
        "Date": "2012-07-19",
        "High": 43.09,
        "Low": 41.779999,
        "Open": 43.09,
        "Volume": 419000,
        "day": 201,
        "year": 2012
    }
}