{
    "day": {
        "Adj Close": 41.279999,
        "Close": 41.279999,
        "Company": "TCBI",
        "Date": "2012-07-20",
        "High": 41.59,
        "Low": 40.580002,
        "Open": 41.459999,
        "Volume": 365200,
        "day": 202,
        "year": 2012
    }
}