{
    "day": {
        "Adj Close": 45.41,
        "Close": 45.41,
        "Company": "TCBI",
        "Date": "2012-08-30",
        "High": 45.720001,
        "Low": 45.150002,
        "Open": 45.490002,
        "Volume": 244500,
        "day": 243,
        "year": 2012
    }
}