{
    "day": {
        "Adj Close": 46.400002,
        "Close": 46.400002,
        "Company": "TCBI",
        "Date": "2012-09-10",
        "High": 47.470001,
        "Low": 46.360001,
        "Open": 47.299999,
        "Volume": 263700,
        "day": 254,
        "year": 2012
    }
}