{
    "day": {
        "Adj Close": 47.580002,
        "Close": 47.580002,
        "Company": "TCBI",
        "Date": "2012-09-19",
        "High": 48.169998,
        "Low": 47.400002,
        "Open": 48.049999,
        "Volume": 320400,
        "day": 263,
        "year": 2012
    }
}