{
    "day": {
        "Adj Close": 48.18,
        "Close": 48.18,
        "Company": "TCBI",
        "Date": "2012-09-21",
        "High": 48.209999,
        "Low": 47.599998,
        "Open": 48.119999,
        "Volume": 608900,
        "day": 265,
        "year": 2012
    }
}