{
    "day": {
        "Adj Close": 31.639999,
        "Close": 31.639999,
        "Company": "TCBI",
        "Date": "2012-01-27",
        "High": 31.969999,
        "Low": 31.32,
        "Open": 31.4,
        "Volume": 401700,
        "day": 27,
        "year": 2012
    }
}