{
    "day": {
        "Adj Close": 51.029999,
        "Close": 51.029999,
        "Company": "TCBI",
        "Date": "2012-10-04",
        "High": 51.049999,
        "Low": 50.18,
        "Open": 50.43,
        "Volume": 244400,
        "day": 278,
        "year": 2012
    }
}