{
    "day": {
        "Adj Close": 46.189999,
        "Close": 46.189999,
        "Company": "TCBI",
        "Date": "2012-11-07",
        "High": 47.470001,
        "Low": 46.0,
        "Open": 47.470001,
        "Volume": 284800,
        "day": 312,
        "year": 2012
    }
}