{
    "day": {
        "Adj Close": 43.779999,
        "Close": 43.779999,
        "Company": "TCBI",
        "Date": "2012-11-19",
        "High": 43.900002,
        "Low": 43.400002,
        "Open": 43.419998,
        "Volume": 325700,
        "day": 324,
        "year": 2012
    }
}