{
    "day": {
        "Adj Close": 44.25,
        "Close": 44.25,
        "Company": "TCBI",
        "Date": "2012-11-27",
        "High": 44.860001,
        "Low": 44.209999,
        "Open": 44.389999,
        "Volume": 233500,
        "day": 332,
        "year": 2012
    }
}