{
    "day": {
        "Adj Close": 44.779999,
        "Close": 44.779999,
        "Company": "TCBI",
        "Date": "2012-12-05",
        "High": 45.130001,
        "Low": 44.57,
        "Open": 44.93,
        "Volume": 384300,
        "day": 340,
        "year": 2012
    }
}