{
    "day": {
        "Adj Close": 44.810001,
        "Close": 44.810001,
        "Company": "TCBI",
        "Date": "2012-12-10",
        "High": 44.889999,
        "Low": 44.25,
        "Open": 44.450001,
        "Volume": 267400,
        "day": 345,
        "year": 2012
    }
}