{
    "day": {
        "Adj Close": 32.75,
        "Close": 32.75,
        "Company": "TCBI",
        "Date": "2012-02-09",
        "High": 33.18,
        "Low": 32.599998,
        "Open": 33.049999,
        "Volume": 239200,
        "day": 40,
        "year": 2012
    }
}