{
    "day": {
        "Adj Close": 32.610001,
        "Close": 32.610001,
        "Company": "TCBI",
        "Date": "2012-02-15",
        "High": 32.939999,
        "Low": 32.419998,
        "Open": 32.759998,
        "Volume": 317000,
        "day": 46,
        "year": 2012
    }
}