{
    "day": {
        "Adj Close": 33.75,
        "Close": 33.75,
        "Company": "TCBI",
        "Date": "2012-02-23",
        "High": 33.959999,
        "Low": 32.759998,
        "Open": 32.790001,
        "Volume": 313900,
        "day": 54,
        "year": 2012
    }
}