{
    "day": {
        "Adj Close": 34.68,
        "Close": 34.68,
        "Company": "TCBI",
        "Date": "2012-03-14",
        "High": 35.689999,
        "Low": 34.130001,
        "Open": 34.959999,
        "Volume": 585900,
        "day": 74,
        "year": 2012
    }
}