{
    "day": {
        "Adj Close": 35.240002,
        "Close": 35.240002,
        "Company": "TCBI",
        "Date": "2012-03-16",
        "High": 35.450001,
        "Low": 34.68,
        "Open": 34.990002,
        "Volume": 409200,
        "day": 76,
        "year": 2012
    }
}