{
    "day": {
        "Adj Close": 35.439999,
        "Close": 35.439999,
        "Company": "TCBI",
        "Date": "2012-03-20",
        "High": 35.869999,
        "Low": 35.18,
        "Open": 35.759998,
        "Volume": 245100,
        "day": 80,
        "year": 2012
    }
}