{
    "day": {
        "Adj Close": 0.987587, 
        "Close": 52.75008, 
        "Company": "TROW", 
        "Date": "1989-11-10", 
        "High": 52.75008, 
        "Low": 52.0, 
        "Open": 52.0, 
        "Volume": 38400, 
        "day": 10, 
        "month": 11
    }
}