{
    "day": {
        "Adj Close": 0.954822, 
        "Close": 51.0, 
        "Company": "TROW", 
        "Date": "1989-11-03", 
        "High": 51.24992, 
        "Low": 50.49984, 
        "Open": 51.24992, 
        "Volume": 166400, 
        "day": 3, 
        "month": 11
    }
}