{
    "day": {
        "Adj Close": 11.943901,
        "Close": 16.940001,
        "Company": "SUNS",
        "Date": "2012-02-21",
        "High": 17.129999,
        "Low": 16.940001,
        "Open": 16.950001,
        "Volume": 10300,
        "day": 2,
        "week": 8
    }
}