{
    "day": {
        "Adj Close": 11.986205,
        "Close": 17.0,
        "Company": "SUNS",
        "Date": "2012-02-24",
        "High": 17.190001,
        "Low": 16.889999,
        "Open": 16.93,
        "Volume": 32900,
        "day": 5,
        "week": 8
    }
}