{
    "day": {
        "Adj Close": 32.413153, 
        "Close": 38.93, 
        "Company": "WBA", 
        "Date": "2004-12-16", 
        "High": 39.25, 
        "Low": 38.709999, 
        "Open": 39.040001, 
        "Volume": 2010800, 
        "day": 4, 
        "week": 51
    }
}