{
    "day": {
        "Adj Close": 12.138705,
        "Close": 18.030001,
        "Company": "SUNS",
        "Date": "2011-04-21",
        "High": 18.09,
        "Low": 17.889999,
        "Open": 17.99,
        "Volume": 91100,
        "day": 4,
        "week": 16
    }
}