{
    "day": {
        "Adj Close": 1.942174, 
        "Close": 47.75008, 
        "Company": "TROW", 
        "Date": "1993-07-15", 
        "High": 47.75008, 
        "Low": 47.24992, 
        "Open": 47.75008, 
        "Volume": 339200, 
        "day": 4, 
        "week": 28
    }
}