{
    "day": {
        "Adj Close": 17.114291, 
        "Close": 29.75, 
        "Company": "MDLZ", 
        "Date": "2010-05-05", 
        "High": 29.889999, 
        "Low": 29.469999, 
        "Open": 29.639999, 
        "Volume": 14565400, 
        "day": 3, 
        "week": 18
    }
}