{
    "day": {
        "Adj Close": 17.298378, 
        "Close": 30.07, 
        "Company": "MDLZ", 
        "Date": "2010-05-07", 
        "High": 30.440001, 
        "Low": 29.27, 
        "Open": 29.9, 
        "Volume": 34280700, 
        "day": 5, 
        "week": 18
    }
}