{
    "day": {
        "Adj Close": 4.434842, 
        "Close": 52.5, 
        "Company": "TROW", 
        "Date": "1995-12-18", 
        "High": 54.5, 
        "Low": 52.375038, 
        "Open": 54.5, 
        "Volume": 1576800, 
        "day": 18, 
        "month": 12
    }
}