{
    "day": {
        "Adj Close": 4.177591, 
        "Close": 49.25, 
        "Company": "TROW", 
        "Date": "1995-12-29", 
        "High": 49.375038, 
        "Low": 46.5, 
        "Open": 47.0, 
        "Volume": 1529600, 
        "day": 29, 
        "month": 12
    }
}