{
    "day": {
        "Adj Close": 4.466523, 
        "Close": 52.875038, 
        "Company": "TROW", 
        "Date": "1995-12-04", 
        "High": 53.25, 
        "Low": 52.5, 
        "Open": 53.0, 
        "Volume": 1209600, 
        "day": 4, 
        "month": 12
    }
}