{
    "day": {
        "Adj Close": 17.690001,
        "Close": 17.690001,
        "Company": "TCBI",
        "Date": "2010-10-19",
        "High": 18.309999,
        "Low": 17.540001,
        "Open": 17.75,
        "Volume": 167500,
        "day": 2,
        "week": 42
    }
}