{
    "day": {
        "Adj Close": 51.080002,
        "Close": 51.080002,
        "Company": "TCBI",
        "Date": "2015-04-16",
        "High": 51.310001,
        "Low": 50.509998,
        "Open": 51.09,
        "Volume": 269300,
        "day": 4,
        "week": 16
    }
}