{
    "day": {
        "Adj Close": 50.540001,
        "Close": 50.540001,
        "Company": "TCBI",
        "Date": "2015-04-17",
        "High": 50.84,
        "Low": 50.139999,
        "Open": 50.599998,
        "Volume": 276600,
        "day": 5,
        "week": 16
    }
}