{
    "day": {
        "Adj Close": 30.036919, 
        "Close": 32.790001, 
        "Company": "WBA", 
        "Date": "2012-03-07", 
        "High": 33.189999, 
        "Low": 32.630001, 
        "Open": 33.029999, 
        "Volume": 6934700, 
        "day": 3, 
        "week": 10
    }
}