{
    "day": {
        "Adj Close": 30.027757, 
        "Close": 32.779999, 
        "Company": "WBA", 
        "Date": "2012-03-08", 
        "High": 32.959999, 
        "Low": 32.560001, 
        "Open": 32.860001, 
        "Volume": 6044800, 
        "day": 4, 
        "week": 10
    }
}