{
    "day": {
        "Adj Close": 31.94203, 
        "Close": 33.119999, 
        "Company": "MDLZ", 
        "Date": "2014-02-10", 
        "High": 33.139999, 
        "Low": 32.75, 
        "Open": 32.790001, 
        "Volume": 4559900, 
        "day": 10, 
        "month": 2
    }
}