{
    "day": {
        "Adj Close": 32.819664, 
        "Close": 34.029999, 
        "Company": "MDLZ", 
        "Date": "2014-02-28", 
        "High": 34.240002, 
        "Low": 33.240002, 
        "Open": 33.34, 
        "Volume": 11922800, 
        "day": 28, 
        "month": 2
    }
}