{
    "day": {
        "Adj Close": 35.706081, 
        "Close": 43.639999, 
        "Company": "WBA", 
        "Date": "2001-03-05", 
        "High": 44.580002, 
        "Low": 43.580002, 
        "Open": 44.580002, 
        "Volume": 1885300, 
        "day": 1, 
        "week": 10
    }
}