{
    "day": {
        "Adj Close": 216.970001, 
        "Close": 216.970001, 
        "Company": "TSLA", 
        "Date": "2014-04-01", 
        "High": 218.160004, 
        "Low": 208.580002, 
        "Open": 209.020004, 
        "Volume": 7371400, 
        "day": 2, 
        "week": 14
    }
}