{
    "day": {
        "Adj Close": 212.229996, 
        "Close": 212.229996, 
        "Company": "TSLA", 
        "Date": "2014-04-04", 
        "High": 228.270004, 
        "Low": 211.25, 
        "Open": 226.009995, 
        "Volume": 11345600, 
        "day": 5, 
        "week": 14
    }
}