{
    "day": {
        "Adj Close": 20.822042, 
        "Close": 34.57, 
        "Company": "MDLZ", 
        "Date": "2011-08-29", 
        "High": 34.68, 
        "Low": 34.169998, 
        "Open": 34.240002, 
        "Volume": 7700300, 
        "day": 1, 
        "week": 35
    }
}