{
    "day": {
        "Adj Close": 21.093084, 
        "Close": 35.02, 
        "Company": "MDLZ", 
        "Date": "2011-08-31", 
        "High": 35.189999, 
        "Low": 34.779999, 
        "Open": 34.830002, 
        "Volume": 11402400, 
        "day": 3, 
        "week": 35
    }
}