{
    "day": {
        "Adj Close": 43.380001,
        "Close": 43.380001,
        "Company": "TCBI",
        "Date": "2016-01-12",
        "High": 45.529999,
        "Low": 42.529999,
        "Open": 44.830002,
        "Volume": 621600,
        "day": 2,
        "week": 2
    }
}