{
    "day": {
        "Adj Close": 39.830002,
        "Close": 39.830002,
        "Company": "TCBI",
        "Date": "2016-01-15",
        "High": 40.389999,
        "Low": 37.77,
        "Open": 39.610001,
        "Volume": 796700,
        "day": 5,
        "week": 2
    }
}