{
    "day": {
        "Adj Close": 38.139198, 
        "Close": 45.75, 
        "Company": "WBA", 
        "Date": "2005-03-22", 
        "High": 45.900002, 
        "Low": 45.240002, 
        "Open": 45.299999, 
        "Volume": 4072300, 
        "day": 2, 
        "week": 12
    }
}