{
    "day": {
        "Adj Close": 38.739423, 
        "Close": 46.470001, 
        "Company": "WBA", 
        "Date": "2005-03-23", 
        "High": 46.75, 
        "Low": 45.16, 
        "Open": 45.349998, 
        "Volume": 5934300, 
        "day": 3, 
        "week": 12
    }
}