{
    "day": {
        "Adj Close": 33.52,
        "Close": 33.52,
        "Company": "TCBI",
        "Date": "2012-04-23",
        "High": 34.459999,
        "Low": 33.310001,
        "Open": 33.700001,
        "Volume": 178600,
        "day": 1,
        "week": 17
    }
}