{
    "day": {
        "Adj Close": 76.484178, 
        "Close": 77.790001, 
        "Company": "WBA", 
        "Date": "2015-02-18", 
        "High": 77.93, 
        "Low": 77.040001, 
        "Open": 77.589996, 
        "Volume": 3153200, 
        "day": 18, 
        "month": 2
    }
}