{
    "day": {
        "Adj Close": 80.279382, 
        "Close": 81.650002, 
        "Company": "WBA", 
        "Date": "2015-02-26", 
        "High": 81.830002, 
        "Low": 79.639999, 
        "Open": 79.900002, 
        "Volume": 6623600, 
        "day": 26, 
        "month": 2
    }
}