{
    "day": {
        "Adj Close": 73.106208, 
        "Close": 74.669998, 
        "Company": "WBA", 
        "Date": "2015-02-04", 
        "High": 75.540001, 
        "Low": 74.209999, 
        "Open": 75.25, 
        "Volume": 3381700, 
        "day": 4, 
        "month": 2
    }
}