{
    "day": {
        "Adj Close": 73.223697, 
        "Close": 74.790001, 
        "Company": "WBA", 
        "Date": "2015-02-05", 
        "High": 75.099998, 
        "Low": 74.480003, 
        "Open": 74.940002, 
        "Volume": 4072500, 
        "day": 5, 
        "month": 2
    }
}