{
    "day": {
        "Adj Close": 74.555216, 
        "Close": 76.150002, 
        "Company": "WBA", 
        "Date": "2015-02-06", 
        "High": 76.75, 
        "Low": 74.43, 
        "Open": 74.809998, 
        "Volume": 4460200, 
        "day": 6, 
        "month": 2
    }
}