{
    "day": {
        "Adj Close": 74.79998, 
        "Close": 76.400002, 
        "Company": "WBA", 
        "Date": "2015-02-09", 
        "High": 76.470001, 
        "Low": 75.620003, 
        "Open": 75.639999, 
        "Volume": 3154300, 
        "day": 9, 
        "month": 2
    }
}