{
    "day": {
        "Adj Close": 60.82,
        "Close": 60.82,
        "Company": "TCBI",
        "Date": "2015-11-09",
        "High": 61.830002,
        "Low": 60.549999,
        "Open": 61.41,
        "Volume": 493600,
        "day": 1,
        "week": 46
    }
}