{
    "day": {
        "Adj Close": 15.087056, 
        "Close": 32.580002, 
        "Company": "MDLZ", 
        "Date": "2003-06-27", 
        "High": 33.07, 
        "Low": 32.310001, 
        "Open": 32.369999, 
        "Volume": 1086200, 
        "day": 27, 
        "month": 6
    }
}