{
    "day": {
        "Adj Close": 24.053776, 
        "Close": 28.860001, 
        "Company": "TROW", 
        "Date": "2009-03-31", 
        "High": 29.200001, 
        "Low": 27.42, 
        "Open": 27.860001, 
        "Volume": 5782600, 
        "day": 2, 
        "week": 14
    }
}