{
    "day": {
        "Adj Close": 1.049786, 
        "Close": 27.0, 
        "Company": "TROW", 
        "Date": "1991-04-26", 
        "High": 27.75008, 
        "Low": 26.5, 
        "Open": 27.0, 
        "Volume": 344000, 
        "day": 5, 
        "week": 17
    }
}