{
    "day": {
        "Adj Close": 0.761488, 
        "Close": 20.0, 
        "Company": "TROW", 
        "Date": "1990-09-19", 
        "High": 20.12496, 
        "Low": 20.0, 
        "Open": 20.12496, 
        "Volume": 36800, 
        "day": 3, 
        "week": 38
    }
}