{
    "day": {
        "Adj Close": 43.720001,
        "Close": 43.720001,
        "Company": "TCBI",
        "Date": "2013-06-04",
        "High": 44.490002,
        "Low": 43.189999,
        "Open": 44.02,
        "Volume": 357700,
        "day": 2,
        "week": 23
    }
}