{
    "day": {
        "Adj Close": 43.23,
        "Close": 43.23,
        "Company": "TCBI",
        "Date": "2013-06-05",
        "High": 44.0,
        "Low": 43.200001,
        "Open": 43.700001,
        "Volume": 286400,
        "day": 3,
        "week": 23
    }
}