{
    "day": {
        "Adj Close": 53.194658, 
        "Close": 60.18, 
        "Company": "TROW", 
        "Date": "2012-01-23", 
        "High": 60.400002, 
        "Low": 59.59, 
        "Open": 60.029999, 
        "Volume": 1414000, 
        "day": 23, 
        "month": 1
    }
}