{
    "day": {
        "Adj Close": 50.90529, 
        "Close": 57.59, 
        "Company": "TROW", 
        "Date": "2012-01-03", 
        "High": 59.07, 
        "Low": 57.52, 
        "Open": 58.509998, 
        "Volume": 1657400, 
        "day": 3, 
        "month": 1
    }
}