{
    "day": {
        "Adj Close": 51.126272, 
        "Close": 57.84, 
        "Company": "TROW", 
        "Date": "2012-01-31", 
        "High": 58.68, 
        "Low": 57.110001, 
        "Open": 58.68, 
        "Volume": 2232800, 
        "day": 31, 
        "month": 1
    }
}