{
    "day": {
        "Adj Close": 50.808058, 
        "Close": 57.48, 
        "Company": "TROW", 
        "Date": "2012-01-04", 
        "High": 57.709999, 
        "Low": 56.82, 
        "Open": 57.23, 
        "Volume": 1192500, 
        "day": 4, 
        "month": 1
    }
}