{
    "day": {
        "Adj Close": 51.895286, 
        "Close": 58.709999, 
        "Company": "TROW", 
        "Date": "2012-01-06", 
        "High": 59.18, 
        "Low": 57.970001, 
        "Open": 58.41, 
        "Volume": 1984000, 
        "day": 6, 
        "month": 1
    }
}