{
    "day": {
        "Adj Close": 21.129999,
        "Close": 21.129999,
        "Company": "TCBI",
        "Date": "2005-10-03",
        "High": 21.73,
        "Low": 21.0,
        "Open": 21.0,
        "Volume": 83100,
        "day": 1,
        "week": 40
    }
}