{
    "day": {
        "Adj Close": 11.624753, 
        "Close": 58.0, 
        "Company": "WBA", 
        "Date": "1997-07-25", 
        "High": 59.125, 
        "Low": 57.25, 
        "Open": 59.062481, 
        "Volume": 1319600, 
        "day": 206, 
        "year": 1997
    }
}