{
    "day": {
        "Adj Close": 11.411803, 
        "Close": 56.937519, 
        "Company": "WBA", 
        "Date": "1997-08-08", 
        "High": 57.25, 
        "Low": 56.0, 
        "Open": 57.0, 
        "Volume": 2082400, 
        "day": 220, 
        "year": 1997
    }
}