{
    "day": {
        "Adj Close": 12.31375,
        "Close": 18.290001,
        "Company": "SUNS",
        "Date": "2011-04-13",
        "High": 18.639999,
        "Low": 18.200001,
        "Open": 18.280001,
        "Volume": 36700,
        "day": 103,
        "year": 2011
    }
}