{
    "day": {
        "Adj Close": 12.495527,
        "Close": 18.559999,
        "Company": "SUNS",
        "Date": "2011-05-09",
        "High": 18.73,
        "Low": 18.34,
        "Open": 18.360001,
        "Volume": 20700,
        "day": 129,
        "year": 2011
    }
}