{
    "day": {
        "Adj Close": 12.138705,
        "Close": 18.030001,
        "Company": "SUNS",
        "Date": "2011-06-02",
        "High": 18.17,
        "Low": 17.91,
        "Open": 17.91,
        "Volume": 58900,
        "day": 153,
        "year": 2011
    }
}