{
    "day": {
        "Adj Close": 12.071379,
        "Close": 17.93,
        "Company": "SUNS",
        "Date": "2011-06-03",
        "High": 18.040001,
        "Low": 17.93,
        "Open": 17.99,
        "Volume": 43800,
        "day": 154,
        "year": 2011
    }
}