{
    "day": {
        "Adj Close": 12.490697,
        "Close": 18.5,
        "Company": "SUNS",
        "Date": "2011-06-24",
        "High": 18.690001,
        "Low": 17.59,
        "Open": 17.809999,
        "Volume": 573100,
        "day": 175,
        "year": 2011
    }
}