{
    "day": {
        "Adj Close": 12.254386,
        "Close": 18.15,
        "Company": "SUNS",
        "Date": "2011-07-01",
        "High": 18.15,
        "Low": 17.620001,
        "Open": 17.879999,
        "Volume": 32200,
        "day": 182,
        "year": 2011
    }
}