{
    "day": {
        "Adj Close": 12.342159,
        "Close": 18.280001,
        "Company": "SUNS",
        "Date": "2011-07-08",
        "High": 18.35,
        "Low": 18.129999,
        "Open": 18.15,
        "Volume": 27000,
        "day": 189,
        "year": 2011
    }
}