{
    "day": {
        "Adj Close": 12.247634,
        "Close": 18.139999,
        "Company": "SUNS",
        "Date": "2011-07-12",
        "High": 18.299999,
        "Low": 18.129999,
        "Open": 18.24,
        "Volume": 14700,
        "day": 193,
        "year": 2011
    }
}