{
    "day": {
        "Adj Close": 11.997059,
        "Close": 17.700001,
        "Company": "SUNS",
        "Date": "2011-07-15",
        "High": 18.1,
        "Low": 17.6,
        "Open": 17.959999,
        "Volume": 32000,
        "day": 196,
        "year": 2011
    }
}