{
    "day": {
        "Adj Close": 12.010614,
        "Close": 17.719999,
        "Company": "SUNS",
        "Date": "2011-07-20",
        "High": 17.809999,
        "Low": 17.700001,
        "Open": 17.809999,
        "Volume": 17300,
        "day": 201,
        "year": 2011
    }
}