{
    "day": {
        "Adj Close": 12.139397,
        "Close": 17.91,
        "Company": "SUNS",
        "Date": "2011-07-25",
        "High": 18.120001,
        "Low": 17.91,
        "Open": 18.120001,
        "Volume": 28500,
        "day": 206,
        "year": 2011
    }
}