{
    "day": {
        "Adj Close": 10.607569,
        "Close": 15.65,
        "Company": "SUNS",
        "Date": "2011-08-08",
        "High": 17.450001,
        "Low": 15.03,
        "Open": 16.879999,
        "Volume": 69500,
        "day": 220,
        "year": 2011
    }
}