{
    "day": {
        "Adj Close": 12.993732,
        "Close": 19.299999,
        "Company": "SUNS",
        "Date": "2011-03-22",
        "High": 19.4,
        "Low": 18.719999,
        "Open": 18.889999,
        "Volume": 649500,
        "day": 81,
        "year": 2011
    }
}