{
    "day": {
        "Adj Close": 33.454021, 
        "Close": 39.91, 
        "Company": "TROW", 
        "Date": "2009-07-06", 
        "High": 40.490002, 
        "Low": 38.900002, 
        "Open": 40.490002, 
        "Volume": 3231400, 
        "day": 1, 
        "week": 28
    }
}