{
    "day": {
        "Adj Close": 28.530001, 
        "Close": 28.530001, 
        "Company": "TSLA", 
        "Date": "2010-12-14", 
        "High": 30.389999, 
        "Low": 27.76, 
        "Open": 30.290001, 
        "Volume": 1765700, 
        "day": 2, 
        "week": 50
    }
}