{
    "day": {
        "Adj Close": 2.430259, 
        "Close": 59.75008, 
        "Company": "TROW", 
        "Date": "1993-08-25", 
        "High": 60.5, 
        "Low": 59.24992, 
        "Open": 59.24992, 
        "Volume": 5131200, 
        "day": 3, 
        "week": 34
    }
}