{
    "day": {
        "Adj Close": 57.697109, 
        "Close": 60.119999, 
        "Company": "WBA", 
        "Date": "2013-11-18", 
        "High": 60.369999, 
        "Low": 59.82, 
        "Open": 60.279999, 
        "Volume": 3948500, 
        "day": 1, 
        "week": 47
    }
}