{
    "day": {
        "Adj Close": 36.713299, 
        "Close": 46.060001, 
        "Company": "TROW", 
        "Date": "2007-01-05", 
        "High": 46.380001, 
        "Low": 45.889999, 
        "Open": 46.009998, 
        "Volume": 1716500, 
        "day": 5, 
        "week": 1
    }
}