{
    "day": {
        "Adj Close": 27.870001,
        "Close": 27.870001,
        "Company": "TCBI",
        "Date": "2011-12-01",
        "High": 28.799999,
        "Low": 27.780001,
        "Open": 28.559999,
        "Volume": 398800,
        "day": 1,
        "month": 12
    }
}