{
    "day": {
        "Adj Close": 29.559999,
        "Close": 29.559999,
        "Company": "TCBI",
        "Date": "2011-12-21",
        "High": 29.75,
        "Low": 28.940001,
        "Open": 29.41,
        "Volume": 212800,
        "day": 21,
        "month": 12
    }
}