{
    "day": {
        "Adj Close": 30.200001,
        "Close": 30.200001,
        "Company": "TCBI",
        "Date": "2011-12-23",
        "High": 30.389999,
        "Low": 29.870001,
        "Open": 30.280001,
        "Volume": 118500,
        "day": 23,
        "month": 12
    }
}