{
    "day": {
        "Adj Close": 12.656067, 
        "Close": 35.8125, 
        "Company": "TROW", 
        "Date": "1999-06-25", 
        "High": 36.156239, 
        "Low": 35.375, 
        "Open": 35.875, 
        "Volume": 526800, 
        "day": 176, 
        "year": 1999
    }
}