{
    "day": {
        "Adj Close": 12.883492, 
        "Close": 36.328121, 
        "Company": "TROW", 
        "Date": "1999-12-09", 
        "High": 38.25, 
        "Low": 36.3125, 
        "Open": 38.125, 
        "Volume": 603000, 
        "day": 343, 
        "year": 1999
    }
}