{
    "day": {
        "Adj Close": 20.24, 
        "Close": 20.24, 
        "Company": "TSLA", 
        "Date": "2010-10-12", 
        "High": 20.280001, 
        "Low": 20.030001, 
        "Open": 20.200001, 
        "Volume": 244000, 
        "day": 12, 
        "month": 10
    }
}