{
    "day": {
        "Adj Close": 26.853388, 
        "Close": 32.759998, 
        "Company": "WBA", 
        "Date": "2001-09-17", 
        "High": 33.830002, 
        "Low": 32.549999, 
        "Open": 33.099998, 
        "Volume": 5219300, 
        "day": 17, 
        "month": 9
    }
}