{
    "day": {
        "Adj Close": 29.082975, 
        "Close": 35.48, 
        "Company": "WBA", 
        "Date": "2001-09-05", 
        "High": 35.950001, 
        "Low": 35.200001, 
        "Open": 35.450001, 
        "Volume": 4508200, 
        "day": 5, 
        "month": 9
    }
}