{
    "day": {
        "Adj Close": 32.197833, 
        "Close": 32.98, 
        "Company": "MDLZ", 
        "Date": "2014-10-13", 
        "High": 33.630001, 
        "Low": 32.98, 
        "Open": 33.400002, 
        "Volume": 8376900, 
        "day": 1, 
        "week": 42
    }
}