{
    "day": {
        "Adj Close": 21.37399,
        "Close": 24.620001,
        "Company": "LPLA",
        "Date": "2011-09-21",
        "High": 26.280001,
        "Low": 24.57,
        "Open": 25.530001,
        "Volume": 398800,
        "day": 21,
        "month": 9
    }
}