{
    "day": {
        "Adj Close": 22.068514,
        "Close": 25.42,
        "Company": "LPLA",
        "Date": "2011-09-30",
        "High": 25.709999,
        "Low": 25.16,
        "Open": 25.370001,
        "Volume": 201000,
        "day": 30,
        "month": 9
    }
}