{
    "day": {
        "Adj Close": 31.326125, 
        "Close": 79.290001, 
        "Company": "TROW", 
        "Date": "2006-05-15", 
        "High": 80.0, 
        "Low": 78.830002, 
        "Open": 78.830002, 
        "Volume": 1585800, 
        "day": 15, 
        "month": 5
    }
}