{
    "day": {
        "Adj Close": 30.705845, 
        "Close": 77.720001, 
        "Company": "TROW", 
        "Date": "2006-05-23", 
        "High": 79.080002, 
        "Low": 77.720001, 
        "Open": 77.800003, 
        "Volume": 1455600, 
        "day": 23, 
        "month": 5
    }
}