{
    "day": {
        "Adj Close": 30.824368, 
        "Close": 78.019997, 
        "Company": "TROW", 
        "Date": "2006-05-30", 
        "High": 79.300003, 
        "Low": 77.790001, 
        "Open": 79.199997, 
        "Volume": 1599600, 
        "day": 30, 
        "month": 5
    }
}