{
    "day": {
        "Adj Close": 32.993376, 
        "Close": 83.510002, 
        "Company": "TROW", 
        "Date": "2006-05-05", 
        "High": 83.709999, 
        "Low": 82.559998, 
        "Open": 82.739998, 
        "Volume": 1196600, 
        "day": 5, 
        "month": 5
    }
}