{
    "day": {
        "Adj Close": 4.443956, 
        "Close": 45.875038, 
        "Company": "WBA", 
        "Date": "1995-01-16", 
        "High": 46.0, 
        "Low": 45.624962, 
        "Open": 46.0, 
        "Volume": 1973600, 
        "day": 1, 
        "week": 3
    }
}