{
    "day": {
        "Adj Close": 21.4,
        "Close": 21.4,
        "Company": "TCBI",
        "Date": "2006-02-15",
        "High": 21.690001,
        "Low": 21.26,
        "Open": 21.290001,
        "Volume": 169400,
        "day": 15,
        "month": 2
    }
}