{
    "day": {
        "Adj Close": 35.485167, 
        "Close": 43.369999, 
        "Company": "WBA", 
        "Date": "2001-03-01", 
        "High": 44.73, 
        "Low": 43.110001, 
        "Open": 43.75, 
        "Volume": 2506500, 
        "day": 1, 
        "month": 3
    }
}