{
    "day": {
        "Adj Close": 36.172452, 
        "Close": 44.209999, 
        "Company": "WBA", 
        "Date": "2001-03-12", 
        "High": 44.849998, 
        "Low": 44.07, 
        "Open": 44.52, 
        "Volume": 2015500, 
        "day": 12, 
        "month": 3
    }
}