{
    "day": {
        "Adj Close": 34.544244, 
        "Close": 42.220001, 
        "Company": "WBA", 
        "Date": "2001-03-14", 
        "High": 43.25, 
        "Low": 41.18, 
        "Open": 41.25, 
        "Volume": 2483800, 
        "day": 14, 
        "month": 3
    }
}