{
    "day": {
        "Adj Close": 32.932396, 
        "Close": 40.25, 
        "Company": "WBA", 
        "Date": "2001-03-27", 
        "High": 40.290001, 
        "Low": 39.549999, 
        "Open": 39.650002, 
        "Volume": 3427000, 
        "day": 27, 
        "month": 3
    }
}