{
    "day": {
        "Adj Close": 35.894265, 
        "Close": 43.869999, 
        "Company": "WBA", 
        "Date": "2001-03-06", 
        "High": 43.900002, 
        "Low": 43.25, 
        "Open": 43.5, 
        "Volume": 3035200, 
        "day": 6, 
        "month": 3
    }
}