{
    "day": {
        "Adj Close": 35.641802,
        "Close": 38.040001,
        "Company": "LPLA",
        "Date": "2013-05-15",
        "High": 38.540001,
        "Low": 37.380001,
        "Open": 37.529999,
        "Volume": 1026700,
        "day": 15,
        "month": 5
    }
}