{
    "day": {
        "Adj Close": 35.051519,
        "Close": 37.41,
        "Company": "LPLA",
        "Date": "2013-05-21",
        "High": 38.830002,
        "Low": 37.299999,
        "Open": 38.700001,
        "Volume": 982600,
        "day": 21,
        "month": 5
    }
}