{
    "day": {
        "Adj Close": 34.479975,
        "Close": 36.799999,
        "Company": "LPLA",
        "Date": "2013-05-23",
        "High": 36.950001,
        "Low": 36.240002,
        "Open": 36.889999,
        "Volume": 167800,
        "day": 23,
        "month": 5
    }
}