{
    "day": {
        "Adj Close": 34.217629,
        "Close": 36.52,
        "Company": "LPLA",
        "Date": "2013-05-29",
        "High": 36.560001,
        "Low": 35.43,
        "Open": 36.0,
        "Volume": 2514200,
        "day": 29,
        "month": 5
    }
}