{
    "day": {
        "Adj Close": 32.521737,
        "Close": 34.709999,
        "Company": "LPLA",
        "Date": "2013-05-03",
        "High": 35.02,
        "Low": 34.310001,
        "Open": 34.630001,
        "Volume": 467000,
        "day": 3,
        "month": 5
    }
}