{
    "day": {
        "Adj Close": 33.018326,
        "Close": 35.240002,
        "Company": "LPLA",
        "Date": "2013-05-06",
        "High": 35.279999,
        "Low": 34.75,
        "Open": 34.75,
        "Volume": 312400,
        "day": 6,
        "month": 5
    }
}