{
    "day": {
        "Adj Close": 33.496172,
        "Close": 35.75,
        "Company": "LPLA",
        "Date": "2013-05-08",
        "High": 35.779999,
        "Low": 35.349998,
        "Open": 35.48,
        "Volume": 387000,
        "day": 8,
        "month": 5
    }
}