{
    "day": {
        "Adj Close": 74.302759, 
        "Close": 79.300003, 
        "Company": "TROW", 
        "Date": "2014-09-17", 
        "High": 79.769997, 
        "Low": 78.779999, 
        "Open": 79.599998, 
        "Volume": 1224500, 
        "day": 3, 
        "week": 38
    }
}