{
    "day": {
        "Adj Close": 17.944833, 
        "Close": 39.290001, 
        "Company": "MDLZ", 
        "Date": "2002-09-12", 
        "High": 39.650002, 
        "Low": 39.099998, 
        "Open": 39.360001, 
        "Volume": 1322000, 
        "day": 4, 
        "week": 37
    }
}