{
    "day": {
        "Adj Close": 23.646229, 
        "Close": 60.759998, 
        "Company": "TROW", 
        "Date": "2005-06-13", 
        "High": 61.380001, 
        "Low": 60.470001, 
        "Open": 60.779999, 
        "Volume": 680000, 
        "day": 1, 
        "week": 24
    }
}