{
    "day": {
        "Adj Close": 1.354775, 
        "Close": 32.124962, 
        "Company": "WBA", 
        "Date": "1986-10-23", 
        "High": 32.24992, 
        "Low": 31.0, 
        "Open": 31.24992, 
        "Volume": 1952000, 
        "day": 4, 
        "week": 43
    }
}