{
    "day": {
        "Adj Close": 1.370591, 
        "Close": 32.5, 
        "Company": "WBA", 
        "Date": "1986-10-24", 
        "High": 33.0, 
        "Low": 31.87504, 
        "Open": 31.87504, 
        "Volume": 2556800, 
        "day": 5, 
        "week": 43
    }
}