{
    "day": {
        "Adj Close": 29.934003,
        "Close": 34.48,
        "Company": "LPLA",
        "Date": "2011-05-25",
        "High": 34.560001,
        "Low": 33.91,
        "Open": 34.290001,
        "Volume": 194000,
        "day": 3,
        "week": 21
    }
}