{
    "day": {
        "Adj Close": 69.708208, 
        "Close": 70.75, 
        "Company": "TROW", 
        "Date": "2015-10-05", 
        "High": 70.82, 
        "Low": 69.43, 
        "Open": 69.510002, 
        "Volume": 1509300, 
        "day": 1, 
        "week": 41
    }
}