{
    "day": {
        "Adj Close": 36.079845, 
        "Close": 43.169998, 
        "Company": "WBA", 
        "Date": "2005-09-27", 
        "High": 43.349998, 
        "Low": 41.93, 
        "Open": 42.25, 
        "Volume": 7661900, 
        "day": 27, 
        "month": 9
    }
}