{
    "day": {
        "Adj Close": 38.486841, 
        "Close": 46.049999, 
        "Company": "WBA", 
        "Date": "2005-09-07", 
        "High": 46.080002, 
        "Low": 45.32, 
        "Open": 45.669998, 
        "Volume": 2688400, 
        "day": 7, 
        "month": 9
    }
}