{
    "day": {
        "Adj Close": 37.534072, 
        "Close": 44.91, 
        "Company": "WBA", 
        "Date": "2005-09-09", 
        "High": 45.259998, 
        "Low": 44.799999, 
        "Open": 44.889999, 
        "Volume": 2666000, 
        "day": 9, 
        "month": 9
    }
}