{
    "day": {
        "Adj Close": 14.31265, 
        "Close": 30.719999, 
        "Company": "MDLZ", 
        "Date": "2003-11-20", 
        "High": 30.940001, 
        "Low": 30.43, 
        "Open": 30.43, 
        "Volume": 1101000, 
        "day": 20, 
        "month": 11
    }
}