{
    "day": {
        "Adj Close": 27.751512,
        "Close": 29.860001,
        "Company": "LPLA",
        "Date": "2013-01-24",
        "High": 29.969999,
        "Low": 29.219999,
        "Open": 29.639999,
        "Volume": 239200,
        "day": 4,
        "week": 4
    }
}