{
    "day": {
        "Adj Close": 28.532197,
        "Close": 30.700001,
        "Company": "LPLA",
        "Date": "2013-01-25",
        "High": 30.82,
        "Low": 29.700001,
        "Open": 29.85,
        "Volume": 524100,
        "day": 5,
        "week": 4
    }
}