{
    "day": {
        "Adj Close": 32.555111, 
        "Close": 39.060001, 
        "Company": "TROW", 
        "Date": "2009-04-29", 
        "High": 39.209999, 
        "Low": 37.360001, 
        "Open": 37.509998, 
        "Volume": 4067000, 
        "day": 3, 
        "week": 18
    }
}