{
    "day": {
        "Adj Close": 22.23,
        "Close": 22.23,
        "Company": "TCBI",
        "Date": "2006-04-21",
        "High": 23.209999,
        "Low": 21.98,
        "Open": 23.209999,
        "Volume": 432700,
        "day": 21,
        "month": 4
    }
}