{
    "day": {
        "Adj Close": 1.444944, 
        "Close": 34.124962, 
        "Company": "WBA", 
        "Date": "1986-11-11", 
        "High": 34.124962, 
        "Low": 33.24992, 
        "Open": 33.375038, 
        "Volume": 912000, 
        "day": 11, 
        "month": 11
    }
}