{
    "day": {
        "Adj Close": 1.349676, 
        "Close": 31.87504, 
        "Company": "WBA", 
        "Date": "1986-11-18", 
        "High": 33.875038, 
        "Low": 31.75008, 
        "Open": 33.875038, 
        "Volume": 3875200, 
        "day": 18, 
        "month": 11
    }
}