{
    "day": {
        "Adj Close": 11.702891,
        "Close": 16.299999,
        "Company": "SUNS",
        "Date": "2012-06-13",
        "High": 16.379999,
        "Low": 16.139999,
        "Open": 16.219999,
        "Volume": 16100,
        "day": 13,
        "month": 6
    }
}