{
    "day": {
        "Adj Close": 11.717251,
        "Close": 16.32,
        "Company": "SUNS",
        "Date": "2012-06-05",
        "High": 16.67,
        "Low": 16.059999,
        "Open": 16.67,
        "Volume": 30800,
        "day": 5,
        "month": 6
    }
}