{
    "day": {
        "Adj Close": 11.86387, 
        "Close": 21.799999, 
        "Company": "MDLZ", 
        "Date": "2009-03-10", 
        "High": 21.799999, 
        "Low": 21.299999, 
        "Open": 21.35, 
        "Volume": 12391600, 
        "day": 2, 
        "week": 11
    }
}