{
    "day": {
        "Adj Close": 1.448959, 
        "Close": 36.5, 
        "Company": "TROW", 
        "Date": "1992-06-16", 
        "High": 37.24992, 
        "Low": 36.5, 
        "Open": 37.24992, 
        "Volume": 361600, 
        "day": 2, 
        "week": 25
    }
}