{
    "day": {
        "Adj Close": 1.10522, 
        "Close": 26.75008, 
        "Company": "WBA", 
        "Date": "1985-07-10", 
        "High": 27.0, 
        "Low": 26.62496, 
        "Open": 26.87504, 
        "Volume": 894400, 
        "day": 3, 
        "week": 28
    }
}