{
    "day": {
        "Adj Close": 12.295934, 
        "Close": 33.639999, 
        "Company": "TROW", 
        "Date": "2001-12-13", 
        "High": 33.919998, 
        "Low": 33.400002, 
        "Open": 33.599998, 
        "Volume": 1221400, 
        "day": 4, 
        "week": 50
    }
}