{
    "day": {
        "Adj Close": 21.190001,
        "Close": 21.190001,
        "Company": "TCBI",
        "Date": "2005-11-04",
        "High": 21.450001,
        "Low": 20.6,
        "Open": 21.450001,
        "Volume": 163700,
        "day": 5,
        "week": 44
    }
}