{
    "day": {
        "Adj Close": 1.763158, 
        "Close": 40.0, 
        "Company": "WBA", 
        "Date": "1989-05-15", 
        "High": 40.24992, 
        "Low": 39.5, 
        "Open": 39.5, 
        "Volume": 4208000, 
        "day": 15, 
        "month": 5
    }
}