{
    "day": {
        "Adj Close": 1.776218, 
        "Close": 40.124962, 
        "Company": "WBA", 
        "Date": "1989-05-17", 
        "High": 40.375038, 
        "Low": 40.0, 
        "Open": 40.124962, 
        "Volume": 2830400, 
        "day": 17, 
        "month": 5
    }
}