{
    "day": {
        "Adj Close": 1.757649, 
        "Close": 39.875038, 
        "Company": "WBA", 
        "Date": "1989-05-02", 
        "High": 40.75008, 
        "Low": 39.624962, 
        "Open": 39.75008, 
        "Volume": 6699200, 
        "day": 2, 
        "month": 5
    }
}