{
    "day": {
        "Adj Close": 1.741118, 
        "Close": 39.5, 
        "Company": "WBA", 
        "Date": "1989-05-03", 
        "High": 40.0, 
        "Low": 39.124962, 
        "Open": 40.0, 
        "Volume": 4046400, 
        "day": 3, 
        "month": 5
    }
}