{
    "day": {
        "Adj Close": 1.675, 
        "Close": 38.0, 
        "Company": "WBA", 
        "Date": "1989-05-09", 
        "High": 38.624962, 
        "Low": 37.624962, 
        "Open": 38.375038, 
        "Volume": 1564800, 
        "day": 9, 
        "month": 5
    }
}