{
    "day": {
        "Adj Close": 11.343835, 
        "Close": 31.3125, 
        "Company": "TROW", 
        "Date": "2001-03-28", 
        "High": 32.3125, 
        "Low": 31.125, 
        "Open": 32.156239, 
        "Volume": 915000, 
        "day": 3, 
        "week": 13
    }
}