{
    "day": {
        "Adj Close": 32.795843, 
        "Close": 38.619999, 
        "Company": "WBA", 
        "Date": "2007-12-28", 
        "High": 39.0, 
        "Low": 38.400002, 
        "Open": 38.400002, 
        "Volume": 3901800, 
        "day": 5, 
        "week": 52
    }
}