{
    "day": {
        "Adj Close": 10.467134, 
        "Close": 28.08, 
        "Company": "TROW", 
        "Date": "2002-12-19", 
        "High": 28.85, 
        "Low": 27.84, 
        "Open": 28.299999, 
        "Volume": 1057000, 
        "day": 19, 
        "month": 12
    }
}