{
    "day": {
        "Adj Close": 10.728067, 
        "Close": 28.780001, 
        "Company": "TROW", 
        "Date": "2002-12-20", 
        "High": 28.99, 
        "Low": 27.459999, 
        "Open": 28.360001, 
        "Volume": 2654000, 
        "day": 20, 
        "month": 12
    }
}