{
    "day": {
        "Adj Close": 11.406493, 
        "Close": 30.6, 
        "Company": "TROW", 
        "Date": "2002-12-04", 
        "High": 30.969999, 
        "Low": 30.030001, 
        "Open": 30.959999, 
        "Volume": 985600, 
        "day": 4, 
        "month": 12
    }
}