{
    "day": {
        "Adj Close": 11.089645, 
        "Close": 29.75, 
        "Company": "TROW", 
        "Date": "2002-12-05", 
        "High": 30.700001, 
        "Low": 29.57, 
        "Open": 30.65, 
        "Volume": 945800, 
        "day": 5, 
        "month": 12
    }
}