{
    "day": {
        "Adj Close": 1.251769, 
        "Close": 32.0, 
        "Company": "TROW", 
        "Date": "1991-08-20", 
        "High": 32.5, 
        "Low": 31.75008, 
        "Open": 32.0, 
        "Volume": 326400, 
        "day": 2, 
        "week": 34
    }
}