{
    "day": {
        "Adj Close": 38.713244, 
        "Close": 41.040001, 
        "Company": "WBA", 
        "Date": "2013-03-12", 
        "High": 41.220001, 
        "Low": 40.779999, 
        "Open": 41.18, 
        "Volume": 4970000, 
        "day": 2, 
        "week": 11
    }
}