{
    "day": {
        "Adj Close": 38.18, 
        "Close": 38.18, 
        "Company": "FANG", 
        "Date": "2013-07-31", 
        "High": 39.299999, 
        "Low": 37.299999, 
        "Open": 37.959999, 
        "Volume": 149800, 
        "day": 31, 
        "month": 7
    }
}