{
    "day": {
        "Adj Close": 31.123375,
        "Close": 35.849998,
        "Company": "LPLA",
        "Date": "2011-06-08",
        "High": 37.040001,
        "Low": 35.84,
        "Open": 36.200001,
        "Volume": 522100,
        "day": 3,
        "week": 23
    }
}