{
    "day": {
        "Adj Close": 30.958426,
        "Close": 35.66,
        "Company": "LPLA",
        "Date": "2011-06-09",
        "High": 36.040001,
        "Low": 35.580002,
        "Open": 35.970001,
        "Volume": 556300,
        "day": 4,
        "week": 23
    }
}