{
    "day": {
        "Adj Close": 29.305736,
        "Close": 31.799999,
        "Company": "LPLA",
        "Date": "2012-05-14",
        "High": 32.119999,
        "Low": 31.58,
        "Open": 32.119999,
        "Volume": 408200,
        "day": 14,
        "month": 5
    }
}