{
    "day": {
        "Adj Close": 28.817308,
        "Close": 31.27,
        "Company": "LPLA",
        "Date": "2012-05-16",
        "High": 31.99,
        "Low": 31.219999,
        "Open": 31.690001,
        "Volume": 399500,
        "day": 16,
        "month": 5
    }
}