{
    "day": {
        "Adj Close": 29.213435,
        "Close": 33.650002,
        "Company": "LPLA",
        "Date": "2012-05-09",
        "High": 34.0,
        "Low": 32.470001,
        "Open": 32.619999,
        "Volume": 688500,
        "day": 9,
        "month": 5
    }
}