{
    "day": {
        "Adj Close": 12.091684,
        "Close": 16.74,
        "Company": "SUNS",
        "Date": "2012-06-19",
        "High": 17.059999,
        "Low": 16.540001,
        "Open": 16.540001,
        "Volume": 22200,
        "day": 2,
        "week": 25
    }
}