{
    "day": {
        "Adj Close": 29.630149,
        "Close": 34.130001,
        "Company": "LPLA",
        "Date": "2011-04-15",
        "High": 34.349998,
        "Low": 34.060001,
        "Open": 34.25,
        "Volume": 43900,
        "day": 5,
        "week": 15
    }
}