{
    "day": {
        "Adj Close": 17.693634, 
        "Close": 38.740002, 
        "Company": "MDLZ", 
        "Date": "2002-09-17", 
        "High": 40.040001, 
        "Low": 38.650002, 
        "Open": 40.0, 
        "Volume": 1317100, 
        "day": 2, 
        "week": 38
    }
}