{
    "day": {
        "Adj Close": 17.816948, 
        "Close": 39.009998, 
        "Company": "MDLZ", 
        "Date": "2002-09-19", 
        "High": 39.630001, 
        "Low": 38.709999, 
        "Open": 39.23, 
        "Volume": 1389100, 
        "day": 4, 
        "week": 38
    }
}