{
    "day": {
        "Adj Close": 3.954466, 
        "Close": 41.375038, 
        "Company": "WBA", 
        "Date": "1994-03-25", 
        "High": 41.875038, 
        "Low": 41.375038, 
        "Open": 41.624962, 
        "Volume": 1301600, 
        "day": 25, 
        "month": 3
    }
}