{
    "day": {
        "Adj Close": 20.228939, 
        "Close": 33.869999, 
        "Company": "MDLZ", 
        "Date": "2011-05-03", 
        "High": 33.950001, 
        "Low": 33.720001, 
        "Open": 33.880001, 
        "Volume": 8226400, 
        "day": 2, 
        "week": 18
    }
}