{
    "day": {
        "Adj Close": 19.078819, 
        "Close": 49.389999, 
        "Company": "TROW", 
        "Date": "2004-09-27", 
        "High": 51.279999, 
        "Low": 49.349998, 
        "Open": 51.200001, 
        "Volume": 1353400, 
        "day": 27, 
        "month": 9
    }
}