{
    "day": {
        "Adj Close": 18.974521, 
        "Close": 49.119999, 
        "Company": "TROW", 
        "Date": "2004-09-28", 
        "High": 49.599998, 
        "Low": 48.759998, 
        "Open": 49.459999, 
        "Volume": 1550000, 
        "day": 28, 
        "month": 9
    }
}