{
    "day": {
        "Adj Close": 19.584859, 
        "Close": 50.700001, 
        "Company": "TROW", 
        "Date": "2004-09-29", 
        "High": 50.700001, 
        "Low": 49.02, 
        "Open": 49.09, 
        "Volume": 2868800, 
        "day": 29, 
        "month": 9
    }
}