{
    "day": {
        "Adj Close": 49.791072, 
        "Close": 58.48, 
        "Company": "TROW", 
        "Date": "2010-04-14", 
        "High": 58.490002, 
        "Low": 57.060001, 
        "Open": 57.060001, 
        "Volume": 2166800, 
        "day": 3, 
        "week": 15
    }
}