{
    "day": {
        "Adj Close": 19.793455, 
        "Close": 51.240002, 
        "Company": "TROW", 
        "Date": "2004-10-13", 
        "High": 52.220001, 
        "Low": 50.740002, 
        "Open": 51.59, 
        "Volume": 1252400, 
        "day": 13, 
        "month": 10
    }
}