{
    "day": {
        "Adj Close": 39.885659, 
        "Close": 50.040001, 
        "Company": "TROW", 
        "Date": "2007-02-08", 
        "High": 50.299999, 
        "Low": 49.200001, 
        "Open": 49.439999, 
        "Volume": 1885000, 
        "day": 4, 
        "week": 6
    }
}