{
    "day": {
        "Adj Close": 14.648729,
        "Close": 16.110001,
        "Company": "SUNS",
        "Date": "2015-05-04",
        "High": 16.200001,
        "Low": 16.0,
        "Open": 16.200001,
        "Volume": 25300,
        "day": 1,
        "week": 19
    }
}