{
    "day": {
        "Adj Close": 59.630001,
        "Close": 59.630001,
        "Company": "TCBI",
        "Date": "2015-06-11",
        "High": 61.470001,
        "Low": 59.330002,
        "Open": 61.080002,
        "Volume": 473000,
        "day": 11,
        "month": 6
    }
}