{
    "day": {
        "Adj Close": 61.84,
        "Close": 61.84,
        "Company": "TCBI",
        "Date": "2015-06-23",
        "High": 61.919998,
        "Low": 60.630001,
        "Open": 60.740002,
        "Volume": 375200,
        "day": 23,
        "month": 6
    }
}