{
    "day": {
        "Adj Close": 61.810001,
        "Close": 61.810001,
        "Company": "TCBI",
        "Date": "2015-06-29",
        "High": 63.09,
        "Low": 61.75,
        "Open": 62.759998,
        "Volume": 612200,
        "day": 29,
        "month": 6
    }
}