{
    "day": {
        "Adj Close": 36.580002, 
        "Close": 36.580002, 
        "Company": "TSLA", 
        "Date": "2012-04-02", 
        "High": 37.970001, 
        "Low": 36.529999, 
        "Open": 37.330002, 
        "Volume": 1028600, 
        "day": 1, 
        "week": 14
    }
}