{
    "day": {
        "Adj Close": 16.593084, 
        "Close": 43.619999, 
        "Company": "TROW", 
        "Date": "2003-12-16", 
        "High": 43.880001, 
        "Low": 43.139999, 
        "Open": 43.330002, 
        "Volume": 985200, 
        "day": 2, 
        "week": 51
    }
}