{
    "day": {
        "Adj Close": 4.656581, 
        "Close": 55.124962, 
        "Company": "TROW", 
        "Date": "1995-12-11", 
        "High": 55.5, 
        "Low": 55.0, 
        "Open": 55.0, 
        "Volume": 609600, 
        "day": 1, 
        "week": 50
    }
}