{
    "day": {
        "Adj Close": 14.785661,
        "Close": 19.200001,
        "Company": "SUNS",
        "Date": "2013-05-10",
        "High": 19.299999,
        "Low": 19.139999,
        "Open": 19.26,
        "Volume": 20500,
        "day": 5,
        "week": 19
    }
}