{
    "day": {
        "Adj Close": 31.179281, 
        "Close": 36.619999, 
        "Company": "WBA", 
        "Date": "2008-04-10", 
        "High": 36.889999, 
        "Low": 36.400002, 
        "Open": 36.84, 
        "Volume": 6807200, 
        "day": 4, 
        "week": 15
    }
}