{
    "day": {
        "Adj Close": 26.91, 
        "Close": 26.91, 
        "Company": "TSLA", 
        "Date": "2012-01-06", 
        "High": 27.790001, 
        "Low": 26.41, 
        "Open": 27.200001, 
        "Volume": 986300, 
        "day": 5, 
        "week": 1
    }
}