{
    "day": {
        "Adj Close": 57.525112, 
        "Close": 64.0, 
        "Company": "TROW", 
        "Date": "2012-10-09", 
        "High": 64.559998, 
        "Low": 63.900002, 
        "Open": 64.480003, 
        "Volume": 956500, 
        "day": 2, 
        "week": 41
    }
}