{
    "day": {
        "Adj Close": 2.429057, 
        "Close": 29.12496, 
        "Company": "TROW", 
        "Date": "1995-01-10", 
        "High": 30.0, 
        "Low": 29.12496, 
        "Open": 29.25, 
        "Volume": 538400, 
        "day": 2, 
        "week": 2
    }
}