{
    "day": {
        "Adj Close": 2.387357, 
        "Close": 28.62496, 
        "Company": "TROW", 
        "Date": "1995-01-13", 
        "High": 28.75, 
        "Low": 27.0, 
        "Open": 27.25, 
        "Volume": 842400, 
        "day": 5, 
        "week": 2
    }
}