{
    "day": {
        "Adj Close": 18.139999, 
        "Close": 18.139999, 
        "Company": "TSLA", 
        "Date": "2010-07-13", 
        "High": 18.639999, 
        "Low": 16.9, 
        "Open": 17.389999, 
        "Volume": 2680100, 
        "day": 2, 
        "week": 28
    }
}