{
    "day": {
        "Adj Close": 42.406607, 
        "Close": 50.060001, 
        "Company": "TROW", 
        "Date": "2009-12-11", 
        "High": 50.25, 
        "Low": 49.16, 
        "Open": 49.939999, 
        "Volume": 2176000, 
        "day": 11, 
        "month": 12
    }
}