{
    "day": {
        "Adj Close": 45.422336, 
        "Close": 53.619999, 
        "Company": "TROW", 
        "Date": "2009-12-28", 
        "High": 54.419998, 
        "Low": 53.419998, 
        "Open": 54.060001, 
        "Volume": 680400, 
        "day": 28, 
        "month": 12
    }
}