{
    "day": {
        "Adj Close": 40.854147, 
        "Close": 48.470001, 
        "Company": "TROW", 
        "Date": "2009-12-09", 
        "High": 49.25, 
        "Low": 48.27, 
        "Open": 49.09, 
        "Volume": 1789200, 
        "day": 9, 
        "month": 12
    }
}