{
    "day": {
        "Adj Close": 31.504998, 
        "Close": 38.32, 
        "Company": "WBA", 
        "Date": "2002-06-17", 
        "High": 38.400002, 
        "Low": 37.029999, 
        "Open": 37.07, 
        "Volume": 2391800, 
        "day": 1, 
        "week": 25
    }
}