{
    "day": {
        "Adj Close": 73.57, 
        "Close": 73.57, 
        "Company": "FANG", 
        "Date": "2015-02-17", 
        "High": 74.190002, 
        "Low": 72.260002, 
        "Open": 72.690002, 
        "Volume": 1456200, 
        "day": 2, 
        "week": 8
    }
}