{
    "day": {
        "Adj Close": 20.628463, 
        "Close": 53.810001, 
        "Company": "TROW", 
        "Date": "2004-03-30", 
        "High": 54.189999, 
        "Low": 53.220001, 
        "Open": 53.57, 
        "Volume": 987400, 
        "day": 2, 
        "week": 14
    }
}