{
    "day": {
        "Adj Close": 6.698965, 
        "Close": 39.062481, 
        "Company": "TROW", 
        "Date": "1996-12-11", 
        "High": 39.75, 
        "Low": 38.75, 
        "Open": 39.5, 
        "Volume": 1100000, 
        "day": 3, 
        "week": 50
    }
}