{
    "day": {
        "Adj Close": 15.98,
        "Close": 15.98,
        "Company": "TCBI",
        "Date": "2008-04-11",
        "High": 16.549999,
        "Low": 15.85,
        "Open": 16.139999,
        "Volume": 158300,
        "day": 5,
        "week": 15
    }
}