{
    "day": {
        "Adj Close": 18.181439, 
        "Close": 35.779999, 
        "Company": "MDLZ", 
        "Date": "2007-01-11", 
        "High": 36.18, 
        "Low": 35.450001, 
        "Open": 35.900002, 
        "Volume": 4418100, 
        "day": 11, 
        "year": 2007
    }
}