{
    "day": {
        "Adj Close": 16.783372, 
        "Close": 32.77, 
        "Company": "MDLZ", 
        "Date": "2007-05-16", 
        "High": 32.810001, 
        "Low": 32.490002, 
        "Open": 32.57, 
        "Volume": 17622200, 
        "day": 136, 
        "year": 2007
    }
}