{
    "day": {
        "Adj Close": 16.957506, 
        "Close": 33.110001, 
        "Company": "MDLZ", 
        "Date": "2007-05-18", 
        "High": 33.139999, 
        "Low": 32.880001, 
        "Open": 33.0, 
        "Volume": 13618000, 
        "day": 138, 
        "year": 2007
    }
}