{
    "day": {
        "Adj Close": 17.162367, 
        "Close": 33.509998, 
        "Company": "MDLZ", 
        "Date": "2007-05-29", 
        "High": 33.66, 
        "Low": 33.369999, 
        "Open": 33.509998, 
        "Volume": 13012000, 
        "day": 149, 
        "year": 2007
    }
}