{
    "day": {
        "Adj Close": 18.140586, 
        "Close": 35.419998, 
        "Company": "MDLZ", 
        "Date": "2007-06-14", 
        "High": 35.509998, 
        "Low": 34.709999, 
        "Open": 35.25, 
        "Volume": 20571600, 
        "day": 165, 
        "year": 2007
    }
}