{
    "day": {
        "Adj Close": 17.912123, 
        "Close": 35.25, 
        "Company": "MDLZ", 
        "Date": "2007-01-17", 
        "High": 35.860001, 
        "Low": 35.220001, 
        "Open": 35.810001, 
        "Volume": 1890800, 
        "day": 17, 
        "year": 2007
    }
}