{
    "day": {
        "Adj Close": 18.738201, 
        "Close": 36.330002, 
        "Company": "MDLZ", 
        "Date": "2007-07-19", 
        "High": 36.470001, 
        "Low": 35.650002, 
        "Open": 35.970001, 
        "Volume": 13064500, 
        "day": 200, 
        "year": 2007
    }
}