{
    "day": {
        "Adj Close": 16.78856, 
        "Close": 32.549999, 
        "Company": "MDLZ", 
        "Date": "2007-08-02", 
        "High": 32.950001, 
        "Low": 32.099998, 
        "Open": 32.650002, 
        "Volume": 16138400, 
        "day": 214, 
        "year": 2007
    }
}