{
    "day": {
        "Adj Close": 16.484251, 
        "Close": 31.959999, 
        "Company": "MDLZ", 
        "Date": "2007-08-03", 
        "High": 32.919998, 
        "Low": 31.950001, 
        "Open": 32.689999, 
        "Volume": 11441600, 
        "day": 215, 
        "year": 2007
    }
}