{
    "day": {
        "Adj Close": 16.865928, 
        "Close": 32.700001, 
        "Company": "MDLZ", 
        "Date": "2007-08-06", 
        "High": 32.830002, 
        "Low": 31.51, 
        "Open": 32.18, 
        "Volume": 16878100, 
        "day": 218, 
        "year": 2007
    }
}