{
    "day": {
        "Adj Close": 16.066472, 
        "Close": 31.15, 
        "Company": "MDLZ", 
        "Date": "2007-08-16", 
        "High": 32.119999, 
        "Low": 30.530001, 
        "Open": 31.66, 
        "Volume": 18587000, 
        "day": 228, 
        "year": 2007
    }
}