{
    "day": {
        "Adj Close": 16.716352, 
        "Close": 32.41, 
        "Company": "MDLZ", 
        "Date": "2007-08-27", 
        "High": 32.849998, 
        "Low": 32.259998, 
        "Open": 32.299999, 
        "Volume": 11188200, 
        "day": 239, 
        "year": 2007
    }
}