{
    "day": {
        "Adj Close": 17.734901, 
        "Close": 34.099998, 
        "Company": "MDLZ", 
        "Date": "2007-09-14", 
        "High": 34.110001, 
        "Low": 33.650002, 
        "Open": 33.75, 
        "Volume": 7023600, 
        "day": 257, 
        "year": 2007
    }
}