{
    "day": {
        "Adj Close": 17.55134, 
        "Close": 34.540001, 
        "Company": "MDLZ", 
        "Date": "2007-01-26", 
        "High": 35.02, 
        "Low": 34.330002, 
        "Open": 34.639999, 
        "Volume": 4329700, 
        "day": 26, 
        "year": 2007
    }
}