{
    "day": {
        "Adj Close": 18.046953, 
        "Close": 34.700001, 
        "Company": "MDLZ", 
        "Date": "2007-10-01", 
        "High": 34.810001, 
        "Low": 34.41, 
        "Open": 34.509998, 
        "Volume": 6534400, 
        "day": 274, 
        "year": 2007
    }
}