{
    "day": {
        "Adj Close": 18.031349, 
        "Close": 34.669998, 
        "Company": "MDLZ", 
        "Date": "2007-10-02", 
        "High": 34.91, 
        "Low": 34.459999, 
        "Open": 34.700001, 
        "Volume": 6492900, 
        "day": 275, 
        "year": 2007
    }
}