{
    "day": {
        "Adj Close": 17.740103, 
        "Close": 34.110001, 
        "Company": "MDLZ", 
        "Date": "2007-10-09", 
        "High": 34.169998, 
        "Low": 33.880001, 
        "Open": 34.040001, 
        "Volume": 7660600, 
        "day": 282, 
        "year": 2007
    }
}