{
    "day": {
        "Adj Close": 17.376043, 
        "Close": 33.41, 
        "Company": "MDLZ", 
        "Date": "2007-10-18", 
        "High": 33.93, 
        "Low": 33.279999, 
        "Open": 33.700001, 
        "Volume": 6166600, 
        "day": 291, 
        "year": 2007
    }
}