{
    "day": {
        "Adj Close": 16.996381, 
        "Close": 32.68, 
        "Company": "MDLZ", 
        "Date": "2007-10-22", 
        "High": 32.82, 
        "Low": 32.32, 
        "Open": 32.560001, 
        "Volume": 5009600, 
        "day": 295, 
        "year": 2007
    }
}