{
    "day": {
        "Adj Close": 17.240822, 
        "Close": 33.150002, 
        "Company": "MDLZ", 
        "Date": "2007-11-05", 
        "High": 33.459999, 
        "Low": 32.5, 
        "Open": 32.709999, 
        "Volume": 8324900, 
        "day": 309, 
        "year": 2007
    }
}