{
    "day": {
        "Adj Close": 17.001581, 
        "Close": 32.689999, 
        "Company": "MDLZ", 
        "Date": "2007-11-09", 
        "High": 33.240002, 
        "Low": 32.599998, 
        "Open": 32.740002, 
        "Volume": 14434600, 
        "day": 313, 
        "year": 2007
    }
}