{
    "day": {
        "Adj Close": 16.798748, 
        "Close": 32.299999, 
        "Company": "MDLZ", 
        "Date": "2007-11-19", 
        "High": 32.509998, 
        "Low": 32.09, 
        "Open": 32.240002, 
        "Volume": 8895700, 
        "day": 323, 
        "year": 2007
    }
}