{
    "day": {
        "Adj Close": 17.823316, 
        "Close": 34.27, 
        "Company": "MDLZ", 
        "Date": "2007-12-11", 
        "High": 35.09, 
        "Low": 34.139999, 
        "Open": 34.939999, 
        "Volume": 7203900, 
        "day": 345, 
        "year": 2007
    }
}