{
    "day": {
        "Adj Close": 17.188812, 
        "Close": 33.049999, 
        "Company": "MDLZ", 
        "Date": "2007-12-18", 
        "High": 33.200001, 
        "Low": 32.360001, 
        "Open": 32.860001, 
        "Volume": 9476800, 
        "day": 352, 
        "year": 2007
    }
}