{
    "day": {
        "Adj Close": 17.17841, 
        "Close": 33.029999, 
        "Company": "MDLZ", 
        "Date": "2007-12-19", 
        "High": 33.349998, 
        "Low": 32.709999, 
        "Open": 32.990002, 
        "Volume": 8843100, 
        "day": 353, 
        "year": 2007
    }
}