{
    "day": {
        "Adj Close": 16.12269, 
        "Close": 31.48, 
        "Company": "MDLZ", 
        "Date": "2007-03-20", 
        "High": 31.559999, 
        "Low": 30.85, 
        "Open": 31.040001, 
        "Volume": 9052300, 
        "day": 79, 
        "year": 2007
    }
}