{
    "day": {
        "Adj Close": 16.235365, 
        "Close": 31.700001, 
        "Company": "MDLZ", 
        "Date": "2007-03-27", 
        "High": 31.889999, 
        "Low": 31.530001, 
        "Open": 31.889999, 
        "Volume": 5709000, 
        "day": 86, 
        "year": 2007
    }
}