{
    "day": {
        "Adj Close": 16.112446, 
        "Close": 31.459999, 
        "Company": "MDLZ", 
        "Date": "2007-03-28", 
        "High": 31.65, 
        "Low": 31.15, 
        "Open": 31.549999, 
        "Volume": 8982700, 
        "day": 87, 
        "year": 2007
    }
}