{
    "day": {
        "Adj Close": 15.733451, 
        "Close": 30.719999, 
        "Company": "MDLZ", 
        "Date": "2007-04-04", 
        "High": 31.17, 
        "Low": 30.18, 
        "Open": 30.200001, 
        "Volume": 52994600, 
        "day": 94, 
        "year": 2007
    }
}