{
    "day": {
        "Adj Close": 18.150361, 
        "Close": 39.740002, 
        "Company": "MDLZ", 
        "Date": "2002-11-11", 
        "High": 40.049999, 
        "Low": 39.509998, 
        "Open": 39.549999, 
        "Volume": 999200, 
        "day": 11, 
        "month": 11
    }
}