{
    "day": {
        "Adj Close": 17.488106, 
        "Close": 38.290001, 
        "Company": "MDLZ", 
        "Date": "2002-11-13", 
        "High": 38.91, 
        "Low": 38.060001, 
        "Open": 38.349998, 
        "Volume": 3866200, 
        "day": 13, 
        "month": 11
    }
}