{
    "day": {
        "Adj Close": 3.479149, 
        "Close": 36.25, 
        "Company": "WBA", 
        "Date": "1994-07-07", 
        "High": 36.5, 
        "Low": 36.124962, 
        "Open": 36.25, 
        "Volume": 3395200, 
        "day": 4, 
        "week": 27
    }
}