{
    "day": {
        "Adj Close": 24.891258, 
        "Close": 28.700001, 
        "Company": "WBA", 
        "Date": "2009-07-02", 
        "High": 29.4, 
        "Low": 28.700001, 
        "Open": 29.18, 
        "Volume": 7153200, 
        "day": 2, 
        "month": 7
    }
}