{
    "day": {
        "Adj Close": 25.845277, 
        "Close": 29.799999, 
        "Company": "WBA", 
        "Date": "2009-07-22", 
        "High": 30.18, 
        "Low": 29.68, 
        "Open": 30.0, 
        "Volume": 6587000, 
        "day": 22, 
        "month": 7
    }
}