{
    "day": {
        "Adj Close": 26.382999, 
        "Close": 30.42, 
        "Company": "WBA", 
        "Date": "2009-07-24", 
        "High": 30.440001, 
        "Low": 29.559999, 
        "Open": 29.57, 
        "Volume": 7842600, 
        "day": 24, 
        "month": 7
    }
}