{
    "day": {
        "Adj Close": 25.030025, 
        "Close": 28.860001, 
        "Company": "WBA", 
        "Date": "2009-07-07", 
        "High": 29.59, 
        "Low": 28.84, 
        "Open": 29.549999, 
        "Volume": 6697000, 
        "day": 7, 
        "month": 7
    }
}