{
    "day": {
        "Adj Close": 25.481015, 
        "Close": 29.379999, 
        "Company": "WBA", 
        "Date": "2009-07-09", 
        "High": 29.92, 
        "Low": 29.0, 
        "Open": 29.860001, 
        "Volume": 5886700, 
        "day": 9, 
        "month": 7
    }
}