{
    "day": {
        "Adj Close": 75.769594, 
        "Close": 77.470001, 
        "Company": "TROW", 
        "Date": "2015-06-29", 
        "High": 78.970001, 
        "Low": 77.389999, 
        "Open": 77.550003, 
        "Volume": 2136700, 
        "day": 1, 
        "week": 27
    }
}