{
    "day": {
        "Adj Close": 17.620001,
        "Close": 17.620001,
        "Company": "TCBI",
        "Date": "2010-10-08",
        "High": 17.709999,
        "Low": 17.4,
        "Open": 17.540001,
        "Volume": 94600,
        "day": 5,
        "week": 40
    }
}