{
    "day": {
        "Adj Close": 47.457635,
        "Close": 49.689999,
        "Company": "LPLA",
        "Date": "2014-07-30",
        "High": 50.459999,
        "Low": 48.25,
        "Open": 48.599998,
        "Volume": 815600,
        "day": 3,
        "week": 31
    }
}