{
    "day": {
        "Adj Close": 24.629999,
        "Close": 24.629999,
        "Company": "TCBI",
        "Date": "2011-02-16",
        "High": 24.74,
        "Low": 24.370001,
        "Open": 24.540001,
        "Volume": 83000,
        "day": 16,
        "month": 2
    }
}