{
    "day": {
        "Adj Close": 24.469999,
        "Close": 24.469999,
        "Company": "TCBI",
        "Date": "2011-02-17",
        "High": 24.67,
        "Low": 24.389999,
        "Open": 24.67,
        "Volume": 130100,
        "day": 17,
        "month": 2
    }
}