{
    "day": {
        "Adj Close": 24.629999,
        "Close": 24.629999,
        "Company": "TCBI",
        "Date": "2011-02-02",
        "High": 25.18,
        "Low": 24.469999,
        "Open": 24.84,
        "Volume": 212200,
        "day": 2,
        "month": 2
    }
}