{
    "day": {
        "Adj Close": 24.110001,
        "Close": 24.110001,
        "Company": "TCBI",
        "Date": "2011-02-22",
        "High": 24.620001,
        "Low": 23.959999,
        "Open": 24.459999,
        "Volume": 177700,
        "day": 22,
        "month": 2
    }
}