{
    "day": {
        "Adj Close": 64.129997, 
        "Close": 64.129997, 
        "Company": "FANG", 
        "Date": "2014-10-27", 
        "High": 65.0, 
        "Low": 60.509998, 
        "Open": 64.610001, 
        "Volume": 1422000, 
        "day": 1, 
        "week": 44
    }
}