{
    "day": {
        "Adj Close": 75.081732, 
        "Close": 81.0, 
        "Company": "TROW", 
        "Date": "2014-03-27", 
        "High": 81.760002, 
        "Low": 80.690002, 
        "Open": 81.349998, 
        "Volume": 1493800, 
        "day": 27, 
        "month": 3
    }
}