{
    "day": {
        "Adj Close": 1.964248, 
        "Close": 44.0, 
        "Company": "WBA", 
        "Date": "1990-01-12", 
        "High": 45.124962, 
        "Low": 43.75008, 
        "Open": 45.124962, 
        "Volume": 1497600, 
        "day": 12, 
        "month": 1
    }
}