{
    "day": {
        "Adj Close": 1.886121, 
        "Close": 42.24992, 
        "Company": "WBA", 
        "Date": "1990-01-18", 
        "High": 42.5, 
        "Low": 41.5, 
        "Open": 41.875038, 
        "Volume": 3105600, 
        "day": 18, 
        "month": 1
    }
}