{
    "day": {
        "Adj Close": 75.583762, 
        "Close": 77.279999, 
        "Company": "TROW", 
        "Date": "2015-07-23", 
        "High": 78.980003, 
        "Low": 77.029999, 
        "Open": 78.059998, 
        "Volume": 2349900, 
        "day": 4, 
        "week": 30
    }
}