{
    "day": {
        "Adj Close": 75.153417, 
        "Close": 76.839996, 
        "Company": "TROW", 
        "Date": "2015-07-24", 
        "High": 77.559998, 
        "Low": 75.989998, 
        "Open": 77.099998, 
        "Volume": 1714000, 
        "day": 5, 
        "week": 30
    }
}