{
    "day": {
        "Adj Close": 26.513092, 
        "Close": 30.57, 
        "Company": "WBA", 
        "Date": "2009-08-17", 
        "High": 31.290001, 
        "Low": 30.440001, 
        "Open": 31.15, 
        "Volume": 6500600, 
        "day": 17, 
        "month": 8
    }
}