{
    "day": {
        "Adj Close": 26.729915, 
        "Close": 30.82, 
        "Company": "WBA", 
        "Date": "2009-08-18", 
        "High": 30.91, 
        "Low": 30.4, 
        "Open": 30.780001, 
        "Volume": 4425900, 
        "day": 18, 
        "month": 8
    }
}