{
    "day": {
        "Adj Close": 29.315615, 
        "Close": 33.650002, 
        "Company": "WBA", 
        "Date": "2009-08-27", 
        "High": 33.970001, 
        "Low": 33.419998, 
        "Open": 33.740002, 
        "Volume": 8277500, 
        "day": 27, 
        "month": 8
    }
}