{
    "day": {
        "Adj Close": 26.964084, 
        "Close": 31.09, 
        "Company": "WBA", 
        "Date": "2009-08-03", 
        "High": 31.41, 
        "Low": 30.780001, 
        "Open": 31.34, 
        "Volume": 6041000, 
        "day": 3, 
        "month": 8
    }
}