{
    "day": {
        "Adj Close": 26.244232, 
        "Close": 30.26, 
        "Company": "WBA", 
        "Date": "2009-08-05", 
        "High": 30.6, 
        "Low": 29.950001, 
        "Open": 30.34, 
        "Volume": 6217500, 
        "day": 5, 
        "month": 8
    }
}