{
    "day": {
        "Adj Close": 15.288834,
        "Close": 18.629999,
        "Company": "SUNS",
        "Date": "2014-02-24",
        "High": 18.780001,
        "Low": 18.5,
        "Open": 18.6,
        "Volume": 32100,
        "day": 24,
        "month": 2
    }
}