{
    "day": {
        "Adj Close": 1.32739, 
        "Close": 30.87504, 
        "Company": "WBA", 
        "Date": "1987-11-16", 
        "High": 31.75008, 
        "Low": 30.75008, 
        "Open": 31.12496, 
        "Volume": 1024000, 
        "day": 16, 
        "month": 11
    }
}