{
    "day": {
        "Adj Close": 1.279025, 
        "Close": 29.75008, 
        "Company": "WBA", 
        "Date": "1987-11-23", 
        "High": 30.0, 
        "Low": 29.24992, 
        "Open": 29.62496, 
        "Volume": 1462400, 
        "day": 23, 
        "month": 11
    }
}