{
    "day": {
        "Adj Close": 1.295142, 
        "Close": 30.12496, 
        "Company": "WBA", 
        "Date": "1987-11-24", 
        "High": 30.62496, 
        "Low": 29.87504, 
        "Open": 30.0, 
        "Volume": 1065600, 
        "day": 24, 
        "month": 11
    }
}