{
    "day": {
        "Adj Close": 16.798876, 
        "Close": 32.57, 
        "Company": "MDLZ", 
        "Date": "2007-08-07", 
        "High": 32.830002, 
        "Low": 32.209999, 
        "Open": 32.470001, 
        "Volume": 11057200, 
        "day": 2, 
        "week": 32
    }
}