{
    "day": {
        "Adj Close": 16.907189, 
        "Close": 32.779999, 
        "Company": "MDLZ", 
        "Date": "2007-08-08", 
        "High": 32.82, 
        "Low": 32.139999, 
        "Open": 32.68, 
        "Volume": 13128100, 
        "day": 3, 
        "week": 32
    }
}