{
    "day": {
        "Adj Close": 23.706441, 
        "Close": 26.9, 
        "Company": "WBA", 
        "Date": "2010-06-28", 
        "High": 27.290001, 
        "Low": 26.889999, 
        "Open": 27.1, 
        "Volume": 9148400, 
        "day": 28, 
        "month": 6
    }
}