{
    "day": {
        "Adj Close": 28.509418, 
        "Close": 32.349998, 
        "Company": "WBA", 
        "Date": "2010-06-03", 
        "High": 33.150002, 
        "Low": 31.860001, 
        "Open": 32.59, 
        "Volume": 7604900, 
        "day": 3, 
        "month": 6
    }
}