{
    "day": {
        "Adj Close": 23.9,
        "Close": 23.9,
        "Company": "TCBI",
        "Date": "2006-06-01",
        "High": 24.059999,
        "Low": 22.85,
        "Open": 23.059999,
        "Volume": 178500,
        "day": 4,
        "week": 22
    }
}