{
    "day": {
        "Adj Close": 1.409262, 
        "Close": 35.5, 
        "Company": "TROW", 
        "Date": "1992-04-07", 
        "High": 37.0, 
        "Low": 35.24992, 
        "Open": 36.5, 
        "Volume": 841600, 
        "day": 2, 
        "week": 15
    }
}