{
    "day": {
        "Adj Close": 18.013965, 
        "Close": 46.990002, 
        "Company": "TROW", 
        "Date": "2004-05-21", 
        "High": 47.27, 
        "Low": 46.450001, 
        "Open": 46.75, 
        "Volume": 1189800, 
        "day": 5, 
        "week": 21
    }
}