{
    "day": {
        "Adj Close": 15.877214, 
        "Close": 41.900002, 
        "Company": "TROW", 
        "Date": "2003-09-11", 
        "High": 42.5, 
        "Low": 41.639999, 
        "Open": 41.639999, 
        "Volume": 2306400, 
        "day": 11, 
        "month": 9
    }
}