{
    "day": {
        "Adj Close": 16.707072, 
        "Close": 44.09, 
        "Company": "TROW", 
        "Date": "2003-09-19", 
        "High": 44.810001, 
        "Low": 43.880001, 
        "Open": 44.299999, 
        "Volume": 2266000, 
        "day": 19, 
        "month": 9
    }
}