{
    "day": {
        "Adj Close": 16.328141, 
        "Close": 43.09, 
        "Company": "TROW", 
        "Date": "2003-09-03", 
        "High": 44.07, 
        "Low": 42.919998, 
        "Open": 43.959999, 
        "Volume": 2460800, 
        "day": 3, 
        "month": 9
    }
}