{
    "day": {
        "Adj Close": 20.24,
        "Close": 20.24,
        "Company": "TCBI",
        "Date": "2007-04-10",
        "High": 20.530001,
        "Low": 20.120001,
        "Open": 20.120001,
        "Volume": 53400,
        "day": 100,
        "year": 2007
    }
}