{
    "day": {
        "Adj Close": 20.049999,
        "Close": 20.049999,
        "Company": "TCBI",
        "Date": "2007-04-12",
        "High": 20.049999,
        "Low": 19.77,
        "Open": 19.83,
        "Volume": 31800,
        "day": 102,
        "year": 2007
    }
}