{
    "day": {
        "Adj Close": 23.290001,
        "Close": 23.290001,
        "Company": "TCBI",
        "Date": "2007-05-21",
        "High": 23.309999,
        "Low": 22.59,
        "Open": 22.9,
        "Volume": 160900,
        "day": 141,
        "year": 2007
    }
}