{
    "day": {
        "Adj Close": 22.299999,
        "Close": 22.299999,
        "Company": "TCBI",
        "Date": "2007-05-24",
        "High": 22.65,
        "Low": 22.17,
        "Open": 22.48,
        "Volume": 86200,
        "day": 144,
        "year": 2007
    }
}