{
    "day": {
        "Adj Close": 22.48,
        "Close": 22.48,
        "Company": "TCBI",
        "Date": "2007-06-04",
        "High": 22.59,
        "Low": 22.309999,
        "Open": 22.549999,
        "Volume": 118300,
        "day": 155,
        "year": 2007
    }
}