{
    "day": {
        "Adj Close": 22.370001,
        "Close": 22.370001,
        "Company": "TCBI",
        "Date": "2007-06-14",
        "High": 22.49,
        "Low": 22.15,
        "Open": 22.15,
        "Volume": 84300,
        "day": 165,
        "year": 2007
    }
}