{
    "day": {
        "Adj Close": 18.959999,
        "Close": 18.959999,
        "Company": "TCBI",
        "Date": "2007-01-19",
        "High": 19.129999,
        "Low": 18.75,
        "Open": 18.85,
        "Volume": 157400,
        "day": 19,
        "year": 2007
    }
}