{
    "day": {
        "Adj Close": 21.610001,
        "Close": 21.610001,
        "Company": "TCBI",
        "Date": "2007-07-16",
        "High": 21.940001,
        "Low": 21.540001,
        "Open": 21.940001,
        "Volume": 72100,
        "day": 197,
        "year": 2007
    }
}