{
    "day": {
        "Adj Close": 21.530001,
        "Close": 21.530001,
        "Company": "TCBI",
        "Date": "2007-07-18",
        "High": 21.6,
        "Low": 21.110001,
        "Open": 21.440001,
        "Volume": 95400,
        "day": 199,
        "year": 2007
    }
}