{
    "day": {
        "Adj Close": 20.209999,
        "Close": 20.209999,
        "Company": "TCBI",
        "Date": "2007-08-02",
        "High": 20.26,
        "Low": 19.75,
        "Open": 20.030001,
        "Volume": 224100,
        "day": 214,
        "year": 2007
    }
}