{
    "day": {
        "Adj Close": 19.440001,
        "Close": 19.440001,
        "Company": "TCBI",
        "Date": "2007-08-03",
        "High": 20.23,
        "Low": 19.379999,
        "Open": 20.200001,
        "Volume": 137500,
        "day": 215,
        "year": 2007
    }
}