{
    "day": {
        "Adj Close": 22.0,
        "Close": 22.0,
        "Company": "TCBI",
        "Date": "2007-08-16",
        "High": 22.200001,
        "Low": 20.27,
        "Open": 20.299999,
        "Volume": 443000,
        "day": 228,
        "year": 2007
    }
}