{
    "day": {
        "Adj Close": 21.360001,
        "Close": 21.360001,
        "Company": "TCBI",
        "Date": "2007-09-05",
        "High": 21.870001,
        "Low": 21.309999,
        "Open": 21.870001,
        "Volume": 47000,
        "day": 248,
        "year": 2007
    }
}