{
    "day": {
        "Adj Close": 21.52,
        "Close": 21.52,
        "Company": "TCBI",
        "Date": "2007-09-06",
        "High": 21.67,
        "Low": 20.959999,
        "Open": 21.389999,
        "Volume": 90800,
        "day": 249,
        "year": 2007
    }
}