{
    "day": {
        "Adj Close": 22.18,
        "Close": 22.18,
        "Company": "TCBI",
        "Date": "2007-10-04",
        "High": 22.469999,
        "Low": 21.719999,
        "Open": 22.219999,
        "Volume": 150400,
        "day": 277,
        "year": 2007
    }
}