{
    "day": {
        "Adj Close": 22.219999,
        "Close": 22.219999,
        "Company": "TCBI",
        "Date": "2007-10-08",
        "High": 22.49,
        "Low": 22.110001,
        "Open": 22.459999,
        "Volume": 117300,
        "day": 281,
        "year": 2007
    }
}