{
    "day": {
        "Adj Close": 21.379999,
        "Close": 21.379999,
        "Company": "TCBI",
        "Date": "2007-10-15",
        "High": 21.870001,
        "Low": 21.18,
        "Open": 21.73,
        "Volume": 200500,
        "day": 288,
        "year": 2007
    }
}