{
    "day": {
        "Adj Close": 22.139999,
        "Close": 22.139999,
        "Company": "TCBI",
        "Date": "2007-10-30",
        "High": 22.940001,
        "Low": 21.879999,
        "Open": 21.969999,
        "Volume": 279600,
        "day": 303,
        "year": 2007
    }
}