{
    "day": {
        "Adj Close": 21.209999,
        "Close": 21.209999,
        "Company": "TCBI",
        "Date": "2007-11-01",
        "High": 21.879999,
        "Low": 21.08,
        "Open": 21.799999,
        "Volume": 174000,
        "day": 305,
        "year": 2007
    }
}