{
    "day": {
        "Adj Close": 19.709999,
        "Close": 19.709999,
        "Company": "TCBI",
        "Date": "2007-02-08",
        "High": 19.75,
        "Low": 19.48,
        "Open": 19.48,
        "Volume": 70200,
        "day": 39,
        "year": 2007
    }
}