{
    "day": {
        "Adj Close": 20.309999,
        "Close": 20.309999,
        "Company": "TCBI",
        "Date": "2007-02-27",
        "High": 21.030001,
        "Low": 20.190001,
        "Open": 20.99,
        "Volume": 113200,
        "day": 58,
        "year": 2007
    }
}