{
    "day": {
        "Adj Close": 20.219999,
        "Close": 20.219999,
        "Company": "TCBI",
        "Date": "2007-03-16",
        "High": 20.24,
        "Low": 19.950001,
        "Open": 20.07,
        "Volume": 235100,
        "day": 75,
        "year": 2007
    }
}