{
    "day": {
        "Adj Close": 20.6,
        "Close": 20.6,
        "Company": "TCBI",
        "Date": "2007-03-29",
        "High": 20.950001,
        "Low": 20.35,
        "Open": 20.790001,
        "Volume": 73300,
        "day": 88,
        "year": 2007
    }
}