{
    "day": {
        "Adj Close": 199.630005, 
        "Close": 199.630005, 
        "Company": "TSLA", 
        "Date": "2015-03-23", 
        "High": 200.5, 
        "Low": 197.470001, 
        "Open": 198.5, 
        "Volume": 2631600, 
        "day": 1, 
        "week": 13
    }
}