{
    "day": {
        "Adj Close": 185.0, 
        "Close": 185.0, 
        "Company": "TSLA", 
        "Date": "2015-03-27", 
        "High": 189.289993, 
        "Low": 181.399994, 
        "Open": 189.070007, 
        "Volume": 8604900, 
        "day": 5, 
        "week": 13
    }
}