{
    "day": {
        "Adj Close": 13.424305,
        "Close": 18.23,
        "Company": "SUNS",
        "Date": "2012-10-08",
        "High": 18.4,
        "Low": 18.200001,
        "Open": 18.33,
        "Volume": 22100,
        "day": 1,
        "week": 41
    }
}