{
    "day": {
        "Adj Close": 15.97,
        "Close": 15.97,
        "Company": "TCBI",
        "Date": "2004-04-21",
        "High": 16.299999,
        "Low": 15.9,
        "Open": 16.209999,
        "Volume": 221100,
        "day": 112,
        "year": 2004
    }
}