{
    "day": {
        "Adj Close": 16.389999,
        "Close": 16.389999,
        "Company": "TCBI",
        "Date": "2004-06-18",
        "High": 16.43,
        "Low": 16.200001,
        "Open": 16.33,
        "Volume": 60800,
        "day": 170,
        "year": 2004
    }
}