{
    "day": {
        "Adj Close": 17.209999,
        "Close": 17.209999,
        "Company": "TCBI",
        "Date": "2004-06-24",
        "High": 17.33,
        "Low": 16.9,
        "Open": 17.33,
        "Volume": 82700,
        "day": 176,
        "year": 2004
    }
}