{
    "day": {
        "Adj Close": 16.77,
        "Close": 16.77,
        "Company": "TCBI",
        "Date": "2004-07-02",
        "High": 16.799999,
        "Low": 16.280001,
        "Open": 16.58,
        "Volume": 44800,
        "day": 184,
        "year": 2004
    }
}