{
    "day": {
        "Adj Close": 16.059999,
        "Close": 16.059999,
        "Company": "TCBI",
        "Date": "2004-08-10",
        "High": 16.120001,
        "Low": 15.62,
        "Open": 15.62,
        "Volume": 47200,
        "day": 223,
        "year": 2004
    }
}