{
    "day": {
        "Adj Close": 18.0,
        "Close": 18.0,
        "Company": "TCBI",
        "Date": "2004-09-09",
        "High": 18.41,
        "Low": 17.120001,
        "Open": 17.219999,
        "Volume": 266100,
        "day": 253,
        "year": 2004
    }
}