{
    "day": {
        "Adj Close": 17.66,
        "Close": 17.66,
        "Company": "TCBI",
        "Date": "2004-09-13",
        "High": 17.719999,
        "Low": 17.440001,
        "Open": 17.469999,
        "Volume": 131900,
        "day": 257,
        "year": 2004
    }
}