{
    "day": {
        "Adj Close": 18.030001,
        "Close": 18.030001,
        "Company": "TCBI",
        "Date": "2004-09-24",
        "High": 18.219999,
        "Low": 17.74,
        "Open": 18.030001,
        "Volume": 132000,
        "day": 268,
        "year": 2004
    }
}