{
    "day": {
        "Adj Close": 18.4,
        "Close": 18.4,
        "Company": "TCBI",
        "Date": "2004-10-15",
        "High": 18.440001,
        "Low": 17.93,
        "Open": 18.110001,
        "Volume": 55800,
        "day": 289,
        "year": 2004
    }
}