{
    "day": {
        "Adj Close": 18.940001,
        "Close": 18.940001,
        "Company": "TCBI",
        "Date": "2004-10-19",
        "High": 19.0,
        "Low": 18.75,
        "Open": 18.75,
        "Volume": 75400,
        "day": 293,
        "year": 2004
    }
}