{
    "day": {
        "Adj Close": 18.950001,
        "Close": 18.950001,
        "Company": "TCBI",
        "Date": "2004-10-20",
        "High": 19.15,
        "Low": 18.700001,
        "Open": 18.9,
        "Volume": 56900,
        "day": 294,
        "year": 2004
    }
}