{
    "day": {
        "Adj Close": 19.290001,
        "Close": 19.290001,
        "Company": "TCBI",
        "Date": "2004-10-26",
        "High": 19.360001,
        "Low": 18.91,
        "Open": 18.940001,
        "Volume": 110300,
        "day": 300,
        "year": 2004
    }
}