{
    "day": {
        "Adj Close": 19.35,
        "Close": 19.35,
        "Company": "TCBI",
        "Date": "2004-11-05",
        "High": 19.75,
        "Low": 19.219999,
        "Open": 19.450001,
        "Volume": 147800,
        "day": 310,
        "year": 2004
    }
}