{
    "day": {
        "Adj Close": 16.780001,
        "Close": 16.780001,
        "Company": "TCBI",
        "Date": "2004-03-11",
        "High": 17.059999,
        "Low": 16.610001,
        "Open": 17.059999,
        "Volume": 123100,
        "day": 71,
        "year": 2004
    }
}