{
    "day": {
        "Adj Close": 16.469999,
        "Close": 16.469999,
        "Company": "TCBI",
        "Date": "2004-03-22",
        "High": 17.0,
        "Low": 16.01,
        "Open": 16.799999,
        "Volume": 96600,
        "day": 82,
        "year": 2004
    }
}