{
    "day": {
        "Adj Close": 244.740005, 
        "Close": 244.740005, 
        "Company": "TSLA", 
        "Date": "2015-05-12", 
        "High": 246.350006, 
        "Low": 238.190002, 
        "Open": 240.110001, 
        "Volume": 6363400, 
        "day": 12, 
        "month": 5
    }
}