{
    "day": {
        "Adj Close": 248.839996, 
        "Close": 248.839996, 
        "Company": "TSLA", 
        "Date": "2015-05-15", 
        "High": 249.399994, 
        "Low": 242.5, 
        "Open": 243.929993, 
        "Volume": 4527600, 
        "day": 15, 
        "month": 5
    }
}