{
    "day": {
        "Adj Close": 247.460007, 
        "Close": 247.460007, 
        "Company": "TSLA", 
        "Date": "2015-05-26", 
        "High": 252.0, 
        "Low": 246.5, 
        "Open": 247.679993, 
        "Volume": 3498700, 
        "day": 26, 
        "month": 5
    }
}