{
    "day": {
        "Adj Close": 250.800003, 
        "Close": 250.800003, 
        "Company": "TSLA", 
        "Date": "2015-05-29", 
        "High": 252.869995, 
        "Low": 249.429993, 
        "Open": 251.0, 
        "Volume": 3789300, 
        "day": 29, 
        "month": 5
    }
}