{
    "day": {
        "Adj Close": 230.509995, 
        "Close": 230.509995, 
        "Company": "TSLA", 
        "Date": "2015-05-04", 
        "High": 234.729996, 
        "Low": 227.110001, 
        "Open": 228.179993, 
        "Volume": 4434600, 
        "day": 4, 
        "month": 5
    }
}