{
    "day": {
        "Adj Close": 20.77, 
        "Close": 20.77, 
        "Company": "FANG", 
        "Date": "2013-01-07", 
        "High": 21.24, 
        "Low": 19.639999, 
        "Open": 19.889999, 
        "Volume": 210300, 
        "day": 1, 
        "week": 2
    }
}