{
    "day": {
        "Adj Close": 1.997733, 
        "Close": 44.75008, 
        "Company": "WBA", 
        "Date": "1989-12-12", 
        "High": 45.0, 
        "Low": 44.5, 
        "Open": 44.5, 
        "Volume": 1924800, 
        "day": 2, 
        "week": 50
    }
}