{
    "day": {
        "Adj Close": 1.919606, 
        "Close": 43.0, 
        "Company": "WBA", 
        "Date": "1989-12-15", 
        "High": 43.375038, 
        "Low": 42.5, 
        "Open": 43.375038, 
        "Volume": 3024000, 
        "day": 5, 
        "week": 50
    }
}