{
    "day": {
        "Adj Close": 72.480003, 
        "Close": 72.480003, 
        "Company": "FANG", 
        "Date": "2015-08-12", 
        "High": 73.209999, 
        "Low": 69.959999, 
        "Open": 70.550003, 
        "Volume": 1038100, 
        "day": 12, 
        "month": 8
    }
}