{
    "day": {
        "Adj Close": 61.75, 
        "Close": 61.75, 
        "Company": "FANG", 
        "Date": "2015-08-24", 
        "High": 65.790001, 
        "Low": 60.34, 
        "Open": 64.839996, 
        "Volume": 2022700, 
        "day": 24, 
        "month": 8
    }
}