{
    "day": {
        "Adj Close": 68.290001, 
        "Close": 68.290001, 
        "Company": "FANG", 
        "Date": "2015-08-31", 
        "High": 69.150002, 
        "Low": 65.309998, 
        "Open": 65.93, 
        "Volume": 1974300, 
        "day": 31, 
        "month": 8
    }
}