{
    "day": {
        "Adj Close": 23.27,
        "Close": 23.27,
        "Company": "TCBI",
        "Date": "2005-11-21",
        "High": 23.280001,
        "Low": 22.77,
        "Open": 22.879999,
        "Volume": 56000,
        "day": 21,
        "month": 11
    }
}