{
    "day": {
        "Adj Close": 44.779999,
        "Close": 44.779999,
        "Company": "TCBI",
        "Date": "2015-02-04",
        "High": 45.220001,
        "Low": 43.919998,
        "Open": 43.98,
        "Volume": 1351200,
        "day": 3,
        "week": 6
    }
}