{
    "day": {
        "Adj Close": 76.529999, 
        "Close": 76.529999, 
        "Company": "TROW", 
        "Date": "2016-04-15", 
        "High": 76.860001, 
        "Low": 76.150002, 
        "Open": 76.540001, 
        "Volume": 999100, 
        "day": 106, 
        "year": 2016
    }
}