{
    "day": {
        "Adj Close": 76.599998, 
        "Close": 76.599998, 
        "Company": "TROW", 
        "Date": "2016-04-18", 
        "High": 76.709999, 
        "Low": 76.010002, 
        "Open": 76.339996, 
        "Volume": 1078100, 
        "day": 109, 
        "year": 2016
    }
}