{
    "day": {
        "Adj Close": 64.387697, 
        "Close": 64.870003, 
        "Company": "TROW", 
        "Date": "2016-01-13", 
        "High": 67.760002, 
        "Low": 64.709999, 
        "Open": 66.970001, 
        "Volume": 2297100, 
        "day": 13, 
        "year": 2016
    }
}