{
    "day": {
        "Adj Close": 64.923683, 
        "Close": 65.410004, 
        "Company": "TROW", 
        "Date": "2016-01-25", 
        "High": 67.339996, 
        "Low": 65.290001, 
        "Open": 67.080002, 
        "Volume": 1640800, 
        "day": 25, 
        "year": 2016
    }
}