{
    "day": {
        "Adj Close": 69.261187, 
        "Close": 69.779999, 
        "Company": "TROW", 
        "Date": "2016-02-04", 
        "High": 69.82, 
        "Low": 68.400002, 
        "Open": 68.410004, 
        "Volume": 3472600, 
        "day": 35, 
        "year": 2016
    }
}