{
    "day": {
        "Adj Close": 67.960929, 
        "Close": 68.470001, 
        "Company": "TROW", 
        "Date": "2016-02-16", 
        "High": 68.809998, 
        "Low": 67.739998, 
        "Open": 68.5, 
        "Volume": 1546000, 
        "day": 47, 
        "year": 2016
    }
}