{
    "day": {
        "Adj Close": 72.089996, 
        "Close": 72.629997, 
        "Company": "TROW", 
        "Date": "2016-03-11", 
        "High": 72.830002, 
        "Low": 71.580002, 
        "Open": 71.900002, 
        "Volume": 1287100, 
        "day": 71, 
        "year": 2016
    }
}