{
    "day": {
        "Adj Close": 71.32, 
        "Close": 71.32, 
        "Company": "TROW", 
        "Date": "2016-03-16", 
        "High": 71.610001, 
        "Low": 69.970001, 
        "Open": 70.150002, 
        "Volume": 1084800, 
        "day": 76, 
        "year": 2016
    }
}