{
    "day": {
        "Adj Close": 72.800003, 
        "Close": 72.800003, 
        "Company": "TROW", 
        "Date": "2016-03-28", 
        "High": 73.07, 
        "Low": 72.150002, 
        "Open": 72.739998, 
        "Volume": 666400, 
        "day": 88, 
        "year": 2016
    }
}