{
    "day": {
        "Adj Close": 73.900002, 
        "Close": 73.900002, 
        "Company": "TROW", 
        "Date": "2016-03-30", 
        "High": 74.720001, 
        "Low": 73.809998, 
        "Open": 74.160004, 
        "Volume": 1442600, 
        "day": 90, 
        "year": 2016
    }
}