{
    "day": {
        "Adj Close": 14.800363, 
        "Close": 29.77, 
        "Company": "MDLZ", 
        "Date": "2006-03-13", 
        "High": 30.389999, 
        "Low": 29.719999, 
        "Open": 30.34, 
        "Volume": 2579300, 
        "day": 13, 
        "month": 3
    }
}