{
    "day": {
        "Adj Close": 15.481468, 
        "Close": 31.139999, 
        "Company": "MDLZ", 
        "Date": "2006-03-22", 
        "High": 31.25, 
        "Low": 30.299999, 
        "Open": 30.35, 
        "Volume": 2734500, 
        "day": 22, 
        "month": 3
    }
}