{
    "day": {
        "Adj Close": 14.545919, 
        "Close": 29.48, 
        "Company": "MDLZ", 
        "Date": "2006-03-06", 
        "High": 29.85, 
        "Low": 29.32, 
        "Open": 29.700001, 
        "Volume": 1438900, 
        "day": 6, 
        "month": 3
    }
}