{
    "day": {
        "Adj Close": 14.619931, 
        "Close": 29.629999, 
        "Company": "MDLZ", 
        "Date": "2006-03-08", 
        "High": 29.93, 
        "Low": 29.549999, 
        "Open": 29.610001, 
        "Volume": 1694500, 
        "day": 8, 
        "month": 3
    }
}