{
    "day": {
        "Adj Close": 42.845475, 
        "Close": 49.040001, 
        "Company": "TROW", 
        "Date": "2011-08-10", 
        "High": 51.310001, 
        "Low": 48.599998, 
        "Open": 50.43, 
        "Volume": 5741600, 
        "day": 10, 
        "month": 8
    }
}