{
    "day": {
        "Adj Close": 43.151263, 
        "Close": 49.389999, 
        "Company": "TROW", 
        "Date": "2011-08-23", 
        "High": 49.400002, 
        "Low": 46.689999, 
        "Open": 47.099998, 
        "Volume": 3256700, 
        "day": 23, 
        "month": 8
    }
}