{
    "day": {
        "Adj Close": 42.252891, 
        "Close": 52.650002, 
        "Company": "TROW", 
        "Date": "2007-06-28", 
        "High": 52.98, 
        "Low": 51.619999, 
        "Open": 52.009998, 
        "Volume": 1285900, 
        "day": 4, 
        "week": 26
    }
}