{
    "day": {
        "Adj Close": 40.450001, 
        "Close": 40.450001, 
        "Company": "FANG", 
        "Date": "2013-08-14", 
        "High": 42.029999, 
        "Low": 40.330002, 
        "Open": 41.900002, 
        "Volume": 974100, 
        "day": 14, 
        "month": 8
    }
}