{
    "day": {
        "Adj Close": 42.650002, 
        "Close": 42.650002, 
        "Company": "FANG", 
        "Date": "2013-08-02", 
        "High": 43.52, 
        "Low": 41.599998, 
        "Open": 42.439999, 
        "Volume": 509800, 
        "day": 2, 
        "month": 8
    }
}