{
    "day": {
        "Adj Close": 39.349998, 
        "Close": 39.349998, 
        "Company": "FANG", 
        "Date": "2013-08-22", 
        "High": 39.919998, 
        "Low": 38.860001, 
        "Open": 39.32, 
        "Volume": 233800, 
        "day": 22, 
        "month": 8
    }
}