{
    "day": {
        "Adj Close": 42.200001, 
        "Close": 42.200001, 
        "Company": "FANG", 
        "Date": "2013-08-06", 
        "High": 43.09, 
        "Low": 40.919998, 
        "Open": 42.98, 
        "Volume": 308400, 
        "day": 6, 
        "month": 8
    }
}