{
    "day": {
        "Adj Close": 26.913939, 
        "Close": 30.35, 
        "Company": "WBA", 
        "Date": "2010-09-27", 
        "High": 30.790001, 
        "Low": 30.17, 
        "Open": 30.290001, 
        "Volume": 8678500, 
        "day": 1, 
        "week": 39
    }
}