{
    "day": {
        "Adj Close": 13.94396,
        "Close": 16.76,
        "Company": "SUNS",
        "Date": "2014-04-25",
        "High": 16.98,
        "Low": 16.709999,
        "Open": 16.84,
        "Volume": 47400,
        "day": 5,
        "week": 17
    }
}