{
    "day": {
        "Adj Close": 151.279999, 
        "Close": 151.279999, 
        "Company": "TSLA", 
        "Date": "2014-01-08", 
        "High": 153.699997, 
        "Low": 148.759995, 
        "Open": 148.850006, 
        "Volume": 6163200, 
        "day": 3, 
        "week": 2
    }
}