{
    "day": {
        "Adj Close": 32.411405, 
        "Close": 39.459999, 
        "Company": "WBA", 
        "Date": "2002-02-26", 
        "High": 39.68, 
        "Low": 38.68, 
        "Open": 39.209999, 
        "Volume": 2396000, 
        "day": 2, 
        "week": 9
    }
}