{
    "day": {
        "Adj Close": 28.371589, 
        "Close": 29.799999, 
        "Company": "MDLZ", 
        "Date": "2013-06-11", 
        "High": 29.969999, 
        "Low": 29.209999, 
        "Open": 29.940001, 
        "Volume": 11656600, 
        "day": 11, 
        "month": 6
    }
}