{
    "day": {
        "Adj Close": 28.38111, 
        "Close": 29.809999, 
        "Company": "MDLZ", 
        "Date": "2013-06-14", 
        "High": 30.23, 
        "Low": 29.620001, 
        "Open": 29.82, 
        "Volume": 8726500, 
        "day": 14, 
        "month": 6
    }
}