{
    "day": {
        "Adj Close": 29.038037, 
        "Close": 30.5, 
        "Company": "MDLZ", 
        "Date": "2013-06-18", 
        "High": 30.610001, 
        "Low": 30.24, 
        "Open": 30.33, 
        "Volume": 6105900, 
        "day": 18, 
        "month": 6
    }
}