{
    "day": {
        "Adj Close": 28.314466, 
        "Close": 29.74, 
        "Company": "MDLZ", 
        "Date": "2013-06-03", 
        "High": 29.75, 
        "Low": 29.209999, 
        "Open": 29.469999, 
        "Volume": 8879200, 
        "day": 3, 
        "month": 6
    }
}