{
    "day": {
        "Adj Close": 28.152614, 
        "Close": 29.57, 
        "Company": "MDLZ", 
        "Date": "2013-06-04", 
        "High": 30.059999, 
        "Low": 29.360001, 
        "Open": 29.92, 
        "Volume": 9680000, 
        "day": 4, 
        "month": 6
    }
}