{
    "day": {
        "Adj Close": 28.057407, 
        "Close": 29.469999, 
        "Company": "MDLZ", 
        "Date": "2013-06-05", 
        "High": 29.59, 
        "Low": 29.33, 
        "Open": 29.450001, 
        "Volume": 7614100, 
        "day": 5, 
        "month": 6
    }
}