{
    "day": {
        "Adj Close": 3.599687, 
        "Close": 39.0, 
        "Company": "WBA", 
        "Date": "1992-01-06", 
        "High": 39.375038, 
        "Low": 38.5, 
        "Open": 38.75, 
        "Volume": 1901600, 
        "day": 1, 
        "week": 2
    }
}