{
    "day": {
        "Adj Close": 41.567961, 
        "Close": 49.07, 
        "Company": "TROW", 
        "Date": "2010-02-10", 
        "High": 49.470001, 
        "Low": 48.52, 
        "Open": 48.52, 
        "Volume": 1454900, 
        "day": 3, 
        "week": 6
    }
}