{
    "day": {
        "Adj Close": 10.215219, 
        "Close": 27.58, 
        "Company": "TROW", 
        "Date": "2002-07-18", 
        "High": 28.969999, 
        "Low": 27.57, 
        "Open": 28.85, 
        "Volume": 1255400, 
        "day": 4, 
        "week": 29
    }
}