{
    "day": {
        "Adj Close": 55.687123, 
        "Close": 64.080002, 
        "Company": "TROW", 
        "Date": "2011-04-21", 
        "High": 64.730003, 
        "Low": 63.34, 
        "Open": 64.239998, 
        "Volume": 2986400, 
        "day": 21, 
        "month": 4
    }
}