{
    "day": {
        "Adj Close": 55.834856, 
        "Close": 64.25, 
        "Company": "TROW", 
        "Date": "2011-04-29", 
        "High": 64.690002, 
        "Low": 64.0, 
        "Open": 64.470001, 
        "Volume": 1118600, 
        "day": 29, 
        "month": 4
    }
}