{
    "day": {
        "Adj Close": 59.024176, 
        "Close": 67.919998, 
        "Company": "TROW", 
        "Date": "2011-04-07", 
        "High": 68.260002, 
        "Low": 67.230003, 
        "Open": 67.699997, 
        "Volume": 998600, 
        "day": 7, 
        "month": 4
    }
}