{
    "day": {
        "Adj Close": 72.556503, 
        "Close": 73.099998, 
        "Company": "TROW", 
        "Date": "2015-12-29", 
        "High": 73.639999, 
        "Low": 72.730003, 
        "Open": 72.730003, 
        "Volume": 1020800, 
        "day": 2, 
        "week": 53
    }
}