{
    "day": {
        "Adj Close": 77.631766, 
        "Close": 82.419998, 
        "Company": "TROW", 
        "Date": "2014-12-15", 
        "High": 84.169998, 
        "Low": 81.260002, 
        "Open": 81.260002, 
        "Volume": 1833400, 
        "day": 1, 
        "week": 51
    }
}