{
    "day": {
        "Adj Close": 76.859405, 
        "Close": 81.599998, 
        "Company": "TROW", 
        "Date": "2014-12-16", 
        "High": 83.209999, 
        "Low": 81.43, 
        "Open": 81.93, 
        "Volume": 1976700, 
        "day": 2, 
        "week": 51
    }
}