{
    "day": {
        "Adj Close": 1.56709, 
        "Close": 36.875038, 
        "Company": "WBA", 
        "Date": "1987-03-26", 
        "High": 37.124962, 
        "Low": 36.624962, 
        "Open": 37.124962, 
        "Volume": 1094400, 
        "day": 26, 
        "month": 3
    }
}