{
    "day": {
        "Adj Close": 1.551152, 
        "Close": 36.5, 
        "Company": "WBA", 
        "Date": "1987-03-30", 
        "High": 36.624962, 
        "Low": 36.124962, 
        "Open": 36.5, 
        "Volume": 1457600, 
        "day": 30, 
        "month": 3
    }
}