{
    "day": {
        "Adj Close": 0.809078, 
        "Close": 21.24992, 
        "Company": "TROW", 
        "Date": "1990-09-05", 
        "High": 21.24992, 
        "Low": 21.0, 
        "Open": 21.0, 
        "Volume": 89600, 
        "day": 5, 
        "month": 9
    }
}