{
    "day": {
        "Adj Close": 0.799562, 
        "Close": 21.0, 
        "Company": "TROW", 
        "Date": "1990-09-07", 
        "High": 21.5, 
        "Low": 20.87504, 
        "Open": 21.0, 
        "Volume": 974400, 
        "day": 7, 
        "month": 9
    }
}