{
    "day": {
        "Adj Close": 1.545841, 
        "Close": 36.375038, 
        "Company": "WBA", 
        "Date": "1987-04-30", 
        "High": 37.0, 
        "Low": 35.75008, 
        "Open": 35.75008, 
        "Volume": 2763200, 
        "day": 4, 
        "week": 18
    }
}