{
    "day": {
        "Adj Close": 39.606403, 
        "Close": 49.509998, 
        "Company": "TROW", 
        "Date": "2007-05-01", 
        "High": 49.939999, 
        "Low": 48.0, 
        "Open": 49.84, 
        "Volume": 1230700, 
        "day": 1, 
        "month": 5
    }
}