{
    "day": {
        "Adj Close": 39.606403, 
        "Close": 49.509998, 
        "Company": "TROW", 
        "Date": "2007-05-21", 
        "High": 49.84, 
        "Low": 49.360001, 
        "Open": 49.450001, 
        "Volume": 971400, 
        "day": 21, 
        "month": 5
    }
}