{
    "day": {
        "Adj Close": 40.311935, 
        "Close": 48.299999, 
        "Company": "WBA", 
        "Date": "2005-08-15", 
        "High": 48.439999, 
        "Low": 47.650002, 
        "Open": 47.959999, 
        "Volume": 1613000, 
        "day": 15, 
        "month": 8
    }
}