{
    "day": {
        "Adj Close": 38.562059, 
        "Close": 46.139999, 
        "Company": "WBA", 
        "Date": "2005-08-26", 
        "High": 46.650002, 
        "Low": 46.029999, 
        "Open": 46.349998, 
        "Volume": 2159800, 
        "day": 26, 
        "month": 8
    }
}