{
    "day": {
        "Adj Close": 38.152538, 
        "Close": 45.650002, 
        "Company": "WBA", 
        "Date": "2005-08-30", 
        "High": 46.27, 
        "Low": 45.369999, 
        "Open": 46.200001, 
        "Volume": 3139000, 
        "day": 30, 
        "month": 8
    }
}