{
    "day": {
        "Adj Close": 39.836204, 
        "Close": 47.73, 
        "Company": "WBA", 
        "Date": "2005-08-04", 
        "High": 48.060001, 
        "Low": 47.25, 
        "Open": 48.0, 
        "Volume": 3062100, 
        "day": 4, 
        "month": 8
    }
}