{
    "day": {
        "Adj Close": 16.940001,
        "Close": 16.940001,
        "Company": "TCBI",
        "Date": "2008-08-13",
        "High": 17.27,
        "Low": 16.629999,
        "Open": 17.18,
        "Volume": 254500,
        "day": 3,
        "week": 33
    }
}