{
    "day": {
        "Adj Close": 17.190001,
        "Close": 17.190001,
        "Company": "TCBI",
        "Date": "2008-08-15",
        "High": 17.68,
        "Low": 16.6,
        "Open": 17.190001,
        "Volume": 153300,
        "day": 5,
        "week": 33
    }
}