{
    "day": {
        "Adj Close": 16.73,
        "Close": 16.73,
        "Company": "TCBI",
        "Date": "2010-07-27",
        "High": 16.879999,
        "Low": 16.219999,
        "Open": 16.35,
        "Volume": 303600,
        "day": 27,
        "month": 7
    }
}