{
    "day": {
        "Adj Close": 235.289993, 
        "Close": 235.289993, 
        "Company": "TSLA", 
        "Date": "2014-10-23", 
        "High": 236.279999, 
        "Low": 232.0, 
        "Open": 234.660004, 
        "Volume": 3492400, 
        "day": 4, 
        "week": 43
    }
}