{
    "day": {
        "Adj Close": 0.899197, 
        "Close": 23.75008, 
        "Company": "TROW", 
        "Date": "1990-04-17", 
        "High": 24.24992, 
        "Low": 23.5, 
        "Open": 24.0, 
        "Volume": 4019200, 
        "day": 107, 
        "year": 1990
    }
}