{
    "day": {
        "Adj Close": 0.899197, 
        "Close": 23.75008, 
        "Company": "TROW", 
        "Date": "1990-05-10", 
        "High": 24.24992, 
        "Low": 23.5, 
        "Open": 23.5, 
        "Volume": 492800, 
        "day": 130, 
        "year": 1990
    }
}