{
    "day": {
        "Adj Close": 1.031703, 
        "Close": 27.24992, 
        "Company": "TROW", 
        "Date": "1990-05-18", 
        "High": 27.5, 
        "Low": 26.5, 
        "Open": 26.75008, 
        "Volume": 486400, 
        "day": 138, 
        "year": 1990
    }
}