{
    "day": {
        "Adj Close": 1.041171, 
        "Close": 27.5, 
        "Company": "TROW", 
        "Date": "1990-06-06", 
        "High": 28.0, 
        "Low": 27.24992, 
        "Open": 27.5, 
        "Volume": 595200, 
        "day": 157, 
        "year": 1990
    }
}