{
    "day": {
        "Adj Close": 0.93758, 
        "Close": 24.62496, 
        "Company": "TROW", 
        "Date": "1990-08-08", 
        "High": 25.24992, 
        "Low": 24.5, 
        "Open": 24.5, 
        "Volume": 640000, 
        "day": 220, 
        "year": 1990
    }
}