{
    "day": {
        "Adj Close": 0.823357, 
        "Close": 21.62496, 
        "Company": "TROW", 
        "Date": "1990-08-28", 
        "High": 22.0, 
        "Low": 21.5, 
        "Open": 21.5, 
        "Volume": 452800, 
        "day": 240, 
        "year": 1990
    }
}