{
    "day": {
        "Adj Close": 0.799562, 
        "Close": 21.0, 
        "Company": "TROW", 
        "Date": "1990-09-11", 
        "High": 21.37504, 
        "Low": 21.0, 
        "Open": 21.37504, 
        "Volume": 124800, 
        "day": 254, 
        "year": 1990
    }
}