{
    "day": {
        "Adj Close": 0.771003, 
        "Close": 20.24992, 
        "Company": "TROW", 
        "Date": "1990-09-13", 
        "High": 20.5, 
        "Low": 20.0, 
        "Open": 20.24992, 
        "Volume": 636800, 
        "day": 256, 
        "year": 1990
    }
}