{
    "day": {
        "Adj Close": 0.969784, 
        "Close": 25.75008, 
        "Company": "TROW", 
        "Date": "1990-01-26", 
        "High": 25.75008, 
        "Low": 25.24992, 
        "Open": 25.24992, 
        "Volume": 361600, 
        "day": 26, 
        "year": 1990
    }
}