{
    "day": {
        "Adj Close": 0.613739, 
        "Close": 16.0, 
        "Company": "TROW", 
        "Date": "1990-10-25", 
        "High": 16.75008, 
        "Low": 16.0, 
        "Open": 16.75008, 
        "Volume": 25600, 
        "day": 298, 
        "year": 1990
    }
}