{
    "day": {
        "Adj Close": 0.632918, 
        "Close": 16.5, 
        "Company": "TROW", 
        "Date": "1990-11-07", 
        "High": 17.24992, 
        "Low": 16.5, 
        "Open": 17.24992, 
        "Volume": 369600, 
        "day": 311, 
        "year": 1990
    }
}