{
    "day": {
        "Adj Close": 0.724022, 
        "Close": 18.87504, 
        "Company": "TROW", 
        "Date": "1990-11-13", 
        "High": 19.0, 
        "Low": 17.24992, 
        "Open": 17.24992, 
        "Volume": 1800000, 
        "day": 317, 
        "year": 1990
    }
}