{
    "day": {
        "Adj Close": 0.979197, 
        "Close": 26.0, 
        "Company": "TROW", 
        "Date": "1990-02-01", 
        "High": 26.12496, 
        "Low": 26.0, 
        "Open": 26.0, 
        "Volume": 145600, 
        "day": 32, 
        "year": 1990
    }
}