{
    "day": {
        "Adj Close": 0.719228, 
        "Close": 18.75008, 
        "Company": "TROW", 
        "Date": "1990-11-23", 
        "High": 18.75008, 
        "Low": 18.0, 
        "Open": 18.75008, 
        "Volume": 401600, 
        "day": 327, 
        "year": 1990
    }
}