{
    "day": {
        "Adj Close": 0.738402, 
        "Close": 19.24992, 
        "Company": "TROW", 
        "Date": "1990-11-26", 
        "High": 19.24992, 
        "Low": 18.75008, 
        "Open": 18.75008, 
        "Volume": 142400, 
        "day": 330, 
        "year": 1990
    }
}