{
    "day": {
        "Adj Close": 0.872663, 
        "Close": 22.75008, 
        "Company": "TROW", 
        "Date": "1990-12-06", 
        "High": 25.24992, 
        "Low": 22.75008, 
        "Open": 24.24992, 
        "Volume": 1585600, 
        "day": 340, 
        "year": 1990
    }
}