{
    "day": {
        "Adj Close": 0.920609, 
        "Close": 24.0, 
        "Company": "TROW", 
        "Date": "1990-12-10", 
        "High": 24.75008, 
        "Low": 23.12496, 
        "Open": 23.5, 
        "Volume": 681600, 
        "day": 344, 
        "year": 1990
    }
}