{
    "day": {
        "Adj Close": 0.934995, 
        "Close": 24.37504, 
        "Company": "TROW", 
        "Date": "1990-12-11", 
        "High": 24.75008, 
        "Low": 24.0, 
        "Open": 24.75008, 
        "Volume": 187200, 
        "day": 345, 
        "year": 1990
    }
}