{
    "day": {
        "Adj Close": 0.911022, 
        "Close": 23.75008, 
        "Company": "TROW", 
        "Date": "1990-12-12", 
        "High": 24.0, 
        "Low": 23.75008, 
        "Open": 24.0, 
        "Volume": 134400, 
        "day": 346, 
        "year": 1990
    }
}