{
    "day": {
        "Adj Close": 0.898244, 
        "Close": 23.24992, 
        "Company": "TROW", 
        "Date": "1990-12-26", 
        "High": 23.24992, 
        "Low": 23.24992, 
        "Open": 23.24992, 
        "Volume": 65600, 
        "day": 360, 
        "year": 1990
    }
}