{
    "day": {
        "Adj Close": 0.988609, 
        "Close": 26.24992, 
        "Company": "TROW", 
        "Date": "1990-02-07", 
        "High": 26.75008, 
        "Low": 26.24992, 
        "Open": 26.24992, 
        "Volume": 657600, 
        "day": 38, 
        "year": 1990
    }
}