{
    "day": {
        "Adj Close": 1.035689, 
        "Close": 27.5, 
        "Company": "TROW", 
        "Date": "1990-02-21", 
        "High": 28.0, 
        "Low": 27.24992, 
        "Open": 27.5, 
        "Volume": 494400, 
        "day": 52, 
        "year": 1990
    }
}