{
    "day": {
        "Adj Close": 1.07335, 
        "Close": 28.5, 
        "Company": "TROW", 
        "Date": "1990-03-02", 
        "High": 28.75008, 
        "Low": 28.24992, 
        "Open": 28.75008, 
        "Volume": 337600, 
        "day": 61, 
        "year": 1990
    }
}