{
    "day": {
        "Adj Close": 1.112162, 
        "Close": 29.37504, 
        "Company": "TROW", 
        "Date": "1990-04-03", 
        "High": 29.75008, 
        "Low": 29.0, 
        "Open": 29.24992, 
        "Volume": 982400, 
        "day": 93, 
        "year": 1990
    }
}