{
    "day": {
        "Adj Close": 1.05064, 
        "Close": 27.75008, 
        "Company": "TROW", 
        "Date": "1990-04-09", 
        "High": 28.75008, 
        "Low": 27.5, 
        "Open": 28.75008, 
        "Volume": 808000, 
        "day": 99, 
        "year": 1990
    }
}