{
    "day": {
        "Adj Close": 75.36178, 
        "Close": 80.010002, 
        "Company": "TROW", 
        "Date": "2015-02-02", 
        "High": 80.160004, 
        "Low": 78.610001, 
        "Open": 78.879997, 
        "Volume": 1905800, 
        "day": 1, 
        "week": 6
    }
}