{
    "day": {
        "Adj Close": 77.000692, 
        "Close": 81.75, 
        "Company": "TROW", 
        "Date": "2015-02-05", 
        "High": 82.190002, 
        "Low": 81.139999, 
        "Open": 81.559998, 
        "Volume": 1158600, 
        "day": 4, 
        "week": 6
    }
}