{
    "day": {
        "Adj Close": 34.00056, 
        "Close": 35.110001, 
        "Company": "MDLZ", 
        "Date": "2014-04-23", 
        "High": 35.25, 
        "Low": 34.93, 
        "Open": 34.939999, 
        "Volume": 6467400, 
        "day": 113, 
        "year": 2014
    }
}