{
    "day": {
        "Adj Close": 34.223292, 
        "Close": 35.34, 
        "Company": "MDLZ", 
        "Date": "2014-04-25", 
        "High": 35.5, 
        "Low": 35.060001, 
        "Open": 35.16, 
        "Volume": 6490500, 
        "day": 115, 
        "year": 2014
    }
}