{
    "day": {
        "Adj Close": 34.804331, 
        "Close": 35.939999, 
        "Company": "MDLZ", 
        "Date": "2014-04-28", 
        "High": 36.009998, 
        "Low": 35.400002, 
        "Open": 35.470001, 
        "Volume": 13080100, 
        "day": 118, 
        "year": 2014
    }
}