{
    "day": {
        "Adj Close": 34.475075, 
        "Close": 35.599998, 
        "Company": "MDLZ", 
        "Date": "2014-04-29", 
        "High": 36.119999, 
        "Low": 35.459999, 
        "Open": 36.119999, 
        "Volume": 8644200, 
        "day": 119, 
        "year": 2014
    }
}