{
    "day": {
        "Adj Close": 36.32472, 
        "Close": 37.509998, 
        "Company": "MDLZ", 
        "Date": "2014-05-16", 
        "High": 37.580002, 
        "Low": 37.080002, 
        "Open": 37.279999, 
        "Volume": 7529500, 
        "day": 136, 
        "year": 2014
    }
}