{
    "day": {
        "Adj Close": 36.411877, 
        "Close": 37.599998, 
        "Company": "MDLZ", 
        "Date": "2014-06-11", 
        "High": 37.810001, 
        "Low": 37.470001, 
        "Open": 37.709999, 
        "Volume": 5404600, 
        "day": 162, 
        "year": 2014
    }
}