{
    "day": {
        "Adj Close": 36.578929, 
        "Close": 37.630001, 
        "Company": "MDLZ", 
        "Date": "2014-06-26", 
        "High": 37.77, 
        "Low": 37.150002, 
        "Open": 37.389999, 
        "Volume": 10695600, 
        "day": 177, 
        "year": 2014
    }
}