{
    "day": {
        "Adj Close": 36.258145, 
        "Close": 37.299999, 
        "Company": "MDLZ", 
        "Date": "2014-06-27", 
        "High": 37.580002, 
        "Low": 37.139999, 
        "Open": 37.43, 
        "Volume": 10622800, 
        "day": 178, 
        "year": 2014
    }
}