{
    "day": {
        "Adj Close": 36.948313, 
        "Close": 38.009998, 
        "Company": "MDLZ", 
        "Date": "2014-07-09", 
        "High": 38.450001, 
        "Low": 37.98, 
        "Open": 38.150002, 
        "Volume": 7640700, 
        "day": 190, 
        "year": 2014
    }
}