{
    "day": {
        "Adj Close": 37.035799, 
        "Close": 38.099998, 
        "Company": "MDLZ", 
        "Date": "2014-07-15", 
        "High": 38.610001, 
        "Low": 38.080002, 
        "Open": 38.439999, 
        "Volume": 7359900, 
        "day": 196, 
        "year": 2014
    }
}