{
    "day": {
        "Adj Close": 37.220494, 
        "Close": 38.290001, 
        "Company": "MDLZ", 
        "Date": "2014-07-23", 
        "High": 38.610001, 
        "Low": 38.27, 
        "Open": 38.540001, 
        "Volume": 4353100, 
        "day": 204, 
        "year": 2014
    }
}