{
    "day": {
        "Adj Close": 37.239936, 
        "Close": 38.310001, 
        "Company": "MDLZ", 
        "Date": "2014-07-24", 
        "High": 38.470001, 
        "Low": 38.200001, 
        "Open": 38.34, 
        "Volume": 4430300, 
        "day": 205, 
        "year": 2014
    }
}