{
    "day": {
        "Adj Close": 34.761159, 
        "Close": 35.759998, 
        "Company": "MDLZ", 
        "Date": "2014-08-11", 
        "High": 35.900002, 
        "Low": 35.48, 
        "Open": 35.540001, 
        "Volume": 6642200, 
        "day": 223, 
        "year": 2014
    }
}