{
    "day": {
        "Adj Close": 35.188871, 
        "Close": 36.200001, 
        "Company": "MDLZ", 
        "Date": "2014-08-20", 
        "High": 36.290001, 
        "Low": 36.060001, 
        "Open": 36.25, 
        "Volume": 3863100, 
        "day": 232, 
        "year": 2014
    }
}