{
    "day": {
        "Adj Close": 34.05155, 
        "Close": 35.029999, 
        "Company": "MDLZ", 
        "Date": "2014-09-22", 
        "High": 35.610001, 
        "Low": 34.860001, 
        "Open": 35.529999, 
        "Volume": 7658700, 
        "day": 265, 
        "year": 2014
    }
}