{
    "day": {
        "Adj Close": 33.437714, 
        "Close": 34.25, 
        "Company": "MDLZ", 
        "Date": "2014-10-03", 
        "High": 34.91, 
        "Low": 33.919998, 
        "Open": 34.779999, 
        "Volume": 11029300, 
        "day": 276, 
        "year": 2014
    }
}