{
    "day": {
        "Adj Close": 32.158781, 
        "Close": 32.939999, 
        "Company": "MDLZ", 
        "Date": "2014-10-20", 
        "High": 32.98, 
        "Low": 32.32, 
        "Open": 32.459999, 
        "Volume": 6908100, 
        "day": 293, 
        "year": 2014
    }
}