{
    "day": {
        "Adj Close": 33.554867, 
        "Close": 34.369999, 
        "Company": "MDLZ", 
        "Date": "2014-10-24", 
        "High": 34.41, 
        "Low": 33.939999, 
        "Open": 34.209999, 
        "Volume": 6261500, 
        "day": 297, 
        "year": 2014
    }
}