{
    "day": {
        "Adj Close": 36.874232, 
        "Close": 37.77, 
        "Company": "MDLZ", 
        "Date": "2014-11-11", 
        "High": 38.139999, 
        "Low": 37.720001, 
        "Open": 37.939999, 
        "Volume": 4715000, 
        "day": 315, 
        "year": 2014
    }
}