{
    "day": {
        "Adj Close": 37.020673, 
        "Close": 37.919998, 
        "Company": "MDLZ", 
        "Date": "2014-11-12", 
        "High": 37.990002, 
        "Low": 37.470001, 
        "Open": 37.700001, 
        "Volume": 5610600, 
        "day": 316, 
        "year": 2014
    }
}