{
    "day": {
        "Adj Close": 38.055535, 
        "Close": 38.98, 
        "Company": "MDLZ", 
        "Date": "2014-12-01", 
        "High": 39.27, 
        "Low": 38.84, 
        "Open": 39.200001, 
        "Volume": 8035400, 
        "day": 335, 
        "year": 2014
    }
}