{
    "day": {
        "Adj Close": 37.499053, 
        "Close": 38.41, 
        "Company": "MDLZ", 
        "Date": "2014-12-04", 
        "High": 38.66, 
        "Low": 38.310001, 
        "Open": 38.52, 
        "Volume": 7161000, 
        "day": 338, 
        "year": 2014
    }
}