{
    "day": {
        "Adj Close": 35.165736, 
        "Close": 36.02, 
        "Company": "MDLZ", 
        "Date": "2014-12-16", 
        "High": 36.939999, 
        "Low": 35.990002, 
        "Open": 36.560001, 
        "Volume": 11494400, 
        "day": 350, 
        "year": 2014
    }
}