{
    "day": {
        "Adj Close": 31.53697, 
        "Close": 32.700001, 
        "Company": "MDLZ", 
        "Date": "2014-02-06", 
        "High": 32.799999, 
        "Low": 32.139999, 
        "Open": 32.200001, 
        "Volume": 7092200, 
        "day": 37, 
        "year": 2014
    }
}