{
    "day": {
        "Adj Close": 31.758789, 
        "Close": 32.93, 
        "Company": "MDLZ", 
        "Date": "2014-02-07", 
        "High": 33.060001, 
        "Low": 32.689999, 
        "Open": 32.93, 
        "Volume": 7182600, 
        "day": 38, 
        "year": 2014
    }
}