{
    "day": {
        "Adj Close": 32.028829, 
        "Close": 33.209999, 
        "Company": "MDLZ", 
        "Date": "2014-02-12", 
        "High": 33.470001, 
        "Low": 33.049999, 
        "Open": 33.470001, 
        "Volume": 7560300, 
        "day": 43, 
        "year": 2014
    }
}