{
    "day": {
        "Adj Close": 33.301881, 
        "Close": 34.529999, 
        "Company": "MDLZ", 
        "Date": "2014-01-06", 
        "High": 34.939999, 
        "Low": 34.380001, 
        "Open": 34.849998, 
        "Volume": 7413700, 
        "day": 6, 
        "year": 2014
    }
}