{
    "day": {
        "Adj Close": 33.128998, 
        "Close": 34.209999, 
        "Company": "MDLZ", 
        "Date": "2014-03-27", 
        "High": 34.380001, 
        "Low": 33.939999, 
        "Open": 33.990002, 
        "Volume": 8150800, 
        "day": 86, 
        "year": 2014
    }
}