{
    "day": {
        "Adj Close": 33.719723, 
        "Close": 34.82, 
        "Company": "MDLZ", 
        "Date": "2014-04-01", 
        "High": 34.849998, 
        "Low": 34.400002, 
        "Open": 34.73, 
        "Volume": 6521200, 
        "day": 91, 
        "year": 2014
    }
}