{
    "day": {
        "Adj Close": 33.448572, 
        "Close": 34.540001, 
        "Company": "MDLZ", 
        "Date": "2014-04-04", 
        "High": 35.200001, 
        "Low": 34.439999, 
        "Open": 35.02, 
        "Volume": 10105100, 
        "day": 94, 
        "year": 2014
    }
}