{
    "day": {
        "Adj Close": 17.143705, 
        "Close": 37.799999, 
        "Company": "MDLZ", 
        "Date": "2002-03-19", 
        "High": 38.330002, 
        "Low": 37.5, 
        "Open": 37.799999, 
        "Volume": 1433100, 
        "day": 2, 
        "week": 12
    }
}