{
    "day": {
        "Adj Close": 19.212325, 
        "Close": 49.919998, 
        "Company": "TROW", 
        "Date": "2004-09-02", 
        "High": 50.09, 
        "Low": 48.389999, 
        "Open": 48.849998, 
        "Volume": 975600, 
        "day": 4, 
        "week": 36
    }
}