{
    "day": {
        "Adj Close": 63.82,
        "Close": 63.82,
        "Company": "TCBI",
        "Date": "2014-03-27",
        "High": 65.440002,
        "Low": 63.650002,
        "Open": 65.440002,
        "Volume": 228600,
        "day": 4,
        "week": 13
    }
}