{
    "day": {
        "Adj Close": 27.707075,
        "Close": 29.940001,
        "Company": "LPLA",
        "Date": "2012-09-19",
        "High": 30.16,
        "Low": 29.790001,
        "Open": 29.82,
        "Volume": 212300,
        "day": 19,
        "month": 9
    }
}