{
    "day": {
        "Adj Close": 26.161623,
        "Close": 28.27,
        "Company": "LPLA",
        "Date": "2012-09-26",
        "High": 28.33,
        "Low": 27.959999,
        "Open": 28.0,
        "Volume": 241200,
        "day": 26,
        "month": 9
    }
}