{
    "day": {
        "Adj Close": 63.549999,
        "Close": 63.549999,
        "Company": "TCBI",
        "Date": "2014-03-13",
        "High": 64.919998,
        "Low": 63.099998,
        "Open": 64.730003,
        "Volume": 372100,
        "day": 4,
        "week": 11
    }
}