{
    "day": {
        "Adj Close": 63.970001,
        "Close": 63.970001,
        "Company": "TCBI",
        "Date": "2014-03-14",
        "High": 64.529999,
        "Low": 63.189999,
        "Open": 63.189999,
        "Volume": 276400,
        "day": 5,
        "week": 11
    }
}