{
    "day": {
        "Adj Close": 22.26,
        "Close": 22.26,
        "Company": "TCBI",
        "Date": "2006-05-30",
        "High": 22.950001,
        "Low": 22.25,
        "Open": 22.950001,
        "Volume": 83700,
        "day": 30,
        "month": 5
    }
}