{
    "day": {
        "Adj Close": 51.201052, 
        "Close": 59.459999, 
        "Company": "TROW", 
        "Date": "2010-12-01", 
        "High": 59.990002, 
        "Low": 59.18, 
        "Open": 59.59, 
        "Volume": 2466500, 
        "day": 1, 
        "month": 12
    }
}