{
    "day": {
        "Adj Close": 54.2255, 
        "Close": 62.700001, 
        "Company": "TROW", 
        "Date": "2010-12-15", 
        "High": 63.82, 
        "Low": 62.549999, 
        "Open": 63.759998, 
        "Volume": 2539800, 
        "day": 15, 
        "month": 12
    }
}