{
    "day": {
        "Adj Close": 57.938573, 
        "Close": 64.459999, 
        "Company": "TROW", 
        "Date": "2012-09-19", 
        "High": 64.900002, 
        "Low": 64.209999, 
        "Open": 64.809998, 
        "Volume": 795000, 
        "day": 3, 
        "week": 38
    }
}