{
    "day": {
        "Adj Close": 52.68,
        "Close": 52.68,
        "Company": "TCBI",
        "Date": "2013-11-15",
        "High": 53.07,
        "Low": 52.209999,
        "Open": 52.549999,
        "Volume": 539300,
        "day": 15,
        "month": 11
    }
}