{
    "day": {
        "Adj Close": 51.959999,
        "Close": 51.959999,
        "Company": "TCBI",
        "Date": "2013-11-05",
        "High": 52.419998,
        "Low": 51.740002,
        "Open": 51.970001,
        "Volume": 185300,
        "day": 5,
        "month": 11
    }
}