{
    "day": {
        "Adj Close": 25.903002, 
        "Close": 29.209999, 
        "Company": "WBA", 
        "Date": "2010-09-17", 
        "High": 29.32, 
        "Low": 28.969999, 
        "Open": 29.18, 
        "Volume": 7284000, 
        "day": 17, 
        "month": 9
    }
}