{
    "day": {
        "Adj Close": 61.599998,
        "Close": 61.599998,
        "Company": "TCBI",
        "Date": "2014-11-10",
        "High": 62.049999,
        "Low": 61.209999,
        "Open": 61.799999,
        "Volume": 504900,
        "day": 1,
        "week": 46
    }
}