{
    "day": {
        "Adj Close": 1.794431, 
        "Close": 44.75008, 
        "Company": "TROW", 
        "Date": "1992-12-07", 
        "High": 45.75008, 
        "Low": 44.0, 
        "Open": 45.0, 
        "Volume": 864000, 
        "day": 1, 
        "week": 50
    }
}