{
    "day": {
        "Adj Close": 1.824502, 
        "Close": 45.5, 
        "Company": "TROW", 
        "Date": "1992-12-11", 
        "High": 46.0, 
        "Low": 44.75008, 
        "Open": 46.0, 
        "Volume": 547200, 
        "day": 5, 
        "week": 50
    }
}