{
    "day": {
        "Adj Close": 44.990002,
        "Close": 44.990002,
        "Company": "TCBI",
        "Date": "2012-12-03",
        "High": 45.360001,
        "Low": 44.709999,
        "Open": 44.950001,
        "Volume": 253200,
        "day": 1,
        "week": 49
    }
}