{
    "day": {
        "Adj Close": 4.54157, 
        "Close": 46.5, 
        "Company": "WBA", 
        "Date": "1995-05-25", 
        "High": 46.5, 
        "Low": 45.875038, 
        "Open": 46.375038, 
        "Volume": 1922400, 
        "day": 4, 
        "week": 21
    }
}