{
    "day": {
        "Adj Close": 35.73,
        "Close": 35.73,
        "Company": "TCBI",
        "Date": "2016-04-05",
        "High": 36.630001,
        "Low": 35.360001,
        "Open": 35.830002,
        "Volume": 343400,
        "day": 2,
        "week": 14
    }
}