{
    "day": {
        "Adj Close": 34.950001,
        "Close": 34.950001,
        "Company": "TCBI",
        "Date": "2016-04-07",
        "High": 36.419998,
        "Low": 34.540001,
        "Open": 36.040001,
        "Volume": 468800,
        "day": 4,
        "week": 14
    }
}