{
    "day": {
        "Adj Close": 35.150002,
        "Close": 35.150002,
        "Company": "TCBI",
        "Date": "2016-04-08",
        "High": 36.060001,
        "Low": 34.91,
        "Open": 35.540001,
        "Volume": 645400,
        "day": 5,
        "week": 14
    }
}