{
    "day": {
        "Adj Close": 14.624865, 
        "Close": 29.639999, 
        "Company": "MDLZ", 
        "Date": "2006-03-01", 
        "High": 30.01, 
        "Low": 29.5, 
        "Open": 30.01, 
        "Volume": 1767600, 
        "day": 3, 
        "week": 9
    }
}