{
    "day": {
        "Adj Close": 27.945908, 
        "Close": 34.130001, 
        "Company": "TROW", 
        "Date": "2008-12-09", 
        "High": 36.110001, 
        "Low": 33.27, 
        "Open": 34.369999, 
        "Volume": 4328200, 
        "day": 2, 
        "week": 50
    }
}