{
    "day": {
        "Adj Close": 18.036179, 
        "Close": 39.490002, 
        "Company": "MDLZ", 
        "Date": "2002-09-13", 
        "High": 39.75, 
        "Low": 39.049999, 
        "Open": 39.189999, 
        "Volume": 770900, 
        "day": 13, 
        "month": 9
    }
}