{
    "day": {
        "Adj Close": 17.553644, 
        "Close": 38.580002, 
        "Company": "MDLZ", 
        "Date": "2002-09-04", 
        "High": 39.290001, 
        "Low": 38.400002, 
        "Open": 39.0, 
        "Volume": 993400, 
        "day": 4, 
        "month": 9
    }
}