{
    "day": {
        "Adj Close": 11.458905, 
        "Close": 31.35, 
        "Company": "TROW", 
        "Date": "2001-11-16", 
        "High": 31.889999, 
        "Low": 31.200001, 
        "Open": 31.610001, 
        "Volume": 716800, 
        "day": 5, 
        "week": 46
    }
}