{
    "day": {
        "Adj Close": 14.01109, 
        "Close": 31.120001, 
        "Company": "MDLZ", 
        "Date": "2001-07-26", 
        "High": 31.190001, 
        "Low": 30.620001, 
        "Open": 30.950001, 
        "Volume": 1901900, 
        "day": 4, 
        "week": 30
    }
}