{
    "day": {
        "Adj Close": 186.350006, 
        "Close": 186.350006, 
        "Company": "TSLA", 
        "Date": "2016-03-01", 
        "High": 195.949997, 
        "Low": 182.699997, 
        "Open": 194.25, 
        "Volume": 6701700, 
        "day": 1, 
        "month": 3
    }
}