{
    "day": {
        "Adj Close": 229.770004, 
        "Close": 229.770004, 
        "Company": "TSLA", 
        "Date": "2016-03-31", 
        "High": 237.419998, 
        "Low": 225.009995, 
        "Open": 229.339996, 
        "Volume": 7956700, 
        "day": 31, 
        "month": 3
    }
}