{
    "day": {
        "Adj Close": 50.637494,
        "Close": 53.290001,
        "Company": "LPLA",
        "Date": "2014-03-11",
        "High": 53.759998,
        "Low": 52.98,
        "Open": 53.439999,
        "Volume": 344900,
        "day": 2,
        "week": 11
    }
}