{
    "day": {
        "Adj Close": 50.361928,
        "Close": 53.0,
        "Company": "LPLA",
        "Date": "2014-03-13",
        "High": 53.93,
        "Low": 52.849998,
        "Open": 53.599998,
        "Volume": 565700,
        "day": 4,
        "week": 11
    }
}