{
    "day": {
        "Adj Close": 42.579602,
        "Close": 43.860001,
        "Company": "LPLA",
        "Date": "2015-03-31",
        "High": 44.98,
        "Low": 43.73,
        "Open": 44.610001,
        "Volume": 831900,
        "day": 2,
        "week": 14
    }
}