{
    "day": {
        "Adj Close": 235.839996, 
        "Close": 235.839996, 
        "Company": "TSLA", 
        "Date": "2014-03-19", 
        "High": 241.550003, 
        "Low": 233.509995, 
        "Open": 241.389999, 
        "Volume": 5071300, 
        "day": 3, 
        "week": 12
    }
}