{
    "day": {
        "Adj Close": 177.210007, 
        "Close": 177.210007, 
        "Company": "TSLA", 
        "Date": "2016-02-23", 
        "High": 181.729996, 
        "Low": 173.679993, 
        "Open": 176.160004, 
        "Volume": 5968000, 
        "day": 23, 
        "month": 2
    }
}