{
    "day": {
        "Adj Close": 17.700001, 
        "Close": 17.700001, 
        "Company": "FANG", 
        "Date": "2012-10-17", 
        "High": 18.07, 
        "Low": 17.5, 
        "Open": 17.700001, 
        "Volume": 121000, 
        "day": 291, 
        "year": 2012
    }
}