{
    "day": {
        "Adj Close": 17.700001, 
        "Close": 17.700001, 
        "Company": "FANG", 
        "Date": "2012-10-18", 
        "High": 17.870001, 
        "Low": 17.52, 
        "Open": 17.6, 
        "Volume": 146100, 
        "day": 292, 
        "year": 2012
    }
}