{
    "day": {
        "Adj Close": 17.030001, 
        "Close": 17.030001, 
        "Company": "FANG", 
        "Date": "2012-10-25", 
        "High": 17.98, 
        "Low": 16.25, 
        "Open": 17.98, 
        "Volume": 206900, 
        "day": 299, 
        "year": 2012
    }
}