{
    "day": {
        "Adj Close": 17.620001, 
        "Close": 17.620001, 
        "Company": "FANG", 
        "Date": "2012-12-06", 
        "High": 17.780001, 
        "Low": 17.32, 
        "Open": 17.76, 
        "Volume": 41900, 
        "day": 341, 
        "year": 2012
    }
}