{
    "day": {
        "Adj Close": 22.74084, 
        "Close": 58.869999, 
        "Company": "TROW", 
        "Date": "2004-11-16", 
        "High": 59.389999, 
        "Low": 58.66, 
        "Open": 59.330002, 
        "Volume": 646200, 
        "day": 2, 
        "week": 47
    }
}