{
    "day": {
        "Adj Close": 137.600006, 
        "Close": 137.600006, 
        "Company": "TSLA", 
        "Date": "2013-11-14", 
        "High": 140.399994, 
        "Low": 134.110001, 
        "Open": 138.919998, 
        "Volume": 12203700, 
        "day": 4, 
        "week": 46
    }
}