{
    "day": {
        "Adj Close": 1.886121, 
        "Close": 42.24992, 
        "Company": "WBA", 
        "Date": "1990-01-22", 
        "High": 43.5, 
        "Low": 42.124962, 
        "Open": 43.24992, 
        "Volume": 1428800, 
        "day": 1, 
        "week": 4
    }
}