{
    "day": {
        "Adj Close": 1.858222, 
        "Close": 41.624962, 
        "Company": "WBA", 
        "Date": "1990-01-24", 
        "High": 41.75008, 
        "Low": 40.5, 
        "Open": 41.75008, 
        "Volume": 3537600, 
        "day": 3, 
        "week": 4
    }
}