{
    "day": {
        "Adj Close": 16.540001,
        "Close": 16.540001,
        "Company": "TCBI",
        "Date": "2008-09-08",
        "High": 16.83,
        "Low": 15.96,
        "Open": 16.43,
        "Volume": 630300,
        "day": 1,
        "week": 37
    }
}