{
    "day": {
        "Adj Close": 0.959501, 
        "Close": 51.24992, 
        "Company": "TROW", 
        "Date": "1989-11-07", 
        "High": 51.24992, 
        "Low": 50.75008, 
        "Open": 51.24992, 
        "Volume": 112000, 
        "day": 2, 
        "week": 45
    }
}