{
    "day": {
        "Adj Close": 0.978223, 
        "Close": 52.24992, 
        "Company": "TROW", 
        "Date": "1989-11-09", 
        "High": 52.24992, 
        "Low": 51.50016, 
        "Open": 51.50016, 
        "Volume": 272000, 
        "day": 4, 
        "week": 45
    }
}