{
    "day": {
        "Adj Close": 57.189999,
        "Close": 57.189999,
        "Company": "TCBI",
        "Date": "2014-10-08",
        "High": 57.299999,
        "Low": 56.259998,
        "Open": 56.57,
        "Volume": 548000,
        "day": 3,
        "week": 41
    }
}