{
    "day": {
        "Adj Close": 14.857518, 
        "Close": 33.0, 
        "Company": "MDLZ", 
        "Date": "2001-10-11", 
        "High": 33.990002, 
        "Low": 32.400002, 
        "Open": 33.970001, 
        "Volume": 3550200, 
        "day": 4, 
        "week": 41
    }
}