{
    "day": {
        "Adj Close": 15.03761, 
        "Close": 33.400002, 
        "Company": "MDLZ", 
        "Date": "2001-10-12", 
        "High": 33.400002, 
        "Low": 32.84, 
        "Open": 33.049999, 
        "Volume": 2580000, 
        "day": 5, 
        "week": 41
    }
}