{
    "day": {
        "Adj Close": 49.740002,
        "Close": 49.740002,
        "Company": "TCBI",
        "Date": "2015-04-14",
        "High": 50.119999,
        "Low": 49.43,
        "Open": 50.09,
        "Volume": 404000,
        "day": 14,
        "month": 4
    }
}