{
    "day": {
        "Adj Close": 48.290001,
        "Close": 48.290001,
        "Company": "TCBI",
        "Date": "2015-04-02",
        "High": 48.970001,
        "Low": 48.16,
        "Open": 48.349998,
        "Volume": 288000,
        "day": 2,
        "month": 4
    }
}