{
    "day": {
        "Adj Close": 50.810001,
        "Close": 50.810001,
        "Company": "TCBI",
        "Date": "2015-04-20",
        "High": 51.439999,
        "Low": 50.419998,
        "Open": 50.759998,
        "Volume": 337000,
        "day": 20,
        "month": 4
    }
}