{
    "day": {
        "Adj Close": 48.669998,
        "Close": 48.669998,
        "Company": "TCBI",
        "Date": "2015-04-07",
        "High": 49.450001,
        "Low": 48.509998,
        "Open": 48.560001,
        "Volume": 214800,
        "day": 7,
        "month": 4
    }
}