{
    "day": {
        "Adj Close": 23.709999,
        "Close": 23.709999,
        "Company": "TCBI",
        "Date": "2005-01-31",
        "High": 23.77,
        "Low": 22.940001,
        "Open": 23.18,
        "Volume": 182600,
        "day": 1,
        "week": 5
    }
}