{
    "day": {
        "Adj Close": 42.698844, 
        "Close": 52.84, 
        "Company": "TROW", 
        "Date": "2008-01-29", 
        "High": 56.080002, 
        "Low": 50.91, 
        "Open": 54.009998, 
        "Volume": 4197700, 
        "day": 2, 
        "week": 5
    }
}