{
    "day": {
        "Adj Close": 30.330157,
        "Close": 32.5,
        "Company": "LPLA",
        "Date": "2013-02-20",
        "High": 32.77,
        "Low": 32.490002,
        "Open": 32.77,
        "Volume": 105000,
        "day": 3,
        "week": 8
    }
}