{
    "day": {
        "Adj Close": 29.490245,
        "Close": 31.6,
        "Company": "LPLA",
        "Date": "2013-02-22",
        "High": 31.84,
        "Low": 31.530001,
        "Open": 31.530001,
        "Volume": 168000,
        "day": 5,
        "week": 8
    }
}