{
    "day": {
        "Adj Close": 1.528354, 
        "Close": 38.5, 
        "Company": "TROW", 
        "Date": "1992-03-26", 
        "High": 38.75008, 
        "Low": 38.0, 
        "Open": 38.24992, 
        "Volume": 508800, 
        "day": 26, 
        "month": 3
    }
}