{
    "day": {
        "Adj Close": 83.690002, 
        "Close": 83.690002, 
        "Company": "WBA", 
        "Date": "2016-04-06", 
        "High": 85.099998, 
        "Low": 83.120003, 
        "Open": 83.339996, 
        "Volume": 8010300, 
        "day": 3, 
        "week": 14
    }
}