{
    "day": {
        "Adj Close": 81.370003, 
        "Close": 81.370003, 
        "Company": "WBA", 
        "Date": "2016-04-08", 
        "High": 82.059998, 
        "Low": 81.18, 
        "Open": 81.559998, 
        "Volume": 4167100, 
        "day": 5, 
        "week": 14
    }
}