{
    "day": {
        "Adj Close": 27.581302,
        "Close": 31.77,
        "Company": "LPLA",
        "Date": "2012-01-09",
        "High": 31.85,
        "Low": 30.379999,
        "Open": 31.0,
        "Volume": 443900,
        "day": 1,
        "week": 2
    }
}