{
    "day": {
        "Adj Close": 28.597042,
        "Close": 32.939999,
        "Company": "LPLA",
        "Date": "2012-01-11",
        "High": 33.0,
        "Low": 32.0,
        "Open": 32.080002,
        "Volume": 399700,
        "day": 3,
        "week": 2
    }
}