{
    "day": {
        "Adj Close": 43.07996,
        "Close": 43.599998,
        "Company": "LPLA",
        "Date": "2015-11-13",
        "High": 44.110001,
        "Low": 43.360001,
        "Open": 43.799999,
        "Volume": 366600,
        "day": 13,
        "month": 11
    }
}