{
    "day": {
        "Adj Close": 43.75185,
        "Close": 44.279999,
        "Company": "LPLA",
        "Date": "2015-11-17",
        "High": 44.860001,
        "Low": 43.400002,
        "Open": 43.400002,
        "Volume": 932500,
        "day": 17,
        "month": 11
    }
}