{
    "day": {
        "Adj Close": 44.058154,
        "Close": 44.59,
        "Company": "LPLA",
        "Date": "2015-11-09",
        "High": 45.27,
        "Low": 44.259998,
        "Open": 44.720001,
        "Volume": 330500,
        "day": 9,
        "month": 11
    }
}