{
    "day": {
        "Adj Close": 4.895614, 
        "Close": 50.124962, 
        "Company": "WBA", 
        "Date": "1995-06-27", 
        "High": 51.25, 
        "Low": 50.0, 
        "Open": 50.624962, 
        "Volume": 2653600, 
        "day": 2, 
        "week": 26
    }
}