{
    "day": {
        "Adj Close": 4.871204, 
        "Close": 49.875038, 
        "Company": "WBA", 
        "Date": "1995-06-29", 
        "High": 50.25, 
        "Low": 49.624962, 
        "Open": 50.25, 
        "Volume": 2569600, 
        "day": 4, 
        "week": 26
    }
}