{
    "day": {
        "Adj Close": 17.987284, 
        "Close": 39.66, 
        "Company": "MDLZ", 
        "Date": "2002-04-02", 
        "High": 39.799999, 
        "Low": 38.98, 
        "Open": 39.0, 
        "Volume": 769400, 
        "day": 2, 
        "week": 14
    }
}