{
    "day": {
        "Adj Close": 18.073455, 
        "Close": 39.849998, 
        "Company": "MDLZ", 
        "Date": "2002-04-03", 
        "High": 40.040001, 
        "Low": 39.509998, 
        "Open": 39.91, 
        "Volume": 1114600, 
        "day": 3, 
        "week": 14
    }
}