{
    "day": {
        "Adj Close": 18.640377, 
        "Close": 41.099998, 
        "Company": "MDLZ", 
        "Date": "2002-04-05", 
        "High": 41.200001, 
        "Low": 40.310001, 
        "Open": 40.349998, 
        "Volume": 2275200, 
        "day": 5, 
        "week": 14
    }
}