{
    "day": {
        "Adj Close": 25.200001, 
        "Close": 25.200001, 
        "Company": "FANG", 
        "Date": "2013-03-25", 
        "High": 25.33, 
        "Low": 24.620001, 
        "Open": 24.690001, 
        "Volume": 197000, 
        "day": 1, 
        "week": 13
    }
}