{
    "day": {
        "Adj Close": 26.84, 
        "Close": 26.84, 
        "Company": "FANG", 
        "Date": "2013-03-28", 
        "High": 27.209999, 
        "Low": 26.040001, 
        "Open": 26.24, 
        "Volume": 157500, 
        "day": 4, 
        "week": 13
    }
}