{
    "day": {
        "Adj Close": 33.453778, 
        "Close": 38.400002, 
        "Company": "WBA", 
        "Date": "2009-10-29", 
        "High": 38.450001, 
        "Low": 37.220001, 
        "Open": 37.389999, 
        "Volume": 9965600, 
        "day": 4, 
        "week": 44
    }
}