{
    "day": {
        "Adj Close": 32.957199, 
        "Close": 37.830002, 
        "Company": "WBA", 
        "Date": "2009-10-30", 
        "High": 38.759998, 
        "Low": 37.75, 
        "Open": 38.27, 
        "Volume": 8427600, 
        "day": 5, 
        "week": 44
    }
}