{
    "day": {
        "Adj Close": 14.152388,
        "Close": 18.719999,
        "Company": "SUNS",
        "Date": "2013-02-11",
        "High": 18.959999,
        "Low": 18.719999,
        "Open": 18.959999,
        "Volume": 13100,
        "day": 11,
        "month": 2
    }
}