{
    "day": {
        "Adj Close": 14.41499,
        "Close": 18.950001,
        "Company": "SUNS",
        "Date": "2013-02-19",
        "High": 19.0,
        "Low": 18.9,
        "Open": 19.0,
        "Volume": 106900,
        "day": 19,
        "month": 2
    }
}