{
    "day": {
        "Adj Close": 14.323707,
        "Close": 18.83,
        "Company": "SUNS",
        "Date": "2013-02-26",
        "High": 18.959999,
        "Low": 18.68,
        "Open": 18.809999,
        "Volume": 32000,
        "day": 26,
        "month": 2
    }
}