{
    "day": {
        "Adj Close": 14.407383,
        "Close": 18.940001,
        "Company": "SUNS",
        "Date": "2013-02-27",
        "High": 18.99,
        "Low": 18.9,
        "Open": 18.92,
        "Volume": 34500,
        "day": 27,
        "month": 2
    }
}