{
    "day": {
        "Adj Close": 14.25823,
        "Close": 18.860001,
        "Company": "SUNS",
        "Date": "2013-02-05",
        "High": 18.959999,
        "Low": 18.67,
        "Open": 18.950001,
        "Volume": 62200,
        "day": 5,
        "month": 2
    }
}