{
    "day": {
        "Adj Close": 12.538472,
        "Close": 15.940001,
        "Company": "SONA",
        "Date": "2007-02-12",
        "High": 15.940001,
        "Low": 15.539997,
        "Open": 15.600002,
        "Volume": 5300,
        "day": 12,
        "month": 2
    }
}