{
    "day": {
        "Adj Close": 12.404746,
        "Close": 15.769996,
        "Company": "SONA",
        "Date": "2007-02-13",
        "High": 15.790006,
        "Low": 15.769996,
        "Open": 15.790006,
        "Volume": 200,
        "day": 13,
        "month": 2
    }
}