{
    "day": {
        "Adj Close": 12.491273,
        "Close": 15.879997,
        "Company": "SONA",
        "Date": "2007-02-28",
        "High": 16.050001,
        "Low": 14.999997,
        "Open": 16.050001,
        "Volume": 16900,
        "day": 28,
        "month": 2
    }
}