{
    "day": {
        "Adj Close": 14.065186, 
        "Close": 38.150002, 
        "Company": "TROW", 
        "Date": "2002-04-16", 
        "High": 38.439999, 
        "Low": 37.59, 
        "Open": 37.59, 
        "Volume": 840000, 
        "day": 106, 
        "year": 2002
    }
}