{
    "day": {
        "Adj Close": 12.575714, 
        "Close": 34.110001, 
        "Company": "TROW", 
        "Date": "2002-06-11", 
        "High": 35.119999, 
        "Low": 33.810001, 
        "Open": 34.630001, 
        "Volume": 732600, 
        "day": 162, 
        "year": 2002
    }
}