{
    "day": {
        "Adj Close": 13.444524, 
        "Close": 36.610001, 
        "Company": "TROW", 
        "Date": "2002-01-17", 
        "High": 36.73, 
        "Low": 35.950001, 
        "Open": 36.0, 
        "Volume": 901600, 
        "day": 17, 
        "year": 2002
    }
}