{
    "day": {
        "Adj Close": 10.548565, 
        "Close": 28.48, 
        "Company": "TROW", 
        "Date": "2002-07-16", 
        "High": 29.299999, 
        "Low": 28.15, 
        "Open": 29.059999, 
        "Volume": 1028400, 
        "day": 197, 
        "year": 2002
    }
}