{
    "day": {
        "Adj Close": 9.722607, 
        "Close": 26.25, 
        "Company": "TROW", 
        "Date": "2002-08-01", 
        "High": 27.110001, 
        "Low": 26.15, 
        "Open": 26.870001, 
        "Volume": 1542400, 
        "day": 213, 
        "year": 2002
    }
}