{
    "day": {
        "Adj Close": 13.257233, 
        "Close": 36.099998, 
        "Company": "TROW", 
        "Date": "2002-01-22", 
        "High": 36.549999, 
        "Low": 35.810001, 
        "Open": 36.290001, 
        "Volume": 776000, 
        "day": 22, 
        "year": 2002
    }
}