{
    "day": {
        "Adj Close": 10.689312, 
        "Close": 28.860001, 
        "Company": "TROW", 
        "Date": "2002-08-27", 
        "High": 29.379999, 
        "Low": 28.6, 
        "Open": 28.610001, 
        "Volume": 1510000, 
        "day": 239, 
        "year": 2002
    }
}