{
    "day": {
        "Adj Close": 9.389855, 
        "Close": 25.190001, 
        "Company": "TROW", 
        "Date": "2002-10-14", 
        "High": 25.370001, 
        "Low": 23.65, 
        "Open": 23.709999, 
        "Volume": 1791400, 
        "day": 287, 
        "year": 2002
    }
}