{
    "day": {
        "Adj Close": 10.728067, 
        "Close": 28.780001, 
        "Company": "TROW", 
        "Date": "2002-11-01", 
        "High": 28.809999, 
        "Low": 27.450001, 
        "Open": 27.99, 
        "Volume": 1783200, 
        "day": 305, 
        "year": 2002
    }
}