{
    "day": {
        "Adj Close": 10.713157, 
        "Close": 28.74, 
        "Company": "TROW", 
        "Date": "2002-11-05", 
        "High": 29.5, 
        "Low": 28.26, 
        "Open": 29.360001, 
        "Volume": 1997800, 
        "day": 309, 
        "year": 2002
    }
}