{
    "day": {
        "Adj Close": 10.877172, 
        "Close": 29.18, 
        "Company": "TROW", 
        "Date": "2002-11-06", 
        "High": 29.25, 
        "Low": 28.18, 
        "Open": 28.780001, 
        "Volume": 1859400, 
        "day": 310, 
        "year": 2002
    }
}