{
    "day": {
        "Adj Close": 10.33294, 
        "Close": 27.719999, 
        "Company": "TROW", 
        "Date": "2002-11-07", 
        "High": 29.129999, 
        "Low": 27.620001, 
        "Open": 28.780001, 
        "Volume": 1361800, 
        "day": 311, 
        "year": 2002
    }
}