{
    "day": {
        "Adj Close": 10.418676, 
        "Close": 27.950001, 
        "Company": "TROW", 
        "Date": "2002-11-19", 
        "High": 28.15, 
        "Low": 27.559999, 
        "Open": 27.780001, 
        "Volume": 933400, 
        "day": 323, 
        "year": 2002
    }
}