{
    "day": {
        "Adj Close": 11.007638, 
        "Close": 29.530001, 
        "Company": "TROW", 
        "Date": "2002-11-26", 
        "High": 30.5, 
        "Low": 29.5, 
        "Open": 30.0, 
        "Volume": 1455800, 
        "day": 330, 
        "year": 2002
    }
}