{
    "day": {
        "Adj Close": 10.918176, 
        "Close": 29.290001, 
        "Company": "TROW", 
        "Date": "2002-12-16", 
        "High": 29.33, 
        "Low": 28.360001, 
        "Open": 28.4, 
        "Volume": 1353800, 
        "day": 350, 
        "year": 2002
    }
}