{
    "day": {
        "Adj Close": 10.590145, 
        "Close": 28.41, 
        "Company": "TROW", 
        "Date": "2002-12-18", 
        "High": 28.99, 
        "Low": 28.110001, 
        "Open": 28.75, 
        "Volume": 793600, 
        "day": 352, 
        "year": 2002
    }
}