{
    "day": {
        "Adj Close": 14.131256, 
        "Close": 38.48, 
        "Company": "TROW", 
        "Date": "2002-02-11", 
        "High": 38.900002, 
        "Low": 37.68, 
        "Open": 37.990002, 
        "Volume": 947800, 
        "day": 42, 
        "year": 2002
    }
}