{
    "day": {
        "Adj Close": 14.347925, 
        "Close": 39.07, 
        "Company": "TROW", 
        "Date": "2002-02-14", 
        "High": 39.529999, 
        "Low": 38.639999, 
        "Open": 39.290001, 
        "Volume": 603200, 
        "day": 45, 
        "year": 2002
    }
}