{
    "day": {
        "Adj Close": 15.133811, 
        "Close": 41.209999, 
        "Company": "TROW", 
        "Date": "2002-03-07", 
        "High": 42.689999, 
        "Low": 40.84, 
        "Open": 41.959999, 
        "Volume": 2321600, 
        "day": 66, 
        "year": 2002
    }
}