{
    "day": {
        "Adj Close": 15.207258, 
        "Close": 41.41, 
        "Company": "TROW", 
        "Date": "2002-03-08", 
        "High": 42.220001, 
        "Low": 41.200001, 
        "Open": 41.23, 
        "Volume": 1045400, 
        "day": 67, 
        "year": 2002
    }
}