{
    "day": {
        "Adj Close": 14.249526, 
        "Close": 38.650002, 
        "Company": "TROW", 
        "Date": "2002-03-22", 
        "High": 39.700001, 
        "Low": 38.529999, 
        "Open": 39.639999, 
        "Volume": 2193600, 
        "day": 81, 
        "year": 2002
    }
}