{
    "day": {
        "Adj Close": 14.090993, 
        "Close": 38.220001, 
        "Company": "TROW", 
        "Date": "2002-03-25", 
        "High": 38.799999, 
        "Low": 37.93, 
        "Open": 38.59, 
        "Volume": 961400, 
        "day": 84, 
        "year": 2002
    }
}