{
    "day": {
        "Adj Close": 14.256899, 
        "Close": 38.669998, 
        "Company": "TROW", 
        "Date": "2002-03-26", 
        "High": 39.200001, 
        "Low": 37.849998, 
        "Open": 37.849998, 
        "Volume": 984200, 
        "day": 85, 
        "year": 2002
    }
}