{
    "day": {
        "Adj Close": 14.315889, 
        "Close": 38.830002, 
        "Company": "TROW", 
        "Date": "2002-04-01", 
        "High": 38.990002, 
        "Low": 38.099998, 
        "Open": 38.990002, 
        "Volume": 774600, 
        "day": 91, 
        "year": 2002
    }
}