{
    "day": {
        "Adj Close": 14.090993, 
        "Close": 38.220001, 
        "Company": "TROW", 
        "Date": "2002-04-08", 
        "High": 38.23, 
        "Low": 37.540001, 
        "Open": 38.150002, 
        "Volume": 702400, 
        "day": 98, 
        "year": 2002
    }
}