{
    "day": {
        "Adj Close": 39.486663, 
        "Close": 47.18, 
        "Company": "WBA", 
        "Date": "2005-11-21", 
        "High": 47.330002, 
        "Low": 46.970001, 
        "Open": 47.139999, 
        "Volume": 2025300, 
        "day": 1, 
        "week": 47
    }
}