{
    "day": {
        "Adj Close": 16.505612, 
        "Close": 33.200001, 
        "Company": "MDLZ", 
        "Date": "2006-06-02", 
        "High": 33.200001, 
        "Low": 32.82, 
        "Open": 32.939999, 
        "Volume": 1810200, 
        "day": 2, 
        "month": 6
    }
}