{
    "day": {
        "Adj Close": 15.411238, 
        "Close": 30.77, 
        "Company": "MDLZ", 
        "Date": "2006-06-28", 
        "High": 31.030001, 
        "Low": 30.639999, 
        "Open": 30.860001, 
        "Volume": 2084400, 
        "day": 28, 
        "month": 6
    }
}