{
    "day": {
        "Adj Close": 15.600786, 
        "Close": 31.379999, 
        "Company": "MDLZ", 
        "Date": "2006-06-08", 
        "High": 31.92, 
        "Low": 31.110001, 
        "Open": 31.799999, 
        "Volume": 2618000, 
        "day": 8, 
        "month": 6
    }
}