{
    "day": {
        "Adj Close": 2.767589, 
        "Close": 33.75, 
        "Company": "TROW", 
        "Date": "1994-02-02", 
        "High": 33.875038, 
        "Low": 32.75, 
        "Open": 32.75, 
        "Volume": 1004000, 
        "day": 2, 
        "month": 2
    }
}