{
    "day": {
        "Adj Close": 89.790001, 
        "Close": 89.790001, 
        "Company": "FANG", 
        "Date": "2014-06-20", 
        "High": 90.690002, 
        "Low": 88.300003, 
        "Open": 89.470001, 
        "Volume": 1729600, 
        "day": 5, 
        "week": 25
    }
}