{
    "day": {
        "Adj Close": 2.313766, 
        "Close": 28.0, 
        "Company": "TROW", 
        "Date": "1994-06-23", 
        "High": 30.0, 
        "Low": 27.62496, 
        "Open": 29.75, 
        "Volume": 2113600, 
        "day": 4, 
        "week": 25
    }
}