{
    "day": {
        "Adj Close": 17.084999, 
        "Close": 37.549999, 
        "Company": "MDLZ", 
        "Date": "2002-08-06", 
        "High": 38.43, 
        "Low": 37.439999, 
        "Open": 38.0, 
        "Volume": 1522000, 
        "day": 2, 
        "week": 32
    }
}