{
    "day": {
        "Adj Close": 16.475924, 
        "Close": 43.48, 
        "Company": "TROW", 
        "Date": "2003-09-22", 
        "High": 43.849998, 
        "Low": 43.080002, 
        "Open": 43.75, 
        "Volume": 1482800, 
        "day": 1, 
        "week": 39
    }
}