{
    "day": {
        "Adj Close": 82.099998, 
        "Close": 82.099998, 
        "Company": "WBA", 
        "Date": "2016-03-16", 
        "High": 82.220001, 
        "Low": 80.940002, 
        "Open": 81.209999, 
        "Volume": 3212100, 
        "day": 16, 
        "month": 3
    }
}