{
    "day": {
        "Adj Close": 14.247638,
        "Close": 18.73,
        "Company": "SUNS",
        "Date": "2013-03-04",
        "High": 18.799999,
        "Low": 18.5,
        "Open": 18.5,
        "Volume": 24800,
        "day": 1,
        "week": 10
    }
}