{
    "day": {
        "Adj Close": 14.361741,
        "Close": 18.879999,
        "Company": "SUNS",
        "Date": "2013-03-05",
        "High": 19.08,
        "Low": 18.799999,
        "Open": 18.84,
        "Volume": 62300,
        "day": 2,
        "week": 10
    }
}