{
    "day": {
        "Adj Close": 4.869309, 
        "Close": 57.187519, 
        "Company": "TROW", 
        "Date": "1996-04-08", 
        "High": 58.0, 
        "Low": 56.0, 
        "Open": 56.25, 
        "Volume": 1634400, 
        "day": 1, 
        "week": 15
    }
}