{
    "day": {
        "Adj Close": 13.622574, 
        "Close": 35.950001, 
        "Company": "TROW", 
        "Date": "2003-06-23", 
        "High": 36.599998, 
        "Low": 35.450001, 
        "Open": 36.450001, 
        "Volume": 2112000, 
        "day": 1, 
        "week": 26
    }
}