{
    "day": {
        "Adj Close": 13.834774, 
        "Close": 36.509998, 
        "Company": "TROW", 
        "Date": "2003-06-24", 
        "High": 36.75, 
        "Low": 35.740002, 
        "Open": 36.18, 
        "Volume": 1293600, 
        "day": 2, 
        "week": 26
    }
}