{
    "day": {
        "Adj Close": 16.621757, 
        "Close": 29.17, 
        "Company": "MDLZ", 
        "Date": "2010-03-08", 
        "High": 29.43, 
        "Low": 29.09, 
        "Open": 29.360001, 
        "Volume": 7578600, 
        "day": 1, 
        "week": 10
    }
}