{
    "day": {
        "Adj Close": 16.764213, 
        "Close": 29.42, 
        "Company": "MDLZ", 
        "Date": "2010-03-11", 
        "High": 29.42, 
        "Low": 29.110001, 
        "Open": 29.32, 
        "Volume": 8597100, 
        "day": 4, 
        "week": 10
    }
}