{
    "day": {
        "Adj Close": 1.316638, 
        "Close": 30.62496, 
        "Company": "WBA", 
        "Date": "1987-11-13", 
        "High": 31.0, 
        "Low": 30.5, 
        "Open": 30.62496, 
        "Volume": 846400, 
        "day": 5, 
        "week": 46
    }
}