{
    "day": {
        "Adj Close": 20.149772, 
        "Close": 52.75, 
        "Company": "TROW", 
        "Date": "2004-01-29", 
        "High": 52.75, 
        "Low": 50.950001, 
        "Open": 50.959999, 
        "Volume": 2527400, 
        "day": 29, 
        "month": 1
    }
}