{
    "day": {
        "Adj Close": 19.9244, 
        "Close": 52.16, 
        "Company": "TROW", 
        "Date": "2004-01-30", 
        "High": 52.5, 
        "Low": 51.610001, 
        "Open": 52.240002, 
        "Volume": 1867800, 
        "day": 30, 
        "month": 1
    }
}