{
    "day": {
        "Adj Close": 20.605208, 
        "Close": 34.209999, 
        "Company": "MDLZ", 
        "Date": "2011-08-16", 
        "High": 34.540001, 
        "Low": 34.029999, 
        "Open": 34.459999, 
        "Volume": 12692900, 
        "day": 2, 
        "week": 33
    }
}