{
    "day": {
        "Adj Close": 24.077081, 
        "Close": 39.040001, 
        "Company": "MDLZ", 
        "Date": "2012-05-11", 
        "High": 39.259998, 
        "Low": 38.93, 
        "Open": 38.959999, 
        "Volume": 8036600, 
        "day": 5, 
        "week": 19
    }
}