{
    "day": {
        "Adj Close": 46.200001,
        "Close": 46.200001,
        "Company": "TCBI",
        "Date": "2013-07-03",
        "High": 46.220001,
        "Low": 44.68,
        "Open": 44.68,
        "Volume": 197800,
        "day": 3,
        "week": 27
    }
}