{
    "day": {
        "Adj Close": 17.954416, 
        "Close": 30.620001, 
        "Company": "MDLZ", 
        "Date": "2010-11-12", 
        "High": 30.76, 
        "Low": 30.23, 
        "Open": 30.26, 
        "Volume": 8077700, 
        "day": 12, 
        "month": 11
    }
}