{
    "day": {
        "Adj Close": 44.669998, 
        "Close": 44.669998, 
        "Company": "FANG", 
        "Date": "2013-09-18", 
        "High": 45.380001, 
        "Low": 43.740002, 
        "Open": 45.049999, 
        "Volume": 441400, 
        "day": 18, 
        "month": 9
    }
}