{
    "day": {
        "Adj Close": 42.779999, 
        "Close": 42.779999, 
        "Company": "FANG", 
        "Date": "2013-09-20", 
        "High": 44.509998, 
        "Low": 41.880001, 
        "Open": 43.970001, 
        "Volume": 1209100, 
        "day": 20, 
        "month": 9
    }
}