{
    "day": {
        "Adj Close": 3.558293, 
        "Close": 38.124962, 
        "Company": "WBA", 
        "Date": "1992-08-24", 
        "High": 38.624962, 
        "Low": 38.0, 
        "Open": 38.5, 
        "Volume": 1579200, 
        "day": 1, 
        "week": 35
    }
}