{
    "day": {
        "Adj Close": 3.639962, 
        "Close": 39.0, 
        "Company": "WBA", 
        "Date": "1992-08-25", 
        "High": 39.0, 
        "Low": 37.875038, 
        "Open": 38.0, 
        "Volume": 1811200, 
        "day": 2, 
        "week": 35
    }
}