{
    "day": {
        "Adj Close": 3.581633, 
        "Close": 38.375038, 
        "Company": "WBA", 
        "Date": "1992-08-28", 
        "High": 38.75, 
        "Low": 38.375038, 
        "Open": 38.624962, 
        "Volume": 1091200, 
        "day": 5, 
        "week": 35
    }
}