{
    "day": {
        "Adj Close": 36.990002, 
        "Close": 36.990002, 
        "Company": "TSLA", 
        "Date": "2013-01-24", 
        "High": 37.720001, 
        "Low": 35.84, 
        "Open": 36.0, 
        "Volume": 1970400, 
        "day": 24, 
        "month": 1
    }
}