{
    "day": {
        "Adj Close": 38.029999, 
        "Close": 38.029999, 
        "Company": "TSLA", 
        "Date": "2013-01-28", 
        "High": 38.709999, 
        "Low": 36.860001, 
        "Open": 36.860001, 
        "Volume": 1986000, 
        "day": 28, 
        "month": 1
    }
}