{
    "day": {
        "Adj Close": 50.062869,
        "Close": 52.919998,
        "Company": "LPLA",
        "Date": "2014-01-17",
        "High": 53.060001,
        "Low": 52.669998,
        "Open": 52.860001,
        "Volume": 502400,
        "day": 17,
        "month": 1
    }
}