{
    "day": {
        "Adj Close": 50.68724,
        "Close": 53.580002,
        "Company": "LPLA",
        "Date": "2014-01-30",
        "High": 53.98,
        "Low": 53.209999,
        "Open": 53.799999,
        "Volume": 786300,
        "day": 30,
        "month": 1
    }
}