{
    "day": {
        "Adj Close": 30.961586, 
        "Close": 36.459999, 
        "Company": "WBA", 
        "Date": "2007-12-05", 
        "High": 36.490002, 
        "Low": 35.82, 
        "Open": 35.82, 
        "Volume": 9204900, 
        "day": 5, 
        "month": 12
    }
}