{
    "day": {
        "Adj Close": 204.039993, 
        "Close": 204.039993, 
        "Company": "TSLA", 
        "Date": "2014-12-15", 
        "High": 209.800003, 
        "Low": 202.669998, 
        "Open": 209.289993, 
        "Volume": 5218300, 
        "day": 15, 
        "month": 12
    }
}