{
    "day": {
        "Adj Close": 22.155495, 
        "Close": 25.639999, 
        "Company": "WBA", 
        "Date": "2009-02-18", 
        "High": 25.9, 
        "Low": 25.08, 
        "Open": 25.58, 
        "Volume": 6880900, 
        "day": 3, 
        "week": 8
    }
}