{
    "day": {
        "Adj Close": 22.319675, 
        "Close": 25.83, 
        "Company": "WBA", 
        "Date": "2009-02-19", 
        "High": 27.25, 
        "Low": 25.790001, 
        "Open": 26.15, 
        "Volume": 9317800, 
        "day": 4, 
        "week": 8
    }
}