{
    "day": {
        "Adj Close": 74.368787, 
        "Close": 80.660004, 
        "Company": "TROW", 
        "Date": "2014-02-18", 
        "High": 81.07, 
        "Low": 80.110001, 
        "Open": 80.690002, 
        "Volume": 876500, 
        "day": 2, 
        "week": 8
    }
}