{
    "day": {
        "Adj Close": 44.640169,
        "Close": 46.740002,
        "Company": "LPLA",
        "Date": "2014-05-20",
        "High": 47.209999,
        "Low": 46.470001,
        "Open": 47.150002,
        "Volume": 484500,
        "day": 2,
        "week": 21
    }
}