{
    "day": {
        "Adj Close": 45.690749,
        "Close": 47.84,
        "Company": "LPLA",
        "Date": "2014-05-21",
        "High": 47.950001,
        "Low": 46.580002,
        "Open": 46.580002,
        "Volume": 715700,
        "day": 3,
        "week": 21
    }
}