{
    "day": {
        "Adj Close": 14.061669,
        "Close": 18.6,
        "Company": "SUNS",
        "Date": "2013-02-04",
        "High": 18.860001,
        "Low": 18.549999,
        "Open": 18.75,
        "Volume": 37200,
        "day": 1,
        "week": 6
    }
}