{
    "day": {
        "Adj Close": 14.099468,
        "Close": 18.65,
        "Company": "SUNS",
        "Date": "2013-02-07",
        "High": 18.92,
        "Low": 18.549999,
        "Open": 18.690001,
        "Volume": 56500,
        "day": 4,
        "week": 6
    }
}