{
    "day": {
        "Adj Close": 34.780601, 
        "Close": 35.779999, 
        "Company": "MDLZ", 
        "Date": "2014-08-15", 
        "High": 36.0, 
        "Low": 35.59, 
        "Open": 36.0, 
        "Volume": 7733900, 
        "day": 5, 
        "week": 33
    }
}