{
    "day": {
        "Adj Close": 67.911298, 
        "Close": 68.419998, 
        "Company": "TROW", 
        "Date": "2016-01-28", 
        "High": 70.800003, 
        "Low": 68.010002, 
        "Open": 68.25, 
        "Volume": 2984700, 
        "day": 4, 
        "week": 4
    }
}