{
    "day": {
        "Adj Close": 70.422486, 
        "Close": 70.949997, 
        "Company": "TROW", 
        "Date": "2016-01-29", 
        "High": 71.160004, 
        "Low": 68.440002, 
        "Open": 68.510002, 
        "Volume": 2844000, 
        "day": 5, 
        "week": 4
    }
}