{
    "day": {
        "Adj Close": 57.952964, 
        "Close": 67.010002, 
        "Company": "TROW", 
        "Date": "2011-02-07", 
        "High": 67.559998, 
        "Low": 66.199997, 
        "Open": 66.279999, 
        "Volume": 1511500, 
        "day": 1, 
        "week": 6
    }
}