{
    "day": {
        "Adj Close": 58.160524, 
        "Close": 67.25, 
        "Company": "TROW", 
        "Date": "2011-02-08", 
        "High": 67.5, 
        "Low": 66.800003, 
        "Open": 67.25, 
        "Volume": 1008000, 
        "day": 2, 
        "week": 6
    }
}