{
    "day": {
        "Adj Close": 34.657999,
        "Close": 36.990002,
        "Company": "LPLA",
        "Date": "2013-05-30",
        "High": 37.139999,
        "Low": 36.529999,
        "Open": 36.709999,
        "Volume": 494000,
        "day": 4,
        "week": 22
    }
}