{
    "day": {
        "Adj Close": 16.969999,
        "Close": 16.969999,
        "Company": "TCBI",
        "Date": "2004-03-05",
        "High": 17.1,
        "Low": 16.4,
        "Open": 16.6,
        "Volume": 133100,
        "day": 5,
        "week": 10
    }
}