{
    "day": {
        "Adj Close": 3.561695, 
        "Close": 37.875038, 
        "Company": "WBA", 
        "Date": "1993-04-15", 
        "High": 38.0, 
        "Low": 37.75, 
        "Open": 38.0, 
        "Volume": 1091200, 
        "day": 105, 
        "year": 1993
    }
}