{
    "day": {
        "Adj Close": 3.44414, 
        "Close": 36.624962, 
        "Company": "WBA", 
        "Date": "1993-04-19", 
        "High": 37.124962, 
        "Low": 36.25, 
        "Open": 37.124962, 
        "Volume": 1351200, 
        "day": 109, 
        "year": 1993
    }
}