{
    "day": {
        "Adj Close": 3.828929, 
        "Close": 40.875038, 
        "Company": "WBA", 
        "Date": "1993-01-11", 
        "High": 41.124962, 
        "Low": 40.75, 
        "Open": 40.75, 
        "Volume": 989600, 
        "day": 11, 
        "year": 1993
    }
}