{
    "day": {
        "Adj Close": 3.538178, 
        "Close": 37.624962, 
        "Company": "WBA", 
        "Date": "1993-04-22", 
        "High": 38.124962, 
        "Low": 37.5, 
        "Open": 37.624962, 
        "Volume": 1456000, 
        "day": 112, 
        "year": 1993
    }
}