{
    "day": {
        "Adj Close": 3.491159, 
        "Close": 37.124962, 
        "Company": "WBA", 
        "Date": "1993-04-23", 
        "High": 37.624962, 
        "Low": 37.0, 
        "Open": 37.5, 
        "Volume": 1075200, 
        "day": 113, 
        "year": 1993
    }
}