{
    "day": {
        "Adj Close": 3.702752, 
        "Close": 39.375038, 
        "Company": "WBA", 
        "Date": "1993-05-11", 
        "High": 39.75, 
        "Low": 39.0, 
        "Open": 39.624962, 
        "Volume": 2243200, 
        "day": 131, 
        "year": 1993
    }
}