{
    "day": {
        "Adj Close": 3.882006, 
        "Close": 41.124962, 
        "Company": "WBA", 
        "Date": "1993-05-19", 
        "High": 41.375038, 
        "Low": 39.624962, 
        "Open": 39.75, 
        "Volume": 2909600, 
        "day": 139, 
        "year": 1993
    }
}