{
    "day": {
        "Adj Close": 4.047205, 
        "Close": 42.875038, 
        "Company": "WBA", 
        "Date": "1993-06-02", 
        "High": 43.5, 
        "Low": 42.75, 
        "Open": 43.375038, 
        "Volume": 5723200, 
        "day": 153, 
        "year": 1993
    }
}