{
    "day": {
        "Adj Close": 3.811217, 
        "Close": 40.375038, 
        "Company": "WBA", 
        "Date": "1993-06-25", 
        "High": 40.375038, 
        "Low": 39.624962, 
        "Open": 39.75, 
        "Volume": 1032000, 
        "day": 176, 
        "year": 1993
    }
}