{
    "day": {
        "Adj Close": 3.705019, 
        "Close": 39.25, 
        "Company": "WBA", 
        "Date": "1993-07-07", 
        "High": 39.75, 
        "Low": 39.124962, 
        "Open": 39.624962, 
        "Volume": 971200, 
        "day": 188, 
        "year": 1993
    }
}