{
    "day": {
        "Adj Close": 3.775815, 
        "Close": 40.0, 
        "Company": "WBA", 
        "Date": "1993-07-14", 
        "High": 40.5, 
        "Low": 40.0, 
        "Open": 40.124962, 
        "Volume": 1232800, 
        "day": 195, 
        "year": 1993
    }
}