{
    "day": {
        "Adj Close": 3.46903, 
        "Close": 36.75, 
        "Company": "WBA", 
        "Date": "1993-07-26", 
        "High": 37.124962, 
        "Low": 36.5, 
        "Open": 37.124962, 
        "Volume": 1159200, 
        "day": 207, 
        "year": 1993
    }
}