{
    "day": {
        "Adj Close": 3.551622, 
        "Close": 37.624962, 
        "Company": "WBA", 
        "Date": "1993-08-05", 
        "High": 38.624962, 
        "Low": 37.375038, 
        "Open": 38.5, 
        "Volume": 1781600, 
        "day": 217, 
        "year": 1993
    }
}