{
    "day": {
        "Adj Close": 3.622426, 
        "Close": 38.375038, 
        "Company": "WBA", 
        "Date": "1993-08-06", 
        "High": 38.375038, 
        "Low": 37.5, 
        "Open": 37.624962, 
        "Volume": 2048800, 
        "day": 218, 
        "year": 1993
    }
}