{
    "day": {
        "Adj Close": 3.636323, 
        "Close": 38.375038, 
        "Company": "WBA", 
        "Date": "1993-08-27", 
        "High": 38.375038, 
        "Low": 37.875038, 
        "Open": 37.875038, 
        "Volume": 896000, 
        "day": 239, 
        "year": 1993
    }
}