{
    "day": {
        "Adj Close": 3.577096, 
        "Close": 37.75, 
        "Company": "WBA", 
        "Date": "1993-09-20", 
        "High": 39.124962, 
        "Low": 37.5, 
        "Open": 39.124962, 
        "Volume": 1384800, 
        "day": 263, 
        "year": 1993
    }
}