{
    "day": {
        "Adj Close": 3.913376, 
        "Close": 41.124962, 
        "Company": "WBA", 
        "Date": "1993-11-09", 
        "High": 41.375038, 
        "Low": 40.624962, 
        "Open": 40.875038, 
        "Volume": 1264000, 
        "day": 313, 
        "year": 1993
    }
}