{
    "day": {
        "Adj Close": 3.996643, 
        "Close": 42.0, 
        "Company": "WBA", 
        "Date": "1993-11-16", 
        "High": 42.25, 
        "Low": 41.75, 
        "Open": 41.875038, 
        "Volume": 1026400, 
        "day": 320, 
        "year": 1993
    }
}