{
    "day": {
        "Adj Close": 3.877696, 
        "Close": 40.75, 
        "Company": "WBA", 
        "Date": "1993-12-07", 
        "High": 41.124962, 
        "Low": 40.375038, 
        "Open": 40.875038, 
        "Volume": 1004000, 
        "day": 341, 
        "year": 1993
    }
}