{
    "day": {
        "Adj Close": 4.027983, 
        "Close": 43.0, 
        "Company": "WBA", 
        "Date": "1993-01-05", 
        "High": 44.5, 
        "Low": 42.375038, 
        "Open": 44.5, 
        "Volume": 3216800, 
        "day": 5, 
        "year": 1993
    }
}