{
    "day": {
        "Adj Close": 3.643974, 
        "Close": 38.75, 
        "Company": "WBA", 
        "Date": "1993-03-03", 
        "High": 39.0, 
        "Low": 38.375038, 
        "Open": 38.875038, 
        "Volume": 1060000, 
        "day": 62, 
        "year": 1993
    }
}