{
    "day": {
        "Adj Close": 3.502917, 
        "Close": 37.25, 
        "Company": "WBA", 
        "Date": "1993-03-26", 
        "High": 37.875038, 
        "Low": 37.25, 
        "Open": 37.5, 
        "Volume": 1041600, 
        "day": 85, 
        "year": 1993
    }
}