{
    "day": {
        "Adj Close": 3.738012, 
        "Close": 39.75, 
        "Company": "WBA", 
        "Date": "1993-03-30", 
        "High": 39.75, 
        "Low": 38.624962, 
        "Open": 38.75, 
        "Volume": 2248800, 
        "day": 89, 
        "year": 1993
    }
}