{
    "day": {
        "Adj Close": 1.458601, 
        "Close": 36.375038, 
        "Company": "TROW", 
        "Date": "1992-09-29", 
        "High": 36.75008, 
        "Low": 36.0, 
        "Open": 36.24992, 
        "Volume": 716800, 
        "day": 2, 
        "week": 40
    }
}