{
    "day": {
        "Adj Close": 1.52376, 
        "Close": 38.0, 
        "Company": "TROW", 
        "Date": "1992-10-01", 
        "High": 38.0, 
        "Low": 37.24992, 
        "Open": 37.24992, 
        "Volume": 147200, 
        "day": 4, 
        "week": 40
    }
}