{
    "day": {
        "Adj Close": 3.646018, 
        "Close": 38.624962, 
        "Company": "WBA", 
        "Date": "1993-07-16", 
        "High": 39.5, 
        "Low": 38.624962, 
        "Open": 39.5, 
        "Volume": 1592800, 
        "day": 16, 
        "month": 7
    }
}