{
    "day": {
        "Adj Close": 3.587024, 
        "Close": 38.0, 
        "Company": "WBA", 
        "Date": "1993-07-19", 
        "High": 38.75, 
        "Low": 37.875038, 
        "Open": 38.624962, 
        "Volume": 1420000, 
        "day": 19, 
        "month": 7
    }
}