{
    "day": {
        "Adj Close": 3.516228, 
        "Close": 37.25, 
        "Company": "WBA", 
        "Date": "1993-07-27", 
        "High": 37.624962, 
        "Low": 36.624962, 
        "Open": 36.75, 
        "Volume": 1655200, 
        "day": 27, 
        "month": 7
    }
}