{
    "day": {
        "Adj Close": 74.072002, 
        "Close": 79.489998, 
        "Company": "TROW", 
        "Date": "2014-08-20", 
        "High": 79.559998, 
        "Low": 78.629997, 
        "Open": 78.709999, 
        "Volume": 1737300, 
        "day": 20, 
        "month": 8
    }
}