{
    "day": {
        "Adj Close": 74.342237, 
        "Close": 79.779999, 
        "Company": "TROW", 
        "Date": "2014-08-21", 
        "High": 79.919998, 
        "Low": 79.290001, 
        "Open": 79.43, 
        "Volume": 1202600, 
        "day": 21, 
        "month": 8
    }
}