{
    "day": {
        "Adj Close": 72.28287, 
        "Close": 77.57, 
        "Company": "TROW", 
        "Date": "2014-08-04", 
        "High": 77.839996, 
        "Low": 75.610001, 
        "Open": 76.610001, 
        "Volume": 1771200, 
        "day": 4, 
        "month": 8
    }
}