{
    "day": {
        "Adj Close": 72.404007, 
        "Close": 77.699997, 
        "Company": "TROW", 
        "Date": "2014-08-06", 
        "High": 78.290001, 
        "Low": 76.849998, 
        "Open": 76.900002, 
        "Volume": 1527300, 
        "day": 6, 
        "month": 8
    }
}