{
    "day": {
        "Adj Close": 51.619999,
        "Close": 51.619999,
        "Company": "TCBI",
        "Date": "2012-10-05",
        "High": 52.169998,
        "Low": 51.0,
        "Open": 51.080002,
        "Volume": 349300,
        "day": 5,
        "week": 40
    }
}