{
    "day": {
        "Adj Close": 14.562057, 
        "Close": 27.049999, 
        "Company": "MDLZ", 
        "Date": "2008-11-12", 
        "High": 28.01, 
        "Low": 26.98, 
        "Open": 27.5, 
        "Volume": 14966800, 
        "day": 12, 
        "month": 11
    }
}