{
    "day": {
        "Adj Close": 15.132697, 
        "Close": 28.110001, 
        "Company": "MDLZ", 
        "Date": "2008-11-13", 
        "High": 28.15, 
        "Low": 26.27, 
        "Open": 27.15, 
        "Volume": 22936900, 
        "day": 13, 
        "month": 11
    }
}