{
    "day": {
        "Adj Close": 69.269997, 
        "Close": 69.269997, 
        "Company": "FANG", 
        "Date": "2014-10-09", 
        "High": 72.43, 
        "Low": 68.559998, 
        "Open": 72.43, 
        "Volume": 1436100, 
        "day": 4, 
        "week": 41
    }
}