{
    "day": {
        "Adj Close": 40.782356, 
        "Close": 50.98, 
        "Company": "TROW", 
        "Date": "2007-04-20", 
        "High": 51.09, 
        "Low": 49.380001, 
        "Open": 50.959999, 
        "Volume": 1491500, 
        "day": 20, 
        "month": 4
    }
}