{
    "day": {
        "Adj Close": 38.614444, 
        "Close": 48.27, 
        "Company": "TROW", 
        "Date": "2007-04-03", 
        "High": 48.389999, 
        "Low": 47.599998, 
        "Open": 47.82, 
        "Volume": 1100300, 
        "day": 3, 
        "month": 4
    }
}