{
    "day": {
        "Adj Close": 2.474365, 
        "Close": 60.624962, 
        "Company": "TROW", 
        "Date": "1993-09-28", 
        "High": 61.24992, 
        "Low": 60.24992, 
        "Open": 61.0, 
        "Volume": 123200, 
        "day": 2, 
        "week": 39
    }
}