{
    "day": {
        "Adj Close": 16.566485, 
        "Close": 31.32, 
        "Company": "MDLZ", 
        "Date": "2008-04-23", 
        "High": 31.360001, 
        "Low": 30.92, 
        "Open": 31.0, 
        "Volume": 5103200, 
        "day": 3, 
        "week": 17
    }
}