{
    "day": {
        "Adj Close": 21.059999,
        "Close": 21.059999,
        "Company": "TCBI",
        "Date": "2010-12-09",
        "High": 21.209999,
        "Low": 20.889999,
        "Open": 21.0,
        "Volume": 190300,
        "day": 4,
        "week": 49
    }
}