{
    "day": {
        "Adj Close": 19.360001,
        "Close": 19.360001,
        "Company": "TCBI",
        "Date": "2005-06-13",
        "High": 19.450001,
        "Low": 19.25,
        "Open": 19.309999,
        "Volume": 70700,
        "day": 13,
        "month": 6
    }
}