{
    "day": {
        "Adj Close": 19.309999,
        "Close": 19.309999,
        "Company": "TCBI",
        "Date": "2005-06-15",
        "High": 19.34,
        "Low": 19.16,
        "Open": 19.34,
        "Volume": 120100,
        "day": 15,
        "month": 6
    }
}