{
    "day": {
        "Adj Close": 19.360001,
        "Close": 19.360001,
        "Company": "TCBI",
        "Date": "2005-06-17",
        "High": 19.469999,
        "Low": 19.200001,
        "Open": 19.450001,
        "Volume": 119800,
        "day": 17,
        "month": 6
    }
}