{
    "day": {
        "Adj Close": 14.638109, 
        "Close": 38.799999, 
        "Company": "TROW", 
        "Date": "2003-06-17", 
        "High": 38.990002, 
        "Low": 37.959999, 
        "Open": 38.400002, 
        "Volume": 1333800, 
        "day": 2, 
        "week": 25
    }
}