{
    "day": {
        "Adj Close": 17.33625, 
        "Close": 21.01, 
        "Company": "TROW", 
        "Date": "2009-03-05", 
        "High": 22.0, 
        "Low": 20.68, 
        "Open": 21.790001, 
        "Volume": 10298700, 
        "day": 5, 
        "month": 3
    }
}