{
    "day": {
        "Adj Close": 15.704776, 
        "Close": 32.540001, 
        "Company": "MDLZ", 
        "Date": "2005-05-10", 
        "High": 32.77, 
        "Low": 32.400002, 
        "Open": 32.400002, 
        "Volume": 1124800, 
        "day": 2, 
        "week": 19
    }
}