{
    "day": {
        "Adj Close": 18.049999,
        "Close": 18.049999,
        "Company": "TCBI",
        "Date": "2004-09-22",
        "High": 18.15,
        "Low": 17.85,
        "Open": 18.120001,
        "Volume": 66700,
        "day": 3,
        "week": 39
    }
}