{
    "day": {
        "Adj Close": 13.748904, 
        "Close": 29.51, 
        "Company": "MDLZ", 
        "Date": "2003-10-13", 
        "High": 29.620001, 
        "Low": 29.469999, 
        "Open": 29.469999, 
        "Volume": 1176700, 
        "day": 1, 
        "week": 42
    }
}