{
    "day": {
        "Adj Close": 14.919096, 
        "Close": 33.009998, 
        "Company": "MDLZ", 
        "Date": "2002-01-04", 
        "High": 33.799999, 
        "Low": 32.5, 
        "Open": 33.75, 
        "Volume": 2938400, 
        "day": 5, 
        "week": 1
    }
}