{
    "day": {
        "Adj Close": 19.870001, 
        "Close": 19.870001, 
        "Company": "TSLA", 
        "Date": "2010-08-30", 
        "High": 20.190001, 
        "Low": 19.610001, 
        "Open": 19.700001, 
        "Volume": 732800, 
        "day": 1, 
        "week": 35
    }
}