{
    "day": {
        "Adj Close": 21.049999, 
        "Close": 21.049999, 
        "Company": "TSLA", 
        "Date": "2010-09-03", 
        "High": 21.299999, 
        "Low": 20.66, 
        "Open": 20.870001, 
        "Volume": 434600, 
        "day": 5, 
        "week": 35
    }
}