{
    "day": {
        "Adj Close": 20.488056, 
        "Close": 23.809999, 
        "Company": "WBA", 
        "Date": "2008-11-25", 
        "High": 24.969999, 
        "Low": 23.139999, 
        "Open": 24.690001, 
        "Volume": 9826700, 
        "day": 2, 
        "week": 48
    }
}