{
    "day": {
        "Adj Close": 34.35487, 
        "Close": 36.66, 
        "Company": "WBA", 
        "Date": "2012-12-26", 
        "High": 36.939999, 
        "Low": 36.310001, 
        "Open": 36.470001, 
        "Volume": 6414200, 
        "day": 26, 
        "month": 12
    }
}