{
    "day": {
        "Adj Close": 33.5958, 
        "Close": 35.849998, 
        "Company": "WBA", 
        "Date": "2012-12-06", 
        "High": 35.990002, 
        "Low": 35.580002, 
        "Open": 35.630001, 
        "Volume": 6952000, 
        "day": 6, 
        "month": 12
    }
}