{
    "day": {
        "Adj Close": 24.100808, 
        "Close": 62.16, 
        "Company": "TROW", 
        "Date": "2005-03-14", 
        "High": 62.360001, 
        "Low": 61.18, 
        "Open": 61.380001, 
        "Volume": 863200, 
        "day": 1, 
        "week": 11
    }
}