{
    "day": {
        "Adj Close": 24.023263, 
        "Close": 61.959999, 
        "Company": "TROW", 
        "Date": "2005-03-18", 
        "High": 62.23, 
        "Low": 61.32, 
        "Open": 61.369999, 
        "Volume": 2094000, 
        "day": 5, 
        "week": 11
    }
}