{
    "day": {
        "Adj Close": 34.036568, 
        "Close": 40.18, 
        "Company": "WBA", 
        "Date": "2007-10-26", 
        "High": 40.400002, 
        "Low": 39.900002, 
        "Open": 40.02, 
        "Volume": 6097300, 
        "day": 5, 
        "week": 43
    }
}