{
    "day": {
        "Adj Close": 35.911945,
        "Close": 38.139999,
        "Company": "LPLA",
        "Date": "2013-08-16",
        "High": 38.150002,
        "Low": 37.779999,
        "Open": 37.950001,
        "Volume": 843000,
        "day": 5,
        "week": 33
    }
}