{
    "day": {
        "Adj Close": 22.139999,
        "Close": 22.139999,
        "Company": "TCBI",
        "Date": "2006-06-22",
        "High": 22.51,
        "Low": 21.959999,
        "Open": 22.450001,
        "Volume": 62900,
        "day": 4,
        "week": 25
    }
}