{
    "day": {
        "Adj Close": 3.276462, 
        "Close": 35.375038, 
        "Company": "WBA", 
        "Date": "1992-03-23", 
        "High": 35.875038, 
        "Low": 34.875038, 
        "Open": 35.875038, 
        "Volume": 3693600, 
        "day": 1, 
        "week": 13
    }
}