{
    "day": {
        "Adj Close": 3.29961, 
        "Close": 35.624962, 
        "Company": "WBA", 
        "Date": "1992-03-24", 
        "High": 35.875038, 
        "Low": 35.5, 
        "Open": 35.624962, 
        "Volume": 1011200, 
        "day": 2, 
        "week": 13
    }
}