{
    "day": {
        "Adj Close": 3.29961, 
        "Close": 35.624962, 
        "Company": "WBA", 
        "Date": "1992-03-25", 
        "High": 35.875038, 
        "Low": 35.375038, 
        "Open": 35.624962, 
        "Volume": 852800, 
        "day": 3, 
        "week": 13
    }
}