{
    "day": {
        "Adj Close": 3.276462, 
        "Close": 35.375038, 
        "Company": "WBA", 
        "Date": "1992-03-26", 
        "High": 35.75, 
        "Low": 35.124962, 
        "Open": 35.75, 
        "Volume": 1032800, 
        "day": 4, 
        "week": 13
    }
}