{
    "day": {
        "Adj Close": 41.23515,
        "Close": 42.709999,
        "Company": "LPLA",
        "Date": "2015-01-09",
        "High": 43.75,
        "Low": 42.279999,
        "Open": 43.549999,
        "Volume": 830100,
        "day": 9,
        "month": 1
    }
}