{
    "day": {
        "Adj Close": 3.561695, 
        "Close": 37.875038, 
        "Company": "WBA", 
        "Date": "1993-03-16", 
        "High": 38.124962, 
        "Low": 37.875038, 
        "Open": 38.0, 
        "Volume": 551200, 
        "day": 16, 
        "month": 3
    }
}