{
    "day": {
        "Adj Close": 3.526427, 
        "Close": 37.5, 
        "Company": "WBA", 
        "Date": "1993-03-25", 
        "High": 37.5, 
        "Low": 37.25, 
        "Open": 37.375038, 
        "Volume": 1305600, 
        "day": 25, 
        "month": 3
    }
}