{
    "day": {
        "Adj Close": 32.884508, 
        "Close": 38.82, 
        "Company": "WBA", 
        "Date": "2007-10-12", 
        "High": 39.139999, 
        "Low": 38.709999, 
        "Open": 38.869999, 
        "Volume": 6888500, 
        "day": 5, 
        "week": 41
    }
}