{
    "day": {
        "Adj Close": 1.424119, 
        "Close": 33.124962, 
        "Company": "WBA", 
        "Date": "1987-12-23", 
        "High": 33.875038, 
        "Low": 33.124962, 
        "Open": 33.375038, 
        "Volume": 1464000, 
        "day": 3, 
        "week": 52
    }
}