{
    "day": {
        "Adj Close": 36.254957, 
        "Close": 36.830002, 
        "Company": "MDLZ", 
        "Date": "2015-04-22", 
        "High": 36.880001, 
        "Low": 36.439999, 
        "Open": 36.630001, 
        "Volume": 6069800, 
        "day": 3, 
        "week": 17
    }
}