{
    "day": {
        "Adj Close": 19.059999,
        "Close": 19.059999,
        "Company": "TCBI",
        "Date": "2006-10-13",
        "High": 19.309999,
        "Low": 19.059999,
        "Open": 19.299999,
        "Volume": 84900,
        "day": 5,
        "week": 41
    }
}