{
    "day": {
        "Adj Close": 33.329458, 
        "Close": 40.700001, 
        "Company": "WBA", 
        "Date": "2001-06-12", 
        "High": 40.84, 
        "Low": 39.950001, 
        "Open": 39.950001, 
        "Volume": 1820600, 
        "day": 12, 
        "month": 6
    }
}