{
    "day": {
        "Adj Close": 28.694453, 
        "Close": 35.040001, 
        "Company": "WBA", 
        "Date": "2001-06-27", 
        "High": 36.259998, 
        "Low": 34.799999, 
        "Open": 36.25, 
        "Volume": 13467100, 
        "day": 27, 
        "month": 6
    }
}