{
    "day": {
        "Adj Close": 28.547049, 
        "Close": 34.860001, 
        "Company": "WBA", 
        "Date": "2001-06-28", 
        "High": 35.110001, 
        "Low": 34.5, 
        "Open": 35.0, 
        "Volume": 6657100, 
        "day": 28, 
        "month": 6
    }
}