{
    "day": {
        "Adj Close": 19.682405,
        "Close": 19.92,
        "Company": "LPLA",
        "Date": "2016-02-22",
        "High": 20.870001,
        "Low": 19.610001,
        "Open": 20.299999,
        "Volume": 1348500,
        "day": 1,
        "week": 8
    }
}