{
    "day": {
        "Adj Close": 19.119204,
        "Close": 19.35,
        "Company": "LPLA",
        "Date": "2016-02-24",
        "High": 19.440001,
        "Low": 17.9,
        "Open": 19.0,
        "Volume": 1590200,
        "day": 3,
        "week": 8
    }
}