{
    "day": {
        "Adj Close": 45.459999,
        "Close": 45.459999,
        "Company": "TCBI",
        "Date": "2015-01-16",
        "High": 46.110001,
        "Low": 43.720001,
        "Open": 44.02,
        "Volume": 1143300,
        "day": 5,
        "week": 3
    }
}