{
    "day": {
        "Adj Close": 15.17871, 
        "Close": 31.450001, 
        "Company": "MDLZ", 
        "Date": "2005-04-18", 
        "High": 32.139999, 
        "Low": 31.370001, 
        "Open": 32.029999, 
        "Volume": 1734800, 
        "day": 18, 
        "month": 4
    }
}