{
    "day": {
        "Adj Close": 15.062878, 
        "Close": 31.209999, 
        "Company": "MDLZ", 
        "Date": "2005-04-25", 
        "High": 31.309999, 
        "Low": 30.48, 
        "Open": 30.48, 
        "Volume": 2269000, 
        "day": 25, 
        "month": 4
    }
}