{
    "day": {
        "Adj Close": 15.936438, 
        "Close": 33.02, 
        "Company": "MDLZ", 
        "Date": "2005-04-05", 
        "High": 33.119999, 
        "Low": 32.630001, 
        "Open": 32.689999, 
        "Volume": 1489100, 
        "day": 5, 
        "month": 4
    }
}