{
    "day": {
        "Adj Close": 15.806128, 
        "Close": 32.75, 
        "Company": "MDLZ", 
        "Date": "2005-04-07", 
        "High": 32.889999, 
        "Low": 32.639999, 
        "Open": 32.799999, 
        "Volume": 1158300, 
        "day": 7, 
        "month": 4
    }
}