{
    "day": {
        "Adj Close": 17.719299, 
        "Close": 34.07, 
        "Company": "MDLZ", 
        "Date": "2007-10-08", 
        "High": 34.450001, 
        "Low": 33.939999, 
        "Open": 34.450001, 
        "Volume": 5084200, 
        "day": 1, 
        "week": 41
    }
}