{
    "day": {
        "Adj Close": 2.049217, 
        "Close": 46.124962, 
        "Company": "WBA", 
        "Date": "1989-08-23", 
        "High": 46.375038, 
        "Low": 45.624962, 
        "Open": 45.75008, 
        "Volume": 1388800, 
        "day": 3, 
        "week": 34
    }
}