{
    "day": {
        "Adj Close": 34.459999,
        "Close": 34.459999,
        "Company": "TCBI",
        "Date": "2012-04-04",
        "High": 35.099998,
        "Low": 34.259998,
        "Open": 34.82,
        "Volume": 257600,
        "day": 3,
        "week": 14
    }
}