{
    "day": {
        "Adj Close": 21.700001,
        "Close": 21.700001,
        "Company": "TCBI",
        "Date": "2007-08-30",
        "High": 22.15,
        "Low": 21.57,
        "Open": 21.84,
        "Volume": 85200,
        "day": 4,
        "week": 35
    }
}