{
    "day": {
        "Adj Close": 28.063105, 
        "Close": 34.009998, 
        "Company": "TROW", 
        "Date": "2009-01-08", 
        "High": 34.630001, 
        "Low": 33.130001, 
        "Open": 34.630001, 
        "Volume": 2885600, 
        "day": 4, 
        "week": 2
    }
}