{
    "day": {
        "Adj Close": 202.300003, 
        "Close": 202.300003, 
        "Company": "TSLA", 
        "Date": "2014-06-10", 
        "High": 206.970001, 
        "Low": 201.550003, 
        "Open": 204.429993, 
        "Volume": 3514700, 
        "day": 2, 
        "week": 24
    }
}