{
    "day": {
        "Adj Close": 0.922858, 
        "Close": 24.37504, 
        "Company": "TROW", 
        "Date": "1990-04-18", 
        "High": 24.5, 
        "Low": 23.75008, 
        "Open": 24.24992, 
        "Volume": 592000, 
        "day": 3, 
        "week": 16
    }
}