{
    "day": {
        "Adj Close": 37.680695, 
        "Close": 45.200001, 
        "Company": "WBA", 
        "Date": "2005-03-18", 
        "High": 45.209999, 
        "Low": 44.349998, 
        "Open": 44.470001, 
        "Volume": 7414900, 
        "day": 18, 
        "month": 3
    }
}