{
    "day": {
        "Adj Close": 37.73905, 
        "Close": 45.27, 
        "Company": "WBA", 
        "Date": "2005-03-21", 
        "High": 45.48, 
        "Low": 45.0, 
        "Open": 45.200001, 
        "Volume": 4375100, 
        "day": 21, 
        "month": 3
    }
}