{
    "day": {
        "Adj Close": 38.539347, 
        "Close": 46.23, 
        "Company": "WBA", 
        "Date": "2005-03-24", 
        "High": 46.599998, 
        "Low": 45.549999, 
        "Open": 46.400002, 
        "Volume": 4081600, 
        "day": 24, 
        "month": 3
    }
}