{
    "day": {
        "Adj Close": 37.605667, 
        "Close": 45.110001, 
        "Company": "WBA", 
        "Date": "2005-03-28", 
        "High": 45.919998, 
        "Low": 44.669998, 
        "Open": 44.950001, 
        "Volume": 5430200, 
        "day": 28, 
        "month": 3
    }
}