{
    "day": {
        "Adj Close": 37.222191, 
        "Close": 44.650002, 
        "Company": "WBA", 
        "Date": "2005-03-03", 
        "High": 44.849998, 
        "Low": 44.080002, 
        "Open": 44.189999, 
        "Volume": 4089300, 
        "day": 3, 
        "month": 3
    }
}