{
    "day": {
        "Adj Close": 36.646975, 
        "Close": 43.959999, 
        "Company": "WBA", 
        "Date": "2005-03-09", 
        "High": 44.330002, 
        "Low": 43.700001, 
        "Open": 44.209999, 
        "Volume": 2934100, 
        "day": 9, 
        "month": 3
    }
}