{
    "day": {
        "Adj Close": 33.555972, 
        "Close": 36.099998, 
        "Company": "WBA", 
        "Date": "2012-10-11", 
        "High": 36.18, 
        "Low": 35.68, 
        "Open": 35.77, 
        "Volume": 7444100, 
        "day": 4, 
        "week": 41
    }
}