{
    "day": {
        "Adj Close": 3.87021, 
        "Close": 41.0, 
        "Company": "WBA", 
        "Date": "1993-06-28", 
        "High": 41.124962, 
        "Low": 40.375038, 
        "Open": 40.375038, 
        "Volume": 720000, 
        "day": 1, 
        "week": 26
    }
}