{
    "day": {
        "Adj Close": 90.170508, 
        "Close": 91.709999, 
        "Company": "WBA", 
        "Date": "2015-04-13", 
        "High": 92.739998, 
        "Low": 91.300003, 
        "Open": 91.720001, 
        "Volume": 4520500, 
        "day": 13, 
        "month": 4
    }
}