{
    "day": {
        "Adj Close": 84.536699, 
        "Close": 85.980003, 
        "Company": "WBA", 
        "Date": "2015-04-24", 
        "High": 87.199997, 
        "Low": 85.830002, 
        "Open": 87.160004, 
        "Volume": 4104100, 
        "day": 24, 
        "month": 4
    }
}