{
    "day": {
        "Adj Close": 84.674348, 
        "Close": 86.120003, 
        "Company": "WBA", 
        "Date": "2015-04-27", 
        "High": 86.690002, 
        "Low": 85.629997, 
        "Open": 86.690002, 
        "Volume": 4110200, 
        "day": 27, 
        "month": 4
    }
}