{
    "day": {
        "Adj Close": 85.814872, 
        "Close": 87.279999, 
        "Company": "WBA", 
        "Date": "2015-04-07", 
        "High": 88.25, 
        "Low": 87.110001, 
        "Open": 87.599998, 
        "Volume": 3906000, 
        "day": 7, 
        "month": 4
    }
}