{
    "day": {
        "Adj Close": 13.402214,
        "Close": 18.200001,
        "Company": "SUNS",
        "Date": "2012-09-20",
        "High": 18.34,
        "Low": 18.09,
        "Open": 18.1,
        "Volume": 37300,
        "day": 4,
        "week": 38
    }
}