{
    "day": {
        "Adj Close": 2.109331, 
        "Close": 47.24992, 
        "Company": "WBA", 
        "Date": "1990-01-03", 
        "High": 48.0, 
        "Low": 46.875038, 
        "Open": 48.0, 
        "Volume": 1371200, 
        "day": 3, 
        "week": 1
    }
}