{
    "day": {
        "Adj Close": 2.03679, 
        "Close": 45.624962, 
        "Company": "WBA", 
        "Date": "1990-01-04", 
        "High": 47.124962, 
        "Low": 45.375038, 
        "Open": 47.0, 
        "Volume": 2323200, 
        "day": 4, 
        "week": 1
    }
}