{
    "day": {
        "Adj Close": 1.986569, 
        "Close": 44.5, 
        "Company": "WBA", 
        "Date": "1990-01-05", 
        "High": 45.624962, 
        "Low": 44.24992, 
        "Open": 45.624962, 
        "Volume": 2537600, 
        "day": 5, 
        "week": 1
    }
}