{
    "day": {
        "Adj Close": 39.259432,
        "Close": 41.5,
        "Company": "LPLA",
        "Date": "2013-11-11",
        "High": 41.650002,
        "Low": 39.880001,
        "Open": 40.52,
        "Volume": 1449700,
        "day": 11,
        "month": 11
    }
}