{
    "day": {
        "Adj Close": 40.498707,
        "Close": 42.810001,
        "Company": "LPLA",
        "Date": "2013-11-14",
        "High": 42.900002,
        "Low": 42.259998,
        "Open": 42.759998,
        "Volume": 460300,
        "day": 14,
        "month": 11
    }
}