{
    "day": {
        "Adj Close": 37.320111,
        "Close": 39.450001,
        "Company": "LPLA",
        "Date": "2013-11-07",
        "High": 40.75,
        "Low": 39.400002,
        "Open": 40.740002,
        "Volume": 380500,
        "day": 7,
        "month": 11
    }
}