{
    "day": {
        "Adj Close": 68.040001, 
        "Close": 68.040001, 
        "Company": "FANG", 
        "Date": "2014-03-27", 
        "High": 68.900002, 
        "Low": 64.870003, 
        "Open": 65.209999, 
        "Volume": 910700, 
        "day": 4, 
        "week": 13
    }
}