{
    "day": {
        "Adj Close": 22.469999,
        "Close": 22.469999,
        "Company": "TCBI",
        "Date": "2007-07-23",
        "High": 22.57,
        "Low": 22.26,
        "Open": 22.49,
        "Volume": 98000,
        "day": 23,
        "month": 7
    }
}