{
    "day": {
        "Adj Close": 21.76,
        "Close": 21.76,
        "Company": "TCBI",
        "Date": "2007-07-24",
        "High": 22.459999,
        "Low": 21.719999,
        "Open": 22.27,
        "Volume": 206200,
        "day": 24,
        "month": 7
    }
}