{
    "day": {
        "Adj Close": 19.860001,
        "Close": 19.860001,
        "Company": "TCBI",
        "Date": "2007-07-31",
        "High": 20.93,
        "Low": 19.860001,
        "Open": 20.780001,
        "Volume": 98400,
        "day": 31,
        "month": 7
    }
}