{
    "day": {
        "Adj Close": 28.203567, 
        "Close": 29.879999, 
        "Company": "MDLZ", 
        "Date": "2013-03-25", 
        "High": 30.299999, 
        "Low": 29.700001, 
        "Open": 29.950001, 
        "Volume": 18993700, 
        "day": 1, 
        "week": 13
    }
}