{
    "day": {
        "Adj Close": 1.434681, 
        "Close": 34.24992, 
        "Company": "WBA", 
        "Date": "1986-03-14", 
        "High": 34.75008, 
        "Low": 33.24992, 
        "Open": 34.5, 
        "Volume": 3300800, 
        "day": 5, 
        "week": 11
    }
}