{
    "day": {
        "Adj Close": 53.139999,
        "Close": 53.139999,
        "Company": "TCBI",
        "Date": "2014-12-01",
        "High": 55.299999,
        "Low": 52.240002,
        "Open": 54.689999,
        "Volume": 1331200,
        "day": 1,
        "week": 49
    }
}