{
    "day": {
        "Adj Close": 54.950001,
        "Close": 54.950001,
        "Company": "TCBI",
        "Date": "2014-12-04",
        "High": 55.400002,
        "Low": 54.560001,
        "Open": 55.23,
        "Volume": 410800,
        "day": 4,
        "week": 49
    }
}