{
    "day": {
        "Adj Close": 55.610001,
        "Close": 55.610001,
        "Company": "TCBI",
        "Date": "2014-12-05",
        "High": 56.25,
        "Low": 55.290001,
        "Open": 55.290001,
        "Volume": 897900,
        "day": 5,
        "week": 49
    }
}