{
    "day": {
        "Adj Close": 50.5,
        "Close": 50.5,
        "Company": "TCBI",
        "Date": "2015-12-10",
        "High": 51.419998,
        "Low": 50.0,
        "Open": 50.790001,
        "Volume": 522100,
        "day": 10,
        "month": 12
    }
}