{
    "day": {
        "Adj Close": 48.080002,
        "Close": 48.080002,
        "Company": "TCBI",
        "Date": "2015-12-17",
        "High": 50.299999,
        "Low": 48.0,
        "Open": 50.299999,
        "Volume": 549600,
        "day": 17,
        "month": 12
    }
}