{
    "day": {
        "Adj Close": 16.93,
        "Close": 16.93,
        "Company": "TCBI",
        "Date": "2010-02-03",
        "High": 17.110001,
        "Low": 16.639999,
        "Open": 17.1,
        "Volume": 348200,
        "day": 3,
        "week": 5
    }
}