{
    "day": {
        "Adj Close": 28.863436, 
        "Close": 30.18, 
        "Company": "MDLZ", 
        "Date": "2013-07-15", 
        "High": 30.5, 
        "Low": 30.09, 
        "Open": 30.469999, 
        "Volume": 7715500, 
        "day": 15, 
        "month": 7
    }
}