{
    "day": {
        "Adj Close": 29.245986, 
        "Close": 30.58, 
        "Company": "MDLZ", 
        "Date": "2013-07-18", 
        "High": 30.91, 
        "Low": 30.379999, 
        "Open": 30.59, 
        "Volume": 13132100, 
        "day": 18, 
        "month": 7
    }
}