{
    "day": {
        "Adj Close": 27.333233, 
        "Close": 28.58, 
        "Company": "MDLZ", 
        "Date": "2013-07-03", 
        "High": 28.790001, 
        "Low": 28.540001, 
        "Open": 28.58, 
        "Volume": 4534100, 
        "day": 3, 
        "month": 7
    }
}