{
    "day": {
        "Adj Close": 29.905886, 
        "Close": 31.27, 
        "Company": "MDLZ", 
        "Date": "2013-07-31", 
        "High": 31.5, 
        "Low": 31.0, 
        "Open": 31.040001, 
        "Volume": 8444200, 
        "day": 31, 
        "month": 7
    }
}