{
    "day": {
        "Adj Close": 23.546181, 
        "Close": 38.470001, 
        "Company": "MDLZ", 
        "Date": "2012-02-01", 
        "High": 38.790001, 
        "Low": 38.439999, 
        "Open": 38.52, 
        "Volume": 5254800, 
        "day": 1, 
        "month": 2
    }
}