{
    "day": {
        "Adj Close": 23.613509, 
        "Close": 38.580002, 
        "Company": "MDLZ", 
        "Date": "2012-02-10", 
        "High": 38.630001, 
        "Low": 38.349998, 
        "Open": 38.48, 
        "Volume": 6107000, 
        "day": 10, 
        "month": 2
    }
}