{
    "day": {
        "Adj Close": 23.564542, 
        "Close": 38.5, 
        "Company": "MDLZ", 
        "Date": "2012-02-14", 
        "High": 38.610001, 
        "Low": 38.330002, 
        "Open": 38.439999, 
        "Volume": 8029500, 
        "day": 14, 
        "month": 2
    }
}