{
    "day": {
        "Adj Close": 23.607387, 
        "Close": 38.57, 
        "Company": "MDLZ", 
        "Date": "2012-02-21", 
        "High": 38.810001, 
        "Low": 38.310001, 
        "Open": 38.639999, 
        "Volume": 16394500, 
        "day": 21, 
        "month": 2
    }
}