{
    "day": {
        "Adj Close": 23.246268, 
        "Close": 37.98, 
        "Company": "MDLZ", 
        "Date": "2012-02-23", 
        "High": 38.130001, 
        "Low": 37.860001, 
        "Open": 37.889999, 
        "Volume": 7668900, 
        "day": 23, 
        "month": 2
    }
}