{
    "day": {
        "Adj Close": 13.858146,
        "Close": 16.540001,
        "Company": "SUNS",
        "Date": "2014-06-06",
        "High": 16.639999,
        "Low": 16.34,
        "Open": 16.6,
        "Volume": 81300,
        "day": 5,
        "week": 23
    }
}