{
    "day": {
        "Adj Close": 37.889999, 
        "Close": 37.889999, 
        "Company": "TSLA", 
        "Date": "2013-02-12", 
        "High": 38.869999, 
        "Low": 37.290001, 
        "Open": 38.450001, 
        "Volume": 2261300, 
        "day": 12, 
        "month": 2
    }
}