{
    "day": {
        "Adj Close": 35.099998, 
        "Close": 35.099998, 
        "Company": "TSLA", 
        "Date": "2013-02-27", 
        "High": 35.41, 
        "Low": 34.400002, 
        "Open": 34.41, 
        "Volume": 1959200, 
        "day": 27, 
        "month": 2
    }
}