{
    "day": {
        "Adj Close": 18.65805, 
        "Close": 31.82, 
        "Company": "MDLZ", 
        "Date": "2010-10-21", 
        "High": 32.18, 
        "Low": 31.67, 
        "Open": 31.799999, 
        "Volume": 7781000, 
        "day": 4, 
        "week": 42
    }
}