{
    "day": {
        "Adj Close": 14.304434, 
        "Close": 31.200001, 
        "Company": "MDLZ", 
        "Date": "2003-01-29", 
        "High": 32.990002, 
        "Low": 30.959999, 
        "Open": 31.5, 
        "Volume": 25496000, 
        "day": 3, 
        "week": 5
    }
}