{
    "day": {
        "Adj Close": 34.189521,
        "Close": 36.490002,
        "Company": "LPLA",
        "Date": "2013-05-13",
        "High": 36.959999,
        "Low": 35.970001,
        "Open": 36.150002,
        "Volume": 349000,
        "day": 1,
        "week": 20
    }
}