{
    "day": {
        "Adj Close": 25.793196, 
        "Close": 41.200001, 
        "Company": "MDLZ", 
        "Date": "2012-09-27", 
        "High": 41.34, 
        "Low": 41.0, 
        "Open": 41.16, 
        "Volume": 14123700, 
        "day": 27, 
        "month": 9
    }
}