{
    "day": {
        "Adj Close": 54.9919, 
        "Close": 63.279999, 
        "Company": "TROW", 
        "Date": "2011-05-10", 
        "High": 63.450001, 
        "Low": 62.700001, 
        "Open": 62.900002, 
        "Volume": 1171800, 
        "day": 2, 
        "week": 19
    }
}