{
    "day": {
        "Adj Close": 14.440361,
        "Close": 18.290001,
        "Company": "SUNS",
        "Date": "2013-09-13",
        "High": 18.34,
        "Low": 18.129999,
        "Open": 18.209999,
        "Volume": 11900,
        "day": 5,
        "week": 37
    }
}