{
    "day": {
        "Adj Close": 44.524396, 
        "Close": 52.560001, 
        "Company": "TROW", 
        "Date": "2010-03-04", 
        "High": 52.610001, 
        "Low": 51.5, 
        "Open": 51.57, 
        "Volume": 1699000, 
        "day": 4, 
        "week": 9
    }
}