{
    "day": {
        "Adj Close": 14.249869, 
        "Close": 28.879999, 
        "Company": "MDLZ", 
        "Date": "2006-02-13", 
        "High": 29.1, 
        "Low": 28.700001, 
        "Open": 29.0, 
        "Volume": 1031100, 
        "day": 1, 
        "week": 7
    }
}