{
    "day": {
        "Adj Close": 1.853689, 
        "Close": 41.875038, 
        "Company": "WBA", 
        "Date": "1989-06-06", 
        "High": 42.75008, 
        "Low": 41.5, 
        "Open": 42.75008, 
        "Volume": 3448000, 
        "day": 2, 
        "week": 23
    }
}