{
    "day": {
        "Adj Close": 17.639999,
        "Close": 17.639999,
        "Company": "TCBI",
        "Date": "2004-09-27",
        "High": 18.0,
        "Low": 17.639999,
        "Open": 17.84,
        "Volume": 42300,
        "day": 1,
        "week": 40
    }
}