{
    "day": {
        "Adj Close": 17.799999,
        "Close": 17.799999,
        "Company": "TCBI",
        "Date": "2004-09-28",
        "High": 17.799999,
        "Low": 17.57,
        "Open": 17.65,
        "Volume": 61500,
        "day": 2,
        "week": 40
    }
}