{
    "day": {
        "Adj Close": 66.074514, 
        "Close": 73.129997, 
        "Company": "TROW", 
        "Date": "2013-02-11", 
        "High": 73.360001, 
        "Low": 72.82, 
        "Open": 73.220001, 
        "Volume": 964900, 
        "day": 1, 
        "week": 7
    }
}