{
    "day": {
        "Adj Close": 66.716014, 
        "Close": 73.839996, 
        "Company": "TROW", 
        "Date": "2013-02-14", 
        "High": 74.330002, 
        "Low": 73.699997, 
        "Open": 74.029999, 
        "Volume": 1361100, 
        "day": 4, 
        "week": 7
    }
}