{
    "day": {
        "Adj Close": 242.179993, 
        "Close": 242.179993, 
        "Company": "TSLA", 
        "Date": "2015-08-20", 
        "High": 254.559998, 
        "Low": 241.899994, 
        "Open": 252.059998, 
        "Volume": 4905800, 
        "day": 4, 
        "week": 34
    }
}