{
    "day": {
        "Adj Close": 25.093433, 
        "Close": 29.040001, 
        "Company": "WBA", 
        "Date": "2009-04-15", 
        "High": 29.07, 
        "Low": 28.02, 
        "Open": 28.790001, 
        "Volume": 7486700, 
        "day": 15, 
        "month": 4
    }
}