{
    "day": {
        "Adj Close": 25.94025, 
        "Close": 30.02, 
        "Company": "WBA", 
        "Date": "2009-04-17", 
        "High": 30.690001, 
        "Low": 29.530001, 
        "Open": 30.530001, 
        "Volume": 11554100, 
        "day": 17, 
        "month": 4
    }
}