{
    "day": {
        "Adj Close": 64.809998,
        "Close": 64.809998,
        "Company": "TCBI",
        "Date": "2014-03-19",
        "High": 65.629997,
        "Low": 64.0,
        "Open": 64.449997,
        "Volume": 251000,
        "day": 3,
        "week": 12
    }
}