{
    "day": {
        "Adj Close": 57.641958, 
        "Close": 64.129997, 
        "Company": "TROW", 
        "Date": "2012-09-24", 
        "High": 64.580002, 
        "Low": 63.549999, 
        "Open": 63.970001, 
        "Volume": 699800, 
        "day": 1, 
        "week": 39
    }
}