{
    "day": {
        "Adj Close": 16.9,
        "Close": 16.9,
        "Company": "TCBI",
        "Date": "2004-04-12",
        "High": 17.190001,
        "Low": 16.059999,
        "Open": 16.299999,
        "Volume": 72200,
        "day": 12,
        "month": 4
    }
}