{
    "day": {
        "Adj Close": 16.389999,
        "Close": 16.389999,
        "Company": "TCBI",
        "Date": "2004-04-16",
        "High": 16.6,
        "Low": 16.34,
        "Open": 16.6,
        "Volume": 24100,
        "day": 16,
        "month": 4
    }
}