{
    "day": {
        "Adj Close": 14.914709, 
        "Close": 30.0, 
        "Company": "MDLZ", 
        "Date": "2006-04-07", 
        "High": 30.35, 
        "Low": 29.98, 
        "Open": 30.280001, 
        "Volume": 1179900, 
        "day": 5, 
        "week": 14
    }
}