{
    "day": {
        "Adj Close": 42.25,
        "Close": 42.25,
        "Company": "TCBI",
        "Date": "2015-02-02",
        "High": 42.290001,
        "Low": 40.889999,
        "Open": 41.0,
        "Volume": 1110900,
        "day": 2,
        "month": 2
    }
}