{
    "day": {
        "Adj Close": 29.300249,
        "Close": 33.75,
        "Company": "LPLA",
        "Date": "2012-02-01",
        "High": 33.849998,
        "Low": 32.950001,
        "Open": 32.970001,
        "Volume": 287000,
        "day": 3,
        "week": 5
    }
}