{
    "day": {
        "Adj Close": 36.668397, 
        "Close": 37.25, 
        "Company": "MDLZ", 
        "Date": "2015-04-13", 
        "High": 37.419998, 
        "Low": 37.23, 
        "Open": 37.380001, 
        "Volume": 8947300, 
        "day": 103, 
        "year": 2015
    }
}