{
    "day": {
        "Adj Close": 38.04654, 
        "Close": 38.650002, 
        "Company": "MDLZ", 
        "Date": "2015-05-01", 
        "High": 38.68, 
        "Low": 38.41, 
        "Open": 38.529999, 
        "Volume": 8565100, 
        "day": 121, 
        "year": 2015
    }
}