{
    "day": {
        "Adj Close": 35.903897, 
        "Close": 36.630001, 
        "Company": "MDLZ", 
        "Date": "2015-01-13", 
        "High": 37.389999, 
        "Low": 36.34, 
        "Open": 37.049999, 
        "Volume": 7862700, 
        "day": 13, 
        "year": 2015
    }
}