{
    "day": {
        "Adj Close": 38.696235, 
        "Close": 39.310001, 
        "Company": "MDLZ", 
        "Date": "2015-05-12", 
        "High": 39.419998, 
        "Low": 38.91, 
        "Open": 39.110001, 
        "Volume": 6415500, 
        "day": 132, 
        "year": 2015
    }
}