{
    "day": {
        "Adj Close": 39.424679, 
        "Close": 40.049999, 
        "Company": "MDLZ", 
        "Date": "2015-05-14", 
        "High": 40.139999, 
        "Low": 39.52, 
        "Open": 39.540001, 
        "Volume": 12284500, 
        "day": 134, 
        "year": 2015
    }
}