{
    "day": {
        "Adj Close": 40.025155, 
        "Close": 40.66, 
        "Company": "MDLZ", 
        "Date": "2015-05-20", 
        "High": 40.830002, 
        "Low": 40.099998, 
        "Open": 40.34, 
        "Volume": 10110200, 
        "day": 140, 
        "year": 2015
    }
}