{
    "day": {
        "Adj Close": 40.162969, 
        "Close": 40.799999, 
        "Company": "MDLZ", 
        "Date": "2015-06-02", 
        "High": 40.82, 
        "Low": 40.009998, 
        "Open": 40.450001, 
        "Volume": 9509600, 
        "day": 153, 
        "year": 2015
    }
}