{
    "day": {
        "Adj Close": 40.212187, 
        "Close": 40.849998, 
        "Company": "MDLZ", 
        "Date": "2015-06-18", 
        "High": 41.060001, 
        "Low": 40.82, 
        "Open": 40.93, 
        "Volume": 10692400, 
        "day": 169, 
        "year": 2015
    }
}