{
    "day": {
        "Adj Close": 40.409065, 
        "Close": 41.049999, 
        "Company": "MDLZ", 
        "Date": "2015-06-22", 
        "High": 41.450001, 
        "Low": 41.0, 
        "Open": 41.169998, 
        "Volume": 5133700, 
        "day": 173, 
        "year": 2015
    }
}