{
    "day": {
        "Adj Close": 40.438599, 
        "Close": 41.080002, 
        "Company": "MDLZ", 
        "Date": "2015-06-24", 
        "High": 41.290001, 
        "Low": 40.98, 
        "Open": 41.18, 
        "Volume": 6045600, 
        "day": 175, 
        "year": 2015
    }
}