{
    "day": {
        "Adj Close": 40.438599, 
        "Close": 41.080002, 
        "Company": "MDLZ", 
        "Date": "2015-06-25", 
        "High": 41.470001, 
        "Low": 41.029999, 
        "Open": 41.189999, 
        "Volume": 6529600, 
        "day": 176, 
        "year": 2015
    }
}