{
    "day": {
        "Adj Close": 40.764634, 
        "Close": 41.259998, 
        "Company": "MDLZ", 
        "Date": "2015-07-06", 
        "High": 41.48, 
        "Low": 40.98, 
        "Open": 41.200001, 
        "Volume": 9044900, 
        "day": 187, 
        "year": 2015
    }
}