{
    "day": {
        "Adj Close": 40.843675, 
        "Close": 41.34, 
        "Company": "MDLZ", 
        "Date": "2015-07-15", 
        "High": 41.900002, 
        "Low": 41.18, 
        "Open": 41.849998, 
        "Volume": 9288200, 
        "day": 196, 
        "year": 2015
    }
}