{
    "day": {
        "Adj Close": 41.387071, 
        "Close": 41.889999, 
        "Company": "MDLZ", 
        "Date": "2015-07-17", 
        "High": 41.959999, 
        "Low": 41.419998, 
        "Open": 41.959999, 
        "Volume": 4658700, 
        "day": 198, 
        "year": 2015
    }
}