{
    "day": {
        "Adj Close": 41.56491, 
        "Close": 42.07, 
        "Company": "MDLZ", 
        "Date": "2015-07-21", 
        "High": 42.240002, 
        "Low": 41.790001, 
        "Open": 41.849998, 
        "Volume": 5908200, 
        "day": 202, 
        "year": 2015
    }
}