{
    "day": {
        "Adj Close": 41.74275, 
        "Close": 42.25, 
        "Company": "MDLZ", 
        "Date": "2015-07-22", 
        "High": 43.0, 
        "Low": 42.119999, 
        "Open": 42.400002, 
        "Volume": 6694500, 
        "day": 203, 
        "year": 2015
    }
}