{
    "day": {
        "Adj Close": 41.532276, 
        "Close": 41.869999, 
        "Company": "MDLZ", 
        "Date": "2015-09-30", 
        "High": 42.0, 
        "Low": 41.16, 
        "Open": 41.240002, 
        "Volume": 14090700, 
        "day": 273, 
        "year": 2015
    }
}