{
    "day": {
        "Adj Close": 43.545904, 
        "Close": 43.900002, 
        "Company": "MDLZ", 
        "Date": "2015-10-06", 
        "High": 44.41, 
        "Low": 43.830002, 
        "Open": 44.299999, 
        "Volume": 7226900, 
        "day": 279, 
        "year": 2015
    }
}