{
    "day": {
        "Adj Close": 34.962924, 
        "Close": 35.669998, 
        "Company": "MDLZ", 
        "Date": "2015-01-28", 
        "High": 36.470001, 
        "Low": 35.66, 
        "Open": 36.080002, 
        "Volume": 8297300, 
        "day": 28, 
        "year": 2015
    }
}