{
    "day": {
        "Adj Close": 44.686626, 
        "Close": 45.049999, 
        "Company": "MDLZ", 
        "Date": "2015-10-12", 
        "High": 45.220001, 
        "Low": 44.75, 
        "Open": 44.779999, 
        "Volume": 4697400, 
        "day": 285, 
        "year": 2015
    }
}