{
    "day": {
        "Adj Close": 45.083401, 
        "Close": 45.450001, 
        "Company": "MDLZ", 
        "Date": "2015-10-21", 
        "High": 46.02, 
        "Low": 45.049999, 
        "Open": 45.880001, 
        "Volume": 12220200, 
        "day": 294, 
        "year": 2015
    }
}