{
    "day": {
        "Adj Close": 46.224123, 
        "Close": 46.599998, 
        "Company": "MDLZ", 
        "Date": "2015-10-27", 
        "High": 46.970001, 
        "Low": 46.450001, 
        "Open": 46.810001, 
        "Volume": 9294500, 
        "day": 300, 
        "year": 2015
    }
}