{
    "day": {
        "Adj Close": 43.625257, 
        "Close": 43.98, 
        "Company": "MDLZ", 
        "Date": "2015-12-10", 
        "High": 44.34, 
        "Low": 43.52, 
        "Open": 43.580002, 
        "Volume": 8901600, 
        "day": 344, 
        "year": 2015
    }
}