{
    "day": {
        "Adj Close": 43.664935, 
        "Close": 44.02, 
        "Company": "MDLZ", 
        "Date": "2015-12-15", 
        "High": 44.509998, 
        "Low": 43.75, 
        "Open": 44.240002, 
        "Volume": 8121200, 
        "day": 349, 
        "year": 2015
    }
}