{
    "day": {
        "Adj Close": 35.521629, 
        "Close": 36.240002, 
        "Company": "MDLZ", 
        "Date": "2015-01-05", 
        "High": 36.77, 
        "Low": 36.119999, 
        "Open": 36.709999, 
        "Volume": 9621100, 
        "day": 5, 
        "year": 2015
    }
}