{
    "day": {
        "Adj Close": 36.256762, 
        "Close": 36.990002, 
        "Company": "MDLZ", 
        "Date": "2015-02-23", 
        "High": 37.099998, 
        "Low": 36.75, 
        "Open": 36.75, 
        "Volume": 7011900, 
        "day": 54, 
        "year": 2015
    }
}