{
    "day": {
        "Adj Close": 34.384623, 
        "Close": 35.080002, 
        "Company": "MDLZ", 
        "Date": "2015-03-26", 
        "High": 36.029999, 
        "Low": 34.939999, 
        "Open": 35.869999, 
        "Volume": 18564000, 
        "day": 85, 
        "year": 2015
    }
}