{
    "day": {
        "Adj Close": 36.422301, 
        "Close": 37.0, 
        "Company": "MDLZ", 
        "Date": "2015-04-07", 
        "High": 37.150002, 
        "Low": 36.82, 
        "Open": 36.880001, 
        "Volume": 6642300, 
        "day": 97, 
        "year": 2015
    }
}