{
    "day": {
        "Adj Close": 36.806211, 
        "Close": 37.389999, 
        "Company": "MDLZ", 
        "Date": "2015-04-08", 
        "High": 37.43, 
        "Low": 36.950001, 
        "Open": 37.049999, 
        "Volume": 10971300, 
        "day": 98, 
        "year": 2015
    }
}