{
    "day": {
        "Adj Close": 11.38009,
        "Close": 16.440001,
        "Company": "SUNS",
        "Date": "2011-12-06",
        "High": 16.5,
        "Low": 15.78,
        "Open": 15.88,
        "Volume": 31000,
        "day": 2,
        "week": 49
    }
}