{
    "day": {
        "Adj Close": 35.170024, 
        "Close": 40.369999, 
        "Company": "WBA", 
        "Date": "2009-10-16", 
        "High": 40.560001, 
        "Low": 39.48, 
        "Open": 39.84, 
        "Volume": 10599600, 
        "day": 16, 
        "month": 10
    }
}