{
    "day": {
        "Adj Close": 33.288249, 
        "Close": 38.209999, 
        "Company": "WBA", 
        "Date": "2009-10-05", 
        "High": 38.34, 
        "Low": 37.52, 
        "Open": 37.639999, 
        "Volume": 8809700, 
        "day": 5, 
        "month": 10
    }
}