{
    "day": {
        "Adj Close": 34.368529, 
        "Close": 39.450001, 
        "Company": "WBA", 
        "Date": "2009-10-09", 
        "High": 39.599998, 
        "Low": 39.130001, 
        "Open": 39.540001, 
        "Volume": 5507400, 
        "day": 9, 
        "month": 10
    }
}