{
    "day": {
        "Adj Close": 45.689999,
        "Close": 45.689999,
        "Company": "TCBI",
        "Date": "2012-09-05",
        "High": 47.119999,
        "Low": 45.439999,
        "Open": 47.09,
        "Volume": 745200,
        "day": 3,
        "week": 36
    }
}