{
    "day": {
        "Adj Close": 52.330002,
        "Close": 52.330002,
        "Company": "TCBI",
        "Date": "2015-09-24",
        "High": 52.41,
        "Low": 50.82,
        "Open": 51.279999,
        "Volume": 287800,
        "day": 4,
        "week": 39
    }
}