{
    "day": {
        "Adj Close": 26.605825,
        "Close": 28.75,
        "Company": "LPLA",
        "Date": "2012-08-17",
        "High": 28.93,
        "Low": 27.940001,
        "Open": 28.059999,
        "Volume": 570900,
        "day": 17,
        "month": 8
    }
}