{
    "day": {
        "Adj Close": 26.226403,
        "Close": 28.34,
        "Company": "LPLA",
        "Date": "2012-08-20",
        "High": 28.879999,
        "Low": 28.209999,
        "Open": 28.870001,
        "Volume": 351100,
        "day": 20,
        "month": 8
    }
}