{
    "day": {
        "Adj Close": 26.152369,
        "Close": 28.26,
        "Company": "LPLA",
        "Date": "2012-08-21",
        "High": 28.98,
        "Low": 28.209999,
        "Open": 28.469999,
        "Volume": 302100,
        "day": 21,
        "month": 8
    }
}