{
    "day": {
        "Adj Close": 26.392978,
        "Close": 28.52,
        "Company": "LPLA",
        "Date": "2012-08-24",
        "High": 28.790001,
        "Low": 28.08,
        "Open": 28.139999,
        "Volume": 252500,
        "day": 24,
        "month": 8
    }
}