{
    "day": {
        "Adj Close": 26.198639,
        "Close": 28.309999,
        "Company": "LPLA",
        "Date": "2012-08-27",
        "High": 28.74,
        "Low": 27.940001,
        "Open": 28.74,
        "Volume": 318700,
        "day": 27,
        "month": 8
    }
}