{
    "day": {
        "Adj Close": 26.439673,
        "Close": 28.690001,
        "Company": "LPLA",
        "Date": "2012-08-09",
        "High": 28.889999,
        "Low": 28.360001,
        "Open": 28.370001,
        "Volume": 378600,
        "day": 9,
        "month": 8
    }
}