{
    "day": {
        "Adj Close": 1.786173, 
        "Close": 41.75008, 
        "Company": "WBA", 
        "Date": "1987-09-11", 
        "High": 41.75008, 
        "Low": 40.0, 
        "Open": 40.0, 
        "Volume": 1614400, 
        "day": 5, 
        "week": 37
    }
}