{
    "day": {
        "Adj Close": 33.529999, 
        "Close": 33.529999, 
        "Company": "TSLA", 
        "Date": "2013-01-10", 
        "High": 33.990002, 
        "Low": 33.380001, 
        "Open": 33.869999, 
        "Volume": 922500, 
        "day": 4, 
        "week": 2
    }
}