{
    "day": {
        "Adj Close": 230.380005, 
        "Close": 230.380005, 
        "Company": "TSLA", 
        "Date": "2015-12-04", 
        "High": 233.270004, 
        "Low": 227.660004, 
        "Open": 232.460007, 
        "Volume": 2573600, 
        "day": 5, 
        "week": 49
    }
}