{
    "day": {
        "Adj Close": 1.649734, 
        "Close": 39.24992, 
        "Company": "WBA", 
        "Date": "1986-07-01", 
        "High": 39.5, 
        "Low": 39.0, 
        "Open": 39.5, 
        "Volume": 939200, 
        "day": 2, 
        "week": 27
    }
}