{
    "day": {
        "Adj Close": 15.877932, 
        "Close": 41.740002, 
        "Company": "TROW", 
        "Date": "2003-10-06", 
        "High": 41.93, 
        "Low": 41.110001, 
        "Open": 41.349998, 
        "Volume": 1625800, 
        "day": 1, 
        "week": 41
    }
}