{
    "day": {
        "Adj Close": 1.025031, 
        "Close": 54.75008, 
        "Company": "TROW", 
        "Date": "1989-10-09", 
        "High": 54.75008, 
        "Low": 54.0, 
        "Open": 54.0, 
        "Volume": 51200, 
        "day": 282, 
        "year": 1989
    }
}