{
    "day": {
        "Adj Close": 0.968865, 
        "Close": 51.75008, 
        "Company": "TROW", 
        "Date": "1989-10-26", 
        "High": 52.75008, 
        "Low": 51.75008, 
        "Open": 52.24992, 
        "Volume": 156800, 
        "day": 299, 
        "year": 1989
    }
}