{
    "day": {
        "Adj Close": 0.959501, 
        "Close": 51.24992, 
        "Company": "TROW", 
        "Date": "1989-10-27", 
        "High": 52.0, 
        "Low": 51.24992, 
        "Open": 51.75008, 
        "Volume": 153600, 
        "day": 300, 
        "year": 1989
    }
}