{
    "day": {
        "Adj Close": 0.973544, 
        "Close": 52.0, 
        "Company": "TROW", 
        "Date": "1989-11-15", 
        "High": 52.75008, 
        "Low": 52.0, 
        "Open": 52.0, 
        "Volume": 32000, 
        "day": 319, 
        "year": 1989
    }
}