{
    "day": {
        "Adj Close": 0.978223, 
        "Close": 52.24992, 
        "Company": "TROW", 
        "Date": "1989-11-22", 
        "High": 52.24992, 
        "Low": 52.24992, 
        "Open": 52.24992, 
        "Volume": 352000, 
        "day": 326, 
        "year": 1989
    }
}