{
    "day": {
        "Adj Close": 0.968865, 
        "Close": 51.75008, 
        "Company": "TROW", 
        "Date": "1989-12-12", 
        "High": 51.75008, 
        "Low": 51.24992, 
        "Open": 51.75008, 
        "Volume": 57600, 
        "day": 346, 
        "year": 1989
    }
}