{
    "day": {
        "Adj Close": 0.964186, 
        "Close": 51.50016, 
        "Company": "TROW", 
        "Date": "1989-12-14", 
        "High": 51.75008, 
        "Low": 51.50016, 
        "Open": 51.75008, 
        "Volume": 60800, 
        "day": 348, 
        "year": 1989
    }
}