{
    "day": {
        "Adj Close": 0.959501, 
        "Close": 51.24992, 
        "Company": "TROW", 
        "Date": "1989-12-19", 
        "High": 51.24992, 
        "Low": 51.24992, 
        "Open": 51.24992, 
        "Volume": 6400, 
        "day": 353, 
        "year": 1989
    }
}