{
    "day": {
        "Adj Close": 1.035689, 
        "Close": 55.0, 
        "Company": "TROW", 
        "Date": "1989-12-26", 
        "High": 55.0, 
        "Low": 53.24992, 
        "Open": 54.0, 
        "Volume": 432000, 
        "day": 360, 
        "year": 1989
    }
}