{
    "day": {
        "Adj Close": 164.5, 
        "Close": 164.5, 
        "Company": "TSLA", 
        "Date": "2013-10-23", 
        "High": 171.809998, 
        "Low": 160.149994, 
        "Open": 168.910004, 
        "Volume": 13320400, 
        "day": 3, 
        "week": 43
    }
}