{
    "day": {
        "Adj Close": 1.594118, 
        "Close": 37.375038, 
        "Company": "WBA", 
        "Date": "1987-06-09", 
        "High": 37.75008, 
        "Low": 37.124962, 
        "Open": 37.624962, 
        "Volume": 1046400, 
        "day": 2, 
        "week": 24
    }
}