{
    "day": {
        "Adj Close": 1.615444, 
        "Close": 37.875038, 
        "Company": "WBA", 
        "Date": "1987-06-10", 
        "High": 38.5, 
        "Low": 37.5, 
        "Open": 37.624962, 
        "Volume": 4776000, 
        "day": 3, 
        "week": 24
    }
}