{
    "day": {
        "Adj Close": 1.631433, 
        "Close": 38.24992, 
        "Company": "WBA", 
        "Date": "1987-06-11", 
        "High": 38.375038, 
        "Low": 37.624962, 
        "Open": 38.124962, 
        "Volume": 2308800, 
        "day": 4, 
        "week": 24
    }
}