{
    "day": {
        "Adj Close": 23.129999,
        "Close": 23.129999,
        "Company": "TCBI",
        "Date": "2006-01-04",
        "High": 23.32,
        "Low": 23.08,
        "Open": 23.290001,
        "Volume": 167200,
        "day": 4,
        "month": 1
    }
}