{
    "day": {
        "Adj Close": 36.351355, 
        "Close": 43.66, 
        "Company": "WBA", 
        "Date": "2005-02-08", 
        "High": 43.900002, 
        "Low": 43.299999, 
        "Open": 43.330002, 
        "Volume": 2458400, 
        "day": 2, 
        "week": 6
    }
}