{
    "day": {
        "Adj Close": 17.143004, 
        "Close": 35.740002, 
        "Company": "MDLZ", 
        "Date": "2004-12-28", 
        "High": 35.740002, 
        "Low": 34.98, 
        "Open": 35.040001, 
        "Volume": 1232900, 
        "day": 2, 
        "week": 53
    }
}