{
    "day": {
        "Adj Close": 13.372276,
        "Close": 17.000005,
        "Company": "SONA",
        "Date": "2006-11-16",
        "High": 17.000005,
        "Low": 16.979997,
        "Open": 16.989995,
        "Volume": 29500,
        "day": 4,
        "week": 46
    }
}