{
    "day": {
        "Adj Close": 15.008779, 
        "Close": 32.029999, 
        "Company": "MDLZ", 
        "Date": "2004-01-12", 
        "High": 32.150002, 
        "Low": 31.889999, 
        "Open": 32.0, 
        "Volume": 1321300, 
        "day": 12, 
        "month": 1
    }
}