{
    "day": {
        "Adj Close": 15.055639, 
        "Close": 32.130001, 
        "Company": "MDLZ", 
        "Date": "2004-01-27", 
        "High": 32.48, 
        "Low": 31.969999, 
        "Open": 32.009998, 
        "Volume": 1642300, 
        "day": 27, 
        "month": 1
    }
}