{
    "day": {
        "Adj Close": 15.069696, 
        "Close": 32.16, 
        "Company": "MDLZ", 
        "Date": "2004-01-05", 
        "High": 32.389999, 
        "Low": 31.83, 
        "Open": 32.279999, 
        "Volume": 1192300, 
        "day": 5, 
        "month": 1
    }
}