{
    "day": {
        "Adj Close": 18.054098, 
        "Close": 30.790001, 
        "Company": "MDLZ", 
        "Date": "2010-11-15", 
        "High": 30.9, 
        "Low": 30.66, 
        "Open": 30.67, 
        "Volume": 8001600, 
        "day": 1, 
        "week": 46
    }
}