{
    "day": {
        "Adj Close": 17.878188, 
        "Close": 30.49, 
        "Company": "MDLZ", 
        "Date": "2010-11-17", 
        "High": 30.57, 
        "Low": 30.299999, 
        "Open": 30.389999, 
        "Volume": 6794500, 
        "day": 3, 
        "week": 46
    }
}