{
    "day": {
        "Adj Close": 18.013051, 
        "Close": 30.719999, 
        "Company": "MDLZ", 
        "Date": "2010-11-18", 
        "High": 30.83, 
        "Low": 30.52, 
        "Open": 30.66, 
        "Volume": 8216000, 
        "day": 4, 
        "week": 46
    }
}