{
    "day": {
        "Adj Close": 47.193701, 
        "Close": 49.75, 
        "Company": "WBA", 
        "Date": "2013-05-20", 
        "High": 49.91, 
        "Low": 49.41, 
        "Open": 49.549999, 
        "Volume": 4463300, 
        "day": 1, 
        "week": 21
    }
}