{
    "day": {
        "Adj Close": 47.810303, 
        "Close": 50.400002, 
        "Company": "WBA", 
        "Date": "2013-05-23", 
        "High": 50.75, 
        "Low": 49.77, 
        "Open": 49.889999, 
        "Volume": 5214200, 
        "day": 4, 
        "week": 21
    }
}