{
    "day": {
        "Adj Close": 13.076279,
        "Close": 17.639999,
        "Company": "SUNS",
        "Date": "2012-10-23",
        "High": 17.75,
        "Low": 17.610001,
        "Open": 17.73,
        "Volume": 21000,
        "day": 2,
        "week": 43
    }
}