{
    "day": {
        "Adj Close": 13.217124,
        "Close": 17.83,
        "Company": "SUNS",
        "Date": "2012-10-26",
        "High": 17.9,
        "Low": 17.610001,
        "Open": 17.700001,
        "Volume": 16300,
        "day": 5,
        "week": 43
    }
}