{
    "day": {
        "Adj Close": 18.512329, 
        "Close": 48.290001, 
        "Company": "TROW", 
        "Date": "2004-06-01", 
        "High": 48.490002, 
        "Low": 47.66, 
        "Open": 48.349998, 
        "Volume": 1503200, 
        "day": 1, 
        "month": 6
    }
}