{
    "day": {
        "Adj Close": 18.596667, 
        "Close": 48.509998, 
        "Company": "TROW", 
        "Date": "2004-06-14", 
        "High": 49.130001, 
        "Low": 48.209999, 
        "Open": 49.110001, 
        "Volume": 714400, 
        "day": 14, 
        "month": 6
    }
}