{
    "day": {
        "Adj Close": 18.592834, 
        "Close": 48.5, 
        "Company": "TROW", 
        "Date": "2004-06-04", 
        "High": 49.110001, 
        "Low": 48.299999, 
        "Open": 48.299999, 
        "Volume": 1163000, 
        "day": 4, 
        "month": 6
    }
}