{
    "day": {
        "Adj Close": 39.944705, 
        "Close": 47.860001, 
        "Company": "WBA", 
        "Date": "2005-07-29", 
        "High": 48.18, 
        "Low": 47.75, 
        "Open": 47.98, 
        "Volume": 2582100, 
        "day": 5, 
        "week": 30
    }
}