{
    "day": {
        "Adj Close": 21.51,
        "Close": 21.51,
        "Company": "TCBI",
        "Date": "2007-06-25",
        "High": 22.200001,
        "Low": 21.42,
        "Open": 22.110001,
        "Volume": 252400,
        "day": 25,
        "month": 6
    }
}