{
    "day": {
        "Adj Close": 21.809999,
        "Close": 21.809999,
        "Company": "TCBI",
        "Date": "2007-06-07",
        "High": 22.059999,
        "Low": 21.620001,
        "Open": 22.01,
        "Volume": 84300,
        "day": 7,
        "month": 6
    }
}