{
    "day": {
        "Adj Close": 14.763541,
        "Close": 19.290001,
        "Company": "SUNS",
        "Date": "2013-03-25",
        "High": 19.299999,
        "Low": 18.76,
        "Open": 19.16,
        "Volume": 42000,
        "day": 1,
        "week": 13
    }
}