{
    "day": {
        "Adj Close": 46.901132, 
        "Close": 49.720001, 
        "Company": "WBA", 
        "Date": "2013-04-22", 
        "High": 50.099998, 
        "Low": 49.080002, 
        "Open": 49.669998, 
        "Volume": 6536700, 
        "day": 1, 
        "week": 17
    }
}