{
    "day": {
        "Adj Close": 46.882266, 
        "Close": 49.700001, 
        "Company": "WBA", 
        "Date": "2013-04-25", 
        "High": 49.959999, 
        "Low": 49.119999, 
        "Open": 49.209999, 
        "Volume": 3782000, 
        "day": 4, 
        "week": 17
    }
}