{
    "day": {
        "Adj Close": 85.76674, 
        "Close": 86.550003, 
        "Company": "WBA", 
        "Date": "2015-11-02", 
        "High": 86.650002, 
        "Low": 83.32, 
        "Open": 84.300003, 
        "Volume": 6950300, 
        "day": 1, 
        "week": 45
    }
}