{
    "day": {
        "Adj Close": 44.859687,
        "Close": 46.73,
        "Company": "LPLA",
        "Date": "2014-08-12",
        "High": 47.049999,
        "Low": 46.470001,
        "Open": 46.540001,
        "Volume": 335300,
        "day": 2,
        "week": 33
    }
}