{
    "day": {
        "Adj Close": 16.730497, 
        "Close": 34.880001, 
        "Company": "MDLZ", 
        "Date": "2005-01-03", 
        "High": 35.650002, 
        "Low": 34.869999, 
        "Open": 35.650002, 
        "Volume": 1174300, 
        "day": 1, 
        "week": 1
    }
}