{
    "day": {
        "Adj Close": 11.929799,
        "Close": 16.92,
        "Company": "SUNS",
        "Date": "2012-02-29",
        "High": 17.379999,
        "Low": 16.92,
        "Open": 17.07,
        "Volume": 22200,
        "day": 29,
        "month": 2
    }
}