{
    "day": {
        "Adj Close": 44.22042, 
        "Close": 44.580002, 
        "Company": "MDLZ", 
        "Date": "2015-11-19", 
        "High": 44.810001, 
        "Low": 44.43, 
        "Open": 44.59, 
        "Volume": 5161500, 
        "day": 4, 
        "week": 47
    }
}