{
    "day": {
        "Adj Close": 41.128948,
        "Close": 42.599998,
        "Company": "LPLA",
        "Date": "2014-11-24",
        "High": 42.610001,
        "Low": 41.990002,
        "Open": 42.09,
        "Volume": 346200,
        "day": 1,
        "week": 48
    }
}