{
    "day": {
        "Adj Close": 38.562504, 
        "Close": 45.619999, 
        "Company": "WBA", 
        "Date": "2007-07-25", 
        "High": 45.84, 
        "Low": 44.799999, 
        "Open": 45.349998, 
        "Volume": 6448000, 
        "day": 25, 
        "month": 7
    }
}