{
    "day": {
        "Adj Close": 73.639454, 
        "Close": 74.739998, 
        "Company": "TROW", 
        "Date": "2015-11-17", 
        "High": 75.57, 
        "Low": 74.470001, 
        "Open": 75.230003, 
        "Volume": 1064100, 
        "day": 2, 
        "week": 47
    }
}