{
    "day": {
        "Adj Close": 46.244039, 
        "Close": 54.59, 
        "Company": "TROW", 
        "Date": "2010-01-12", 
        "High": 54.990002, 
        "Low": 53.759998, 
        "Open": 53.900002, 
        "Volume": 1606800, 
        "day": 2, 
        "week": 2
    }
}