{
    "day": {
        "Adj Close": 16.04447, 
        "Close": 35.5, 
        "Company": "MDLZ", 
        "Date": "2002-01-30", 
        "High": 36.369999, 
        "Low": 35.18, 
        "Open": 35.5, 
        "Volume": 6139100, 
        "day": 3, 
        "week": 5
    }
}