{
    "day": {
        "Adj Close": 16.749523, 
        "Close": 37.060001, 
        "Company": "MDLZ", 
        "Date": "2002-01-31", 
        "High": 37.099998, 
        "Low": 35.889999, 
        "Open": 35.900002, 
        "Volume": 3459700, 
        "day": 4, 
        "week": 5
    }
}