{
    "day": {
        "Adj Close": 18.646, 
        "Close": 31.51, 
        "Company": "MDLZ", 
        "Date": "2010-12-30", 
        "High": 31.610001, 
        "Low": 31.309999, 
        "Open": 31.34, 
        "Volume": 4033200, 
        "day": 4, 
        "week": 52
    }
}