{
    "day": {
        "Adj Close": 74.848775, 
        "Close": 75.199997, 
        "Company": "WBA", 
        "Date": "2016-02-05", 
        "High": 77.389999, 
        "Low": 74.790001, 
        "Open": 76.589996, 
        "Volume": 6224200, 
        "day": 5, 
        "week": 5
    }
}