{
    "day": {
        "Adj Close": 1.387558, 
        "Close": 33.124962, 
        "Company": "WBA", 
        "Date": "1986-05-01", 
        "High": 33.875038, 
        "Low": 32.624962, 
        "Open": 33.624962, 
        "Volume": 1385600, 
        "day": 4, 
        "week": 18
    }
}