{
    "day": {
        "Adj Close": 26.041318,
        "Close": 28.139999,
        "Company": "LPLA",
        "Date": "2012-10-18",
        "High": 28.49,
        "Low": 28.02,
        "Open": 28.4,
        "Volume": 242400,
        "day": 4,
        "week": 42
    }
}