{
    "day": {
        "Adj Close": 17.969466, 
        "Close": 35.610001, 
        "Company": "MDLZ", 
        "Date": "2006-10-04", 
        "High": 35.75, 
        "Low": 35.07, 
        "Open": 35.23, 
        "Volume": 3529200, 
        "day": 3, 
        "week": 40
    }
}