{
    "day": {
        "Adj Close": 17.999742, 
        "Close": 35.669998, 
        "Company": "MDLZ", 
        "Date": "2006-10-06", 
        "High": 35.959999, 
        "Low": 35.27, 
        "Open": 35.490002, 
        "Volume": 2399000, 
        "day": 5, 
        "week": 40
    }
}