{
    "day": {
        "Adj Close": 27.12058, 
        "Close": 33.049999, 
        "Company": "WBA", 
        "Date": "2001-12-03", 
        "High": 33.290001, 
        "Low": 32.32, 
        "Open": 32.959999, 
        "Volume": 2589800, 
        "day": 1, 
        "week": 49
    }
}