{
    "day": {
        "Adj Close": 1.519047, 
        "Close": 35.875038, 
        "Company": "WBA", 
        "Date": "1987-01-23", 
        "High": 37.124962, 
        "Low": 35.5, 
        "Open": 36.5, 
        "Volume": 4190400, 
        "day": 5, 
        "week": 4
    }
}