{
    "day": {
        "Adj Close": 28.542235, 
        "Close": 34.419998, 
        "Company": "WBA", 
        "Date": "2004-05-10", 
        "High": 34.830002, 
        "Low": 34.220001, 
        "Open": 34.220001, 
        "Volume": 3429500, 
        "day": 10, 
        "month": 5
    }
}