{
    "day": {
        "Adj Close": 28.088503, 
        "Close": 33.830002, 
        "Company": "WBA", 
        "Date": "2004-05-21", 
        "High": 34.150002, 
        "Low": 33.610001, 
        "Open": 33.700001, 
        "Volume": 1953600, 
        "day": 21, 
        "month": 5
    }
}