{
    "day": {
        "Adj Close": 29.01842, 
        "Close": 34.950001, 
        "Company": "WBA", 
        "Date": "2004-05-25", 
        "High": 35.040001, 
        "Low": 34.080002, 
        "Open": 34.25, 
        "Volume": 2722000, 
        "day": 25, 
        "month": 5
    }
}