{
    "day": {
        "Adj Close": 28.650036, 
        "Close": 34.549999, 
        "Company": "WBA", 
        "Date": "2004-05-07", 
        "High": 34.970001, 
        "Low": 34.41, 
        "Open": 34.470001, 
        "Volume": 2913700, 
        "day": 7, 
        "month": 5
    }
}