{
    "day": {
        "Adj Close": 151.119995, 
        "Close": 151.119995, 
        "Company": "TSLA", 
        "Date": "2013-12-27", 
        "High": 155.5, 
        "Low": 150.800003, 
        "Open": 155.300003, 
        "Volume": 5460200, 
        "day": 27, 
        "month": 12
    }
}