{
    "day": {
        "Adj Close": 27.370001, 
        "Close": 27.370001, 
        "Company": "TSLA", 
        "Date": "2012-09-10", 
        "High": 29.35, 
        "Low": 27.299999, 
        "Open": 29.200001, 
        "Volume": 1483300, 
        "day": 10, 
        "month": 9
    }
}