{
    "day": {
        "Adj Close": 28.280001, 
        "Close": 28.280001, 
        "Company": "TSLA", 
        "Date": "2012-09-12", 
        "High": 28.58, 
        "Low": 27.799999, 
        "Open": 27.9, 
        "Volume": 1145200, 
        "day": 12, 
        "month": 9
    }
}