{
    "day": {
        "Adj Close": 17.746227, 
        "Close": 34.650002, 
        "Company": "MDLZ", 
        "Date": "2007-06-19", 
        "High": 35.080002, 
        "Low": 34.560001, 
        "Open": 34.959999, 
        "Volume": 18991600, 
        "day": 2, 
        "week": 25
    }
}