{
    "day": {
        "Adj Close": 40.470324,
        "Close": 42.779999,
        "Company": "LPLA",
        "Date": "2013-11-15",
        "High": 42.98,
        "Low": 42.380001,
        "Open": 42.91,
        "Volume": 586100,
        "day": 5,
        "week": 46
    }
}