{
    "day": {
        "Adj Close": 39.468975, 
        "Close": 47.290001, 
        "Company": "WBA", 
        "Date": "2005-08-05", 
        "High": 47.849998, 
        "Low": 47.25, 
        "Open": 47.73, 
        "Volume": 1944300, 
        "day": 5, 
        "week": 31
    }
}