{
    "day": {
        "Adj Close": 14.846946,
        "Close": 18.209999,
        "Company": "SUNS",
        "Date": "2014-01-22",
        "High": 18.33,
        "Low": 18.200001,
        "Open": 18.27,
        "Volume": 17000,
        "day": 3,
        "week": 4
    }
}