{
    "day": {
        "Adj Close": 87.461264, 
        "Close": 88.260002, 
        "Company": "WBA", 
        "Date": "2015-09-03", 
        "High": 89.239998, 
        "Low": 87.93, 
        "Open": 88.349998, 
        "Volume": 4024200, 
        "day": 4, 
        "week": 36
    }
}