{
    "day": {
        "Adj Close": 39.398412, 
        "Close": 49.25, 
        "Company": "TROW", 
        "Date": "2007-05-22", 
        "High": 49.560001, 
        "Low": 48.990002, 
        "Open": 49.450001, 
        "Volume": 1132600, 
        "day": 2, 
        "week": 21
    }
}