{
    "day": {
        "Adj Close": 29.97741,
        "Close": 34.529999,
        "Company": "LPLA",
        "Date": "2011-04-07",
        "High": 34.98,
        "Low": 34.029999,
        "Open": 34.549999,
        "Volume": 126600,
        "day": 4,
        "week": 14
    }
}