{
    "day": {
        "Adj Close": 1.562126, 
        "Close": 36.624962, 
        "Company": "WBA", 
        "Date": "1987-06-01", 
        "High": 36.75008, 
        "Low": 36.375038, 
        "Open": 36.75008, 
        "Volume": 705600, 
        "day": 1, 
        "week": 23
    }
}