{
    "day": {
        "Adj Close": 1.588781, 
        "Close": 37.24992, 
        "Company": "WBA", 
        "Date": "1987-06-05", 
        "High": 37.75008, 
        "Low": 37.0, 
        "Open": 37.75008, 
        "Volume": 1057600, 
        "day": 5, 
        "week": 23
    }
}