{
    "day": {
        "Adj Close": 13.206107, 
        "Close": 36.299999, 
        "Company": "TROW", 
        "Date": "2001-07-03", 
        "High": 37.049999, 
        "Low": 36.25, 
        "Open": 36.93, 
        "Volume": 728200, 
        "day": 2, 
        "week": 27
    }
}