{
    "day": {
        "Adj Close": 17.089311, 
        "Close": 32.009998, 
        "Company": "MDLZ", 
        "Date": "2008-07-30", 
        "High": 32.009998, 
        "Low": 31.5, 
        "Open": 31.629999, 
        "Volume": 60255900, 
        "day": 30, 
        "month": 7
    }
}