{
    "day": {
        "Adj Close": 29.163857, 
        "Close": 35.540001, 
        "Company": "WBA", 
        "Date": "2002-02-01", 
        "High": 36.540001, 
        "Low": 35.5, 
        "Open": 36.380001, 
        "Volume": 2509100, 
        "day": 1, 
        "month": 2
    }
}