{
    "day": {
        "Adj Close": 31.059423, 
        "Close": 37.849998, 
        "Company": "WBA", 
        "Date": "2002-02-12", 
        "High": 37.919998, 
        "Low": 37.5, 
        "Open": 37.599998, 
        "Volume": 2000700, 
        "day": 12, 
        "month": 2
    }
}