{
    "day": {
        "Adj Close": 31.253269, 
        "Close": 38.049999, 
        "Company": "WBA", 
        "Date": "2002-02-13", 
        "High": 38.470001, 
        "Low": 37.75, 
        "Open": 37.849998, 
        "Volume": 2092000, 
        "day": 13, 
        "month": 2
    }
}