{
    "day": {
        "Adj Close": 30.957574, 
        "Close": 37.689999, 
        "Company": "WBA", 
        "Date": "2002-02-19", 
        "High": 38.299999, 
        "Low": 37.66, 
        "Open": 37.860001, 
        "Volume": 2131000, 
        "day": 19, 
        "month": 2
    }
}