{
    "day": {
        "Adj Close": 11.612721,
        "Close": 16.27,
        "Company": "SUNS",
        "Date": "2012-04-25",
        "High": 16.280001,
        "Low": 16.030001,
        "Open": 16.129999,
        "Volume": 14500,
        "day": 3,
        "week": 17
    }
}