{
    "day": {
        "Adj Close": 30.526634, 
        "Close": 37.130001, 
        "Company": "WBA", 
        "Date": "2002-08-15", 
        "High": 37.700001, 
        "Low": 36.34, 
        "Open": 37.110001, 
        "Volume": 3089900, 
        "day": 15, 
        "month": 8
    }
}