{
    "day": {
        "Adj Close": 29.354746, 
        "Close": 35.669998, 
        "Company": "WBA", 
        "Date": "2002-08-23", 
        "High": 36.689999, 
        "Low": 35.5, 
        "Open": 36.689999, 
        "Volume": 3285000, 
        "day": 23, 
        "month": 8
    }
}