{
    "day": {
        "Adj Close": 29.375615, 
        "Close": 35.73, 
        "Company": "WBA", 
        "Date": "2002-08-08", 
        "High": 35.799999, 
        "Low": 34.66, 
        "Open": 34.990002, 
        "Volume": 3710200, 
        "day": 8, 
        "month": 8
    }
}