{
    "day": {
        "Adj Close": 94.848202, 
        "Close": 96.089996, 
        "Company": "WBA", 
        "Date": "2015-07-16", 
        "High": 96.220001, 
        "Low": 94.389999, 
        "Open": 94.949997, 
        "Volume": 6651000, 
        "day": 4, 
        "week": 29
    }
}