{
    "day": {
        "Adj Close": 94.5126, 
        "Close": 95.75, 
        "Company": "WBA", 
        "Date": "2015-07-17", 
        "High": 96.019997, 
        "Low": 95.120003, 
        "Open": 95.660004, 
        "Volume": 2465200, 
        "day": 5, 
        "week": 29
    }
}