{
    "day": {
        "Adj Close": 55.509998, 
        "Close": 55.509998, 
        "Company": "TSLA", 
        "Date": "2013-05-07", 
        "High": 62.369999, 
        "Low": 55.119999, 
        "Open": 62.0, 
        "Volume": 9991000, 
        "day": 2, 
        "week": 19
    }
}