{
    "day": {
        "Adj Close": 16.110001, 
        "Close": 16.110001, 
        "Company": "TSLA", 
        "Date": "2010-07-06", 
        "High": 20.0, 
        "Low": 15.83, 
        "Open": 20.0, 
        "Volume": 6866900, 
        "day": 2, 
        "week": 27
    }
}