{
    "day": {
        "Adj Close": 29.284932,
        "Close": 31.379999,
        "Company": "LPLA",
        "Date": "2013-02-26",
        "High": 31.389999,
        "Low": 30.93,
        "Open": 31.0,
        "Volume": 287600,
        "day": 26,
        "month": 2
    }
}