{
    "day": {
        "Adj Close": 1.742791, 
        "Close": 43.24992, 
        "Company": "TROW", 
        "Date": "1992-12-22", 
        "High": 43.24992, 
        "Low": 42.75008, 
        "Open": 43.24992, 
        "Volume": 275200, 
        "day": 22, 
        "month": 12
    }
}