{
    "day": {
        "Adj Close": 24.942108,
        "Close": 28.73,
        "Company": "LPLA",
        "Date": "2011-08-24",
        "High": 29.379999,
        "Low": 28.219999,
        "Open": 28.309999,
        "Volume": 888400,
        "day": 24,
        "month": 8
    }
}