{
    "day": {
        "Adj Close": 39.593853,
        "Close": 41.009998,
        "Company": "LPLA",
        "Date": "2015-01-28",
        "High": 42.630001,
        "Low": 40.84,
        "Open": 42.630001,
        "Volume": 630400,
        "day": 3,
        "week": 5
    }
}