{
    "day": {
        "Adj Close": 202.210007, 
        "Close": 202.210007, 
        "Company": "TSLA", 
        "Date": "2015-01-12", 
        "High": 204.470001, 
        "Low": 199.25, 
        "Open": 203.050003, 
        "Volume": 5950300, 
        "day": 1, 
        "week": 3
    }
}