{
    "day": {
        "Adj Close": 24.503846, 
        "Close": 29.4, 
        "Company": "TROW", 
        "Date": "2009-03-23", 
        "High": 29.700001, 
        "Low": 25.77, 
        "Open": 25.799999, 
        "Volume": 6079800, 
        "day": 1, 
        "week": 13
    }
}