{
    "day": {
        "Adj Close": 24.270477, 
        "Close": 29.120001, 
        "Company": "TROW", 
        "Date": "2009-03-27", 
        "High": 30.42, 
        "Low": 29.08, 
        "Open": 29.25, 
        "Volume": 4150000, 
        "day": 5, 
        "week": 13
    }
}