{
    "day": {
        "Adj Close": 29.065847,
        "Close": 33.48,
        "Company": "LPLA",
        "Date": "2011-07-11",
        "High": 33.580002,
        "Low": 32.82,
        "Open": 33.560001,
        "Volume": 375900,
        "day": 11,
        "month": 7
    }
}