{
    "day": {
        "Adj Close": 29.039803,
        "Close": 33.450001,
        "Company": "LPLA",
        "Date": "2011-07-19",
        "High": 33.689999,
        "Low": 32.59,
        "Open": 33.16,
        "Volume": 133200,
        "day": 19,
        "month": 7
    }
}