{
    "day": {
        "Adj Close": 38.689999,
        "Close": 38.689999,
        "Company": "TCBI",
        "Date": "2016-03-24",
        "High": 38.75,
        "Low": 37.310001,
        "Open": 38.25,
        "Volume": 456100,
        "day": 4,
        "week": 12
    }
}