{
    "day": {
        "Adj Close": 1.439922, 
        "Close": 34.375038, 
        "Company": "WBA", 
        "Date": "1986-05-05", 
        "High": 34.375038, 
        "Low": 33.24992, 
        "Open": 33.24992, 
        "Volume": 1974400, 
        "day": 1, 
        "week": 19
    }
}