{
    "day": {
        "Adj Close": 1.445157, 
        "Close": 34.5, 
        "Company": "WBA", 
        "Date": "1986-05-07", 
        "High": 35.0, 
        "Low": 34.124962, 
        "Open": 34.75008, 
        "Volume": 944000, 
        "day": 3, 
        "week": 19
    }
}