{
    "day": {
        "Adj Close": 53.860001,
        "Close": 53.860001,
        "Company": "TCBI",
        "Date": "2015-08-31",
        "High": 54.040001,
        "Low": 51.59,
        "Open": 52.529999,
        "Volume": 769100,
        "day": 1,
        "week": 36
    }
}