{
    "day": {
        "Adj Close": 52.41,
        "Close": 52.41,
        "Company": "TCBI",
        "Date": "2015-09-03",
        "High": 52.98,
        "Low": 51.720001,
        "Open": 51.810001,
        "Volume": 234000,
        "day": 4,
        "week": 36
    }
}