{
    "day": {
        "Adj Close": 20.4821, 
        "Close": 53.619999, 
        "Company": "TROW", 
        "Date": "2004-03-12", 
        "High": 53.639999, 
        "Low": 52.77, 
        "Open": 52.889999, 
        "Volume": 1558400, 
        "day": 5, 
        "week": 11
    }
}