{
    "day": {
        "Adj Close": 34.43, 
        "Close": 34.43, 
        "Company": "TSLA", 
        "Date": "2013-02-26", 
        "High": 34.959999, 
        "Low": 33.799999, 
        "Open": 34.459999, 
        "Volume": 2762900, 
        "day": 2, 
        "week": 9
    }
}