{
    "day": {
        "Adj Close": 34.650002, 
        "Close": 34.650002, 
        "Company": "TSLA", 
        "Date": "2013-03-01", 
        "High": 35.080002, 
        "Low": 34.25, 
        "Open": 35.0, 
        "Volume": 1546600, 
        "day": 5, 
        "week": 9
    }
}