{
    "day": {
        "Adj Close": 67.129997, 
        "Close": 67.129997, 
        "Company": "FANG", 
        "Date": "2015-02-04", 
        "High": 69.559998, 
        "Low": 66.599998, 
        "Open": 68.669998, 
        "Volume": 1019400, 
        "day": 3, 
        "week": 6
    }
}