{
    "day": {
        "Adj Close": 12.258808, 
        "Close": 35.093761, 
        "Company": "TROW", 
        "Date": "1998-06-19", 
        "High": 35.375, 
        "Low": 34.25, 
        "Open": 34.375, 
        "Volume": 509600, 
        "day": 5, 
        "week": 25
    }
}