{
    "day": {
        "Adj Close": 15.920193, 
        "Close": 31.33, 
        "Company": "MDLZ", 
        "Date": "2007-03-08", 
        "High": 31.809999, 
        "Low": 31.25, 
        "Open": 31.4, 
        "Volume": 3223800, 
        "day": 4, 
        "week": 10
    }
}