{
    "day": {
        "Adj Close": 16.006578, 
        "Close": 31.5, 
        "Company": "MDLZ", 
        "Date": "2007-03-09", 
        "High": 31.639999, 
        "Low": 31.219999, 
        "Open": 31.34, 
        "Volume": 5499700, 
        "day": 5, 
        "week": 10
    }
}