{
    "day": {
        "Adj Close": 30.617338, 
        "Close": 35.959999, 
        "Company": "WBA", 
        "Date": "2008-04-18", 
        "High": 36.43, 
        "Low": 35.779999, 
        "Open": 36.0, 
        "Volume": 4910800, 
        "day": 18, 
        "month": 4
    }
}