{
    "day": {
        "Adj Close": 30.21717, 
        "Close": 35.490002, 
        "Company": "WBA", 
        "Date": "2008-04-25", 
        "High": 36.119999, 
        "Low": 34.970001, 
        "Open": 36.0, 
        "Volume": 6665500, 
        "day": 25, 
        "month": 4
    }
}