{
    "day": {
        "Adj Close": 31.273504, 
        "Close": 32.700001, 
        "Company": "MDLZ", 
        "Date": "2013-08-08", 
        "High": 32.91, 
        "Low": 31.57, 
        "Open": 31.950001, 
        "Volume": 19188100, 
        "day": 4, 
        "week": 32
    }
}