{
    "day": {
        "Adj Close": 30.75706, 
        "Close": 32.16, 
        "Company": "MDLZ", 
        "Date": "2013-08-09", 
        "High": 32.700001, 
        "Low": 31.969999, 
        "Open": 32.5, 
        "Volume": 6993600, 
        "day": 5, 
        "week": 32
    }
}