{
    "day": {
        "Adj Close": 57.361169, 
        "Close": 64.540001, 
        "Company": "TROW", 
        "Date": "2012-04-04", 
        "High": 65.25, 
        "Low": 64.349998, 
        "Open": 65.07, 
        "Volume": 1230400, 
        "day": 3, 
        "week": 14
    }
}