{
    "day": {
        "Adj Close": 13.624483, 
        "Close": 37.450001, 
        "Company": "TROW", 
        "Date": "2001-07-27", 
        "High": 37.77, 
        "Low": 36.849998, 
        "Open": 37.330002, 
        "Volume": 692400, 
        "day": 5, 
        "week": 30
    }
}