{
    "day": {
        "Adj Close": 26.818711, 
        "Close": 32.619999, 
        "Company": "WBA", 
        "Date": "2002-08-05", 
        "High": 34.200001, 
        "Low": 32.599998, 
        "Open": 33.349998, 
        "Volume": 3052400, 
        "day": 1, 
        "week": 32
    }
}