{
    "day": {
        "Adj Close": 27.418884, 
        "Close": 33.349998, 
        "Company": "WBA", 
        "Date": "2002-08-06", 
        "High": 33.970001, 
        "Low": 32.610001, 
        "Open": 32.619999, 
        "Volume": 2993200, 
        "day": 2, 
        "week": 32
    }
}