{
    "day": {
        "Adj Close": 29.630484, 
        "Close": 36.040001, 
        "Company": "WBA", 
        "Date": "2002-08-09", 
        "High": 36.200001, 
        "Low": 35.009998, 
        "Open": 35.599998, 
        "Volume": 2446100, 
        "day": 5, 
        "week": 32
    }
}