{
    "day": {
        "Adj Close": 75.702723, 
        "Close": 81.239998, 
        "Company": "TROW", 
        "Date": "2014-07-18", 
        "High": 81.379997, 
        "Low": 80.019997, 
        "Open": 80.830002, 
        "Volume": 1868100, 
        "day": 18, 
        "month": 7
    }
}