{
    "day": {
        "Adj Close": 78.283926, 
        "Close": 84.010002, 
        "Company": "TROW", 
        "Date": "2014-07-09", 
        "High": 85.089996, 
        "Low": 83.389999, 
        "Open": 84.900002, 
        "Volume": 1416800, 
        "day": 9, 
        "month": 7
    }
}