{
    "day": {
        "Adj Close": 67.987496, 
        "Close": 74.489998, 
        "Company": "TROW", 
        "Date": "2013-08-07", 
        "High": 75.419998, 
        "Low": 74.330002, 
        "Open": 75.419998, 
        "Volume": 1477400, 
        "day": 3, 
        "week": 32
    }
}