{
    "day": {
        "Adj Close": 73.683855, 
        "Close": 75.260002, 
        "Company": "WBA", 
        "Date": "2015-01-13", 
        "High": 76.290001, 
        "Low": 74.110001, 
        "Open": 75.199997, 
        "Volume": 5173200, 
        "day": 13, 
        "month": 1
    }
}