{
    "day": {
        "Adj Close": 74.251703, 
        "Close": 75.839996, 
        "Company": "WBA", 
        "Date": "2015-01-26", 
        "High": 76.099998, 
        "Low": 75.379997, 
        "Open": 75.760002, 
        "Volume": 2647800, 
        "day": 26, 
        "month": 1
    }
}