{
    "day": {
        "Adj Close": 74.995789, 
        "Close": 76.599998, 
        "Company": "WBA", 
        "Date": "2015-01-07", 
        "High": 76.690002, 
        "Low": 74.959999, 
        "Open": 75.050003, 
        "Volume": 5672100, 
        "day": 7, 
        "month": 1
    }
}