{
    "day": {
        "Adj Close": 68.091112, 
        "Close": 74.209999, 
        "Company": "TROW", 
        "Date": "2013-10-15", 
        "High": 74.739998, 
        "Low": 74.059998, 
        "Open": 74.389999, 
        "Volume": 1413200, 
        "day": 2, 
        "week": 42
    }
}