{
    "day": {
        "Adj Close": 69.265571, 
        "Close": 75.489998, 
        "Company": "TROW", 
        "Date": "2013-10-16", 
        "High": 75.919998, 
        "Low": 74.580002, 
        "Open": 74.879997, 
        "Volume": 1277200, 
        "day": 3, 
        "week": 42
    }
}