{
    "day": {
        "Adj Close": 260.619995, 
        "Close": 260.619995, 
        "Company": "TSLA", 
        "Date": "2015-09-18", 
        "High": 263.820007, 
        "Low": 257.5, 
        "Open": 257.959991, 
        "Volume": 3763100, 
        "day": 5, 
        "week": 38
    }
}