{
    "day": {
        "Adj Close": 14.94951, 
        "Close": 30.07, 
        "Company": "MDLZ", 
        "Date": "2006-03-28", 
        "High": 30.76, 
        "Low": 30.07, 
        "Open": 30.629999, 
        "Volume": 1598400, 
        "day": 2, 
        "week": 13
    }
}