{
    "day": {
        "Adj Close": 15.093686, 
        "Close": 30.360001, 
        "Company": "MDLZ", 
        "Date": "2006-03-29", 
        "High": 30.41, 
        "Low": 29.92, 
        "Open": 30.120001, 
        "Volume": 2472800, 
        "day": 3, 
        "week": 13
    }
}