{
    "day": {
        "Adj Close": 1.476704, 
        "Close": 34.875038, 
        "Company": "WBA", 
        "Date": "1987-01-14", 
        "High": 35.24992, 
        "Low": 34.5, 
        "Open": 35.24992, 
        "Volume": 2444800, 
        "day": 3, 
        "week": 3
    }
}