{
    "day": {
        "Adj Close": 1.555166, 
        "Close": 37.0, 
        "Company": "WBA", 
        "Date": "1986-07-28", 
        "High": 37.624962, 
        "Low": 36.375038, 
        "Open": 37.375038, 
        "Volume": 1873600, 
        "day": 1, 
        "week": 31
    }
}