{
    "day": {
        "Adj Close": 24.889999,
        "Close": 24.889999,
        "Company": "TCBI",
        "Date": "2011-05-11",
        "High": 25.59,
        "Low": 24.870001,
        "Open": 25.57,
        "Volume": 136300,
        "day": 3,
        "week": 19
    }
}