{
    "day": {
        "Adj Close": 75.758397, 
        "Close": 81.730003, 
        "Company": "TROW", 
        "Date": "2014-06-02", 
        "High": 81.800003, 
        "Low": 80.860001, 
        "Open": 81.800003, 
        "Volume": 691500, 
        "day": 1, 
        "week": 23
    }
}