{
    "day": {
        "Adj Close": 18.59866, 
        "Close": 31.43, 
        "Company": "MDLZ", 
        "Date": "2011-01-24", 
        "High": 31.77, 
        "Low": 31.27, 
        "Open": 31.389999, 
        "Volume": 12116800, 
        "day": 1, 
        "week": 4
    }
}