{
    "day": {
        "Adj Close": 18.066087, 
        "Close": 30.530001, 
        "Company": "MDLZ", 
        "Date": "2011-01-28", 
        "High": 30.73, 
        "Low": 30.5, 
        "Open": 30.5, 
        "Volume": 11356900, 
        "day": 5, 
        "week": 4
    }
}