{
    "day": {
        "Adj Close": 30.409612, 
        "Close": 35.810001, 
        "Company": "WBA", 
        "Date": "2007-12-04", 
        "High": 36.580002, 
        "Low": 35.799999, 
        "Open": 36.549999, 
        "Volume": 9602700, 
        "day": 2, 
        "week": 49
    }
}