{
    "day": {
        "Adj Close": 24.089415, 
        "Close": 39.060001, 
        "Company": "MDLZ", 
        "Date": "2012-05-10", 
        "High": 39.209999, 
        "Low": 38.869999, 
        "Open": 39.029999, 
        "Volume": 8234200, 
        "day": 10, 
        "month": 5
    }
}