{
    "day": {
        "Adj Close": 37.889999, 
        "Close": 37.889999, 
        "Company": "TSLA", 
        "Date": "2013-03-28", 
        "High": 38.240002, 
        "Low": 37.75, 
        "Open": 38.23, 
        "Volume": 1158700, 
        "day": 4, 
        "week": 13
    }
}