{
    "day": {
        "Adj Close": 232.449997, 
        "Close": 232.449997, 
        "Company": "TSLA", 
        "Date": "2015-04-29", 
        "High": 234.970001, 
        "Low": 227.630005, 
        "Open": 230.050003, 
        "Volume": 3936100, 
        "day": 3, 
        "week": 18
    }
}