{
    "day": {
        "Adj Close": 22.172693,
        "Close": 25.540001,
        "Company": "LPLA",
        "Date": "2011-09-19",
        "High": 25.75,
        "Low": 25.1,
        "Open": 25.75,
        "Volume": 452500,
        "day": 1,
        "week": 38
    }
}