{
    "day": {
        "Adj Close": 21.48685,
        "Close": 24.75,
        "Company": "LPLA",
        "Date": "2011-09-23",
        "High": 25.07,
        "Low": 24.219999,
        "Open": 24.379999,
        "Volume": 269000,
        "day": 5,
        "week": 38
    }
}