{
    "day": {
        "Adj Close": 72.663038, 
        "Close": 77.550003, 
        "Company": "TROW", 
        "Date": "2014-10-08", 
        "High": 77.650002, 
        "Low": 75.57, 
        "Open": 76.32, 
        "Volume": 1668200, 
        "day": 3, 
        "week": 41
    }
}