{
    "day": {
        "Adj Close": 1.25215, 
        "Close": 29.12496, 
        "Company": "WBA", 
        "Date": "1987-12-08", 
        "High": 29.24992, 
        "Low": 27.0, 
        "Open": 27.0, 
        "Volume": 2968000, 
        "day": 2, 
        "week": 50
    }
}