{
    "day": {
        "Adj Close": 29.389999, 
        "Close": 29.389999, 
        "Company": "TSLA", 
        "Date": "2012-06-14", 
        "High": 30.65, 
        "Low": 28.620001, 
        "Open": 30.18, 
        "Volume": 872200, 
        "day": 14, 
        "month": 6
    }
}