{
    "day": {
        "Adj Close": 31.41, 
        "Close": 31.41, 
        "Company": "TSLA", 
        "Date": "2012-06-28", 
        "High": 32.110001, 
        "Low": 30.620001, 
        "Open": 31.9, 
        "Volume": 914100, 
        "day": 28, 
        "month": 6
    }
}