{
    "day": {
        "Adj Close": 34.889999, 
        "Close": 34.889999, 
        "Company": "FANG", 
        "Date": "2013-06-14", 
        "High": 35.630001, 
        "Low": 34.599998, 
        "Open": 34.959999, 
        "Volume": 145900, 
        "day": 14, 
        "month": 6
    }
}