{
    "day": {
        "Adj Close": 35.450001, 
        "Close": 35.450001, 
        "Company": "FANG", 
        "Date": "2013-06-07", 
        "High": 35.639999, 
        "Low": 34.150002, 
        "Open": 34.849998, 
        "Volume": 135000, 
        "day": 7, 
        "month": 6
    }
}