{
    "day": {
        "Adj Close": 28.720488, 
        "Close": 36.279999, 
        "Company": "TROW", 
        "Date": "2006-07-20", 
        "High": 37.119999, 
        "Low": 36.27, 
        "Open": 36.860001, 
        "Volume": 715300, 
        "day": 4, 
        "week": 29
    }
}