{
    "day": {
        "Adj Close": 70.120003, 
        "Close": 70.120003, 
        "Company": "FANG", 
        "Date": "2014-04-14", 
        "High": 70.989998, 
        "Low": 68.0, 
        "Open": 68.440002, 
        "Volume": 1028000, 
        "day": 14, 
        "month": 4
    }
}