{
    "day": {
        "Adj Close": 73.339996, 
        "Close": 73.339996, 
        "Company": "FANG", 
        "Date": "2014-04-17", 
        "High": 74.139999, 
        "Low": 70.550003, 
        "Open": 70.699997, 
        "Volume": 910900, 
        "day": 17, 
        "month": 4
    }
}