{
    "day": {
        "Adj Close": 72.220001, 
        "Close": 72.220001, 
        "Company": "FANG", 
        "Date": "2014-04-29", 
        "High": 73.010002, 
        "Low": 71.080002, 
        "Open": 71.519997, 
        "Volume": 836800, 
        "day": 29, 
        "month": 4
    }
}