{
    "day": {
        "Adj Close": 16.950001,
        "Close": 16.950001,
        "Company": "TCBI",
        "Date": "2004-03-19",
        "High": 17.049999,
        "Low": 16.9,
        "Open": 16.9,
        "Volume": 61200,
        "day": 5,
        "week": 12
    }
}