{
    "day": {
        "Adj Close": 50.610001,
        "Close": 50.610001,
        "Company": "TCBI",
        "Date": "2012-10-10",
        "High": 50.98,
        "Low": 49.82,
        "Open": 50.27,
        "Volume": 367100,
        "day": 10,
        "month": 10
    }
}