{
    "day": {
        "Adj Close": 46.880001,
        "Close": 46.880001,
        "Company": "TCBI",
        "Date": "2012-10-23",
        "High": 47.610001,
        "Low": 45.029999,
        "Open": 47.34,
        "Volume": 817200,
        "day": 23,
        "month": 10
    }
}