{
    "day": {
        "Adj Close": 31.192578, 
        "Close": 37.939999, 
        "Company": "WBA", 
        "Date": "2002-06-12", 
        "High": 38.0, 
        "Low": 37.009998, 
        "Open": 37.049999, 
        "Volume": 2648200, 
        "day": 12, 
        "month": 6
    }
}