{
    "day": {
        "Adj Close": 30.46086, 
        "Close": 37.049999, 
        "Company": "WBA", 
        "Date": "2002-06-24", 
        "High": 38.68, 
        "Low": 36.740002, 
        "Open": 38.5, 
        "Volume": 4685900, 
        "day": 24, 
        "month": 6
    }
}