{
    "day": {
        "Adj Close": 26.815953, 
        "Close": 32.75, 
        "Company": "TROW", 
        "Date": "2008-10-22", 
        "High": 35.82, 
        "Low": 31.889999, 
        "Open": 35.009998, 
        "Volume": 7150900, 
        "day": 3, 
        "week": 43
    }
}