{
    "day": {
        "Adj Close": 25.350286, 
        "Close": 30.959999, 
        "Company": "TROW", 
        "Date": "2008-10-23", 
        "High": 34.209999, 
        "Low": 27.5, 
        "Open": 32.299999, 
        "Volume": 6930600, 
        "day": 4, 
        "week": 43
    }
}