{
    "day": {
        "Adj Close": 1.750831, 
        "Close": 43.24992, 
        "Company": "TROW", 
        "Date": "1993-04-01", 
        "High": 44.24992, 
        "Low": 43.24992, 
        "Open": 43.5, 
        "Volume": 612800, 
        "day": 4, 
        "week": 13
    }
}