{
    "day": {
        "Adj Close": 47.278828,
        "Close": 49.25,
        "Company": "LPLA",
        "Date": "2014-08-25",
        "High": 49.459999,
        "Low": 48.889999,
        "Open": 49.040001,
        "Volume": 192500,
        "day": 1,
        "week": 35
    }
}