{
    "day": {
        "Adj Close": 52.5,
        "Close": 52.5,
        "Company": "TCBI",
        "Date": "2014-12-16",
        "High": 53.459999,
        "Low": 52.080002,
        "Open": 52.25,
        "Volume": 692300,
        "day": 2,
        "week": 51
    }
}