{
    "day": {
        "Adj Close": 1.917608, 
        "Close": 42.75008, 
        "Company": "WBA", 
        "Date": "1990-03-12", 
        "High": 42.875038, 
        "Low": 42.624962, 
        "Open": 42.875038, 
        "Volume": 785600, 
        "day": 12, 
        "month": 3
    }
}