{
    "day": {
        "Adj Close": 1.923213, 
        "Close": 42.875038, 
        "Company": "WBA", 
        "Date": "1990-03-09", 
        "High": 43.375038, 
        "Low": 42.624962, 
        "Open": 43.124962, 
        "Volume": 1624000, 
        "day": 9, 
        "month": 3
    }
}