{
    "day": {
        "Adj Close": 55.130001,
        "Close": 55.130001,
        "Company": "TCBI",
        "Date": "2014-04-28",
        "High": 56.459999,
        "Low": 54.549999,
        "Open": 55.75,
        "Volume": 674400,
        "day": 1,
        "week": 18
    }
}