{
    "day": {
        "Adj Close": 56.189999,
        "Close": 56.189999,
        "Company": "TCBI",
        "Date": "2014-04-30",
        "High": 56.57,
        "Low": 55.25,
        "Open": 56.32,
        "Volume": 794900,
        "day": 3,
        "week": 18
    }
}