{
    "day": {
        "Adj Close": 55.599998,
        "Close": 55.599998,
        "Company": "TCBI",
        "Date": "2014-05-01",
        "High": 56.73,
        "Low": 55.259998,
        "Open": 55.82,
        "Volume": 617000,
        "day": 4,
        "week": 18
    }
}