{
    "day": {
        "Adj Close": 23.969999,
        "Close": 23.969999,
        "Company": "TCBI",
        "Date": "2005-02-07",
        "High": 24.799999,
        "Low": 23.440001,
        "Open": 24.200001,
        "Volume": 308200,
        "day": 1,
        "week": 6
    }
}