{
    "day": {
        "Adj Close": 11.037216,
        "Close": 16.200001,
        "Company": "SUNS",
        "Date": "2011-08-30",
        "High": 16.43,
        "Low": 15.5,
        "Open": 15.86,
        "Volume": 24400,
        "day": 2,
        "week": 35
    }
}