{
    "day": {
        "Adj Close": 47.136782, 
        "Close": 49.689999, 
        "Company": "WBA", 
        "Date": "2013-08-07", 
        "High": 50.130001, 
        "Low": 49.299999, 
        "Open": 50.110001, 
        "Volume": 4787000, 
        "day": 3, 
        "week": 32
    }
}