{
    "day": {
        "Adj Close": 0.995875, 
        "Close": 24.0, 
        "Company": "WBA", 
        "Date": "1985-09-13", 
        "High": 25.0, 
        "Low": 23.87504, 
        "Open": 24.75008, 
        "Volume": 1516800, 
        "day": 5, 
        "week": 37
    }
}