{
    "day": {
        "Adj Close": 54.027282, 
        "Close": 62.169998, 
        "Company": "TROW", 
        "Date": "2011-05-11", 
        "High": 63.290001, 
        "Low": 61.830002, 
        "Open": 63.16, 
        "Volume": 1400000, 
        "day": 11, 
        "month": 5
    }
}