{
    "day": {
        "Adj Close": 51.049246, 
        "Close": 62.869999, 
        "Company": "TROW", 
        "Date": "2008-05-12", 
        "High": 63.130001, 
        "Low": 60.75, 
        "Open": 61.25, 
        "Volume": 1667100, 
        "day": 1, 
        "week": 20
    }
}