{
    "day": {
        "Adj Close": 50.253505, 
        "Close": 61.889999, 
        "Company": "TROW", 
        "Date": "2008-05-14", 
        "High": 63.5, 
        "Low": 61.549999, 
        "Open": 62.990002, 
        "Volume": 2119600, 
        "day": 3, 
        "week": 20
    }
}