{
    "day": {
        "Adj Close": 44.976789, 
        "Close": 47.68, 
        "Company": "WBA", 
        "Date": "2013-03-28", 
        "High": 47.759998, 
        "Low": 47.169998, 
        "Open": 47.330002, 
        "Volume": 6147700, 
        "day": 28, 
        "month": 3
    }
}