{
    "day": {
        "Adj Close": 55.148134, 
        "Close": 62.389999, 
        "Company": "TROW", 
        "Date": "2012-03-12", 
        "High": 63.41, 
        "Low": 62.220001, 
        "Open": 63.009998, 
        "Volume": 1426900, 
        "day": 1, 
        "week": 11
    }
}