{
    "day": {
        "Adj Close": 3.195415, 
        "Close": 34.5, 
        "Company": "WBA", 
        "Date": "1992-04-20", 
        "High": 35.0, 
        "Low": 34.375038, 
        "Open": 34.75, 
        "Volume": 1734400, 
        "day": 1, 
        "week": 17
    }
}