{
    "day": {
        "Adj Close": 3.091221, 
        "Close": 33.375038, 
        "Company": "WBA", 
        "Date": "1992-04-23", 
        "High": 33.75, 
        "Low": 33.0, 
        "Open": 33.75, 
        "Volume": 1753600, 
        "day": 4, 
        "week": 17
    }
}