{
    "day": {
        "Adj Close": 3.056484, 
        "Close": 33.0, 
        "Company": "WBA", 
        "Date": "1992-04-24", 
        "High": 33.375038, 
        "Low": 33.0, 
        "Open": 33.25, 
        "Volume": 1860000, 
        "day": 5, 
        "week": 17
    }
}