{
    "day": {
        "Adj Close": 23.203423, 
        "Close": 37.91, 
        "Company": "MDLZ", 
        "Date": "2012-02-27", 
        "High": 38.200001, 
        "Low": 37.52, 
        "Open": 37.529999, 
        "Volume": 8254100, 
        "day": 1, 
        "week": 9
    }
}