{
    "day": {
        "Adj Close": 57.010285, 
        "Close": 65.919998, 
        "Company": "TROW", 
        "Date": "2011-01-31", 
        "High": 66.339996, 
        "Low": 64.970001, 
        "Open": 65.910004, 
        "Volume": 2165400, 
        "day": 1, 
        "week": 5
    }
}