{
    "day": {
        "Adj Close": 1.969889, 
        "Close": 44.5, 
        "Company": "WBA", 
        "Date": "1989-06-23", 
        "High": 44.5, 
        "Low": 43.75008, 
        "Open": 43.875038, 
        "Volume": 3070400, 
        "day": 5, 
        "week": 25
    }
}