{
    "day": {
        "Adj Close": 11.46191, 
        "Close": 57.187519, 
        "Company": "WBA", 
        "Date": "1997-08-01", 
        "High": 57.625, 
        "Low": 56.0, 
        "Open": 56.25, 
        "Volume": 2399200, 
        "day": 5, 
        "week": 31
    }
}