{
    "day": {
        "Adj Close": 30.719512, 
        "Close": 36.080002, 
        "Company": "WBA", 
        "Date": "2008-04-11", 
        "High": 36.59, 
        "Low": 35.900002, 
        "Open": 36.279999, 
        "Volume": 6750800, 
        "day": 102, 
        "year": 2008
    }
}