{
    "day": {
        "Adj Close": 30.42151, 
        "Close": 35.73, 
        "Company": "WBA", 
        "Date": "2008-04-17", 
        "High": 35.950001, 
        "Low": 35.599998, 
        "Open": 35.700001, 
        "Volume": 3641300, 
        "day": 108, 
        "year": 2008
    }
}