{
    "day": {
        "Adj Close": 30.498139, 
        "Close": 35.82, 
        "Company": "WBA", 
        "Date": "2008-04-24", 
        "High": 36.200001, 
        "Low": 35.48, 
        "Open": 35.66, 
        "Volume": 4614300, 
        "day": 115, 
        "year": 2008
    }
}