{
    "day": {
        "Adj Close": 29.672253, 
        "Close": 34.849998, 
        "Company": "WBA", 
        "Date": "2008-04-30", 
        "High": 35.75, 
        "Low": 34.700001, 
        "Open": 35.720001, 
        "Volume": 5923600, 
        "day": 121, 
        "year": 2008
    }
}