{
    "day": {
        "Adj Close": 30.885328, 
        "Close": 36.18, 
        "Company": "WBA", 
        "Date": "2008-05-19", 
        "High": 36.619999, 
        "Low": 36.080002, 
        "Open": 36.48, 
        "Volume": 4411100, 
        "day": 140, 
        "year": 2008
    }
}