{
    "day": {
        "Adj Close": 28.031869, 
        "Close": 33.009998, 
        "Company": "WBA", 
        "Date": "2008-01-15", 
        "High": 33.25, 
        "Low": 32.799999, 
        "Open": 33.169998, 
        "Volume": 8780400, 
        "day": 15, 
        "year": 2008
    }
}