{
    "day": {
        "Adj Close": 30.953619, 
        "Close": 36.259998, 
        "Company": "WBA", 
        "Date": "2008-06-13", 
        "High": 36.290001, 
        "Low": 35.450001, 
        "Open": 35.75, 
        "Volume": 5118000, 
        "day": 165, 
        "year": 2008
    }
}