{
    "day": {
        "Adj Close": 28.626305, 
        "Close": 33.709999, 
        "Company": "WBA", 
        "Date": "2008-01-18", 
        "High": 34.799999, 
        "Low": 33.169998, 
        "Open": 33.5, 
        "Volume": 11116300, 
        "day": 18, 
        "year": 2008
    }
}