{
    "day": {
        "Adj Close": 27.752403, 
        "Close": 32.509998, 
        "Company": "WBA", 
        "Date": "2008-06-30", 
        "High": 33.049999, 
        "Low": 32.41, 
        "Open": 32.959999, 
        "Volume": 9262000, 
        "day": 182, 
        "year": 2008
    }
}