{
    "day": {
        "Adj Close": 30.082891, 
        "Close": 35.240002, 
        "Company": "WBA", 
        "Date": "2008-08-07", 
        "High": 35.759998, 
        "Low": 35.09, 
        "Open": 35.580002, 
        "Volume": 5054900, 
        "day": 220, 
        "year": 2008
    }
}