{
    "day": {
        "Adj Close": 31.508498, 
        "Close": 36.91, 
        "Company": "WBA", 
        "Date": "2008-08-13", 
        "High": 37.240002, 
        "Low": 36.419998, 
        "Open": 37.110001, 
        "Volume": 6360600, 
        "day": 226, 
        "year": 2008
    }
}