{
    "day": {
        "Adj Close": 31.815815, 
        "Close": 37.27, 
        "Company": "WBA", 
        "Date": "2008-08-15", 
        "High": 37.849998, 
        "Low": 36.990002, 
        "Open": 37.299999, 
        "Volume": 5181300, 
        "day": 228, 
        "year": 2008
    }
}