{
    "day": {
        "Adj Close": 30.679567, 
        "Close": 35.830002, 
        "Company": "WBA", 
        "Date": "2008-08-20", 
        "High": 36.48, 
        "Low": 35.580002, 
        "Open": 36.48, 
        "Volume": 5702700, 
        "day": 233, 
        "year": 2008
    }
}