{
    "day": {
        "Adj Close": 29.254709, 
        "Close": 34.450001, 
        "Company": "WBA", 
        "Date": "2008-01-28", 
        "High": 34.470001, 
        "Low": 33.450001, 
        "Open": 33.450001, 
        "Volume": 7115700, 
        "day": 28, 
        "year": 2008
    }
}