{
    "day": {
        "Adj Close": 22.89622, 
        "Close": 26.74, 
        "Company": "WBA", 
        "Date": "2008-10-07", 
        "High": 28.59, 
        "Low": 26.639999, 
        "Open": 28.1, 
        "Volume": 11195100, 
        "day": 281, 
        "year": 2008
    }
}