{
    "day": {
        "Adj Close": 21.072401, 
        "Close": 24.610001, 
        "Company": "WBA", 
        "Date": "2008-11-03", 
        "High": 25.85, 
        "Low": 24.379999, 
        "Open": 25.440001, 
        "Volume": 6584500, 
        "day": 308, 
        "year": 2008
    }
}