{
    "day": {
        "Adj Close": 22.320881, 
        "Close": 25.940001, 
        "Company": "WBA", 
        "Date": "2008-12-05", 
        "High": 26.0, 
        "Low": 23.700001, 
        "Open": 24.120001, 
        "Volume": 10509200, 
        "day": 340, 
        "year": 2008
    }
}