{
    "day": {
        "Adj Close": 22.673678, 
        "Close": 26.35, 
        "Company": "WBA", 
        "Date": "2008-12-10", 
        "High": 26.5, 
        "Low": 25.879999, 
        "Open": 26.09, 
        "Volume": 4688500, 
        "day": 345, 
        "year": 2008
    }
}