{
    "day": {
        "Adj Close": 20.746201, 
        "Close": 24.110001, 
        "Company": "WBA", 
        "Date": "2008-12-24", 
        "High": 24.27, 
        "Low": 23.91, 
        "Open": 24.15, 
        "Volume": 1960200, 
        "day": 359, 
        "year": 2008
    }
}