{
    "day": {
        "Adj Close": 32.141395, 
        "Close": 37.75, 
        "Company": "WBA", 
        "Date": "2008-02-26", 
        "High": 37.98, 
        "Low": 37.25, 
        "Open": 37.259998, 
        "Volume": 4853600, 
        "day": 57, 
        "year": 2008
    }
}