{
    "day": {
        "Adj Close": 31.622023, 
        "Close": 37.139999, 
        "Company": "WBA", 
        "Date": "2008-02-28", 
        "High": 37.5, 
        "Low": 36.93, 
        "Open": 37.209999, 
        "Volume": 4318500, 
        "day": 59, 
        "year": 2008
    }
}