{
    "day": {
        "Adj Close": 32.320194, 
        "Close": 37.959999, 
        "Company": "WBA", 
        "Date": "2008-03-26", 
        "High": 38.310001, 
        "Low": 37.560001, 
        "Open": 37.75, 
        "Volume": 4524300, 
        "day": 86, 
        "year": 2008
    }
}