{
    "day": {
        "Adj Close": 31.724194, 
        "Close": 37.259998, 
        "Company": "WBA", 
        "Date": "2008-03-27", 
        "High": 38.349998, 
        "Low": 37.16, 
        "Open": 38.119999, 
        "Volume": 5696200, 
        "day": 87, 
        "year": 2008
    }
}