{
    "day": {
        "Adj Close": 28.660273, 
        "Close": 33.75, 
        "Company": "WBA", 
        "Date": "2008-01-09", 
        "High": 34.5, 
        "Low": 33.09, 
        "Open": 34.279999, 
        "Volume": 14386600, 
        "day": 9, 
        "year": 2008
    }
}