{
    "day": {
        "Adj Close": 32.43088, 
        "Close": 38.09, 
        "Company": "WBA", 
        "Date": "2008-03-31", 
        "High": 38.259998, 
        "Low": 37.240002, 
        "Open": 37.43, 
        "Volume": 6295000, 
        "day": 91, 
        "year": 2008
    }
}