{
    "day": {
        "Adj Close": 32.030708, 
        "Close": 37.619999, 
        "Company": "WBA", 
        "Date": "2008-04-08", 
        "High": 38.169998, 
        "Low": 37.389999, 
        "Open": 38.0, 
        "Volume": 6441700, 
        "day": 99, 
        "year": 2008
    }
}