{
    "day": {
        "Adj Close": 16.727035, 
        "Close": 32.66, 
        "Company": "MDLZ", 
        "Date": "2007-05-08", 
        "High": 33.0, 
        "Low": 32.41, 
        "Open": 32.759998, 
        "Volume": 12943600, 
        "day": 2, 
        "week": 19
    }
}