{
    "day": {
        "Adj Close": 1.669867, 
        "Close": 41.24992, 
        "Company": "TROW", 
        "Date": "1993-04-28", 
        "High": 42.0, 
        "Low": 41.24992, 
        "Open": 42.0, 
        "Volume": 134400, 
        "day": 3, 
        "week": 17
    }
}