{
    "day": {
        "Adj Close": 3.382666, 
        "Close": 36.375038, 
        "Company": "WBA", 
        "Date": "1992-07-20", 
        "High": 36.375038, 
        "Low": 36.0, 
        "Open": 36.124962, 
        "Volume": 820800, 
        "day": 1, 
        "week": 30
    }
}