{
    "day": {
        "Adj Close": 3.34779, 
        "Close": 36.0, 
        "Company": "WBA", 
        "Date": "1992-07-22", 
        "High": 36.0, 
        "Low": 35.624962, 
        "Open": 36.0, 
        "Volume": 1024000, 
        "day": 3, 
        "week": 30
    }
}