{
    "day": {
        "Adj Close": 3.336169, 
        "Close": 35.875038, 
        "Company": "WBA", 
        "Date": "1992-07-23", 
        "High": 36.0, 
        "Low": 35.624962, 
        "Open": 36.0, 
        "Volume": 561600, 
        "day": 4, 
        "week": 30
    }
}