{
    "day": {
        "Adj Close": 3.336169, 
        "Close": 35.875038, 
        "Company": "WBA", 
        "Date": "1992-07-24", 
        "High": 36.0, 
        "Low": 35.624962, 
        "Open": 35.875038, 
        "Volume": 710400, 
        "day": 5, 
        "week": 30
    }
}