{
    "day": {
        "Adj Close": 90.582758, 
        "Close": 91.410004, 
        "Company": "WBA", 
        "Date": "2015-08-19", 
        "High": 92.269997, 
        "Low": 90.790001, 
        "Open": 91.25, 
        "Volume": 3145600, 
        "day": 3, 
        "week": 34
    }
}