{
    "day": {
        "Adj Close": 25.040001,
        "Close": 25.040001,
        "Company": "TCBI",
        "Date": "2011-06-16",
        "High": 25.09,
        "Low": 24.33,
        "Open": 24.440001,
        "Volume": 160900,
        "day": 4,
        "week": 24
    }
}