{
    "day": {
        "Adj Close": 27.510477, 
        "Close": 31.719999, 
        "Company": "WBA", 
        "Date": "2009-06-18", 
        "High": 31.799999, 
        "Low": 30.799999, 
        "Open": 30.799999, 
        "Volume": 8109200, 
        "day": 18, 
        "month": 6
    }
}