{
    "day": {
        "Adj Close": 27.12887, 
        "Close": 31.280001, 
        "Company": "WBA", 
        "Date": "2009-06-03", 
        "High": 31.6, 
        "Low": 30.99, 
        "Open": 31.450001, 
        "Volume": 5487300, 
        "day": 3, 
        "month": 6
    }
}