{
    "day": {
        "Adj Close": 21.24,
        "Close": 21.24,
        "Company": "TCBI",
        "Date": "2007-05-01",
        "High": 21.290001,
        "Low": 20.35,
        "Open": 20.370001,
        "Volume": 233500,
        "day": 2,
        "week": 18
    }
}