{
    "day": {
        "Adj Close": 19.029861, 
        "Close": 49.639999, 
        "Company": "TROW", 
        "Date": "2004-04-23", 
        "High": 50.330002, 
        "Low": 49.490002, 
        "Open": 49.610001, 
        "Volume": 1359800, 
        "day": 5, 
        "week": 17
    }
}