{
    "day": {
        "Adj Close": 19.654734, 
        "Close": 51.27, 
        "Company": "TROW", 
        "Date": "2004-04-14", 
        "High": 52.639999, 
        "Low": 50.75, 
        "Open": 52.07, 
        "Volume": 1311600, 
        "day": 105, 
        "year": 2004
    }
}