{
    "day": {
        "Adj Close": 19.731406, 
        "Close": 51.470001, 
        "Company": "TROW", 
        "Date": "2004-04-16", 
        "High": 51.84, 
        "Low": 50.970001, 
        "Open": 50.970001, 
        "Volume": 1507000, 
        "day": 107, 
        "year": 2004
    }
}