{
    "day": {
        "Adj Close": 17.799284, 
        "Close": 46.43, 
        "Company": "TROW", 
        "Date": "2004-05-20", 
        "High": 46.970001, 
        "Low": 46.349998, 
        "Open": 46.959999, 
        "Volume": 1519600, 
        "day": 141, 
        "year": 2004
    }
}