{
    "day": {
        "Adj Close": 19.473656, 
        "Close": 50.98, 
        "Company": "TROW", 
        "Date": "2004-01-15", 
        "High": 51.169998, 
        "Low": 50.41, 
        "Open": 50.560001, 
        "Volume": 1681600, 
        "day": 15, 
        "year": 2004
    }
}