{
    "day": {
        "Adj Close": 18.903354, 
        "Close": 49.310001, 
        "Company": "TROW", 
        "Date": "2004-06-09", 
        "High": 50.200001, 
        "Low": 49.139999, 
        "Open": 50.110001, 
        "Volume": 1103600, 
        "day": 161, 
        "year": 2004
    }
}