{
    "day": {
        "Adj Close": 18.915983, 
        "Close": 49.150002, 
        "Company": "TROW", 
        "Date": "2004-06-23", 
        "High": 49.259998, 
        "Low": 48.209999, 
        "Open": 48.450001, 
        "Volume": 854200, 
        "day": 175, 
        "year": 2004
    }
}