{
    "day": {
        "Adj Close": 19.958779, 
        "Close": 52.25, 
        "Company": "TROW", 
        "Date": "2004-01-20", 
        "High": 52.290001, 
        "Low": 51.360001, 
        "Open": 51.41, 
        "Volume": 1405800, 
        "day": 20, 
        "year": 2004
    }
}