{
    "day": {
        "Adj Close": 17.491992, 
        "Close": 45.450001, 
        "Company": "TROW", 
        "Date": "2004-07-22", 
        "High": 45.59, 
        "Low": 44.400002, 
        "Open": 45.330002, 
        "Volume": 1501600, 
        "day": 204, 
        "year": 2004
    }
}