{
    "day": {
        "Adj Close": 17.976918, 
        "Close": 46.709999, 
        "Company": "TROW", 
        "Date": "2004-07-29", 
        "High": 47.040001, 
        "Low": 46.209999, 
        "Open": 46.66, 
        "Volume": 1160000, 
        "day": 211, 
        "year": 2004
    }
}