{
    "day": {
        "Adj Close": 18.592698, 
        "Close": 48.310001, 
        "Company": "TROW", 
        "Date": "2004-08-19", 
        "High": 48.59, 
        "Low": 47.959999, 
        "Open": 48.419998, 
        "Volume": 720200, 
        "day": 232, 
        "year": 2004
    }
}