{
    "day": {
        "Adj Close": 19.223872, 
        "Close": 49.950001, 
        "Company": "TROW", 
        "Date": "2004-08-25", 
        "High": 49.970001, 
        "Low": 48.799999, 
        "Open": 49.139999, 
        "Volume": 567200, 
        "day": 238, 
        "year": 2004
    }
}