{
    "day": {
        "Adj Close": 18.877496, 
        "Close": 49.049999, 
        "Company": "TROW", 
        "Date": "2004-08-30", 
        "High": 49.540001, 
        "Low": 48.970001, 
        "Open": 49.450001, 
        "Volume": 738000, 
        "day": 243, 
        "year": 2004
    }
}