{
    "day": {
        "Adj Close": 19.287416, 
        "Close": 49.93, 
        "Company": "TROW", 
        "Date": "2004-10-14", 
        "High": 51.209999, 
        "Low": 49.869999, 
        "Open": 51.09, 
        "Volume": 1319000, 
        "day": 288, 
        "year": 2004
    }
}