{
    "day": {
        "Adj Close": 21.92577, 
        "Close": 56.759998, 
        "Company": "TROW", 
        "Date": "2004-11-03", 
        "High": 57.119999, 
        "Low": 54.919998, 
        "Open": 55.139999, 
        "Volume": 2183600, 
        "day": 308, 
        "year": 2004
    }
}