{
    "day": {
        "Adj Close": 22.995791, 
        "Close": 59.529999, 
        "Company": "TROW", 
        "Date": "2004-11-10", 
        "High": 60.130001, 
        "Low": 59.130001, 
        "Open": 59.5, 
        "Volume": 1717600, 
        "day": 315, 
        "year": 2004
    }
}