{
    "day": {
        "Adj Close": 22.876042, 
        "Close": 59.220001, 
        "Company": "TROW", 
        "Date": "2004-11-17", 
        "High": 60.290001, 
        "Low": 58.849998, 
        "Open": 58.849998, 
        "Volume": 1614000, 
        "day": 322, 
        "year": 2004
    }
}