{
    "day": {
        "Adj Close": 23.324137, 
        "Close": 60.380001, 
        "Company": "TROW", 
        "Date": "2004-12-03", 
        "High": 60.52, 
        "Low": 59.73, 
        "Open": 60.18, 
        "Volume": 936600, 
        "day": 338, 
        "year": 2004
    }
}