{
    "day": {
        "Adj Close": 23.467064, 
        "Close": 60.75, 
        "Company": "TROW", 
        "Date": "2004-12-08", 
        "High": 60.91, 
        "Low": 60.16, 
        "Open": 60.299999, 
        "Volume": 729800, 
        "day": 343, 
        "year": 2004
    }
}