{
    "day": {
        "Adj Close": 23.687249, 
        "Close": 61.32, 
        "Company": "TROW", 
        "Date": "2004-12-17", 
        "High": 62.060001, 
        "Low": 61.080002, 
        "Open": 61.189999, 
        "Volume": 1665200, 
        "day": 352, 
        "year": 2004
    }
}