{
    "day": {
        "Adj Close": 20.054276, 
        "Close": 52.5, 
        "Company": "TROW", 
        "Date": "2004-02-12", 
        "High": 53.099998, 
        "Low": 52.23, 
        "Open": 52.700001, 
        "Volume": 1216800, 
        "day": 43, 
        "year": 2004
    }
}