{
    "day": {
        "Adj Close": 19.748687, 
        "Close": 51.700001, 
        "Company": "TROW", 
        "Date": "2004-02-26", 
        "High": 51.91, 
        "Low": 50.810001, 
        "Open": 51.18, 
        "Volume": 1016000, 
        "day": 57, 
        "year": 2004
    }
}