{
    "day": {
        "Adj Close": 20.925204, 
        "Close": 54.779999, 
        "Company": "TROW", 
        "Date": "2004-03-03", 
        "High": 54.790001, 
        "Low": 53.490002, 
        "Open": 54.0, 
        "Volume": 1336200, 
        "day": 63, 
        "year": 2004
    }
}