{
    "day": {
        "Adj Close": 20.848808, 
        "Close": 54.580002, 
        "Company": "TROW", 
        "Date": "2004-03-10", 
        "High": 55.630001, 
        "Low": 54.119999, 
        "Open": 55.09, 
        "Volume": 2388600, 
        "day": 70, 
        "year": 2004
    }
}