{
    "day": {
        "Adj Close": 20.291107, 
        "Close": 53.119999, 
        "Company": "TROW", 
        "Date": "2004-03-18", 
        "High": 53.75, 
        "Low": 52.349998, 
        "Open": 53.700001, 
        "Volume": 1557800, 
        "day": 78, 
        "year": 2004
    }
}