{
    "day": {
        "Adj Close": 19.831078, 
        "Close": 51.73, 
        "Company": "TROW", 
        "Date": "2004-03-22", 
        "High": 53.130001, 
        "Low": 51.060001, 
        "Open": 52.889999, 
        "Volume": 1488000, 
        "day": 82, 
        "year": 2004
    }
}