{
    "day": {
        "Adj Close": 21.042488, 
        "Close": 54.889999, 
        "Company": "TROW", 
        "Date": "2004-04-06", 
        "High": 54.91, 
        "Low": 54.459999, 
        "Open": 54.560001, 
        "Volume": 636400, 
        "day": 97, 
        "year": 2004
    }
}