{
    "day": {
        "Adj Close": 20.517289, 
        "Close": 53.52, 
        "Company": "TROW", 
        "Date": "2004-04-08", 
        "High": 54.490002, 
        "Low": 53.130001, 
        "Open": 54.470001, 
        "Volume": 2224200, 
        "day": 99, 
        "year": 2004
    }
}