{
    "day": {
        "Adj Close": 15.185751, 
        "Close": 33.599998, 
        "Company": "MDLZ", 
        "Date": "2002-01-09", 
        "High": 34.0, 
        "Low": 33.43, 
        "Open": 33.799999, 
        "Volume": 1068000, 
        "day": 3, 
        "week": 2
    }
}