{
    "day": {
        "Adj Close": 28.981731, 
        "Close": 34.950001, 
        "Company": "WBA", 
        "Date": "2004-02-19", 
        "High": 35.16, 
        "Low": 34.810001, 
        "Open": 35.099998, 
        "Volume": 3095500, 
        "day": 19, 
        "month": 2
    }
}