{
    "day": {
        "Adj Close": 79.46736, 
        "Close": 81.790001, 
        "Company": "TROW", 
        "Date": "2015-05-20", 
        "High": 82.129997, 
        "Low": 81.489998, 
        "Open": 81.879997, 
        "Volume": 847700, 
        "day": 3, 
        "week": 21
    }
}