{
    "day": {
        "Adj Close": 68.903674, 
        "Close": 70.449997, 
        "Company": "TROW", 
        "Date": "2015-09-09", 
        "High": 72.879997, 
        "Low": 70.32, 
        "Open": 72.0, 
        "Volume": 1689600, 
        "day": 3, 
        "week": 37
    }
}