{
    "day": {
        "Adj Close": 13.630475, 
        "Close": 29.73, 
        "Company": "MDLZ", 
        "Date": "2003-02-26", 
        "High": 30.389999, 
        "Low": 29.719999, 
        "Open": 30.1, 
        "Volume": 2136500, 
        "day": 3, 
        "week": 9
    }
}