{
    "day": {
        "Adj Close": 13.575458, 
        "Close": 29.610001, 
        "Company": "MDLZ", 
        "Date": "2003-02-28", 
        "High": 29.76, 
        "Low": 29.530001, 
        "Open": 29.719999, 
        "Volume": 1718300, 
        "day": 5, 
        "week": 9
    }
}