{
    "day": {
        "Adj Close": 100.050003, 
        "Close": 100.050003, 
        "Company": "TSLA", 
        "Date": "2013-06-10", 
        "High": 102.519997, 
        "Low": 98.57, 
        "Open": 98.93, 
        "Volume": 9228600, 
        "day": 1, 
        "week": 24
    }
}