{
    "day": {
        "Adj Close": 65.040001,
        "Close": 65.040001,
        "Company": "TCBI",
        "Date": "2014-04-03",
        "High": 65.870003,
        "Low": 64.470001,
        "Open": 65.360001,
        "Volume": 384400,
        "day": 4,
        "week": 14
    }
}