{
    "day": {
        "Adj Close": 33.239378, 
        "Close": 40.59, 
        "Company": "WBA", 
        "Date": "2001-05-17", 
        "High": 40.900002, 
        "Low": 40.060001, 
        "Open": 40.48, 
        "Volume": 2245500, 
        "day": 17, 
        "month": 5
    }
}