{
    "day": {
        "Adj Close": 33.345837, 
        "Close": 40.720001, 
        "Company": "WBA", 
        "Date": "2001-05-18", 
        "High": 40.77, 
        "Low": 40.169998, 
        "Open": 40.34, 
        "Volume": 2565200, 
        "day": 18, 
        "month": 5
    }
}