{
    "day": {
        "Adj Close": 32.879061, 
        "Close": 40.150002, 
        "Company": "WBA", 
        "Date": "2001-05-30", 
        "High": 40.34, 
        "Low": 39.509998, 
        "Open": 39.549999, 
        "Volume": 2626100, 
        "day": 30, 
        "month": 5
    }
}