{
    "day": {
        "Adj Close": 29.323656, 
        "Close": 30.799999, 
        "Company": "MDLZ", 
        "Date": "2013-05-20", 
        "High": 31.51, 
        "Low": 30.74, 
        "Open": 31.49, 
        "Volume": 10092700, 
        "day": 1, 
        "week": 21
    }
}