{
    "day": {
        "Adj Close": 28.570999,
        "Close": 32.91,
        "Company": "LPLA",
        "Date": "2011-02-18",
        "High": 33.220001,
        "Low": 32.549999,
        "Open": 32.860001,
        "Volume": 151200,
        "day": 5,
        "week": 7
    }
}