{
    "day": {
        "Adj Close": 12.048903, 
        "Close": 22.139999, 
        "Company": "MDLZ", 
        "Date": "2009-03-20", 
        "High": 22.4, 
        "Low": 22.1, 
        "Open": 22.18, 
        "Volume": 15551100, 
        "day": 20, 
        "month": 3
    }
}