{
    "day": {
        "Adj Close": 12.776801, 
        "Close": 23.17, 
        "Company": "MDLZ", 
        "Date": "2009-03-24", 
        "High": 23.379999, 
        "Low": 22.799999, 
        "Open": 22.879999, 
        "Volume": 10858400, 
        "day": 24, 
        "month": 3
    }
}