{
    "day": {
        "Adj Close": 12.710628, 
        "Close": 23.049999, 
        "Company": "MDLZ", 
        "Date": "2009-03-25", 
        "High": 23.58, 
        "Low": 22.719999, 
        "Open": 23.32, 
        "Volume": 11340200, 
        "day": 25, 
        "month": 3
    }
}