{
    "day": {
        "Adj Close": 12.622399, 
        "Close": 22.889999, 
        "Company": "MDLZ", 
        "Date": "2009-03-27", 
        "High": 23.299999, 
        "Low": 22.809999, 
        "Open": 22.84, 
        "Volume": 10604600, 
        "day": 27, 
        "month": 3
    }
}