{
    "day": {
        "Adj Close": 52.876444, 
        "Close": 59.82, 
        "Company": "TROW", 
        "Date": "2012-01-27", 
        "High": 60.84, 
        "Low": 59.380001, 
        "Open": 59.880001, 
        "Volume": 2712700, 
        "day": 5, 
        "week": 4
    }
}