{
    "day": {
        "Adj Close": 33.872012, 
        "Close": 36.439999, 
        "Company": "WBA", 
        "Date": "2012-09-28", 
        "High": 36.900002, 
        "Low": 35.560001, 
        "Open": 36.27, 
        "Volume": 11185400, 
        "day": 5, 
        "week": 39
    }
}