{
    "day": {
        "Adj Close": 32.052301,
        "Close": 36.919998,
        "Company": "LPLA",
        "Date": "2012-04-17",
        "High": 37.0,
        "Low": 36.290001,
        "Open": 36.459999,
        "Volume": 391800,
        "day": 2,
        "week": 16
    }
}