{
    "day": {
        "Adj Close": 37.866075, 
        "Close": 38.029999, 
        "Company": "MDLZ", 
        "Date": "2016-02-10", 
        "High": 38.57, 
        "Low": 37.290001, 
        "Open": 37.689999, 
        "Volume": 12750800, 
        "day": 10, 
        "month": 2
    }
}