{
    "day": {
        "Adj Close": 37.517586, 
        "Close": 37.68, 
        "Company": "MDLZ", 
        "Date": "2016-02-11", 
        "High": 37.939999, 
        "Low": 36.900002, 
        "Open": 37.150002, 
        "Volume": 11391000, 
        "day": 11, 
        "month": 2
    }
}