{
    "day": {
        "Adj Close": 39.638406, 
        "Close": 39.810001, 
        "Company": "MDLZ", 
        "Date": "2016-02-19", 
        "High": 40.77, 
        "Low": 39.560001, 
        "Open": 39.790001, 
        "Volume": 13655500, 
        "day": 19, 
        "month": 2
    }
}