{
    "day": {
        "Adj Close": 36.849998,
        "Close": 36.849998,
        "Company": "TCBI",
        "Date": "2012-05-08",
        "High": 37.200001,
        "Low": 36.540001,
        "Open": 36.849998,
        "Volume": 271500,
        "day": 2,
        "week": 19
    }
}