{
    "day": {
        "Adj Close": 25.543718, 
        "Close": 41.099998, 
        "Company": "MDLZ", 
        "Date": "2012-08-08", 
        "High": 41.259998, 
        "Low": 40.84, 
        "Open": 40.849998, 
        "Volume": 8174900, 
        "day": 3, 
        "week": 32
    }
}