{
    "day": {
        "Adj Close": 37.262895, 
        "Close": 44.16, 
        "Company": "WBA", 
        "Date": "2007-03-02", 
        "High": 44.610001, 
        "Low": 43.82, 
        "Open": 44.240002, 
        "Volume": 6861300, 
        "day": 2, 
        "month": 3
    }
}