{
    "day": {
        "Adj Close": 40.30907, 
        "Close": 47.77, 
        "Company": "WBA", 
        "Date": "2007-03-23", 
        "High": 47.860001, 
        "Low": 47.009998, 
        "Open": 47.34, 
        "Volume": 4247600, 
        "day": 23, 
        "month": 3
    }
}