{
    "day": {
        "Adj Close": 39.608701, 
        "Close": 46.939999, 
        "Company": "WBA", 
        "Date": "2007-03-27", 
        "High": 47.32, 
        "Low": 46.830002, 
        "Open": 47.110001, 
        "Volume": 5416000, 
        "day": 27, 
        "month": 3
    }
}