{
    "day": {
        "Adj Close": 37.507603, 
        "Close": 44.450001, 
        "Company": "WBA", 
        "Date": "2007-03-06", 
        "High": 44.610001, 
        "Low": 43.799999, 
        "Open": 44.200001, 
        "Volume": 4921400, 
        "day": 6, 
        "month": 3
    }
}