{
    "day": {
        "Adj Close": 12.559347, 
        "Close": 33.290001, 
        "Company": "TROW", 
        "Date": "2003-05-27", 
        "High": 33.330002, 
        "Low": 32.189999, 
        "Open": 32.259998, 
        "Volume": 1670200, 
        "day": 27, 
        "month": 5
    }
}