{
    "day": {
        "Adj Close": 12.8423, 
        "Close": 34.040001, 
        "Company": "TROW", 
        "Date": "2003-05-28", 
        "High": 34.220001, 
        "Low": 33.189999, 
        "Open": 33.310001, 
        "Volume": 1812200, 
        "day": 28, 
        "month": 5
    }
}