{
    "day": {
        "Adj Close": 12.978118, 
        "Close": 34.400002, 
        "Company": "TROW", 
        "Date": "2003-05-29", 
        "High": 34.799999, 
        "Low": 34.029999, 
        "Open": 34.110001, 
        "Volume": 1898000, 
        "day": 29, 
        "month": 5
    }
}