{
    "day": {
        "Adj Close": 68.614552, 
        "Close": 69.639999, 
        "Company": "TROW", 
        "Date": "2015-10-21", 
        "High": 71.0, 
        "Low": 69.559998, 
        "Open": 70.970001, 
        "Volume": 1384100, 
        "day": 21, 
        "month": 10
    }
}