{
    "day": {
        "Adj Close": 70.979214, 
        "Close": 72.040001, 
        "Company": "TROW", 
        "Date": "2015-10-08", 
        "High": 72.169998, 
        "Low": 70.949997, 
        "Open": 71.470001, 
        "Volume": 1631000, 
        "day": 8, 
        "month": 10
    }
}