{
    "day": {
        "Adj Close": 70.447165, 
        "Close": 71.5, 
        "Company": "TROW", 
        "Date": "2015-10-09", 
        "High": 72.449997, 
        "Low": 71.129997, 
        "Open": 72.139999, 
        "Volume": 1528800, 
        "day": 9, 
        "month": 10
    }
}