{
    "day": {
        "Adj Close": 49.889955, 
        "Close": 60.93, 
        "Company": "TROW", 
        "Date": "2008-09-26", 
        "High": 61.220001, 
        "Low": 56.029999, 
        "Open": 56.450001, 
        "Volume": 1789500, 
        "day": 5, 
        "week": 39
    }
}