{
    "day": {
        "Adj Close": 56.534614, 
        "Close": 63.610001, 
        "Company": "TROW", 
        "Date": "2012-04-09", 
        "High": 64.040001, 
        "Low": 63.25, 
        "Open": 63.830002, 
        "Volume": 859900, 
        "day": 100, 
        "year": 2012
    }
}