{
    "day": {
        "Adj Close": 52.443323, 
        "Close": 59.330002, 
        "Company": "TROW", 
        "Date": "2012-01-11", 
        "High": 59.57, 
        "Low": 58.869999, 
        "Open": 59.029999, 
        "Volume": 1884000, 
        "day": 11, 
        "year": 2012
    }
}