{
    "day": {
        "Adj Close": 56.152443, 
        "Close": 63.18, 
        "Company": "TROW", 
        "Date": "2012-04-25", 
        "High": 63.360001, 
        "Low": 61.830002, 
        "Open": 62.34, 
        "Volume": 1511600, 
        "day": 116, 
        "year": 2012
    }
}