{
    "day": {
        "Adj Close": 56.347973, 
        "Close": 63.400002, 
        "Company": "TROW", 
        "Date": "2012-04-26", 
        "High": 63.66, 
        "Low": 62.73, 
        "Open": 62.900002, 
        "Volume": 1098600, 
        "day": 117, 
        "year": 2012
    }
}