{
    "day": {
        "Adj Close": 49.388908, 
        "Close": 55.57, 
        "Company": "TROW", 
        "Date": "2012-06-05", 
        "High": 55.880001, 
        "Low": 55.080002, 
        "Open": 55.080002, 
        "Volume": 2144900, 
        "day": 157, 
        "year": 2012
    }
}