{
    "day": {
        "Adj Close": 55.30273, 
        "Close": 61.860001, 
        "Company": "TROW", 
        "Date": "2012-06-20", 
        "High": 62.360001, 
        "Low": 61.290001, 
        "Open": 61.77, 
        "Volume": 1969900, 
        "day": 172, 
        "year": 2012
    }
}