{
    "day": {
        "Adj Close": 55.49941, 
        "Close": 62.080002, 
        "Company": "TROW", 
        "Date": "2012-07-17", 
        "High": 62.689999, 
        "Low": 61.110001, 
        "Open": 62.299999, 
        "Volume": 931800, 
        "day": 199, 
        "year": 2012
    }
}