{
    "day": {
        "Adj Close": 53.416393, 
        "Close": 59.75, 
        "Company": "TROW", 
        "Date": "2012-07-26", 
        "High": 60.439999, 
        "Low": 59.25, 
        "Open": 60.009998, 
        "Volume": 1733800, 
        "day": 208, 
        "year": 2012
    }
}