{
    "day": {
        "Adj Close": 53.836573, 
        "Close": 60.220001, 
        "Company": "TROW", 
        "Date": "2012-07-30", 
        "High": 61.48, 
        "Low": 60.080002, 
        "Open": 61.060001, 
        "Volume": 1884000, 
        "day": 212, 
        "year": 2012
    }
}