{
    "day": {
        "Adj Close": 52.853173, 
        "Close": 59.119999, 
        "Company": "TROW", 
        "Date": "2012-08-02", 
        "High": 59.93, 
        "Low": 58.52, 
        "Open": 59.5, 
        "Volume": 1363500, 
        "day": 215, 
        "year": 2012
    }
}