{
    "day": {
        "Adj Close": 55.114991, 
        "Close": 61.650002, 
        "Company": "TROW", 
        "Date": "2012-08-23", 
        "High": 62.040001, 
        "Low": 61.470001, 
        "Open": 62.0, 
        "Volume": 569400, 
        "day": 236, 
        "year": 2012
    }
}