{
    "day": {
        "Adj Close": 57.623984, 
        "Close": 64.110001, 
        "Company": "TROW", 
        "Date": "2012-09-21", 
        "High": 64.900002, 
        "Low": 64.099998, 
        "Open": 64.690002, 
        "Volume": 1259400, 
        "day": 265, 
        "year": 2012
    }
}