{
    "day": {
        "Adj Close": 56.877954, 
        "Close": 63.279999, 
        "Company": "TROW", 
        "Date": "2012-09-27", 
        "High": 63.459999, 
        "Low": 62.630001, 
        "Open": 63.029999, 
        "Volume": 698400, 
        "day": 271, 
        "year": 2012
    }
}