{
    "day": {
        "Adj Close": 56.455506, 
        "Close": 62.810001, 
        "Company": "TROW", 
        "Date": "2012-10-03", 
        "High": 63.009998, 
        "Low": 62.349998, 
        "Open": 62.869999, 
        "Volume": 1062700, 
        "day": 277, 
        "year": 2012
    }
}