{
    "day": {
        "Adj Close": 59.691295, 
        "Close": 66.410004, 
        "Company": "TROW", 
        "Date": "2012-10-18", 
        "High": 66.410004, 
        "Low": 65.620003, 
        "Open": 65.849998, 
        "Volume": 1184300, 
        "day": 292, 
        "year": 2012
    }
}