{
    "day": {
        "Adj Close": 58.378998, 
        "Close": 64.949997, 
        "Company": "TROW", 
        "Date": "2012-11-20", 
        "High": 65.099998, 
        "Low": 64.029999, 
        "Open": 64.18, 
        "Volume": 1050700, 
        "day": 325, 
        "year": 2012
    }
}