{
    "day": {
        "Adj Close": 57.902619, 
        "Close": 64.419998, 
        "Company": "TROW", 
        "Date": "2012-11-29", 
        "High": 64.699997, 
        "Low": 64.0, 
        "Open": 64.029999, 
        "Volume": 962100, 
        "day": 334, 
        "year": 2012
    }
}