{
    "day": {
        "Adj Close": 54.352602, 
        "Close": 61.490002, 
        "Company": "TROW", 
        "Date": "2012-02-23", 
        "High": 61.599998, 
        "Low": 60.849998, 
        "Open": 61.0, 
        "Volume": 1490300, 
        "day": 54, 
        "year": 2012
    }
}