{
    "day": {
        "Adj Close": 57.512259, 
        "Close": 64.709999, 
        "Company": "TROW", 
        "Date": "2012-03-15", 
        "High": 65.0, 
        "Low": 63.700001, 
        "Open": 64.080002, 
        "Volume": 1142700, 
        "day": 75, 
        "year": 2012
    }
}