{
    "day": {
        "Adj Close": 57.565583, 
        "Close": 64.769997, 
        "Company": "TROW", 
        "Date": "2012-03-16", 
        "High": 65.199997, 
        "Low": 64.639999, 
        "Open": 64.870003, 
        "Volume": 2177100, 
        "day": 76, 
        "year": 2012
    }
}