{
    "day": {
        "Adj Close": 56.827906, 
        "Close": 63.939999, 
        "Company": "TROW", 
        "Date": "2012-03-22", 
        "High": 64.230003, 
        "Low": 63.529999, 
        "Open": 64.169998, 
        "Volume": 927800, 
        "day": 82, 
        "year": 2012
    }
}