{
    "day": {
        "Adj Close": 56.970109, 
        "Close": 64.099998, 
        "Company": "TROW", 
        "Date": "2012-03-29", 
        "High": 64.57, 
        "Low": 63.509998, 
        "Open": 64.32, 
        "Volume": 1237500, 
        "day": 89, 
        "year": 2012
    }
}