{
    "day": {
        "Adj Close": 58.383255, 
        "Close": 65.690002, 
        "Company": "TROW", 
        "Date": "2012-04-02", 
        "High": 66.0, 
        "Low": 64.779999, 
        "Open": 65.040001, 
        "Volume": 1534500, 
        "day": 93, 
        "year": 2012
    }
}