{
    "day": {
        "Adj Close": 21.459999,
        "Close": 21.459999,
        "Company": "TCBI",
        "Date": "2004-12-01",
        "High": 21.549999,
        "Low": 20.540001,
        "Open": 20.68,
        "Volume": 117700,
        "day": 1,
        "month": 12
    }
}