{
    "day": {
        "Adj Close": 21.469999,
        "Close": 21.469999,
        "Company": "TCBI",
        "Date": "2004-12-13",
        "High": 21.469999,
        "Low": 20.67,
        "Open": 21.120001,
        "Volume": 54900,
        "day": 13,
        "month": 12
    }
}