{
    "day": {
        "Adj Close": 21.9,
        "Close": 21.9,
        "Company": "TCBI",
        "Date": "2004-12-27",
        "High": 22.559999,
        "Low": 21.860001,
        "Open": 22.48,
        "Volume": 32600,
        "day": 27,
        "month": 12
    }
}