{
    "day": {
        "Adj Close": 20.280001,
        "Close": 20.280001,
        "Company": "TCBI",
        "Date": "2004-12-07",
        "High": 21.18,
        "Low": 20.200001,
        "Open": 21.110001,
        "Volume": 62800,
        "day": 7,
        "month": 12
    }
}