{
    "day": {
        "Adj Close": 77.180893, 
        "Close": 83.709999, 
        "Company": "TROW", 
        "Date": "2014-03-10", 
        "High": 83.730003, 
        "Low": 82.709999, 
        "Open": 83.370003, 
        "Volume": 1296400, 
        "day": 1, 
        "week": 11
    }
}