{
    "day": {
        "Adj Close": 1.630836, 
        "Close": 38.375038, 
        "Company": "WBA", 
        "Date": "1987-02-20", 
        "High": 38.624962, 
        "Low": 37.124962, 
        "Open": 37.124962, 
        "Volume": 3798400, 
        "day": 5, 
        "week": 8
    }
}