{
    "day": {
        "Adj Close": 23.82, 
        "Close": 23.82, 
        "Company": "TSLA", 
        "Date": "2011-08-10", 
        "High": 25.440001, 
        "Low": 23.629999, 
        "Open": 25.440001, 
        "Volume": 1564200, 
        "day": 3, 
        "week": 32
    }
}