{
    "day": {
        "Adj Close": 30.842699, 
        "Close": 36.32, 
        "Company": "WBA", 
        "Date": "2008-02-01", 
        "High": 36.32, 
        "Low": 34.619999, 
        "Open": 35.18, 
        "Volume": 8139800, 
        "day": 5, 
        "week": 5
    }
}