{
    "day": {
        "Adj Close": 18.780001, 
        "Close": 18.780001, 
        "Company": "TSLA", 
        "Date": "2010-08-16", 
        "High": 18.799999, 
        "Low": 18.26, 
        "Open": 18.450001, 
        "Volume": 485800, 
        "day": 16, 
        "month": 8
    }
}