{
    "day": {
        "Adj Close": 40.142252, 
        "Close": 50.02, 
        "Company": "TROW", 
        "Date": "2007-09-06", 
        "High": 50.610001, 
        "Low": 49.310001, 
        "Open": 50.5, 
        "Volume": 1392300, 
        "day": 4, 
        "week": 36
    }
}