{
    "day": {
        "Adj Close": 33.25366, 
        "Close": 34.48, 
        "Company": "MDLZ", 
        "Date": "2014-02-20", 
        "High": 34.779999, 
        "Low": 34.189999, 
        "Open": 34.209999, 
        "Volume": 7998000, 
        "day": 4, 
        "week": 8
    }
}