{
    "day": {
        "Adj Close": 17.628429, 
        "Close": 34.419998, 
        "Company": "MDLZ", 
        "Date": "2007-06-01", 
        "High": 34.439999, 
        "Low": 34.0, 
        "Open": 34.09, 
        "Volume": 15338600, 
        "day": 1, 
        "month": 6
    }
}