{
    "day": {
        "Adj Close": 18.816635, 
        "Close": 36.740002, 
        "Company": "MDLZ", 
        "Date": "2007-06-21", 
        "High": 37.200001, 
        "Low": 34.25, 
        "Open": 34.369999, 
        "Volume": 57834100, 
        "day": 21, 
        "month": 6
    }
}