{
    "day": {
        "Adj Close": 18.565677, 
        "Close": 36.25, 
        "Company": "MDLZ", 
        "Date": "2007-06-22", 
        "High": 36.700001, 
        "Low": 36.099998, 
        "Open": 36.700001, 
        "Volume": 26934000, 
        "day": 22, 
        "month": 6
    }
}