{
    "day": {
        "Adj Close": 18.243053, 
        "Close": 35.369999, 
        "Company": "MDLZ", 
        "Date": "2007-06-28", 
        "High": 35.799999, 
        "Low": 35.299999, 
        "Open": 35.41, 
        "Volume": 13380100, 
        "day": 28, 
        "month": 6
    }
}