{
    "day": {
        "Adj Close": 17.592579, 
        "Close": 34.349998, 
        "Company": "MDLZ", 
        "Date": "2007-06-06", 
        "High": 34.5, 
        "Low": 34.16, 
        "Open": 34.25, 
        "Volume": 18385500, 
        "day": 6, 
        "month": 6
    }
}