{
    "day": {
        "Adj Close": 17.674524, 
        "Close": 34.509998, 
        "Company": "MDLZ", 
        "Date": "2007-06-08", 
        "High": 34.84, 
        "Low": 34.259998, 
        "Open": 34.599998, 
        "Volume": 22185600, 
        "day": 8, 
        "month": 6
    }
}