{
    "day": {
        "Adj Close": 27.500577,
        "Close": 29.59,
        "Company": "LPLA",
        "Date": "2013-01-14",
        "High": 30.049999,
        "Low": 29.559999,
        "Open": 29.950001,
        "Volume": 297300,
        "day": 1,
        "week": 3
    }
}