{
    "day": {
        "Adj Close": 27.686455,
        "Close": 29.790001,
        "Company": "LPLA",
        "Date": "2013-01-17",
        "High": 29.870001,
        "Low": 29.299999,
        "Open": 29.549999,
        "Volume": 177600,
        "day": 4,
        "week": 3
    }
}