{
    "day": {
        "Adj Close": 14.881038, 
        "Close": 31.59, 
        "Company": "MDLZ", 
        "Date": "2004-05-11", 
        "High": 31.83, 
        "Low": 31.4, 
        "Open": 31.639999, 
        "Volume": 1418600, 
        "day": 2, 
        "week": 20
    }
}