{
    "day": {
        "Adj Close": 40.924409,
        "Close": 43.259998,
        "Company": "LPLA",
        "Date": "2013-12-05",
        "High": 43.310001,
        "Low": 42.880001,
        "Open": 43.23,
        "Volume": 318200,
        "day": 4,
        "week": 49
    }
}