{
    "day": {
        "Adj Close": 217.110001, 
        "Close": 217.110001, 
        "Company": "TSLA", 
        "Date": "2015-02-20", 
        "High": 217.600006, 
        "Low": 209.809998, 
        "Open": 210.779999, 
        "Volume": 5982100, 
        "day": 5, 
        "week": 8
    }
}