{
    "day": {
        "Adj Close": 15.45103, 
        "Close": 32.799999, 
        "Company": "MDLZ", 
        "Date": "2004-03-12", 
        "High": 33.25, 
        "Low": 32.5, 
        "Open": 33.18, 
        "Volume": 1789300, 
        "day": 5, 
        "week": 11
    }
}