{
    "day": {
        "Adj Close": 159.940002, 
        "Close": 159.940002, 
        "Company": "TSLA", 
        "Date": "2013-10-31", 
        "High": 162.440002, 
        "Low": 153.300003, 
        "Open": 155.669998, 
        "Volume": 9333800, 
        "day": 4, 
        "week": 44
    }
}