{
    "day": {
        "Adj Close": 31.307004, 
        "Close": 34.400002, 
        "Company": "WBA", 
        "Date": "2012-01-10", 
        "High": 34.59, 
        "Low": 33.57, 
        "Open": 33.650002, 
        "Volume": 10254900, 
        "day": 2, 
        "week": 2
    }
}