{
    "day": {
        "Adj Close": 3.380657, 
        "Close": 36.5, 
        "Company": "WBA", 
        "Date": "1992-03-02", 
        "High": 36.624962, 
        "Low": 36.124962, 
        "Open": 36.25, 
        "Volume": 1696000, 
        "day": 1, 
        "week": 10
    }
}