{
    "day": {
        "Adj Close": 3.380657, 
        "Close": 36.5, 
        "Company": "WBA", 
        "Date": "1992-03-03", 
        "High": 36.75, 
        "Low": 36.375038, 
        "Open": 36.5, 
        "Volume": 1201600, 
        "day": 2, 
        "week": 10
    }
}