{
    "day": {
        "Adj Close": 49.745032, 
        "Close": 56.580002, 
        "Company": "TROW", 
        "Date": "2011-12-01", 
        "High": 56.849998, 
        "Low": 55.529999, 
        "Open": 56.419998, 
        "Volume": 1648800, 
        "day": 1, 
        "month": 12
    }
}