{
    "day": {
        "Adj Close": 49.994848, 
        "Close": 56.560001, 
        "Company": "TROW", 
        "Date": "2011-12-21", 
        "High": 57.099998, 
        "Low": 55.119999, 
        "Open": 56.5, 
        "Volume": 2067700, 
        "day": 21, 
        "month": 12
    }
}