{
    "day": {
        "Adj Close": 78.300003, 
        "Close": 78.300003, 
        "Company": "FANG", 
        "Date": "2014-06-03", 
        "High": 78.489998, 
        "Low": 75.580002, 
        "Open": 76.080002, 
        "Volume": 943300, 
        "day": 3, 
        "month": 6
    }
}