{
    "day": {
        "Adj Close": 14.744575,
        "Close": 18.32,
        "Company": "SUNS",
        "Date": "2013-12-16",
        "High": 18.370001,
        "Low": 18.27,
        "Open": 18.370001,
        "Volume": 19000,
        "day": 1,
        "week": 51
    }
}