{
    "day": {
        "Adj Close": 39.863986,
        "Close": 40.810001,
        "Company": "LPLA",
        "Date": "2015-05-12",
        "High": 41.080002,
        "Low": 40.23,
        "Open": 40.540001,
        "Volume": 727900,
        "day": 2,
        "week": 20
    }
}