{
    "day": {
        "Adj Close": 14.432049, 
        "Close": 29.49, 
        "Company": "MDLZ", 
        "Date": "2005-11-22", 
        "High": 29.59, 
        "Low": 29.290001, 
        "Open": 29.290001, 
        "Volume": 1104300, 
        "day": 2, 
        "week": 47
    }
}