{
    "day": {
        "Adj Close": 21.231617, 
        "Close": 35.25, 
        "Company": "MDLZ", 
        "Date": "2011-07-19", 
        "High": 35.459999, 
        "Low": 35.209999, 
        "Open": 35.259998, 
        "Volume": 9586600, 
        "day": 2, 
        "week": 29
    }
}