{
    "day": {
        "Adj Close": 26.337452,
        "Close": 28.459999,
        "Company": "LPLA",
        "Date": "2012-09-27",
        "High": 28.530001,
        "Low": 28.27,
        "Open": 28.389999,
        "Volume": 185200,
        "day": 4,
        "week": 39
    }
}