{
    "day": {
        "Adj Close": 231.550003, 
        "Close": 231.550003, 
        "Company": "TSLA", 
        "Date": "2015-04-27", 
        "High": 238.75, 
        "Low": 222.0, 
        "Open": 222.559998, 
        "Volume": 11672600, 
        "day": 117, 
        "year": 2015
    }
}