{
    "day": {
        "Adj Close": 236.610001, 
        "Close": 236.610001, 
        "Company": "TSLA", 
        "Date": "2015-05-08", 
        "High": 238.410004, 
        "Low": 233.699997, 
        "Open": 235.990005, 
        "Volume": 4668200, 
        "day": 128, 
        "year": 2015
    }
}