{
    "day": {
        "Adj Close": 244.350006, 
        "Close": 244.350006, 
        "Company": "TSLA", 
        "Date": "2015-05-20", 
        "High": 247.740005, 
        "Low": 241.369995, 
        "Open": 247.130005, 
        "Volume": 3755600, 
        "day": 140, 
        "year": 2015
    }
}