{
    "day": {
        "Adj Close": 247.729996, 
        "Close": 247.729996, 
        "Company": "TSLA", 
        "Date": "2015-05-22", 
        "High": 248.600006, 
        "Low": 245.009995, 
        "Open": 245.380005, 
        "Volume": 2223100, 
        "day": 142, 
        "year": 2015
    }
}