{
    "day": {
        "Adj Close": 251.449997, 
        "Close": 251.449997, 
        "Company": "TSLA", 
        "Date": "2015-05-28", 
        "High": 251.800003, 
        "Low": 245.050003, 
        "Open": 247.029999, 
        "Volume": 3647300, 
        "day": 148, 
        "year": 2015
    }
}