{
    "day": {
        "Adj Close": 261.890015, 
        "Close": 261.890015, 
        "Company": "TSLA", 
        "Date": "2015-06-18", 
        "High": 263.459991, 
        "Low": 260.019989, 
        "Open": 262.0, 
        "Volume": 2782700, 
        "day": 169, 
        "year": 2015
    }
}