{
    "day": {
        "Adj Close": 269.149994, 
        "Close": 269.149994, 
        "Company": "TSLA", 
        "Date": "2015-07-01", 
        "High": 272.619995, 
        "Low": 267.850006, 
        "Open": 271.109985, 
        "Volume": 2101200, 
        "day": 182, 
        "year": 2015
    }
}