{
    "day": {
        "Adj Close": 267.880005, 
        "Close": 267.880005, 
        "Company": "TSLA", 
        "Date": "2015-07-07", 
        "High": 275.200012, 
        "Low": 260.769989, 
        "Open": 275.0, 
        "Volume": 6105100, 
        "day": 188, 
        "year": 2015
    }
}