{
    "day": {
        "Adj Close": 267.869995, 
        "Close": 267.869995, 
        "Company": "TSLA", 
        "Date": "2015-07-22", 
        "High": 269.440002, 
        "Low": 260.859985, 
        "Open": 261.269989, 
        "Volume": 3105000, 
        "day": 203, 
        "year": 2015
    }
}