{
    "day": {
        "Adj Close": 265.410004, 
        "Close": 265.410004, 
        "Company": "TSLA", 
        "Date": "2015-07-24", 
        "High": 271.089996, 
        "Low": 263.920013, 
        "Open": 267.380005, 
        "Volume": 2836500, 
        "day": 205, 
        "year": 2015
    }
}