{
    "day": {
        "Adj Close": 255.25, 
        "Close": 255.25, 
        "Company": "TSLA", 
        "Date": "2015-08-19", 
        "High": 260.649994, 
        "Low": 255.020004, 
        "Open": 260.329987, 
        "Volume": 3596200, 
        "day": 231, 
        "year": 2015
    }
}