{
    "day": {
        "Adj Close": 218.869995, 
        "Close": 218.869995, 
        "Company": "TSLA", 
        "Date": "2015-08-24", 
        "High": 231.399994, 
        "Low": 195.0, 
        "Open": 202.789993, 
        "Volume": 9581600, 
        "day": 236, 
        "year": 2015
    }
}