{
    "day": {
        "Adj Close": 248.479996, 
        "Close": 248.479996, 
        "Company": "TSLA", 
        "Date": "2015-08-28", 
        "High": 251.449997, 
        "Low": 241.570007, 
        "Open": 241.860001, 
        "Volume": 5513700, 
        "day": 240, 
        "year": 2015
    }
}