{
    "day": {
        "Adj Close": 248.910004, 
        "Close": 248.910004, 
        "Company": "TSLA", 
        "Date": "2015-09-09", 
        "High": 254.25, 
        "Low": 248.300003, 
        "Open": 252.050003, 
        "Volume": 3390800, 
        "day": 252, 
        "year": 2015
    }
}