{
    "day": {
        "Adj Close": 260.940002, 
        "Close": 260.940002, 
        "Company": "TSLA", 
        "Date": "2015-09-22", 
        "High": 262.649994, 
        "Low": 255.869995, 
        "Open": 259.029999, 
        "Volume": 3664400, 
        "day": 265, 
        "year": 2015
    }
}