{
    "day": {
        "Adj Close": 256.910004, 
        "Close": 256.910004, 
        "Company": "TSLA", 
        "Date": "2015-09-25", 
        "High": 266.910004, 
        "Low": 256.149994, 
        "Open": 266.609985, 
        "Volume": 3773400, 
        "day": 268, 
        "year": 2015
    }
}