{
    "day": {
        "Adj Close": 205.979996, 
        "Close": 205.979996, 
        "Company": "TSLA", 
        "Date": "2015-01-27", 
        "High": 208.029999, 
        "Low": 203.300003, 
        "Open": 204.419998, 
        "Volume": 2781000, 
        "day": 27, 
        "year": 2015
    }
}