{
    "day": {
        "Adj Close": 246.649994, 
        "Close": 246.649994, 
        "Company": "TSLA", 
        "Date": "2015-09-29", 
        "High": 254.729996, 
        "Low": 245.460007, 
        "Open": 250.460007, 
        "Volume": 3703200, 
        "day": 272, 
        "year": 2015
    }
}