{
    "day": {
        "Adj Close": 239.880005, 
        "Close": 239.880005, 
        "Company": "TSLA", 
        "Date": "2015-10-01", 
        "High": 248.5, 
        "Low": 237.130005, 
        "Open": 247.509995, 
        "Volume": 4573000, 
        "day": 274, 
        "year": 2015
    }
}