{
    "day": {
        "Adj Close": 215.580002, 
        "Close": 215.580002, 
        "Company": "TSLA", 
        "Date": "2015-10-12", 
        "High": 223.0, 
        "Low": 215.270004, 
        "Open": 222.990005, 
        "Volume": 3836300, 
        "day": 285, 
        "year": 2015
    }
}