{
    "day": {
        "Adj Close": 219.25, 
        "Close": 219.25, 
        "Company": "TSLA", 
        "Date": "2015-10-13", 
        "High": 222.520004, 
        "Low": 211.130005, 
        "Open": 213.279999, 
        "Volume": 5171500, 
        "day": 286, 
        "year": 2015
    }
}