{
    "day": {
        "Adj Close": 228.100006, 
        "Close": 228.100006, 
        "Company": "TSLA", 
        "Date": "2015-10-19", 
        "High": 231.149994, 
        "Low": 224.940002, 
        "Open": 226.5, 
        "Volume": 2507900, 
        "day": 292, 
        "year": 2015
    }
}