{
    "day": {
        "Adj Close": 213.029999, 
        "Close": 213.029999, 
        "Company": "TSLA", 
        "Date": "2015-10-20", 
        "High": 228.600006, 
        "Low": 202.0, 
        "Open": 227.720001, 
        "Volume": 14863300, 
        "day": 293, 
        "year": 2015
    }
}