{
    "day": {
        "Adj Close": 210.089996, 
        "Close": 210.089996, 
        "Company": "TSLA", 
        "Date": "2015-10-21", 
        "High": 214.809998, 
        "Low": 208.800003, 
        "Open": 211.990005, 
        "Volume": 4151500, 
        "day": 294, 
        "year": 2015
    }
}