{
    "day": {
        "Adj Close": 213.789993, 
        "Close": 213.789993, 
        "Company": "TSLA", 
        "Date": "2015-11-02", 
        "High": 215.800003, 
        "Low": 207.220001, 
        "Open": 208.919998, 
        "Volume": 3927900, 
        "day": 306, 
        "year": 2015
    }
}