{
    "day": {
        "Adj Close": 232.710007, 
        "Close": 232.710007, 
        "Company": "TSLA", 
        "Date": "2015-12-03", 
        "High": 237.449997, 
        "Low": 230.0, 
        "Open": 235.479996, 
        "Volume": 2939600, 
        "day": 337, 
        "year": 2015
    }
}