{
    "day": {
        "Adj Close": 234.509995, 
        "Close": 234.509995, 
        "Company": "TSLA", 
        "Date": "2015-12-16", 
        "High": 234.880005, 
        "Low": 220.729996, 
        "Open": 222.100006, 
        "Volume": 5104300, 
        "day": 350, 
        "year": 2015
    }
}