{
    "day": {
        "Adj Close": 220.990005, 
        "Close": 220.990005, 
        "Company": "TSLA", 
        "Date": "2015-02-05", 
        "High": 225.479996, 
        "Low": 219.639999, 
        "Open": 219.880005, 
        "Volume": 3522900, 
        "day": 36, 
        "year": 2015
    }
}