{
    "day": {
        "Adj Close": 240.009995, 
        "Close": 240.009995, 
        "Company": "TSLA", 
        "Date": "2015-12-31", 
        "High": 243.449997, 
        "Low": 238.369995, 
        "Open": 238.509995, 
        "Volume": 2683200, 
        "day": 365, 
        "year": 2015
    }
}