{
    "day": {
        "Adj Close": 190.320007, 
        "Close": 190.320007, 
        "Company": "TSLA", 
        "Date": "2015-03-10", 
        "High": 193.5, 
        "Low": 187.600006, 
        "Open": 188.460007, 
        "Volume": 5579700, 
        "day": 69, 
        "year": 2015
    }
}