{
    "day": {
        "Adj Close": 195.649994, 
        "Close": 195.649994, 
        "Company": "TSLA", 
        "Date": "2015-03-19", 
        "High": 204.589996, 
        "Low": 194.529999, 
        "Open": 202.0, 
        "Volume": 8475200, 
        "day": 78, 
        "year": 2015
    }
}