{
    "day": {
        "Adj Close": 190.570007, 
        "Close": 190.570007, 
        "Company": "TSLA", 
        "Date": "2015-03-30", 
        "High": 192.25, 
        "Low": 181.800003, 
        "Open": 185.850006, 
        "Volume": 10089500, 
        "day": 1, 
        "week": 14
    }
}