{
    "day": {
        "Adj Close": 191.0, 
        "Close": 191.0, 
        "Company": "TSLA", 
        "Date": "2015-04-02", 
        "High": 193.229996, 
        "Low": 190.0, 
        "Open": 190.229996, 
        "Volume": 5010400, 
        "day": 4, 
        "week": 14
    }
}