{
    "day": {
        "Adj Close": 53.41, 
        "Close": 53.41, 
        "Company": "FANG", 
        "Date": "2014-12-15", 
        "High": 54.330002, 
        "Low": 51.689999, 
        "Open": 52.860001, 
        "Volume": 1413600, 
        "day": 15, 
        "month": 12
    }
}