{
    "day": {
        "Adj Close": 62.560001, 
        "Close": 62.560001, 
        "Company": "FANG", 
        "Date": "2014-12-19", 
        "High": 63.029999, 
        "Low": 58.700001, 
        "Open": 59.900002, 
        "Volume": 1600000, 
        "day": 19, 
        "month": 12
    }
}