{
    "day": {
        "Adj Close": 56.68, 
        "Close": 56.68, 
        "Company": "FANG", 
        "Date": "2014-12-09", 
        "High": 57.66, 
        "Low": 53.709999, 
        "Open": 54.220001, 
        "Volume": 1354400, 
        "day": 9, 
        "month": 12
    }
}