{
    "day": {
        "Adj Close": 1.54455, 
        "Close": 36.624962, 
        "Company": "WBA", 
        "Date": "1986-08-19", 
        "High": 36.75008, 
        "Low": 36.24992, 
        "Open": 36.624962, 
        "Volume": 974400, 
        "day": 19, 
        "month": 8
    }
}