{
    "day": {
        "Adj Close": 1.523463, 
        "Close": 36.124962, 
        "Company": "WBA", 
        "Date": "1986-08-26", 
        "High": 36.624962, 
        "Low": 35.75008, 
        "Open": 35.75008, 
        "Volume": 1195200, 
        "day": 26, 
        "month": 8
    }
}