{
    "day": {
        "Adj Close": 1.429072, 
        "Close": 34.0, 
        "Company": "WBA", 
        "Date": "1986-08-08", 
        "High": 34.24992, 
        "Low": 33.875038, 
        "Open": 34.124962, 
        "Volume": 630400, 
        "day": 8, 
        "month": 8
    }
}