{
    "day": {
        "Adj Close": 1.657825, 
        "Close": 38.75008, 
        "Company": "WBA", 
        "Date": "1987-10-06", 
        "High": 40.0, 
        "Low": 38.75008, 
        "Open": 40.0, 
        "Volume": 1118400, 
        "day": 6, 
        "month": 10
    }
}