{
    "day": {
        "Adj Close": 36.48631,
        "Close": 38.75,
        "Company": "LPLA",
        "Date": "2013-09-17",
        "High": 38.799999,
        "Low": 38.400002,
        "Open": 38.400002,
        "Volume": 833400,
        "day": 2,
        "week": 38
    }
}