{
    "day": {
        "Adj Close": 35.940191,
        "Close": 38.169998,
        "Company": "LPLA",
        "Date": "2013-09-20",
        "High": 38.700001,
        "Low": 38.040001,
        "Open": 38.290001,
        "Volume": 2063400,
        "day": 5,
        "week": 38
    }
}