{
    "day": {
        "Adj Close": 21.027153, 
        "Close": 54.849998, 
        "Company": "TROW", 
        "Date": "2004-04-05", 
        "High": 54.91, 
        "Low": 54.189999, 
        "Open": 54.450001, 
        "Volume": 1466400, 
        "day": 1, 
        "week": 15
    }
}