{
    "day": {
        "Adj Close": 41.334333, 
        "Close": 51.669998, 
        "Company": "TROW", 
        "Date": "2007-06-05", 
        "High": 51.990002, 
        "Low": 51.57, 
        "Open": 51.830002, 
        "Volume": 1307600, 
        "day": 2, 
        "week": 23
    }
}