{
    "day": {
        "Adj Close": 39.950389, 
        "Close": 49.939999, 
        "Company": "TROW", 
        "Date": "2007-06-07", 
        "High": 51.349998, 
        "Low": 49.939999, 
        "Open": 51.07, 
        "Volume": 1674900, 
        "day": 4, 
        "week": 23
    }
}