{
    "day": {
        "Adj Close": 30.403494, 
        "Close": 77.239998, 
        "Company": "TROW", 
        "Date": "2006-02-27", 
        "High": 77.480003, 
        "Low": 76.470001, 
        "Open": 76.989998, 
        "Volume": 944800, 
        "day": 27, 
        "month": 2
    }
}