{
    "day": {
        "Adj Close": 12.501083, 
        "Close": 22.67, 
        "Company": "MDLZ", 
        "Date": "2009-04-17", 
        "High": 22.82, 
        "Low": 22.280001, 
        "Open": 22.719999, 
        "Volume": 13609900, 
        "day": 5, 
        "week": 16
    }
}