{
    "day": {
        "Adj Close": 43.259998, 
        "Close": 43.259998, 
        "Company": "MDLZ", 
        "Date": "2016-04-19", 
        "High": 43.650002, 
        "Low": 43.09, 
        "Open": 43.490002, 
        "Volume": 5336900, 
        "day": 2, 
        "week": 16
    }
}