{
    "day": {
        "Adj Close": 34.91,
        "Close": 34.91,
        "Company": "TCBI",
        "Date": "2012-03-27",
        "High": 35.830002,
        "Low": 34.66,
        "Open": 35.830002,
        "Volume": 525100,
        "day": 2,
        "week": 13
    }
}