{
    "day": {
        "Adj Close": 35.099998,
        "Close": 35.099998,
        "Company": "TCBI",
        "Date": "2012-03-29",
        "High": 35.32,
        "Low": 34.099998,
        "Open": 34.91,
        "Volume": 373400,
        "day": 4,
        "week": 13
    }
}