{
    "day": {
        "Adj Close": 226.720001, 
        "Close": 226.720001, 
        "Company": "TSLA", 
        "Date": "2015-12-08", 
        "High": 228.800003, 
        "Low": 224.199997, 
        "Open": 227.520004, 
        "Volume": 2687600, 
        "day": 2, 
        "week": 50
    }
}