{
    "day": {
        "Adj Close": 30.978819, 
        "Close": 37.68, 
        "Company": "WBA", 
        "Date": "2002-06-25", 
        "High": 38.439999, 
        "Low": 37.549999, 
        "Open": 37.75, 
        "Volume": 4176500, 
        "day": 2, 
        "week": 26
    }
}