{
    "day": {
        "Adj Close": 31.759867, 
        "Close": 38.630001, 
        "Company": "WBA", 
        "Date": "2002-06-28", 
        "High": 39.220001, 
        "Low": 38.41, 
        "Open": 38.5, 
        "Volume": 3482100, 
        "day": 5, 
        "week": 26
    }
}