{
    "day": {
        "Adj Close": 54.099998,
        "Close": 54.099998,
        "Company": "TCBI",
        "Date": "2015-05-15",
        "High": 55.369999,
        "Low": 53.23,
        "Open": 55.189999,
        "Volume": 388700,
        "day": 5,
        "week": 20
    }
}