{
    "day": {
        "Adj Close": 16.330608, 
        "Close": 42.93, 
        "Company": "TROW", 
        "Date": "2003-12-01", 
        "High": 43.080002, 
        "Low": 42.049999, 
        "Open": 42.169998, 
        "Volume": 1435200, 
        "day": 1, 
        "month": 12
    }
}