{
    "day": {
        "Adj Close": 17.266394, 
        "Close": 45.389999, 
        "Company": "TROW", 
        "Date": "2003-12-19", 
        "High": 46.0, 
        "Low": 44.450001, 
        "Open": 44.529999, 
        "Volume": 2806600, 
        "day": 19, 
        "month": 12
    }
}