{
    "day": {
        "Adj Close": 17.510248, 
        "Close": 45.84, 
        "Company": "TROW", 
        "Date": "2003-12-26", 
        "High": 46.029999, 
        "Low": 45.599998, 
        "Open": 45.75, 
        "Volume": 335400, 
        "day": 26, 
        "month": 12
    }
}