{
    "day": {
        "Adj Close": 18.01065, 
        "Close": 47.150002, 
        "Company": "TROW", 
        "Date": "2003-12-30", 
        "High": 47.220001, 
        "Low": 46.59, 
        "Open": 46.73, 
        "Volume": 1632600, 
        "day": 30, 
        "month": 12
    }
}