{
    "day": {
        "Adj Close": 17.393621, 
        "Close": 32.580002, 
        "Company": "MDLZ", 
        "Date": "2008-08-22", 
        "High": 32.799999, 
        "Low": 32.080002, 
        "Open": 32.799999, 
        "Volume": 13749500, 
        "day": 22, 
        "month": 8
    }
}