{
    "day": {
        "Adj Close": 17.13736, 
        "Close": 32.099998, 
        "Company": "MDLZ", 
        "Date": "2008-08-04", 
        "High": 32.27, 
        "Low": 31.280001, 
        "Open": 31.49, 
        "Volume": 20368700, 
        "day": 4, 
        "month": 8
    }
}