{
    "day": {
        "Adj Close": 49.084394, 
        "Close": 57.650002, 
        "Company": "TROW", 
        "Date": "2010-04-19", 
        "High": 57.75, 
        "Low": 56.75, 
        "Open": 57.0, 
        "Volume": 2150200, 
        "day": 1, 
        "week": 16
    }
}