{
    "day": {
        "Adj Close": 50.216782, 
        "Close": 58.98, 
        "Company": "TROW", 
        "Date": "2010-04-22", 
        "High": 59.299999, 
        "Low": 57.099998, 
        "Open": 57.990002, 
        "Volume": 2230100, 
        "day": 4, 
        "week": 16
    }
}