{
    "day": {
        "Adj Close": 39.759998,
        "Close": 39.759998,
        "Company": "TCBI",
        "Date": "2012-06-26",
        "High": 39.880001,
        "Low": 38.939999,
        "Open": 39.259998,
        "Volume": 370100,
        "day": 2,
        "week": 26
    }
}