{
    "day": {
        "Adj Close": 18.91,
        "Close": 18.91,
        "Company": "TCBI",
        "Date": "2006-08-11",
        "High": 19.07,
        "Low": 18.799999,
        "Open": 18.809999,
        "Volume": 271400,
        "day": 11,
        "month": 8
    }
}