{
    "day": {
        "Adj Close": 18.93,
        "Close": 18.93,
        "Company": "TCBI",
        "Date": "2006-08-15",
        "High": 19.049999,
        "Low": 18.860001,
        "Open": 18.950001,
        "Volume": 203900,
        "day": 15,
        "month": 8
    }
}