{
    "day": {
        "Adj Close": 19.65,
        "Close": 19.65,
        "Company": "TCBI",
        "Date": "2006-08-29",
        "High": 19.719999,
        "Low": 19.389999,
        "Open": 19.549999,
        "Volume": 132800,
        "day": 29,
        "month": 8
    }
}