{
    "day": {
        "Adj Close": 19.110001,
        "Close": 19.110001,
        "Company": "TCBI",
        "Date": "2006-08-08",
        "High": 19.58,
        "Low": 19.1,
        "Open": 19.450001,
        "Volume": 92000,
        "day": 8,
        "month": 8
    }
}