{
    "day": {
        "Adj Close": 2.086521, 
        "Close": 25.25, 
        "Company": "TROW", 
        "Date": "1994-07-05", 
        "High": 26.0, 
        "Low": 24.62496, 
        "Open": 26.0, 
        "Volume": 1568800, 
        "day": 5, 
        "month": 7
    }
}