{
    "day": {
        "Adj Close": 14.095028,
        "Close": 18.08,
        "Company": "SUNS",
        "Date": "2013-06-26",
        "High": 18.41,
        "Low": 17.950001,
        "Open": 18.110001,
        "Volume": 36400,
        "day": 3,
        "week": 26
    }
}