{
    "day": {
        "Adj Close": 14.653883, 
        "Close": 25.99, 
        "Company": "MDLZ", 
        "Date": "2009-10-01", 
        "High": 26.23, 
        "Low": 25.790001, 
        "Open": 26.23, 
        "Volume": 12950900, 
        "day": 1, 
        "month": 10
    }
}