{
    "day": {
        "Adj Close": 15.341753, 
        "Close": 27.209999, 
        "Company": "MDLZ", 
        "Date": "2009-10-19", 
        "High": 27.32, 
        "Low": 27.040001, 
        "Open": 27.059999, 
        "Volume": 11226900, 
        "day": 19, 
        "month": 10
    }
}