{
    "day": {
        "Adj Close": 14.710266, 
        "Close": 26.09, 
        "Company": "MDLZ", 
        "Date": "2009-10-06", 
        "High": 26.219999, 
        "Low": 26.02, 
        "Open": 26.110001, 
        "Volume": 12956800, 
        "day": 6, 
        "month": 10
    }
}