{
    "day": {
        "Adj Close": 25.549818,
        "Close": 29.43,
        "Company": "LPLA",
        "Date": "2011-12-22",
        "High": 29.440001,
        "Low": 28.99,
        "Open": 29.049999,
        "Volume": 177400,
        "day": 4,
        "week": 51
    }
}