{
    "day": {
        "Adj Close": 58.939999,
        "Close": 58.939999,
        "Company": "TCBI",
        "Date": "2014-01-29",
        "High": 59.810001,
        "Low": 58.82,
        "Open": 59.060001,
        "Volume": 424200,
        "day": 3,
        "week": 5
    }
}