{
    "day": {
        "Adj Close": 59.52,
        "Close": 59.52,
        "Company": "TCBI",
        "Date": "2014-01-30",
        "High": 59.740002,
        "Low": 58.880001,
        "Open": 59.330002,
        "Volume": 367000,
        "day": 4,
        "week": 5
    }
}