{
    "day": {
        "Adj Close": 18.071468, 
        "Close": 47.139999, 
        "Company": "TROW", 
        "Date": "2004-05-14", 
        "High": 48.400002, 
        "Low": 46.939999, 
        "Open": 48.009998, 
        "Volume": 1441600, 
        "day": 5, 
        "week": 20
    }
}