{
    "day": {
        "Adj Close": 44.461031,
        "Close": 46.790001,
        "Company": "LPLA",
        "Date": "2014-04-25",
        "High": 47.490002,
        "Low": 46.23,
        "Open": 47.049999,
        "Volume": 2746400,
        "day": 5,
        "week": 17
    }
}