{
    "day": {
        "Adj Close": 16.620001,
        "Close": 16.620001,
        "Company": "TCBI",
        "Date": "2009-08-20",
        "High": 16.84,
        "Low": 16.58,
        "Open": 16.639999,
        "Volume": 114300,
        "day": 4,
        "week": 34
    }
}