{
    "day": {
        "Adj Close": 26.27,
        "Close": 26.27,
        "Company": "TCBI",
        "Date": "2011-07-14",
        "High": 26.700001,
        "Low": 26.17,
        "Open": 26.700001,
        "Volume": 262100,
        "day": 14,
        "month": 7
    }
}