{
    "day": {
        "Adj Close": 28.969999,
        "Close": 28.969999,
        "Company": "TCBI",
        "Date": "2011-07-21",
        "High": 29.48,
        "Low": 27.67,
        "Open": 27.709999,
        "Volume": 1147800,
        "day": 21,
        "month": 7
    }
}