{
    "day": {
        "Adj Close": 28.16,
        "Close": 28.16,
        "Company": "TCBI",
        "Date": "2011-07-25",
        "High": 28.709999,
        "Low": 28.049999,
        "Open": 28.52,
        "Volume": 377200,
        "day": 25,
        "month": 7
    }
}