{
    "day": {
        "Adj Close": 27.610001,
        "Close": 27.610001,
        "Company": "TCBI",
        "Date": "2011-07-26",
        "High": 28.24,
        "Low": 27.6,
        "Open": 28.24,
        "Volume": 264800,
        "day": 26,
        "month": 7
    }
}