{
    "day": {
        "Adj Close": 26.690001,
        "Close": 26.690001,
        "Company": "TCBI",
        "Date": "2011-07-08",
        "High": 26.950001,
        "Low": 26.59,
        "Open": 26.59,
        "Volume": 144700,
        "day": 8,
        "month": 7
    }
}