{
    "day": {
        "Adj Close": 15.428722, 
        "Close": 33.470001, 
        "Company": "MDLZ", 
        "Date": "2003-06-17", 
        "High": 33.880001, 
        "Low": 33.34, 
        "Open": 33.810001, 
        "Volume": 1745800, 
        "day": 2, 
        "week": 25
    }
}