{
    "day": {
        "Adj Close": 12.404746,
        "Close": 15.769996,
        "Company": "SONA",
        "Date": "2007-02-26",
        "High": 15.769996,
        "Low": 15.700003,
        "Open": 15.720001,
        "Volume": 1900,
        "day": 1,
        "week": 9
    }
}