{
    "day": {
        "Adj Close": 27.911202,
        "Close": 32.150002,
        "Company": "LPLA",
        "Date": "2010-11-18",
        "High": 33.84,
        "Low": 32.029999,
        "Open": 33.049999,
        "Volume": 10095400,
        "day": 18,
        "month": 11
    }
}