{
    "day": {
        "Adj Close": 29.430474,
        "Close": 33.900002,
        "Company": "LPLA",
        "Date": "2010-11-30",
        "High": 34.279999,
        "Low": 33.18,
        "Open": 33.380001,
        "Volume": 662900,
        "day": 30,
        "month": 11
    }
}