{
    "day": {
        "Adj Close": 24.002394, 
        "Close": 38.619999, 
        "Company": "MDLZ", 
        "Date": "2012-06-29", 
        "High": 38.619999, 
        "Low": 37.919998, 
        "Open": 38.099998, 
        "Volume": 10282700, 
        "day": 5, 
        "week": 26
    }
}