{
    "day": {
        "Adj Close": 37.968669, 
        "Close": 45.43, 
        "Company": "WBA", 
        "Date": "2005-10-31", 
        "High": 45.68, 
        "Low": 44.990002, 
        "Open": 45.25, 
        "Volume": 4603600, 
        "day": 1, 
        "week": 44
    }
}