{
    "day": {
        "Adj Close": 38.185966, 
        "Close": 45.689999, 
        "Company": "WBA", 
        "Date": "2005-11-03", 
        "High": 46.099998, 
        "Low": 44.880001, 
        "Open": 44.880001, 
        "Volume": 6801100, 
        "day": 4, 
        "week": 44
    }
}