{
    "day": {
        "Adj Close": 38.520272, 
        "Close": 46.09, 
        "Company": "WBA", 
        "Date": "2005-11-04", 
        "High": 46.200001, 
        "Low": 45.57, 
        "Open": 45.860001, 
        "Volume": 2992000, 
        "day": 5, 
        "week": 44
    }
}