{
    "day": {
        "Adj Close": 221.669998, 
        "Close": 221.669998, 
        "Company": "TSLA", 
        "Date": "2014-10-27", 
        "High": 234.610001, 
        "Low": 220.309998, 
        "Open": 234.25, 
        "Volume": 9553300, 
        "day": 1, 
        "week": 44
    }
}