{
    "day": {
        "Adj Close": 242.770004, 
        "Close": 242.770004, 
        "Company": "TSLA", 
        "Date": "2014-10-28", 
        "High": 244.600006, 
        "Low": 228.25, 
        "Open": 229.600006, 
        "Volume": 10516300, 
        "day": 2, 
        "week": 44
    }
}