{
    "day": {
        "Adj Close": 32.542814, 
        "Close": 37.07, 
        "Company": "WBA", 
        "Date": "2010-04-09", 
        "High": 37.099998, 
        "Low": 36.650002, 
        "Open": 36.830002, 
        "Volume": 4275800, 
        "day": 5, 
        "week": 14
    }
}