{
    "day": {
        "Adj Close": 33.900002, 
        "Close": 33.900002, 
        "Company": "TSLA", 
        "Date": "2013-01-15", 
        "High": 34.25, 
        "Low": 33.080002, 
        "Open": 33.110001, 
        "Volume": 1624200, 
        "day": 2, 
        "week": 3
    }
}