{
    "day": {
        "Adj Close": 34.380001, 
        "Close": 34.380001, 
        "Company": "TSLA", 
        "Date": "2013-01-17", 
        "High": 34.849998, 
        "Low": 33.919998, 
        "Open": 34.16, 
        "Volume": 1436700, 
        "day": 4, 
        "week": 3
    }
}