{
    "day": {
        "Adj Close": 251.699997, 
        "Close": 251.699997, 
        "Company": "TSLA", 
        "Date": "2014-11-13", 
        "High": 255.75, 
        "Low": 250.25, 
        "Open": 250.619995, 
        "Volume": 6236000, 
        "day": 13, 
        "month": 11
    }
}