{
    "day": {
        "Adj Close": 248.710007, 
        "Close": 248.710007, 
        "Company": "TSLA", 
        "Date": "2014-11-20", 
        "High": 250.929993, 
        "Low": 246.0, 
        "Open": 247.949997, 
        "Volume": 3587200, 
        "day": 20, 
        "month": 11
    }
}