{
    "day": {
        "Adj Close": 248.089996, 
        "Close": 248.089996, 
        "Company": "TSLA", 
        "Date": "2014-11-25", 
        "High": 249.720001, 
        "Low": 246.089996, 
        "Open": 247.350006, 
        "Volume": 3159800, 
        "day": 25, 
        "month": 11
    }
}