{
    "day": {
        "Adj Close": 230.970001, 
        "Close": 230.970001, 
        "Company": "TSLA", 
        "Date": "2014-11-05", 
        "High": 241.360001, 
        "Low": 230.529999, 
        "Open": 241.0, 
        "Volume": 9045900, 
        "day": 5, 
        "month": 11
    }
}