{
    "day": {
        "Adj Close": 52.759998,
        "Close": 52.759998,
        "Company": "TCBI",
        "Date": "2015-09-09",
        "High": 53.799999,
        "Low": 52.720001,
        "Open": 53.799999,
        "Volume": 271500,
        "day": 3,
        "week": 37
    }
}