{
    "day": {
        "Adj Close": 18.424157, 
        "Close": 48.060001, 
        "Company": "TROW", 
        "Date": "2004-06-15", 
        "High": 49.220001, 
        "Low": 48.0, 
        "Open": 48.599998, 
        "Volume": 931400, 
        "day": 2, 
        "week": 25
    }
}