{
    "day": {
        "Adj Close": 1.661106, 
        "Close": 41.624962, 
        "Company": "TROW", 
        "Date": "1992-07-14", 
        "High": 41.75008, 
        "Low": 41.24992, 
        "Open": 41.24992, 
        "Volume": 198400, 
        "day": 2, 
        "week": 29
    }
}