{
    "day": {
        "Adj Close": 1.656119, 
        "Close": 41.5, 
        "Company": "TROW", 
        "Date": "1992-07-15", 
        "High": 42.0, 
        "Low": 41.24992, 
        "Open": 41.5, 
        "Volume": 651200, 
        "day": 3, 
        "week": 29
    }
}