{
    "day": {
        "Adj Close": 20.176511, 
        "Close": 52.82, 
        "Company": "TROW", 
        "Date": "2004-03-11", 
        "High": 54.900002, 
        "Low": 52.790001, 
        "Open": 54.049999, 
        "Volume": 2591800, 
        "day": 11, 
        "month": 3
    }
}