{
    "day": {
        "Adj Close": 20.050456, 
        "Close": 52.490002, 
        "Company": "TROW", 
        "Date": "2004-03-15", 
        "High": 53.799999, 
        "Low": 52.130001, 
        "Open": 53.779999, 
        "Volume": 1033200, 
        "day": 15, 
        "month": 3
    }
}