{
    "day": {
        "Adj Close": 20.543217, 
        "Close": 53.779999, 
        "Company": "TROW", 
        "Date": "2004-03-17", 
        "High": 54.049999, 
        "Low": 52.970001, 
        "Open": 53.799999, 
        "Volume": 1042600, 
        "day": 17, 
        "month": 3
    }
}