{
    "day": {
        "Adj Close": 20.32561, 
        "Close": 53.02, 
        "Company": "TROW", 
        "Date": "2004-03-19", 
        "High": 53.869999, 
        "Low": 52.34, 
        "Open": 52.709999, 
        "Volume": 1555800, 
        "day": 19, 
        "month": 3
    }
}