{
    "day": {
        "Adj Close": 19.781242, 
        "Close": 51.599998, 
        "Company": "TROW", 
        "Date": "2004-03-23", 
        "High": 52.189999, 
        "Low": 51.290001, 
        "Open": 51.889999, 
        "Volume": 823800, 
        "day": 23, 
        "month": 3
    }
}