{
    "day": {
        "Adj Close": 19.980588, 
        "Close": 52.119999, 
        "Company": "TROW", 
        "Date": "2004-03-25", 
        "High": 52.5, 
        "Low": 51.43, 
        "Open": 51.43, 
        "Volume": 897600, 
        "day": 25, 
        "month": 3
    }
}