{
    "day": {
        "Adj Close": 18.237897, 
        "Close": 35.610001, 
        "Company": "MDLZ", 
        "Date": "2007-06-25", 
        "High": 36.400002, 
        "Low": 35.540001, 
        "Open": 36.209999, 
        "Volume": 19130800, 
        "day": 1, 
        "week": 26
    }
}