{
    "day": {
        "Adj Close": 18.433892, 
        "Close": 35.740002, 
        "Company": "MDLZ", 
        "Date": "2007-06-27", 
        "High": 35.93, 
        "Low": 34.610001, 
        "Open": 34.619999, 
        "Volume": 22071800, 
        "day": 3, 
        "week": 26
    }
}