{
    "day": {
        "Adj Close": 73.025639, 
        "Close": 80.010002, 
        "Company": "TROW", 
        "Date": "2013-07-22", 
        "High": 80.099998, 
        "Low": 78.809998, 
        "Open": 79.849998, 
        "Volume": 1216000, 
        "day": 1, 
        "week": 30
    }
}