{
    "day": {
        "Adj Close": 69.119257, 
        "Close": 75.730003, 
        "Company": "TROW", 
        "Date": "2013-07-25", 
        "High": 76.529999, 
        "Low": 75.199997, 
        "Open": 75.82, 
        "Volume": 2267200, 
        "day": 4, 
        "week": 30
    }
}