{
    "day": {
        "Adj Close": 10.823901, 
        "Close": 28.690001, 
        "Company": "TROW", 
        "Date": "2003-04-04", 
        "High": 28.809999, 
        "Low": 28.450001, 
        "Open": 28.52, 
        "Volume": 861200, 
        "day": 5, 
        "week": 14
    }
}