{
    "day": {
        "Adj Close": 30.938987, 
        "Close": 37.209999, 
        "Company": "WBA", 
        "Date": "2004-09-15", 
        "High": 37.380001, 
        "Low": 36.759998, 
        "Open": 37.299999, 
        "Volume": 3001500, 
        "day": 15, 
        "month": 9
    }
}