{
    "day": {
        "Adj Close": 29.982799, 
        "Close": 36.060001, 
        "Company": "WBA", 
        "Date": "2004-09-23", 
        "High": 36.790001, 
        "Low": 36.040001, 
        "Open": 36.75, 
        "Volume": 2737500, 
        "day": 23, 
        "month": 9
    }
}