{
    "day": {
        "Adj Close": 30.340331, 
        "Close": 36.490002, 
        "Company": "WBA", 
        "Date": "2004-09-29", 
        "High": 36.639999, 
        "Low": 36.0, 
        "Open": 36.02, 
        "Volume": 2631700, 
        "day": 29, 
        "month": 9
    }
}