{
    "day": {
        "Adj Close": 3.494187, 
        "Close": 36.875038, 
        "Company": "WBA", 
        "Date": "1993-09-21", 
        "High": 37.875038, 
        "Low": 36.5, 
        "Open": 37.875038, 
        "Volume": 3784000, 
        "day": 2, 
        "week": 38
    }
}