{
    "day": {
        "Adj Close": 1.934424, 
        "Close": 43.124962, 
        "Company": "WBA", 
        "Date": "1990-03-21", 
        "High": 43.375038, 
        "Low": 42.875038, 
        "Open": 42.875038, 
        "Volume": 1740800, 
        "day": 3, 
        "week": 12
    }
}