{
    "day": {
        "Adj Close": 242.990005, 
        "Close": 242.990005, 
        "Company": "TSLA", 
        "Date": "2015-08-27", 
        "High": 244.75, 
        "Low": 230.809998, 
        "Open": 231.0, 
        "Volume": 7656000, 
        "day": 4, 
        "week": 35
    }
}