{
    "day": {
        "Adj Close": 41.889999,
        "Close": 41.889999,
        "Company": "TCBI",
        "Date": "2016-04-19",
        "High": 42.080002,
        "Low": 40.900002,
        "Open": 41.389999,
        "Volume": 872600,
        "day": 2,
        "week": 16
    }
}