{
    "day": {
        "Adj Close": 33.738448, 
        "Close": 39.73, 
        "Company": "WBA", 
        "Date": "2007-11-23", 
        "High": 39.990002, 
        "Low": 39.549999, 
        "Open": 39.740002, 
        "Volume": 2776300, 
        "day": 23, 
        "month": 11
    }
}