{
    "day": {
        "Adj Close": 2.481186, 
        "Close": 29.75, 
        "Company": "TROW", 
        "Date": "1995-02-09", 
        "High": 29.75, 
        "Low": 29.25, 
        "Open": 29.62496, 
        "Volume": 416000, 
        "day": 9, 
        "month": 2
    }
}