{
    "day": {
        "Adj Close": 33.37537, 
        "Close": 38.310001, 
        "Company": "WBA", 
        "Date": "2009-10-06", 
        "High": 38.5, 
        "Low": 38.110001, 
        "Open": 38.34, 
        "Volume": 7429400, 
        "day": 2, 
        "week": 41
    }
}