{
    "day": {
        "Adj Close": 16.608039, 
        "Close": 32.200001, 
        "Company": "MDLZ", 
        "Date": "2007-08-13", 
        "High": 32.669998, 
        "Low": 32.150002, 
        "Open": 32.279999, 
        "Volume": 25740800, 
        "day": 13, 
        "month": 8
    }
}