{
    "day": {
        "Adj Close": 16.319203, 
        "Close": 31.639999, 
        "Company": "MDLZ", 
        "Date": "2007-08-21", 
        "High": 31.98, 
        "Low": 31.42, 
        "Open": 31.540001, 
        "Volume": 8193300, 
        "day": 21, 
        "month": 8
    }
}