{
    "day": {
        "Adj Close": 42.50826, 
        "Close": 50.18, 
        "Company": "TROW", 
        "Date": "2010-02-16", 
        "High": 50.18, 
        "Low": 48.990002, 
        "Open": 49.450001, 
        "Volume": 1242200, 
        "day": 16, 
        "month": 2
    }
}