{
    "day": {
        "Adj Close": 40.771674, 
        "Close": 48.130001, 
        "Company": "TROW", 
        "Date": "2010-02-08", 
        "High": 49.689999, 
        "Low": 48.099998, 
        "Open": 49.16, 
        "Volume": 1735900, 
        "day": 8, 
        "month": 2
    }
}