{
    "day": {
        "Adj Close": 82.216314, 
        "Close": 83.620003, 
        "Company": "WBA", 
        "Date": "2015-03-02", 
        "High": 84.050003, 
        "Low": 82.599998, 
        "Open": 83.239998, 
        "Volume": 6659700, 
        "day": 1, 
        "week": 10
    }
}