{
    "day": {
        "Adj Close": 34.0, 
        "Close": 34.0, 
        "Company": "TSLA", 
        "Date": "2012-12-21", 
        "High": 34.169998, 
        "Low": 33.580002, 
        "Open": 33.939999, 
        "Volume": 1492400, 
        "day": 21, 
        "month": 12
    }
}