{
    "day": {
        "Adj Close": 36.530266, 
        "Close": 43.82, 
        "Company": "WBA", 
        "Date": "2005-04-13", 
        "High": 44.009998, 
        "Low": 43.599998, 
        "Open": 43.650002, 
        "Volume": 2896300, 
        "day": 13, 
        "month": 4
    }
}