{
    "day": {
        "Adj Close": 35.521557, 
        "Close": 42.610001, 
        "Company": "WBA", 
        "Date": "2005-04-25", 
        "High": 42.75, 
        "Low": 42.0, 
        "Open": 42.25, 
        "Volume": 2492600, 
        "day": 25, 
        "month": 4
    }
}