{
    "day": {
        "Adj Close": 35.896698, 
        "Close": 43.060001, 
        "Company": "WBA", 
        "Date": "2005-04-29", 
        "High": 43.130001, 
        "Low": 42.330002, 
        "Open": 42.91, 
        "Volume": 3034000, 
        "day": 29, 
        "month": 4
    }
}