{
    "day": {
        "Adj Close": 62.009998, 
        "Close": 62.009998, 
        "Company": "FANG", 
        "Date": "2014-03-11", 
        "High": 64.440002, 
        "Low": 60.41, 
        "Open": 62.919998, 
        "Volume": 1085100, 
        "day": 11, 
        "month": 3
    }
}