{
    "day": {
        "Adj Close": 63.16, 
        "Close": 63.16, 
        "Company": "FANG", 
        "Date": "2014-03-12", 
        "High": 63.52, 
        "Low": 60.759998, 
        "Open": 61.619999, 
        "Volume": 811200, 
        "day": 12, 
        "month": 3
    }
}