{
    "day": {
        "Adj Close": 63.580002, 
        "Close": 63.580002, 
        "Company": "FANG", 
        "Date": "2014-03-14", 
        "High": 64.330002, 
        "Low": 63.02, 
        "Open": 63.43, 
        "Volume": 508700, 
        "day": 14, 
        "month": 3
    }
}