{
    "day": {
        "Adj Close": 64.220001, 
        "Close": 64.220001, 
        "Company": "FANG", 
        "Date": "2014-03-21", 
        "High": 66.110001, 
        "Low": 64.029999, 
        "Open": 65.260002, 
        "Volume": 851300, 
        "day": 21, 
        "month": 3
    }
}