{
    "day": {
        "Adj Close": 69.699997, 
        "Close": 69.699997, 
        "Company": "FANG", 
        "Date": "2014-03-28", 
        "High": 69.900002, 
        "Low": 67.559998, 
        "Open": 68.339996, 
        "Volume": 1465600, 
        "day": 28, 
        "month": 3
    }
}