{
    "day": {
        "Adj Close": 64.410004, 
        "Close": 64.410004, 
        "Company": "FANG", 
        "Date": "2014-03-03", 
        "High": 65.379997, 
        "Low": 63.509998, 
        "Open": 63.889999, 
        "Volume": 709400, 
        "day": 3, 
        "month": 3
    }
}