{
    "day": {
        "Adj Close": 63.880001, 
        "Close": 63.880001, 
        "Company": "FANG", 
        "Date": "2014-03-07", 
        "High": 64.129997, 
        "Low": 62.52, 
        "Open": 63.23, 
        "Volume": 591100, 
        "day": 7, 
        "month": 3
    }
}