{
    "day": {
        "Adj Close": 41.650002,
        "Close": 41.650002,
        "Company": "TCBI",
        "Date": "2013-01-30",
        "High": 42.16,
        "Low": 41.23,
        "Open": 42.150002,
        "Volume": 760200,
        "day": 3,
        "week": 5
    }
}