{
    "day": {
        "Adj Close": 41.400002,
        "Close": 41.400002,
        "Company": "TCBI",
        "Date": "2013-01-31",
        "High": 41.799999,
        "Low": 41.049999,
        "Open": 41.279999,
        "Volume": 493600,
        "day": 4,
        "week": 5
    }
}