{
    "day": {
        "Adj Close": 13.743291, 
        "Close": 38.25, 
        "Company": "TROW", 
        "Date": "2000-12-01", 
        "High": 38.6875, 
        "Low": 36.640621, 
        "Open": 37.0, 
        "Volume": 2398000, 
        "day": 1, 
        "month": 12
    }
}