{
    "day": {
        "Adj Close": 14.411369, 
        "Close": 40.109379, 
        "Company": "TROW", 
        "Date": "2000-12-18", 
        "High": 42.1875, 
        "Low": 39.875, 
        "Open": 40.281239, 
        "Volume": 872400, 
        "day": 18, 
        "month": 12
    }
}