{
    "day": {
        "Adj Close": 14.48435, 
        "Close": 40.3125, 
        "Company": "TROW", 
        "Date": "2000-12-21", 
        "High": 40.5, 
        "Low": 38.375, 
        "Open": 39.031239, 
        "Volume": 951800, 
        "day": 21, 
        "month": 12
    }
}