{
    "day": {
        "Adj Close": 75.019997, 
        "Close": 75.019997, 
        "Company": "FANG", 
        "Date": "2014-05-29", 
        "High": 75.93, 
        "Low": 70.860001, 
        "Open": 71.559998, 
        "Volume": 1460700, 
        "day": 4, 
        "week": 22
    }
}