{
    "day": {
        "Adj Close": 54.641169, 
        "Close": 61.119999, 
        "Company": "TROW", 
        "Date": "2012-07-23", 
        "High": 61.5, 
        "Low": 59.919998, 
        "Open": 60.369999, 
        "Volume": 1000600, 
        "day": 1, 
        "week": 30
    }
}