{
    "day": {
        "Adj Close": 52.719075, 
        "Close": 58.970001, 
        "Company": "TROW", 
        "Date": "2012-07-25", 
        "High": 59.740002, 
        "Low": 58.84, 
        "Open": 59.049999, 
        "Volume": 2220600, 
        "day": 3, 
        "week": 30
    }
}