{
    "day": {
        "Adj Close": 29.161805, 
        "Close": 30.629999, 
        "Company": "MDLZ", 
        "Date": "2013-05-10", 
        "High": 30.780001, 
        "Low": 30.43, 
        "Open": 30.73, 
        "Volume": 14250200, 
        "day": 5, 
        "week": 19
    }
}