{
    "day": {
        "Adj Close": 19.458377, 
        "Close": 50.939999, 
        "Company": "TROW", 
        "Date": "2004-02-23", 
        "High": 51.439999, 
        "Low": 50.900002, 
        "Open": 51.189999, 
        "Volume": 1301000, 
        "day": 1, 
        "week": 9
    }
}