{
    "day": {
        "Adj Close": 25.768638, 
        "Close": 29.24, 
        "Company": "WBA", 
        "Date": "2010-06-16", 
        "High": 30.059999, 
        "Low": 29.16, 
        "Open": 30.01, 
        "Volume": 12836100, 
        "day": 3, 
        "week": 24
    }
}