{
    "day": {
        "Adj Close": 44.917139,
        "Close": 47.27,
        "Company": "LPLA",
        "Date": "2014-05-01",
        "High": 48.040001,
        "Low": 47.150002,
        "Open": 47.18,
        "Volume": 630300,
        "day": 1,
        "month": 5
    }
}