{
    "day": {
        "Adj Close": 45.03175,
        "Close": 47.150002,
        "Company": "LPLA",
        "Date": "2014-05-15",
        "High": 47.709999,
        "Low": 46.529999,
        "Open": 47.709999,
        "Volume": 1615000,
        "day": 15,
        "month": 5
    }
}