{
    "day": {
        "Adj Close": 45.671648,
        "Close": 47.82,
        "Company": "LPLA",
        "Date": "2014-05-23",
        "High": 48.009998,
        "Low": 47.509998,
        "Open": 48.009998,
        "Volume": 563200,
        "day": 23,
        "month": 5
    }
}