{
    "day": {
        "Adj Close": 45.46153,
        "Close": 47.599998,
        "Company": "LPLA",
        "Date": "2014-05-28",
        "High": 48.5,
        "Low": 47.580002,
        "Open": 48.130001,
        "Volume": 807400,
        "day": 28,
        "month": 5
    }
}