{
    "day": {
        "Adj Close": 21.950001,
        "Close": 21.950001,
        "Company": "TCBI",
        "Date": "2006-01-31",
        "High": 22.200001,
        "Low": 21.469999,
        "Open": 22.07,
        "Volume": 235300,
        "day": 2,
        "week": 5
    }
}