{
    "day": {
        "Adj Close": 18.790001,
        "Close": 18.790001,
        "Company": "TCBI",
        "Date": "2006-10-17",
        "High": 19.200001,
        "Low": 18.780001,
        "Open": 18.940001,
        "Volume": 222700,
        "day": 2,
        "week": 42
    }
}