{
    "day": {
        "Adj Close": 19.219999,
        "Close": 19.219999,
        "Company": "TCBI",
        "Date": "2006-10-18",
        "High": 19.49,
        "Low": 18.889999,
        "Open": 18.889999,
        "Volume": 315700,
        "day": 3,
        "week": 42
    }
}