{
    "day": {
        "Adj Close": 1.842619, 
        "Close": 41.624962, 
        "Company": "WBA", 
        "Date": "1989-06-01", 
        "High": 42.375038, 
        "Low": 41.375038, 
        "Open": 41.375038, 
        "Volume": 2564800, 
        "day": 4, 
        "week": 22
    }
}