{
    "day": {
        "Adj Close": 32.823308, 
        "Close": 36.830002, 
        "Company": "WBA", 
        "Date": "2010-12-21", 
        "High": 37.52, 
        "Low": 36.77, 
        "Open": 37.470001, 
        "Volume": 8179800, 
        "day": 2, 
        "week": 51
    }
}