{
    "week": {
        "Company": "WBA", 
        "adj close": 74.408356, 
        "close": 76.0, 
        "days": [
            {
                "Adj Close": 74.408356, 
                "Close": 76.0, 
                "Company": "WBA", 
                "Date": "2015-01-02", 
                "High": 77.190002, 
                "Low": 75.089996, 
                "Open": 76.110001, 
                "Volume": 3938500, 
                "day": 5, 
                "week": 1
            }
        ], 
        "first": 0, 
        "high": 77.190002, 
        "last": 5, 
        "low": 75.089996, 
        "open": 0, 
        "volume": 3938500, 
        "week": 1, 
        "year": 2015
    }
}