{
    "day": {
        "Adj Close": 56.823782, 
        "Close": 59.209999, 
        "Company": "WBA", 
        "Date": "2013-11-27", 
        "High": 60.139999, 
        "Low": 59.07, 
        "Open": 59.799999, 
        "Volume": 3971500, 
        "day": 3, 
        "week": 48
    }
}