{
    "day": {
        "Adj Close": 24.799999,
        "Close": 24.799999,
        "Company": "LPLA",
        "Date": "2016-03-31",
        "High": 25.18,
        "Low": 24.57,
        "Open": 24.68,
        "Volume": 771600,
        "day": 31,
        "month": 3
    }
}