{
    "day": {
        "Adj Close": 20.719999,
        "Close": 20.719999,
        "Company": "LPLA",
        "Date": "2016-03-09",
        "High": 21.370001,
        "Low": 20.5,
        "Open": 20.99,
        "Volume": 1204800,
        "day": 9,
        "month": 3
    }
}