{
    "day": {
        "Adj Close": 33.939999,
        "Close": 33.939999,
        "Company": "TCBI",
        "Date": "2012-04-19",
        "High": 34.77,
        "Low": 33.75,
        "Open": 34.27,
        "Volume": 182300,
        "day": 19,
        "month": 4
    }
}