{
    "day": {
        "Adj Close": 37.709999,
        "Close": 37.709999,
        "Company": "TCBI",
        "Date": "2012-04-30",
        "High": 39.310001,
        "Low": 37.599998,
        "Open": 38.5,
        "Volume": 691500,
        "day": 30,
        "month": 4
    }
}