{
    "day": {
        "Adj Close": 33.57,
        "Close": 33.57,
        "Company": "TCBI",
        "Date": "2012-04-09",
        "High": 33.799999,
        "Low": 33.27,
        "Open": 33.580002,
        "Volume": 195800,
        "day": 9,
        "month": 4
    }
}