{
    "day": {
        "Adj Close": 30.19017,
        "Close": 32.349998,
        "Company": "LPLA",
        "Date": "2013-03-22",
        "High": 32.799999,
        "Low": 32.299999,
        "Open": 32.799999,
        "Volume": 198600,
        "day": 22,
        "month": 3
    }
}