{
    "day": {
        "Adj Close": 30.236834,
        "Close": 32.400002,
        "Company": "LPLA",
        "Date": "2013-03-08",
        "High": 32.630001,
        "Low": 31.99,
        "Open": 31.99,
        "Volume": 303100,
        "day": 8,
        "month": 3
    }
}