{
    "day": {
        "Adj Close": 15.573509, 
        "Close": 33.060001, 
        "Company": "MDLZ", 
        "Date": "2004-04-27", 
        "High": 33.490002, 
        "Low": 32.799999, 
        "Open": 33.0, 
        "Volume": 2099900, 
        "day": 2, 
        "week": 18
    }
}