{
    "day": {
        "Adj Close": 15.498138, 
        "Close": 32.900002, 
        "Company": "MDLZ", 
        "Date": "2004-04-28", 
        "High": 33.0, 
        "Low": 32.75, 
        "Open": 32.970001, 
        "Volume": 1818700, 
        "day": 3, 
        "week": 18
    }
}