{
    "day": {
        "Adj Close": 15.502848, 
        "Close": 32.91, 
        "Company": "MDLZ", 
        "Date": "2004-04-29", 
        "High": 33.259998, 
        "Low": 32.799999, 
        "Open": 32.900002, 
        "Volume": 1239900, 
        "day": 4, 
        "week": 18
    }
}