{
    "day": {
        "Adj Close": 16.491911, 
        "Close": 34.580002, 
        "Company": "MDLZ", 
        "Date": "2004-11-16", 
        "High": 34.669998, 
        "Low": 34.34, 
        "Open": 34.580002, 
        "Volume": 1118800, 
        "day": 16, 
        "month": 11
    }
}