{
    "day": {
        "Adj Close": 16.491911, 
        "Close": 34.580002, 
        "Company": "MDLZ", 
        "Date": "2004-11-22", 
        "High": 34.66, 
        "Low": 34.07, 
        "Open": 34.150002, 
        "Volume": 1882500, 
        "day": 22, 
        "month": 11
    }
}