{
    "day": {
        "Adj Close": 16.472834, 
        "Close": 34.540001, 
        "Company": "MDLZ", 
        "Date": "2004-11-24", 
        "High": 34.900002, 
        "Low": 34.450001, 
        "Open": 34.689999, 
        "Volume": 1485100, 
        "day": 24, 
        "month": 11
    }
}