{
    "day": {
        "Adj Close": 16.463295, 
        "Close": 34.52, 
        "Company": "MDLZ", 
        "Date": "2004-11-04", 
        "High": 34.549999, 
        "Low": 33.380001, 
        "Open": 33.529999, 
        "Volume": 4327300, 
        "day": 4, 
        "month": 11
    }
}