{
    "day": {
        "Adj Close": 16.568218, 
        "Close": 34.740002, 
        "Company": "MDLZ", 
        "Date": "2004-11-05", 
        "High": 34.889999, 
        "Low": 34.299999, 
        "Open": 34.299999, 
        "Volume": 2069500, 
        "day": 5, 
        "month": 11
    }
}