{
    "day": {
        "Adj Close": 12.098309,
        "Close": 17.969999,
        "Company": "SUNS",
        "Date": "2011-04-18",
        "High": 18.42,
        "Low": 17.799999,
        "Open": 18.1,
        "Volume": 56400,
        "day": 18,
        "month": 4
    }
}