{
    "day": {
        "Adj Close": 12.071379,
        "Close": 17.93,
        "Company": "SUNS",
        "Date": "2011-04-19",
        "High": 18.76,
        "Low": 17.870001,
        "Open": 18.76,
        "Volume": 49500,
        "day": 19,
        "month": 4
    }
}