{
    "day": {
        "Adj Close": 12.677305,
        "Close": 18.83,
        "Company": "SUNS",
        "Date": "2011-04-29",
        "High": 18.870001,
        "Low": 18.629999,
        "Open": 18.719999,
        "Volume": 52000,
        "day": 29,
        "month": 4
    }
}