{
    "day": {
        "Adj Close": 17.1,
        "Close": 17.1,
        "Company": "TCBI",
        "Date": "2008-02-20",
        "High": 17.4,
        "Low": 16.469999,
        "Open": 16.469999,
        "Volume": 267000,
        "day": 20,
        "month": 2
    }
}