{
    "day": {
        "Adj Close": 16.469999,
        "Close": 16.469999,
        "Company": "TCBI",
        "Date": "2008-02-21",
        "High": 17.540001,
        "Low": 16.450001,
        "Open": 17.139999,
        "Volume": 179100,
        "day": 21,
        "month": 2
    }
}