{
    "day": {
        "Adj Close": 16.540001,
        "Close": 16.540001,
        "Company": "TCBI",
        "Date": "2008-02-22",
        "High": 16.9,
        "Low": 15.96,
        "Open": 16.5,
        "Volume": 130800,
        "day": 22,
        "month": 2
    }
}