{
    "day": {
        "Adj Close": 16.639999,
        "Close": 16.639999,
        "Company": "TCBI",
        "Date": "2008-02-05",
        "High": 17.09,
        "Low": 16.59,
        "Open": 16.66,
        "Volume": 153300,
        "day": 5,
        "month": 2
    }
}