{
    "day": {
        "Adj Close": 51.245638,
        "Close": 53.93,
        "Company": "LPLA",
        "Date": "2014-03-26",
        "High": 55.639999,
        "Low": 53.869999,
        "Open": 55.029999,
        "Volume": 294000,
        "day": 3,
        "week": 13
    }
}