{
    "day": {
        "Adj Close": 42.246319, 
        "Close": 52.279999, 
        "Company": "TROW", 
        "Date": "2008-01-28", 
        "High": 52.919998, 
        "Low": 50.869999, 
        "Open": 52.919998, 
        "Volume": 4004500, 
        "day": 28, 
        "month": 1
    }
}