{
    "day": {
        "Adj Close": 40.735214, 
        "Close": 50.41, 
        "Company": "TROW", 
        "Date": "2008-01-09", 
        "High": 51.66, 
        "Low": 48.330002, 
        "Open": 51.349998, 
        "Volume": 5469900, 
        "day": 9, 
        "month": 1
    }
}