{
    "day": {
        "Adj Close": 15.251131, 
        "Close": 28.33, 
        "Company": "MDLZ", 
        "Date": "2008-10-13", 
        "High": 28.889999, 
        "Low": 28.139999, 
        "Open": 28.379999, 
        "Volume": 23149900, 
        "day": 13, 
        "month": 10
    }
}