{
    "day": {
        "Adj Close": 15.326498, 
        "Close": 28.469999, 
        "Company": "MDLZ", 
        "Date": "2008-10-29", 
        "High": 29.83, 
        "Low": 28.190001, 
        "Open": 29.4, 
        "Volume": 15621200, 
        "day": 29, 
        "month": 10
    }
}