{
    "day": {
        "Adj Close": 17.80824, 
        "Close": 33.080002, 
        "Company": "MDLZ", 
        "Date": "2008-10-03", 
        "High": 34.049999, 
        "Low": 32.990002, 
        "Open": 33.720001, 
        "Volume": 14682300, 
        "day": 3, 
        "month": 10
    }
}