{
    "day": {
        "Adj Close": 29.840612, 
        "Close": 75.809998, 
        "Company": "TROW", 
        "Date": "2006-03-21", 
        "High": 77.199997, 
        "Low": 75.629997, 
        "Open": 75.809998, 
        "Volume": 808800, 
        "day": 21, 
        "month": 3
    }
}