{
    "day": {
        "Adj Close": 38.759998,
        "Close": 38.759998,
        "Company": "TCBI",
        "Date": "2012-06-13",
        "High": 39.759998,
        "Low": 38.400002,
        "Open": 38.669998,
        "Volume": 545200,
        "day": 13,
        "month": 6
    }
}