{
    "day": {
        "Adj Close": 70.190002, 
        "Close": 70.190002, 
        "Company": "FANG", 
        "Date": "2015-08-10", 
        "High": 70.959999, 
        "Low": 68.809998, 
        "Open": 69.089996, 
        "Volume": 1427100, 
        "day": 1, 
        "week": 33
    }
}