{
    "day": {
        "Adj Close": 0.991465, 
        "Close": 25.5, 
        "Company": "TROW", 
        "Date": "1991-03-18", 
        "High": 25.75008, 
        "Low": 25.24992, 
        "Open": 25.75008, 
        "Volume": 33600, 
        "day": 1, 
        "week": 12
    }
}