{
    "day": {
        "Adj Close": 0.981741, 
        "Close": 25.24992, 
        "Company": "TROW", 
        "Date": "1991-03-19", 
        "High": 25.75008, 
        "Low": 25.24992, 
        "Open": 25.24992, 
        "Volume": 225600, 
        "day": 2, 
        "week": 12
    }
}