{
    "day": {
        "Adj Close": 0.981741, 
        "Close": 25.24992, 
        "Company": "TROW", 
        "Date": "1991-03-21", 
        "High": 25.5, 
        "Low": 25.0, 
        "Open": 25.0, 
        "Volume": 150400, 
        "day": 4, 
        "week": 12
    }
}