{
    "day": {
        "Adj Close": 55.48153, 
        "Close": 62.060001, 
        "Company": "TROW", 
        "Date": "2012-08-28", 
        "High": 62.400002, 
        "Low": 61.580002, 
        "Open": 61.610001, 
        "Volume": 803900, 
        "day": 2, 
        "week": 35
    }
}