{
    "day": {
        "Adj Close": 26.016061, 
        "Close": 41.860001, 
        "Company": "MDLZ", 
        "Date": "2012-08-28", 
        "High": 42.0, 
        "Low": 41.709999, 
        "Open": 41.77, 
        "Volume": 9452100, 
        "day": 2, 
        "week": 35
    }
}