{
    "day": {
        "Adj Close": 12.549387,
        "Close": 18.639999,
        "Company": "SUNS",
        "Date": "2011-04-08",
        "High": 19.0,
        "Low": 18.610001,
        "Open": 18.950001,
        "Volume": 113000,
        "day": 5,
        "week": 14
    }
}