{
    "day": {
        "Adj Close": 46.779999,
        "Close": 46.779999,
        "Company": "TCBI",
        "Date": "2012-09-12",
        "High": 47.290001,
        "Low": 46.52,
        "Open": 47.23,
        "Volume": 239000,
        "day": 3,
        "week": 37
    }
}