{
    "day": {
        "Adj Close": 48.59,
        "Close": 48.59,
        "Company": "TCBI",
        "Date": "2012-09-14",
        "High": 49.610001,
        "Low": 47.860001,
        "Open": 47.950001,
        "Volume": 606500,
        "day": 5,
        "week": 37
    }
}