{
    "day": {
        "Adj Close": 33.459999,
        "Close": 33.459999,
        "Company": "TCBI",
        "Date": "2016-01-22",
        "High": 34.790001,
        "Low": 33.419998,
        "Open": 34.380001,
        "Volume": 1297500,
        "day": 22,
        "year": 2016
    }
}