{
    "day": {
        "Adj Close": 36.849998,
        "Close": 36.849998,
        "Company": "TCBI",
        "Date": "2016-03-08",
        "High": 38.610001,
        "Low": 36.360001,
        "Open": 38.349998,
        "Volume": 452000,
        "day": 68,
        "year": 2016
    }
}