{
    "day": {
        "Adj Close": 45.869999,
        "Close": 45.869999,
        "Company": "TCBI",
        "Date": "2016-01-07",
        "High": 46.82,
        "Low": 45.650002,
        "Open": 46.32,
        "Volume": 577700,
        "day": 7,
        "year": 2016
    }
}