{
    "day": {
        "Adj Close": 37.740002,
        "Close": 37.740002,
        "Company": "TCBI",
        "Date": "2016-03-29",
        "High": 37.889999,
        "Low": 35.380001,
        "Open": 37.099998,
        "Volume": 837900,
        "day": 89,
        "year": 2016
    }
}