{
    "day": {
        "Adj Close": 36.299999,
        "Close": 36.299999,
        "Company": "TCBI",
        "Date": "2016-04-04",
        "High": 37.009998,
        "Low": 35.740002,
        "Open": 36.240002,
        "Volume": 413700,
        "day": 95,
        "year": 2016
    }
}