{
    "day": {
        "Adj Close": 34.848645, 
        "Close": 35.849998, 
        "Company": "MDLZ", 
        "Date": "2014-08-22", 
        "High": 36.189999, 
        "Low": 35.810001, 
        "Open": 36.060001, 
        "Volume": 4137100, 
        "day": 5, 
        "week": 34
    }
}