{
    "day": {
        "Adj Close": 24.679831, 
        "Close": 39.709999, 
        "Company": "MDLZ", 
        "Date": "2012-07-31", 
        "High": 39.77, 
        "Low": 39.209999, 
        "Open": 39.400002, 
        "Volume": 10699300, 
        "day": 2, 
        "week": 31
    }
}