{
    "day": {
        "Adj Close": 45.220239, 
        "Close": 53.650002, 
        "Company": "TROW", 
        "Date": "2009-10-26", 
        "High": 54.68, 
        "Low": 53.259998, 
        "Open": 53.880001, 
        "Volume": 3708900, 
        "day": 1, 
        "week": 44
    }
}