{
    "day": {
        "Adj Close": 43.77892, 
        "Close": 51.939999, 
        "Company": "TROW", 
        "Date": "2009-10-27", 
        "High": 53.990002, 
        "Low": 51.889999, 
        "Open": 53.610001, 
        "Volume": 2963300, 
        "day": 2, 
        "week": 44
    }
}