{
    "day": {
        "Adj Close": 42.868617, 
        "Close": 50.860001, 
        "Company": "TROW", 
        "Date": "2009-10-29", 
        "High": 51.0, 
        "Low": 50.009998, 
        "Open": 50.349998, 
        "Volume": 3604100, 
        "day": 4, 
        "week": 44
    }
}