{
    "day": {
        "Adj Close": 41.073293, 
        "Close": 48.73, 
        "Company": "TROW", 
        "Date": "2009-10-30", 
        "High": 50.869999, 
        "Low": 48.459999, 
        "Open": 50.540001, 
        "Volume": 3511600, 
        "day": 5, 
        "week": 44
    }
}