{
    "day": {
        "Adj Close": 1.418033, 
        "Close": 33.624962, 
        "Company": "WBA", 
        "Date": "1986-09-08", 
        "High": 34.5, 
        "Low": 33.375038, 
        "Open": 34.5, 
        "Volume": 1964800, 
        "day": 1, 
        "week": 37
    }
}