{
    "day": {
        "Adj Close": 1.596259, 
        "Close": 40.0, 
        "Company": "TROW", 
        "Date": "1992-07-24", 
        "High": 40.75008, 
        "Low": 39.5, 
        "Open": 40.0, 
        "Volume": 2166400, 
        "day": 24, 
        "month": 7
    }
}