{
    "day": {
        "Adj Close": 1.454466, 
        "Close": 37.0, 
        "Company": "TROW", 
        "Date": "1991-10-25", 
        "High": 37.24992, 
        "Low": 35.5, 
        "Open": 35.5, 
        "Volume": 760000, 
        "day": 25, 
        "month": 10
    }
}