{
    "day": {
        "Adj Close": 1.420069, 
        "Close": 36.124962, 
        "Company": "TROW", 
        "Date": "1991-10-08", 
        "High": 36.5, 
        "Low": 36.0, 
        "Open": 36.5, 
        "Volume": 22400, 
        "day": 8, 
        "month": 10
    }
}