{
    "day": {
        "Adj Close": 79.347669, 
        "Close": 79.720001, 
        "Company": "WBA", 
        "Date": "2016-01-29", 
        "High": 79.739998, 
        "Low": 77.139999, 
        "Open": 78.580002, 
        "Volume": 4906800, 
        "day": 5, 
        "week": 4
    }
}