{
    "day": {
        "Adj Close": 37.821723, 
        "Close": 44.900002, 
        "Company": "WBA", 
        "Date": "2007-02-05", 
        "High": 45.380001, 
        "Low": 44.830002, 
        "Open": 45.32, 
        "Volume": 3681200, 
        "day": 1, 
        "week": 6
    }
}