{
    "day": {
        "Adj Close": 77.911141, 
        "Close": 82.190002, 
        "Company": "TROW", 
        "Date": "2015-03-13", 
        "High": 82.93, 
        "Low": 81.610001, 
        "Open": 82.870003, 
        "Volume": 1254700, 
        "day": 13, 
        "month": 3
    }
}