{
    "day": {
        "Adj Close": 79.513154, 
        "Close": 83.879997, 
        "Company": "TROW", 
        "Date": "2015-03-18", 
        "High": 84.220001, 
        "Low": 82.739998, 
        "Open": 83.489998, 
        "Volume": 1290700, 
        "day": 18, 
        "month": 3
    }
}