{
    "day": {
        "Adj Close": 78.545414, 
        "Close": 83.389999, 
        "Company": "TROW", 
        "Date": "2015-03-02", 
        "High": 83.389999, 
        "Low": 82.360001, 
        "Open": 82.5, 
        "Volume": 1169900, 
        "day": 2, 
        "month": 3
    }
}