{
    "day": {
        "Adj Close": 39.034717, 
        "Close": 46.639999, 
        "Company": "WBA", 
        "Date": "2005-12-12", 
        "High": 46.950001, 
        "Low": 46.459999, 
        "Open": 46.459999, 
        "Volume": 1786700, 
        "day": 1, 
        "week": 50
    }
}