{
    "day": {
        "Adj Close": 56.243299, 
        "Close": 64.720001, 
        "Company": "TROW", 
        "Date": "2011-03-11", 
        "High": 64.809998, 
        "Low": 63.82, 
        "Open": 64.120003, 
        "Volume": 1120400, 
        "day": 11, 
        "month": 3
    }
}