{
    "day": {
        "Adj Close": 52.862792, 
        "Close": 60.830002, 
        "Company": "TROW", 
        "Date": "2011-03-16", 
        "High": 62.66, 
        "Low": 60.580002, 
        "Open": 61.939999, 
        "Volume": 2154800, 
        "day": 16, 
        "month": 3
    }
}