{
    "day": {
        "Adj Close": 56.547456, 
        "Close": 65.07, 
        "Company": "TROW", 
        "Date": "2011-03-25", 
        "High": 65.650002, 
        "Low": 64.410004, 
        "Open": 64.639999, 
        "Volume": 1365600, 
        "day": 25, 
        "month": 3
    }
}