{
    "day": {
        "Adj Close": 9.111901, 
        "Close": 24.299999, 
        "Company": "TROW", 
        "Date": "2003-03-11", 
        "High": 25.209999, 
        "Low": 24.290001, 
        "Open": 25.01, 
        "Volume": 2270000, 
        "day": 2, 
        "week": 11
    }
}