{
    "day": {
        "Adj Close": 3.775815, 
        "Close": 40.0, 
        "Company": "WBA", 
        "Date": "1993-07-13", 
        "High": 40.25, 
        "Low": 39.624962, 
        "Open": 39.75, 
        "Volume": 832800, 
        "day": 2, 
        "week": 28
    }
}