{
    "day": {
        "Adj Close": 43.61702, 
        "Close": 49.610001, 
        "Company": "TROW", 
        "Date": "2011-11-25", 
        "High": 50.57, 
        "Low": 49.380001, 
        "Open": 49.5, 
        "Volume": 912300, 
        "day": 25, 
        "month": 11
    }
}