{
    "day": {
        "Adj Close": 73.800003, 
        "Close": 73.800003, 
        "Company": "FANG", 
        "Date": "2015-02-18", 
        "High": 75.779999, 
        "Low": 71.269997, 
        "Open": 71.349998, 
        "Volume": 1725400, 
        "day": 18, 
        "month": 2
    }
}