{
    "day": {
        "Adj Close": 23.23,
        "Close": 23.23,
        "Company": "LPLA",
        "Date": "2016-04-11",
        "High": 24.129999,
        "Low": 22.91,
        "Open": 23.059999,
        "Volume": 857200,
        "day": 102,
        "year": 2016
    }
}