{
    "day": {
        "Adj Close": 25.629999,
        "Close": 25.629999,
        "Company": "LPLA",
        "Date": "2016-04-18",
        "High": 26.620001,
        "Low": 24.25,
        "Open": 25.07,
        "Volume": 711800,
        "day": 109,
        "year": 2016
    }
}