{
    "day": {
        "Adj Close": 31.60844,
        "Close": 31.99,
        "Company": "LPLA",
        "Date": "2016-01-25",
        "High": 34.380001,
        "Low": 31.370001,
        "Open": 32.400002,
        "Volume": 1085600,
        "day": 25,
        "year": 2016
    }
}