{
    "day": {
        "Adj Close": 30.808101,
        "Close": 31.18,
        "Company": "LPLA",
        "Date": "2016-01-27",
        "High": 32.099998,
        "Low": 30.950001,
        "Open": 31.639999,
        "Volume": 832400,
        "day": 27,
        "year": 2016
    }
}