{
    "day": {
        "Adj Close": 20.759404,
        "Close": 21.01,
        "Company": "LPLA",
        "Date": "2016-02-17",
        "High": 21.629999,
        "Low": 19.889999,
        "Open": 20.68,
        "Volume": 2580100,
        "day": 48,
        "year": 2016
    }
}