{
    "day": {
        "Adj Close": 19.959066,
        "Close": 20.200001,
        "Company": "LPLA",
        "Date": "2016-02-18",
        "High": 21.49,
        "Low": 19.52,
        "Open": 20.889999,
        "Volume": 1806000,
        "day": 49,
        "year": 2016
    }
}