{
    "day": {
        "Adj Close": 67.527075, 
        "Close": 74.360001, 
        "Company": "TROW", 
        "Date": "2013-04-15", 
        "High": 76.769997, 
        "Low": 74.330002, 
        "Open": 76.620003, 
        "Volume": 1171700, 
        "day": 15, 
        "month": 4
    }
}