{
    "day": {
        "Adj Close": 66.169998, 
        "Close": 66.169998, 
        "Company": "FANG", 
        "Date": "2016-01-22", 
        "High": 68.989998, 
        "Low": 64.440002, 
        "Open": 65.199997, 
        "Volume": 1869500, 
        "day": 5, 
        "week": 3
    }
}