{
    "day": {
        "Adj Close": 16.41662, 
        "Close": 28.809999, 
        "Company": "MDLZ", 
        "Date": "2010-02-18", 
        "High": 28.809999, 
        "Low": 28.48, 
        "Open": 28.65, 
        "Volume": 20606500, 
        "day": 4, 
        "week": 7
    }
}