{
    "day": {
        "Adj Close": 23.129999,
        "Close": 23.129999,
        "Company": "TCBI",
        "Date": "2011-08-18",
        "High": 24.0,
        "Low": 22.99,
        "Open": 24.0,
        "Volume": 380500,
        "day": 4,
        "week": 33
    }
}