{
    "day": {
        "Adj Close": 3.357502, 
        "Close": 36.25, 
        "Company": "WBA", 
        "Date": "1992-02-25", 
        "High": 36.25, 
        "Low": 35.875038, 
        "Open": 36.25, 
        "Volume": 1015200, 
        "day": 2, 
        "week": 9
    }
}