{
    "day": {
        "Adj Close": 3.322773, 
        "Close": 35.875038, 
        "Company": "WBA", 
        "Date": "1992-02-26", 
        "High": 36.124962, 
        "Low": 35.5, 
        "Open": 36.0, 
        "Volume": 1193600, 
        "day": 3, 
        "week": 9
    }
}