{
    "day": {
        "Adj Close": 1.133924, 
        "Close": 26.37504, 
        "Company": "WBA", 
        "Date": "1987-12-03", 
        "High": 27.62496, 
        "Low": 26.24992, 
        "Open": 27.5, 
        "Volume": 2177600, 
        "day": 4, 
        "week": 49
    }
}