{
    "day": {
        "Adj Close": 51.008081,
        "Close": 53.68,
        "Company": "LPLA",
        "Date": "2014-02-28",
        "High": 54.310001,
        "Low": 53.299999,
        "Open": 53.73,
        "Volume": 677600,
        "day": 5,
        "week": 9
    }
}