{
    "day": {
        "Adj Close": 32.060001,
        "Close": 32.060001,
        "Company": "TCBI",
        "Date": "2012-01-11",
        "High": 32.41,
        "Low": 31.790001,
        "Open": 32.310001,
        "Volume": 324500,
        "day": 3,
        "week": 2
    }
}