{
    "day": {
        "Adj Close": 1.828955, 
        "Close": 42.75008, 
        "Company": "WBA", 
        "Date": "1987-08-24", 
        "High": 44.0, 
        "Low": 42.5, 
        "Open": 43.875038, 
        "Volume": 984000, 
        "day": 1, 
        "week": 35
    }
}