{
    "day": {
        "Adj Close": 33.286412, 
        "Close": 35.810001, 
        "Company": "WBA", 
        "Date": "2012-09-19", 
        "High": 35.98, 
        "Low": 35.599998, 
        "Open": 35.700001, 
        "Volume": 7142800, 
        "day": 3, 
        "week": 38
    }
}