{
    "day": {
        "Adj Close": 1.965914, 
        "Close": 44.24992, 
        "Company": "WBA", 
        "Date": "1989-09-27", 
        "High": 44.5, 
        "Low": 43.875038, 
        "Open": 44.124962, 
        "Volume": 1425600, 
        "day": 27, 
        "month": 9
    }
}