{
    "day": {
        "Adj Close": 2.071431, 
        "Close": 46.624962, 
        "Company": "WBA", 
        "Date": "1989-09-29", 
        "High": 47.0, 
        "Low": 45.624962, 
        "Open": 45.75008, 
        "Volume": 2435200, 
        "day": 29, 
        "month": 9
    }
}