{
    "day": {
        "Adj Close": 4.092795, 
        "Close": 42.25, 
        "Company": "WBA", 
        "Date": "1994-12-15", 
        "High": 42.375038, 
        "Low": 41.875038, 
        "Open": 42.0, 
        "Volume": 2250400, 
        "day": 4, 
        "week": 50
    }
}