{
    "day": {
        "Adj Close": 4.334972, 
        "Close": 44.75, 
        "Company": "WBA", 
        "Date": "1994-12-21", 
        "High": 45.124962, 
        "Low": 44.624962, 
        "Open": 44.75, 
        "Volume": 2385600, 
        "day": 21, 
        "month": 12
    }
}