{
    "day": {
        "Adj Close": 4.334972, 
        "Close": 44.75, 
        "Company": "WBA", 
        "Date": "1994-12-23", 
        "High": 45.124962, 
        "Low": 44.75, 
        "Open": 45.124962, 
        "Volume": 862400, 
        "day": 23, 
        "month": 12
    }
}