{
    "day": {
        "Adj Close": 3.983812, 
        "Close": 41.124962, 
        "Company": "WBA", 
        "Date": "1994-12-05", 
        "High": 41.624962, 
        "Low": 40.75, 
        "Open": 40.875038, 
        "Volume": 2182400, 
        "day": 5, 
        "month": 12
    }
}