{
    "day": {
        "Adj Close": 34.83982, 
        "Close": 44.009998, 
        "Company": "TROW", 
        "Date": "2006-08-16", 
        "High": 44.330002, 
        "Low": 43.84, 
        "Open": 44.200001, 
        "Volume": 1171900, 
        "day": 3, 
        "week": 33
    }
}