{
    "day": {
        "Adj Close": 19.195693, 
        "Close": 32.139999, 
        "Company": "MDLZ", 
        "Date": "2011-04-12", 
        "High": 32.169998, 
        "Low": 31.77, 
        "Open": 31.780001, 
        "Volume": 9804800, 
        "day": 12, 
        "month": 4
    }
}