{
    "day": {
        "Adj Close": 19.948232, 
        "Close": 33.400002, 
        "Company": "MDLZ", 
        "Date": "2011-04-19", 
        "High": 33.41, 
        "Low": 33.110001, 
        "Open": 33.200001, 
        "Volume": 9920400, 
        "day": 19, 
        "month": 4
    }
}