{
    "day": {
        "Adj Close": 15.89616, 
        "Close": 41.950001, 
        "Company": "TROW", 
        "Date": "2003-08-26", 
        "High": 42.200001, 
        "Low": 41.150002, 
        "Open": 42.150002, 
        "Volume": 2095600, 
        "day": 2, 
        "week": 35
    }
}