{
    "day": {
        "Adj Close": 17.780001,
        "Close": 17.780001,
        "Company": "TCBI",
        "Date": "2009-08-10",
        "High": 18.08,
        "Low": 17.5,
        "Open": 17.59,
        "Volume": 83600,
        "day": 222,
        "year": 2009
    }
}