{
    "day": {
        "Adj Close": 17.559999,
        "Close": 17.559999,
        "Company": "TCBI",
        "Date": "2009-08-13",
        "High": 18.139999,
        "Low": 17.379999,
        "Open": 18.139999,
        "Volume": 52000,
        "day": 225,
        "year": 2009
    }
}