{
    "day": {
        "Adj Close": 16.549999,
        "Close": 16.549999,
        "Company": "TCBI",
        "Date": "2009-08-31",
        "High": 16.67,
        "Low": 16.360001,
        "Open": 16.559999,
        "Volume": 139300,
        "day": 243,
        "year": 2009
    }
}