{
    "day": {
        "Adj Close": 16.049999,
        "Close": 16.049999,
        "Company": "TCBI",
        "Date": "2009-09-11",
        "High": 16.360001,
        "Low": 15.73,
        "Open": 16.360001,
        "Volume": 103700,
        "day": 254,
        "year": 2009
    }
}