{
    "day": {
        "Adj Close": 16.77,
        "Close": 16.77,
        "Company": "TCBI",
        "Date": "2009-09-17",
        "High": 16.940001,
        "Low": 16.309999,
        "Open": 16.85,
        "Volume": 164500,
        "day": 260,
        "year": 2009
    }
}