{
    "day": {
        "Adj Close": 17.059999,
        "Close": 17.059999,
        "Company": "TCBI",
        "Date": "2009-09-28",
        "High": 17.1,
        "Low": 16.459999,
        "Open": 16.48,
        "Volume": 217800,
        "day": 271,
        "year": 2009
    }
}