{
    "day": {
        "Adj Close": 16.959999,
        "Close": 16.959999,
        "Company": "TCBI",
        "Date": "2009-09-29",
        "High": 17.18,
        "Low": 16.59,
        "Open": 17.01,
        "Volume": 152800,
        "day": 272,
        "year": 2009
    }
}