{
    "day": {
        "Adj Close": 63.990002, 
        "Close": 63.990002, 
        "Company": "FANG", 
        "Date": "2014-02-21", 
        "High": 64.419998, 
        "Low": 62.93, 
        "Open": 63.98, 
        "Volume": 3257700, 
        "day": 21, 
        "month": 2
    }
}