{
    "day": {
        "Adj Close": 1.6421, 
        "Close": 38.5, 
        "Company": "WBA", 
        "Date": "1987-06-12", 
        "High": 38.75008, 
        "Low": 38.375038, 
        "Open": 38.5, 
        "Volume": 2708800, 
        "day": 12, 
        "month": 6
    }
}