{
    "day": {
        "Adj Close": 1.647429, 
        "Close": 38.624962, 
        "Company": "WBA", 
        "Date": "1987-06-15", 
        "High": 38.875038, 
        "Low": 38.24992, 
        "Open": 38.75008, 
        "Volume": 1844800, 
        "day": 15, 
        "month": 6
    }
}