{
    "day": {
        "Adj Close": 1.588781, 
        "Close": 37.24992, 
        "Company": "WBA", 
        "Date": "1987-06-03", 
        "High": 37.5, 
        "Low": 36.24992, 
        "Open": 36.375038, 
        "Volume": 2116800, 
        "day": 3, 
        "month": 6
    }
}