{
    "day": {
        "Adj Close": 34.526712, 
        "Close": 35.799999, 
        "Company": "MDLZ", 
        "Date": "2014-01-10", 
        "High": 35.84, 
        "Low": 35.209999, 
        "Open": 35.490002, 
        "Volume": 12548600, 
        "day": 10, 
        "month": 1
    }
}