{
    "day": {
        "Adj Close": 73.759307, 
        "Close": 78.720001, 
        "Company": "TROW", 
        "Date": "2014-09-25", 
        "High": 79.68, 
        "Low": 78.519997, 
        "Open": 79.589996, 
        "Volume": 2444900, 
        "day": 4, 
        "week": 39
    }
}