{
    "day": {
        "Adj Close": 31.623959, 
        "Close": 37.240002, 
        "Company": "WBA", 
        "Date": "2007-12-10", 
        "High": 37.560001, 
        "Low": 37.02, 
        "Open": 37.139999, 
        "Volume": 5408100, 
        "day": 1, 
        "week": 50
    }
}