{
    "day": {
        "Adj Close": 31.071982, 
        "Close": 36.59, 
        "Company": "WBA", 
        "Date": "2007-12-14", 
        "High": 37.169998, 
        "Low": 36.220001, 
        "Open": 36.220001, 
        "Volume": 8984200, 
        "day": 5, 
        "week": 50
    }
}