{
    "day": {
        "Adj Close": 33.299999, 
        "Close": 33.299999, 
        "Company": "TSLA", 
        "Date": "2011-12-02", 
        "High": 33.689999, 
        "Low": 32.400002, 
        "Open": 32.830002, 
        "Volume": 802800, 
        "day": 5, 
        "week": 48
    }
}