{
    "day": {
        "Adj Close": 3.526427, 
        "Close": 37.5, 
        "Company": "WBA", 
        "Date": "1993-02-18", 
        "High": 38.5, 
        "Low": 37.5, 
        "Open": 38.375038, 
        "Volume": 1854400, 
        "day": 18, 
        "month": 2
    }
}