{
    "day": {
        "Adj Close": 3.432389, 
        "Close": 36.5, 
        "Company": "WBA", 
        "Date": "1993-02-19", 
        "High": 37.875038, 
        "Low": 36.5, 
        "Open": 37.375038, 
        "Volume": 2812000, 
        "day": 19, 
        "month": 2
    }
}