{
    "day": {
        "Adj Close": 3.667484, 
        "Close": 39.0, 
        "Company": "WBA", 
        "Date": "1993-02-25", 
        "High": 39.124962, 
        "Low": 38.624962, 
        "Open": 39.0, 
        "Volume": 1604800, 
        "day": 25, 
        "month": 2
    }
}