{
    "day": {
        "Adj Close": 1.370591, 
        "Close": 32.5, 
        "Company": "WBA", 
        "Date": "1986-11-03", 
        "High": 33.0, 
        "Low": 32.124962, 
        "Open": 32.875038, 
        "Volume": 1297600, 
        "day": 1, 
        "week": 45
    }
}