{
    "day": {
        "Adj Close": 27.392352, 
        "Close": 69.860001, 
        "Company": "TROW", 
        "Date": "2005-11-14", 
        "High": 69.959999, 
        "Low": 69.300003, 
        "Open": 69.660004, 
        "Volume": 526200, 
        "day": 14, 
        "month": 11
    }
}