{
    "day": {
        "Adj Close": 28.552978, 
        "Close": 72.82, 
        "Company": "TROW", 
        "Date": "2005-11-29", 
        "High": 73.489998, 
        "Low": 72.610001, 
        "Open": 73.389999, 
        "Volume": 1214600, 
        "day": 29, 
        "month": 11
    }
}