{
    "day": {
        "Adj Close": 26.698327, 
        "Close": 68.089996, 
        "Company": "TROW", 
        "Date": "2005-11-09", 
        "High": 68.980003, 
        "Low": 67.199997, 
        "Open": 67.440002, 
        "Volume": 1085800, 
        "day": 9, 
        "month": 11
    }
}