{
    "day": {
        "Adj Close": 33.889999,
        "Close": 33.889999,
        "Company": "TCBI",
        "Date": "2016-02-17",
        "High": 35.66,
        "Low": 33.720001,
        "Open": 34.189999,
        "Volume": 574100,
        "day": 3,
        "week": 7
    }
}