{
    "day": {
        "Adj Close": 38.450743, 
        "Close": 46.07, 
        "Company": "WBA", 
        "Date": "2005-06-13", 
        "High": 46.43, 
        "Low": 45.93, 
        "Open": 46.049999, 
        "Volume": 2324800, 
        "day": 13, 
        "month": 6
    }
}