{
    "day": {
        "Adj Close": 38.283819, 
        "Close": 45.869999, 
        "Company": "WBA", 
        "Date": "2005-06-03", 
        "High": 46.5, 
        "Low": 45.849998, 
        "Open": 46.200001, 
        "Volume": 2116400, 
        "day": 3, 
        "month": 6
    }
}