{
    "day": {
        "Adj Close": 38.233744, 
        "Close": 45.810001, 
        "Company": "WBA", 
        "Date": "2005-06-06", 
        "High": 46.25, 
        "Low": 45.709999, 
        "Open": 45.880001, 
        "Volume": 2318400, 
        "day": 6, 
        "month": 6
    }
}