{
    "day": {
        "Adj Close": 38.016742, 
        "Close": 45.549999, 
        "Company": "WBA", 
        "Date": "2005-06-08", 
        "High": 46.0, 
        "Low": 45.450001, 
        "Open": 45.950001, 
        "Volume": 1893100, 
        "day": 8, 
        "month": 6
    }
}