{
    "day": {
        "Adj Close": 40.029899, 
        "Close": 49.880001, 
        "Company": "TROW", 
        "Date": "2007-08-02", 
        "High": 51.669998, 
        "Low": 49.439999, 
        "Open": 50.52, 
        "Volume": 2446000, 
        "day": 4, 
        "week": 31
    }
}