{
    "day": {
        "Adj Close": 3.551131, 
        "Close": 37.0, 
        "Company": "WBA", 
        "Date": "1994-06-28", 
        "High": 38.0, 
        "Low": 36.124962, 
        "Open": 37.75, 
        "Volume": 6952000, 
        "day": 2, 
        "week": 26
    }
}