{
    "day": {
        "Adj Close": 3.563125, 
        "Close": 37.124962, 
        "Company": "WBA", 
        "Date": "1994-06-29", 
        "High": 37.25, 
        "Low": 36.624962, 
        "Open": 36.624962, 
        "Volume": 4162400, 
        "day": 3, 
        "week": 26
    }
}