{
    "day": {
        "Adj Close": 15.539093, 
        "Close": 27.559999, 
        "Company": "MDLZ", 
        "Date": "2009-12-24", 
        "High": 27.559999, 
        "Low": 27.360001, 
        "Open": 27.360001, 
        "Volume": 2225100, 
        "day": 4, 
        "week": 52
    }
}