{
    "day": {
        "Adj Close": 87.290001, 
        "Close": 87.290001, 
        "Company": "FANG", 
        "Date": "2014-07-09", 
        "High": 87.370003, 
        "Low": 85.470001, 
        "Open": 86.849998, 
        "Volume": 685700, 
        "day": 3, 
        "week": 28
    }
}