{
    "day": {
        "Adj Close": 66.399389, 
        "Close": 72.75, 
        "Company": "TROW", 
        "Date": "2013-08-16", 
        "High": 73.099998, 
        "Low": 72.160004, 
        "Open": 72.75, 
        "Volume": 1568100, 
        "day": 16, 
        "month": 8
    }
}