{
    "day": {
        "Adj Close": 66.235101, 
        "Close": 72.57, 
        "Company": "TROW", 
        "Date": "2013-08-20", 
        "High": 72.900002, 
        "Low": 71.449997, 
        "Open": 71.760002, 
        "Volume": 1097200, 
        "day": 20, 
        "month": 8
    }
}