{
    "day": {
        "Adj Close": 65.523192, 
        "Close": 71.790001, 
        "Company": "TROW", 
        "Date": "2013-08-26", 
        "High": 72.809998, 
        "Low": 71.690002, 
        "Open": 72.349998, 
        "Volume": 1329300, 
        "day": 26, 
        "month": 8
    }
}