{
    "day": {
        "Adj Close": 68.845442, 
        "Close": 75.43, 
        "Company": "TROW", 
        "Date": "2013-08-06", 
        "High": 76.059998, 
        "Low": 75.25, 
        "Open": 75.790001, 
        "Volume": 944600, 
        "day": 6, 
        "month": 8
    }
}