{
    "day": {
        "Adj Close": 80.0, 
        "Close": 80.0, 
        "Company": "FANG", 
        "Date": "2014-08-19", 
        "High": 81.82, 
        "Low": 79.610001, 
        "Open": 79.830002, 
        "Volume": 1100700, 
        "day": 2, 
        "week": 34
    }
}