{
    "day": {
        "Adj Close": 13.704272, 
        "Close": 38.5, 
        "Company": "TROW", 
        "Date": "2000-01-13", 
        "High": 39.6875, 
        "Low": 36.593761, 
        "Open": 36.625, 
        "Volume": 1763400, 
        "day": 13, 
        "month": 1
    }
}