{
    "day": {
        "Adj Close": 45.290001,
        "Close": 45.290001,
        "Company": "TCBI",
        "Date": "2013-09-18",
        "High": 46.099998,
        "Low": 45.139999,
        "Open": 45.23,
        "Volume": 291900,
        "day": 18,
        "month": 9
    }
}