{
    "day": {
        "Adj Close": 45.59,
        "Close": 45.59,
        "Company": "TCBI",
        "Date": "2013-09-23",
        "High": 46.029999,
        "Low": 44.900002,
        "Open": 46.029999,
        "Volume": 288000,
        "day": 23,
        "month": 9
    }
}