{
    "day": {
        "Adj Close": 44.900002,
        "Close": 44.900002,
        "Company": "TCBI",
        "Date": "2013-09-05",
        "High": 45.470001,
        "Low": 43.540001,
        "Open": 43.700001,
        "Volume": 239100,
        "day": 5,
        "month": 9
    }
}