{
    "day": {
        "Adj Close": 45.349998,
        "Close": 45.349998,
        "Company": "TCBI",
        "Date": "2013-09-06",
        "High": 45.740002,
        "Low": 43.75,
        "Open": 45.029999,
        "Volume": 257200,
        "day": 6,
        "month": 9
    }
}