{
    "day": {
        "Adj Close": 15.228071, 
        "Close": 31.93, 
        "Company": "MDLZ", 
        "Date": "2004-09-15", 
        "High": 32.07, 
        "Low": 31.780001, 
        "Open": 31.879999, 
        "Volume": 878100, 
        "day": 15, 
        "month": 9
    }
}