{
    "day": {
        "Adj Close": 15.452224, 
        "Close": 32.400002, 
        "Company": "MDLZ", 
        "Date": "2004-09-20", 
        "High": 32.52, 
        "Low": 31.860001, 
        "Open": 32.52, 
        "Volume": 2450000, 
        "day": 20, 
        "month": 9
    }
}