{
    "day": {
        "Adj Close": 15.070688, 
        "Close": 31.6, 
        "Company": "MDLZ", 
        "Date": "2004-09-27", 
        "High": 31.67, 
        "Low": 31.18, 
        "Open": 31.360001, 
        "Volume": 1267200, 
        "day": 27, 
        "month": 9
    }
}