{
    "day": {
        "Adj Close": 59.838317, 
        "Close": 69.190002, 
        "Company": "TROW", 
        "Date": "2011-02-15", 
        "High": 69.559998, 
        "Low": 68.870003, 
        "Open": 68.93, 
        "Volume": 953400, 
        "day": 15, 
        "month": 2
    }
}