{
    "day": {
        "Adj Close": 1.94427, 
        "Close": 48.24992, 
        "Company": "TROW", 
        "Date": "1993-01-11", 
        "High": 48.75008, 
        "Low": 45.75008, 
        "Open": 45.75008, 
        "Volume": 2024000, 
        "day": 1, 
        "week": 2
    }
}