{
    "day": {
        "Adj Close": 1.974495, 
        "Close": 49.0, 
        "Company": "TROW", 
        "Date": "1993-01-13", 
        "High": 49.75008, 
        "Low": 48.75008, 
        "Open": 49.0, 
        "Volume": 531200, 
        "day": 3, 
        "week": 2
    }
}