{
    "day": {
        "Adj Close": 32.130001, 
        "Close": 32.130001, 
        "Company": "TSLA", 
        "Date": "2012-11-23", 
        "High": 32.830002, 
        "Low": 31.700001, 
        "Open": 32.599998, 
        "Volume": 430300, 
        "day": 23, 
        "month": 11
    }
}