{
    "day": {
        "Adj Close": 32.27, 
        "Close": 32.27, 
        "Company": "TSLA", 
        "Date": "2012-11-26", 
        "High": 32.299999, 
        "Low": 31.620001, 
        "Open": 32.099998, 
        "Volume": 495800, 
        "day": 26, 
        "month": 11
    }
}