{
    "week": {
        "Company": "MDLZ", 
        "adj close": 15.195189, 
        "close": 33.75, 
        "days": [
            {
                "Adj Close": 15.195189, 
                "Close": 33.75, 
                "Company": "MDLZ", 
                "Date": "2001-09-10", 
                "High": 33.880001, 
                "Low": 33.290001, 
                "Open": 33.75, 
                "Volume": 1463500, 
                "day": 1, 
                "week": 37
            }
        ], 
        "first": 1, 
        "high": 33.880001, 
        "last": 1, 
        "low": 33.290001, 
        "open": 33.75, 
        "volume": 1463500, 
        "week": 37, 
        "year": 2001
    }
}