{
    "day": {
        "Adj Close": 16.913348, 
        "Close": 29.110001, 
        "Company": "MDLZ", 
        "Date": "2010-07-29", 
        "High": 29.68, 
        "Low": 28.870001, 
        "Open": 29.68, 
        "Volume": 10015900, 
        "day": 4, 
        "week": 30
    }
}