{
    "day": {
        "Adj Close": 27.954609,
        "Close": 32.200001,
        "Company": "LPLA",
        "Date": "2012-02-10",
        "High": 32.25,
        "Low": 31.74,
        "Open": 32.0,
        "Volume": 249400,
        "day": 5,
        "week": 6
    }
}