{
    "day": {
        "Adj Close": 77.43, 
        "Close": 77.43, 
        "Company": "FANG", 
        "Date": "2016-03-24", 
        "High": 77.660004, 
        "Low": 75.110001, 
        "Open": 75.690002, 
        "Volume": 843100, 
        "day": 24, 
        "month": 3
    }
}