{
    "day": {
        "Adj Close": 72.510002, 
        "Close": 72.510002, 
        "Company": "FANG", 
        "Date": "2016-03-03", 
        "High": 74.400002, 
        "Low": 70.849998, 
        "Open": 73.410004, 
        "Volume": 2734300, 
        "day": 3, 
        "month": 3
    }
}