{
    "day": {
        "Adj Close": 79.029999, 
        "Close": 79.029999, 
        "Company": "FANG", 
        "Date": "2016-03-30", 
        "High": 79.580002, 
        "Low": 76.699997, 
        "Open": 78.190002, 
        "Volume": 1393800, 
        "day": 30, 
        "month": 3
    }
}