{
    "day": {
        "Adj Close": 16.286146, 
        "Close": 30.790001, 
        "Company": "MDLZ", 
        "Date": "2008-04-14", 
        "High": 30.950001, 
        "Low": 30.6, 
        "Open": 30.66, 
        "Volume": 4944700, 
        "day": 1, 
        "week": 16
    }
}