{
    "day": {
        "Adj Close": 48.960078, 
        "Close": 60.82, 
        "Company": "TROW", 
        "Date": "2007-11-20", 
        "High": 62.66, 
        "Low": 59.5, 
        "Open": 62.279999, 
        "Volume": 3200000, 
        "day": 2, 
        "week": 47
    }
}