{
    "day": {
        "Adj Close": 1.571972, 
        "Close": 37.124962, 
        "Company": "WBA", 
        "Date": "1987-01-28", 
        "High": 37.24992, 
        "Low": 36.624962, 
        "Open": 36.75008, 
        "Volume": 4041600, 
        "day": 28, 
        "month": 1
    }
}