{
    "day": {
        "Adj Close": 2.375904, 
        "Close": 28.87504, 
        "Company": "TROW", 
        "Date": "1994-05-24", 
        "High": 29.5, 
        "Low": 28.75, 
        "Open": 28.75, 
        "Volume": 1029600, 
        "day": 144, 
        "year": 1994
    }
}