{
    "day": {
        "Adj Close": 2.375904, 
        "Close": 28.87504, 
        "Company": "TROW", 
        "Date": "1994-05-25", 
        "High": 29.25, 
        "Low": 28.75, 
        "Open": 28.87504, 
        "Volume": 297600, 
        "day": 145, 
        "year": 1994
    }
}