{
    "day": {
        "Adj Close": 2.429324, 
        "Close": 29.62496, 
        "Company": "TROW", 
        "Date": "1994-01-17", 
        "High": 30.0, 
        "Low": 29.25, 
        "Open": 30.0, 
        "Volume": 67200, 
        "day": 17, 
        "year": 1994
    }
}