{
    "day": {
        "Adj Close": 2.659799, 
        "Close": 32.187519, 
        "Company": "TROW", 
        "Date": "1994-09-06", 
        "High": 32.25, 
        "Low": 31.5, 
        "Open": 32.0, 
        "Volume": 236800, 
        "day": 249, 
        "year": 1994
    }
}