{
    "day": {
        "Adj Close": 2.70645, 
        "Close": 32.624962, 
        "Company": "TROW", 
        "Date": "1994-09-28", 
        "High": 33.0, 
        "Low": 32.5, 
        "Open": 32.5, 
        "Volume": 1270400, 
        "day": 271, 
        "year": 1994
    }
}