{
    "day": {
        "Adj Close": 2.519804, 
        "Close": 30.37504, 
        "Company": "TROW", 
        "Date": "1994-10-11", 
        "High": 30.87504, 
        "Low": 30.25, 
        "Open": 30.5, 
        "Volume": 814400, 
        "day": 284, 
        "year": 1994
    }
}