{
    "day": {
        "Adj Close": 2.561283, 
        "Close": 30.87504, 
        "Company": "TROW", 
        "Date": "1994-11-21", 
        "High": 32.5, 
        "Low": 30.75, 
        "Open": 32.0, 
        "Volume": 2409600, 
        "day": 325, 
        "year": 1994
    }
}