{
    "day": {
        "Adj Close": 2.552328, 
        "Close": 31.12496, 
        "Company": "TROW", 
        "Date": "1994-02-11", 
        "High": 31.75, 
        "Low": 30.75, 
        "Open": 31.75, 
        "Volume": 2080800, 
        "day": 42, 
        "year": 1994
    }
}