{
    "day": {
        "Adj Close": 55.200001,
        "Close": 55.200001,
        "Company": "TCBI",
        "Date": "2015-09-16",
        "High": 55.380001,
        "Low": 53.59,
        "Open": 53.650002,
        "Volume": 439600,
        "day": 3,
        "week": 38
    }
}