{
    "day": {
        "Adj Close": 52.799999,
        "Close": 52.799999,
        "Company": "TCBI",
        "Date": "2015-09-17",
        "High": 55.610001,
        "Low": 52.68,
        "Open": 55.290001,
        "Volume": 551100,
        "day": 4,
        "week": 38
    }
}