{
    "day": {
        "Adj Close": 21.719999, 
        "Close": 21.719999, 
        "Company": "FANG", 
        "Date": "2013-01-15", 
        "High": 22.9, 
        "Low": 21.17, 
        "Open": 21.67, 
        "Volume": 59300, 
        "day": 2, 
        "week": 3
    }
}