{
    "day": {
        "Adj Close": 29.791561, 
        "Close": 35.830002, 
        "Company": "WBA", 
        "Date": "2004-09-30", 
        "High": 36.43, 
        "Low": 35.700001, 
        "Open": 36.299999, 
        "Volume": 3686100, 
        "day": 4, 
        "week": 40
    }
}