{
    "day": {
        "Adj Close": 17.16,
        "Close": 17.16,
        "Company": "TCBI",
        "Date": "2008-11-05",
        "High": 18.940001,
        "Low": 16.959999,
        "Open": 17.950001,
        "Volume": 282000,
        "day": 3,
        "week": 45
    }
}