{
    "day": {
        "Adj Close": 73.403707, 
        "Close": 80.0, 
        "Company": "TROW", 
        "Date": "2013-11-18", 
        "High": 80.660004, 
        "Low": 79.769997, 
        "Open": 79.910004, 
        "Volume": 1129600, 
        "day": 1, 
        "week": 47
    }
}