{
    "day": {
        "Adj Close": 1.928818, 
        "Close": 43.0, 
        "Company": "WBA", 
        "Date": "1990-04-10", 
        "High": 43.24992, 
        "Low": 42.75008, 
        "Open": 43.0, 
        "Volume": 1515200, 
        "day": 10, 
        "month": 4
    }
}