{
    "day": {
        "Adj Close": 1.934424, 
        "Close": 43.124962, 
        "Company": "WBA", 
        "Date": "1990-04-11", 
        "High": 43.24992, 
        "Low": 42.5, 
        "Open": 42.875038, 
        "Volume": 3777600, 
        "day": 11, 
        "month": 4
    }
}