{
    "day": {
        "Adj Close": 1.883962, 
        "Close": 42.0, 
        "Company": "WBA", 
        "Date": "1990-04-20", 
        "High": 43.0, 
        "Low": 42.0, 
        "Open": 42.75008, 
        "Volume": 2120000, 
        "day": 20, 
        "month": 4
    }
}