{
    "day": {
        "Adj Close": 1.844711, 
        "Close": 41.124962, 
        "Company": "WBA", 
        "Date": "1990-04-23", 
        "High": 42.0, 
        "Low": 41.124962, 
        "Open": 42.0, 
        "Volume": 747200, 
        "day": 23, 
        "month": 4
    }
}