{
    "day": {
        "Adj Close": 41.472693, 
        "Close": 48.709999, 
        "Company": "TROW", 
        "Date": "2010-06-01", 
        "High": 49.900002, 
        "Low": 48.580002, 
        "Open": 49.099998, 
        "Volume": 2150900, 
        "day": 1, 
        "month": 6
    }
}