{
    "day": {
        "Adj Close": 42.678883, 
        "Close": 49.84, 
        "Company": "TROW", 
        "Date": "2010-06-11", 
        "High": 50.0, 
        "Low": 48.040001, 
        "Open": 48.040001, 
        "Volume": 2035200, 
        "day": 11, 
        "month": 6
    }
}