{
    "day": {
        "Adj Close": 43.235491, 
        "Close": 50.490002, 
        "Company": "TROW", 
        "Date": "2010-06-15", 
        "High": 51.040001, 
        "Low": 49.91, 
        "Open": 51.040001, 
        "Volume": 2538300, 
        "day": 15, 
        "month": 6
    }
}