{
    "day": {
        "Adj Close": 40.957686, 
        "Close": 47.830002, 
        "Company": "TROW", 
        "Date": "2010-06-22", 
        "High": 49.419998, 
        "Low": 47.77, 
        "Open": 48.470001, 
        "Volume": 2241900, 
        "day": 22, 
        "month": 6
    }
}