{
    "day": {
        "Adj Close": 40.786421, 
        "Close": 47.630001, 
        "Company": "TROW", 
        "Date": "2010-06-23", 
        "High": 48.310001, 
        "Low": 47.419998, 
        "Open": 47.990002, 
        "Volume": 1643200, 
        "day": 23, 
        "month": 6
    }
}