{
    "day": {
        "Adj Close": 24.437904, 
        "Close": 27.73, 
        "Company": "WBA", 
        "Date": "2010-08-11", 
        "High": 27.950001, 
        "Low": 27.67, 
        "Open": 27.82, 
        "Volume": 8709000, 
        "day": 11, 
        "month": 8
    }
}