{
    "day": {
        "Adj Close": 24.785654, 
        "Close": 27.950001, 
        "Company": "WBA", 
        "Date": "2010-08-24", 
        "High": 28.27, 
        "Low": 27.77, 
        "Open": 28.059999, 
        "Volume": 6781700, 
        "day": 24, 
        "month": 8
    }
}