{
    "day": {
        "Adj Close": 24.843294, 
        "Close": 28.190001, 
        "Company": "WBA", 
        "Date": "2010-08-05", 
        "High": 28.450001, 
        "Low": 28.08, 
        "Open": 28.4, 
        "Volume": 8516800, 
        "day": 5, 
        "month": 8
    }
}