{
    "day": {
        "Adj Close": 1.241992, 
        "Close": 31.75008, 
        "Company": "TROW", 
        "Date": "1991-08-01", 
        "High": 32.0, 
        "Low": 31.24992, 
        "Open": 32.0, 
        "Volume": 244800, 
        "day": 1, 
        "month": 8
    }
}