{
    "day": {
        "Adj Close": 1.28111, 
        "Close": 32.75008, 
        "Company": "TROW", 
        "Date": "1991-08-16", 
        "High": 33.0, 
        "Low": 31.75008, 
        "Open": 31.75008, 
        "Volume": 414400, 
        "day": 16, 
        "month": 8
    }
}