{
    "day": {
        "Adj Close": 1.271327, 
        "Close": 32.5, 
        "Company": "TROW", 
        "Date": "1991-08-21", 
        "High": 32.5, 
        "Low": 31.75008, 
        "Open": 32.24992, 
        "Volume": 248000, 
        "day": 21, 
        "month": 8
    }
}