{
    "day": {
        "Adj Close": 1.300663, 
        "Close": 33.24992, 
        "Company": "TROW", 
        "Date": "1991-08-23", 
        "High": 33.75008, 
        "Low": 33.24992, 
        "Open": 33.75008, 
        "Volume": 179200, 
        "day": 23, 
        "month": 8
    }
}