{
    "day": {
        "Adj Close": 1.28111, 
        "Close": 32.75008, 
        "Company": "TROW", 
        "Date": "1991-08-27", 
        "High": 33.0, 
        "Low": 32.75008, 
        "Open": 33.0, 
        "Volume": 41600, 
        "day": 27, 
        "month": 8
    }
}