{
    "day": {
        "Adj Close": 1.295775, 
        "Close": 33.124962, 
        "Company": "TROW", 
        "Date": "1991-08-30", 
        "High": 33.5, 
        "Low": 32.75008, 
        "Open": 32.75008, 
        "Volume": 67200, 
        "day": 30, 
        "month": 8
    }
}