{
    "day": {
        "Adj Close": 1.202875, 
        "Close": 30.75008, 
        "Company": "TROW", 
        "Date": "1991-08-06", 
        "High": 31.12496, 
        "Low": 30.75008, 
        "Open": 31.0, 
        "Volume": 273600, 
        "day": 6, 
        "month": 8
    }
}