{
    "day": {
        "Adj Close": 28.69254,
        "Close": 33.049999,
        "Company": "LPLA",
        "Date": "2011-02-14",
        "High": 33.220001,
        "Low": 32.43,
        "Open": 33.009998,
        "Volume": 180600,
        "day": 14,
        "month": 2
    }
}