{
    "day": {
        "Adj Close": 28.631769,
        "Close": 32.98,
        "Company": "LPLA",
        "Date": "2011-02-15",
        "High": 33.349998,
        "Low": 32.759998,
        "Open": 33.0,
        "Volume": 90500,
        "day": 15,
        "month": 2
    }
}