{
    "day": {
        "Adj Close": 28.69254,
        "Close": 33.049999,
        "Company": "LPLA",
        "Date": "2011-02-16",
        "High": 33.98,
        "Low": 32.709999,
        "Open": 33.080002,
        "Volume": 588200,
        "day": 16,
        "month": 2
    }
}