{
    "day": {
        "Adj Close": 28.032743,
        "Close": 32.290001,
        "Company": "LPLA",
        "Date": "2011-02-22",
        "High": 32.98,
        "Low": 32.060001,
        "Open": 32.689999,
        "Volume": 209500,
        "day": 22,
        "month": 2
    }
}