{
    "day": {
        "Adj Close": 69.390225, 
        "Close": 69.910004, 
        "Company": "TROW", 
        "Date": "2015-12-18", 
        "High": 70.980003, 
        "Low": 69.809998, 
        "Open": 70.480003, 
        "Volume": 2562400, 
        "day": 18, 
        "month": 12
    }
}