{
    "day": {
        "Adj Close": 16.391472, 
        "Close": 43.09, 
        "Company": "TROW", 
        "Date": "2003-12-03", 
        "High": 43.470001, 
        "Low": 42.830002, 
        "Open": 43.25, 
        "Volume": 1192000, 
        "day": 3, 
        "week": 49
    }
}