{
    "day": {
        "Adj Close": 45.269855, 
        "Close": 53.439999, 
        "Company": "TROW", 
        "Date": "2010-03-10", 
        "High": 53.650002, 
        "Low": 53.110001, 
        "Open": 53.529999, 
        "Volume": 1710200, 
        "day": 3, 
        "week": 10
    }
}