{
    "day": {
        "Adj Close": 13.992203,
        "Close": 16.700001,
        "Company": "SUNS",
        "Date": "2014-05-21",
        "High": 16.85,
        "Low": 16.610001,
        "Open": 16.74,
        "Volume": 40000,
        "day": 21,
        "month": 5
    }
}