{
    "day": {
        "Adj Close": 14.545188,
        "Close": 17.360001,
        "Company": "SUNS",
        "Date": "2014-05-23",
        "High": 17.389999,
        "Low": 16.870001,
        "Open": 17.02,
        "Volume": 40100,
        "day": 23,
        "month": 5
    }
}