{
    "day": {
        "Adj Close": 13.577889,
        "Close": 16.32,
        "Company": "SUNS",
        "Date": "2014-05-05",
        "High": 16.370001,
        "Low": 16.25,
        "Open": 16.290001,
        "Volume": 39100,
        "day": 5,
        "month": 5
    }
}