{
    "day": {
        "Adj Close": 21.321965, 
        "Close": 35.400002, 
        "Company": "MDLZ", 
        "Date": "2011-07-12", 
        "High": 35.689999, 
        "Low": 35.400002, 
        "Open": 35.43, 
        "Volume": 7076000, 
        "day": 2, 
        "week": 28
    }
}