{
    "day": {
        "Adj Close": 14.433895,
        "Close": 18.629999,
        "Company": "SUNS",
        "Date": "2013-06-14",
        "High": 18.91,
        "Low": 18.57,
        "Open": 18.9,
        "Volume": 48000,
        "day": 14,
        "month": 6
    }
}