{
    "day": {
        "Adj Close": 14.406865,
        "Close": 18.48,
        "Company": "SUNS",
        "Date": "2013-06-20",
        "High": 18.879999,
        "Low": 18.25,
        "Open": 18.66,
        "Volume": 56000,
        "day": 20,
        "month": 6
    }
}