{
    "day": {
        "Adj Close": 14.139484,
        "Close": 18.25,
        "Company": "SUNS",
        "Date": "2013-06-05",
        "High": 18.450001,
        "Low": 18.139999,
        "Open": 18.389999,
        "Volume": 50300,
        "day": 5,
        "month": 6
    }
}