{
    "day": {
        "Adj Close": 14.495669,
        "Close": 18.940001,
        "Company": "SUNS",
        "Date": "2013-04-08",
        "High": 19.0,
        "Low": 18.76,
        "Open": 18.969999,
        "Volume": 30900,
        "day": 1,
        "week": 15
    }
}