{
    "day": {
        "Adj Close": 14.304333,
        "Close": 18.690001,
        "Company": "SUNS",
        "Date": "2013-04-12",
        "High": 18.77,
        "Low": 18.629999,
        "Open": 18.77,
        "Volume": 43300,
        "day": 5,
        "week": 15
    }
}