{
    "day": {
        "Adj Close": 58.855383, 
        "Close": 65.480003, 
        "Company": "TROW", 
        "Date": "2012-12-11", 
        "High": 65.550003, 
        "Low": 64.25, 
        "Open": 64.389999, 
        "Volume": 1922400, 
        "day": 2, 
        "week": 50
    }
}