{
    "day": {
        "Adj Close": 57.888613, 
        "Close": 64.07, 
        "Company": "TROW", 
        "Date": "2012-12-13", 
        "High": 64.360001, 
        "Low": 63.73, 
        "Open": 64.199997, 
        "Volume": 1070300, 
        "day": 4, 
        "week": 50
    }
}