{
    "day": {
        "Adj Close": 37.225256,
        "Close": 39.73,
        "Company": "LPLA",
        "Date": "2013-08-06",
        "High": 39.790001,
        "Low": 39.52,
        "Open": 39.619999,
        "Volume": 322600,
        "day": 2,
        "week": 32
    }
}