{
    "day": {
        "Adj Close": 17.738414, 
        "Close": 38.689999, 
        "Company": "MDLZ", 
        "Date": "2003-01-10", 
        "High": 39.0, 
        "Low": 38.43, 
        "Open": 39.0, 
        "Volume": 906800, 
        "day": 10, 
        "month": 1
    }
}