{
    "day": {
        "Adj Close": 16.555548, 
        "Close": 36.110001, 
        "Company": "MDLZ", 
        "Date": "2003-01-28", 
        "High": 37.0, 
        "Low": 36.110001, 
        "Open": 36.990002, 
        "Volume": 2130000, 
        "day": 28, 
        "month": 1
    }
}