{
    "day": {
        "Adj Close": 17.875958, 
        "Close": 38.990002, 
        "Company": "MDLZ", 
        "Date": "2003-01-09", 
        "High": 39.0, 
        "Low": 38.48, 
        "Open": 38.549999, 
        "Volume": 728300, 
        "day": 9, 
        "month": 1
    }
}