{
    "day": {
        "Adj Close": 28.556484, 
        "Close": 34.700001, 
        "Company": "WBA", 
        "Date": "2002-09-09", 
        "High": 35.080002, 
        "Low": 33.849998, 
        "Open": 34.459999, 
        "Volume": 2252500, 
        "day": 1, 
        "week": 37
    }
}