{
    "day": {
        "Adj Close": 57.255464, 
        "Close": 63.700001, 
        "Company": "TROW", 
        "Date": "2012-12-04", 
        "High": 64.400002, 
        "Low": 63.380001, 
        "Open": 63.91, 
        "Volume": 1206000, 
        "day": 2, 
        "week": 49
    }
}