{
    "day": {
        "Adj Close": 23.213199, 
        "Close": 28.35, 
        "Company": "TROW", 
        "Date": "2008-12-01", 
        "High": 33.369999, 
        "Low": 28.34, 
        "Open": 32.990002, 
        "Volume": 2839200, 
        "day": 1, 
        "week": 49
    }
}