{
    "day": {
        "Adj Close": 3.851054, 
        "Close": 40.124962, 
        "Company": "WBA", 
        "Date": "1994-06-09", 
        "High": 40.5, 
        "Low": 39.875038, 
        "Open": 40.375038, 
        "Volume": 1530400, 
        "day": 4, 
        "week": 23
    }
}