{
    "day": {
        "Adj Close": 3.839061, 
        "Close": 40.0, 
        "Company": "WBA", 
        "Date": "1994-06-10", 
        "High": 40.124962, 
        "Low": 40.0, 
        "Open": 40.124962, 
        "Volume": 1290400, 
        "day": 5, 
        "week": 23
    }
}