{
    "day": {
        "Adj Close": 0.975127, 
        "Close": 23.5, 
        "Company": "WBA", 
        "Date": "1985-09-17", 
        "High": 24.0, 
        "Low": 23.37504, 
        "Open": 24.0, 
        "Volume": 2177600, 
        "day": 2, 
        "week": 38
    }
}