{
    "day": {
        "Adj Close": 11.140808, 
        "Close": 29.530001, 
        "Company": "TROW", 
        "Date": "2003-04-15", 
        "High": 29.57, 
        "Low": 28.5, 
        "Open": 28.5, 
        "Volume": 3269400, 
        "day": 2, 
        "week": 16
    }
}