{
    "day": {
        "Adj Close": 248.399994, 
        "Close": 248.399994, 
        "Company": "TSLA", 
        "Date": "2015-09-30", 
        "High": 252.399994, 
        "Low": 242.339996, 
        "Open": 252.0, 
        "Volume": 4929600, 
        "day": 30, 
        "month": 9
    }
}