{
    "day": {
        "Adj Close": 20.98,
        "Close": 20.98,
        "Company": "TCBI",
        "Date": "2007-11-05",
        "High": 21.23,
        "Low": 20.700001,
        "Open": 20.940001,
        "Volume": 112300,
        "day": 1,
        "week": 45
    }
}