{
    "day": {
        "Adj Close": 1.129842, 
        "Close": 30.0, 
        "Company": "TROW", 
        "Date": "1990-01-02", 
        "High": 30.0, 
        "Low": 29.0, 
        "Open": 29.75008, 
        "Volume": 593600, 
        "day": 2, 
        "week": 1
    }
}