{
    "day": {
        "Adj Close": 1.176916, 
        "Close": 31.24992, 
        "Company": "TROW", 
        "Date": "1990-01-04", 
        "High": 31.24992, 
        "Low": 29.75008, 
        "Open": 30.5, 
        "Volume": 358400, 
        "day": 4, 
        "week": 1
    }
}