{
    "day": {
        "Adj Close": 1.167504, 
        "Close": 31.0, 
        "Company": "TROW", 
        "Date": "1990-01-05", 
        "High": 31.5, 
        "Low": 30.75008, 
        "Open": 30.75008, 
        "Volume": 361600, 
        "day": 5, 
        "week": 1
    }
}