{
    "day": {
        "Adj Close": 31.503033, 
        "Close": 32.939999, 
        "Company": "MDLZ", 
        "Date": "2013-09-19", 
        "High": 33.080002, 
        "Low": 32.5, 
        "Open": 32.77, 
        "Volume": 10976700, 
        "day": 4, 
        "week": 38
    }
}