{
    "day": {
        "Adj Close": 1.669491, 
        "Close": 37.875038, 
        "Company": "WBA", 
        "Date": "1989-04-13", 
        "High": 38.375038, 
        "Low": 37.75008, 
        "Open": 37.875038, 
        "Volume": 6265600, 
        "day": 13, 
        "month": 4
    }
}