{
    "day": {
        "Adj Close": 1.675, 
        "Close": 38.0, 
        "Company": "WBA", 
        "Date": "1989-04-19", 
        "High": 38.24992, 
        "Low": 37.875038, 
        "Open": 38.124962, 
        "Volume": 3780800, 
        "day": 19, 
        "month": 4
    }
}