{
    "day": {
        "Adj Close": 1.65296, 
        "Close": 37.5, 
        "Company": "WBA", 
        "Date": "1989-04-21", 
        "High": 37.624962, 
        "Low": 37.24992, 
        "Open": 37.375038, 
        "Volume": 5838400, 
        "day": 21, 
        "month": 4
    }
}