{
    "day": {
        "Adj Close": 1.658468, 
        "Close": 37.624962, 
        "Company": "WBA", 
        "Date": "1989-04-25", 
        "High": 37.875038, 
        "Low": 37.24992, 
        "Open": 37.75008, 
        "Volume": 1923200, 
        "day": 25, 
        "month": 4
    }
}