{
    "day": {
        "Adj Close": 1.597858, 
        "Close": 36.24992, 
        "Company": "WBA", 
        "Date": "1989-04-03", 
        "High": 36.24992, 
        "Low": 35.24992, 
        "Open": 35.375038, 
        "Volume": 2867200, 
        "day": 3, 
        "month": 4
    }
}