{
    "day": {
        "Adj Close": 37.225695, 
        "Close": 38.130001, 
        "Company": "MDLZ", 
        "Date": "2014-12-11", 
        "High": 38.540001, 
        "Low": 38.060001, 
        "Open": 38.540001, 
        "Volume": 5796800, 
        "day": 4, 
        "week": 50
    }
}