{
    "day": {
        "Adj Close": 20.190001,
        "Close": 20.190001,
        "Company": "TCBI",
        "Date": "2005-07-06",
        "High": 20.5,
        "Low": 20.129999,
        "Open": 20.129999,
        "Volume": 96000,
        "day": 3,
        "week": 27
    }
}