{
    "day": {
        "Adj Close": 13.588102, 
        "Close": 37.349998, 
        "Company": "TROW", 
        "Date": "2001-08-08", 
        "High": 37.970001, 
        "Low": 37.16, 
        "Open": 37.77, 
        "Volume": 557600, 
        "day": 3, 
        "week": 32
    }
}