{
    "day": {
        "Adj Close": 8.421172, 
        "Close": 48.812481, 
        "Company": "TROW", 
        "Date": "1997-05-27", 
        "High": 49.625, 
        "Low": 48.0, 
        "Open": 49.5, 
        "Volume": 463200, 
        "day": 27, 
        "month": 5
    }
}