{
    "day": {
        "Adj Close": 17.790001, 
        "Close": 17.790001, 
        "Company": "FANG", 
        "Date": "2012-10-16", 
        "High": 17.950001, 
        "Low": 17.25, 
        "Open": 17.57, 
        "Volume": 180300, 
        "day": 2, 
        "week": 42
    }
}