{
    "day": {
        "Adj Close": 20.940001,
        "Close": 20.940001,
        "Company": "TCBI",
        "Date": "2007-07-26",
        "High": 21.200001,
        "Low": 20.440001,
        "Open": 21.200001,
        "Volume": 146900,
        "day": 4,
        "week": 30
    }
}