{
    "day": {
        "Adj Close": 26.306224, 
        "Close": 67.089996, 
        "Company": "TROW", 
        "Date": "2005-11-03", 
        "High": 67.690002, 
        "Low": 66.599998, 
        "Open": 67.110001, 
        "Volume": 1569200, 
        "day": 4, 
        "week": 44
    }
}