{
    "day": {
        "Adj Close": 25.669604, 
        "Close": 65.709999, 
        "Company": "TROW", 
        "Date": "2005-08-09", 
        "High": 66.080002, 
        "Low": 65.290001, 
        "Open": 65.330002, 
        "Volume": 706400, 
        "day": 2, 
        "week": 32
    }
}