{
    "day": {
        "Adj Close": 25.959999,
        "Close": 25.959999,
        "Company": "TCBI",
        "Date": "2011-04-28",
        "High": 26.0,
        "Low": 25.75,
        "Open": 25.85,
        "Volume": 141000,
        "day": 118,
        "year": 2011
    }
}