{
    "day": {
        "Adj Close": 25.799999,
        "Close": 25.799999,
        "Company": "TCBI",
        "Date": "2011-04-29",
        "High": 26.030001,
        "Low": 25.639999,
        "Open": 26.030001,
        "Volume": 131000,
        "day": 119,
        "year": 2011
    }
}