{
    "day": {
        "Adj Close": 24.209999,
        "Close": 24.209999,
        "Company": "TCBI",
        "Date": "2011-05-24",
        "High": 24.32,
        "Low": 23.959999,
        "Open": 24.27,
        "Volume": 130300,
        "day": 144,
        "year": 2011
    }
}