{
    "day": {
        "Adj Close": 26.08,
        "Close": 26.08,
        "Company": "TCBI",
        "Date": "2011-07-11",
        "High": 26.620001,
        "Low": 26.030001,
        "Open": 26.459999,
        "Volume": 165800,
        "day": 192,
        "year": 2011
    }
}