{
    "day": {
        "Adj Close": 26.27,
        "Close": 26.27,
        "Company": "TCBI",
        "Date": "2011-07-18",
        "High": 26.459999,
        "Low": 26.040001,
        "Open": 26.200001,
        "Volume": 172700,
        "day": 199,
        "year": 2011
    }
}