{
    "day": {
        "Adj Close": 25.24,
        "Close": 25.24,
        "Company": "TCBI",
        "Date": "2011-08-30",
        "High": 25.469999,
        "Low": 24.209999,
        "Open": 24.709999,
        "Volume": 286700,
        "day": 242,
        "year": 2011
    }
}