{
    "day": {
        "Adj Close": 23.469999,
        "Close": 23.469999,
        "Company": "TCBI",
        "Date": "2011-09-29",
        "High": 23.799999,
        "Low": 22.809999,
        "Open": 23.5,
        "Volume": 226400,
        "day": 272,
        "year": 2011
    }
}