{
    "day": {
        "Adj Close": 28.719999,
        "Close": 28.719999,
        "Company": "TCBI",
        "Date": "2011-10-28",
        "High": 28.809999,
        "Low": 28.27,
        "Open": 28.41,
        "Volume": 581500,
        "day": 301,
        "year": 2011
    }
}