{
    "day": {
        "Adj Close": 26.040001,
        "Close": 26.040001,
        "Company": "TCBI",
        "Date": "2011-11-23",
        "High": 27.059999,
        "Low": 25.98,
        "Open": 26.799999,
        "Volume": 152900,
        "day": 327,
        "year": 2011
    }
}