{
    "day": {
        "Adj Close": 28.860001,
        "Close": 28.860001,
        "Company": "TCBI",
        "Date": "2011-11-30",
        "High": 28.870001,
        "Low": 27.200001,
        "Open": 27.76,
        "Volume": 509600,
        "day": 334,
        "year": 2011
    }
}