{
    "day": {
        "Adj Close": 30.129999,
        "Close": 30.129999,
        "Company": "TCBI",
        "Date": "2011-12-22",
        "High": 30.98,
        "Low": 29.709999,
        "Open": 29.709999,
        "Volume": 369000,
        "day": 356,
        "year": 2011
    }
}