{
    "day": {
        "Adj Close": 24.6,
        "Close": 24.6,
        "Company": "TCBI",
        "Date": "2011-02-18",
        "High": 24.709999,
        "Low": 24.459999,
        "Open": 24.639999,
        "Volume": 240600,
        "day": 49,
        "year": 2011
    }
}