{
    "day": {
        "Adj Close": 21.549999,
        "Close": 21.549999,
        "Company": "TCBI",
        "Date": "2011-01-05",
        "High": 21.57,
        "Low": 21.02,
        "Open": 21.23,
        "Volume": 214700,
        "day": 5,
        "year": 2011
    }
}