{
    "day": {
        "Adj Close": 25.639999,
        "Close": 25.639999,
        "Company": "TCBI",
        "Date": "2011-03-08",
        "High": 25.75,
        "Low": 24.75,
        "Open": 25.200001,
        "Volume": 373600,
        "day": 67,
        "year": 2011
    }
}