{
    "day": {
        "Adj Close": 25.860001,
        "Close": 25.860001,
        "Company": "TCBI",
        "Date": "2011-03-30",
        "High": 26.040001,
        "Low": 25.34,
        "Open": 25.52,
        "Volume": 144000,
        "day": 89,
        "year": 2011
    }
}