{
    "day": {
        "Adj Close": 23.657705, 
        "Close": 38.360001, 
        "Company": "MDLZ", 
        "Date": "2012-04-24", 
        "High": 38.529999, 
        "Low": 38.09, 
        "Open": 38.150002, 
        "Volume": 7131100, 
        "day": 24, 
        "month": 4
    }
}