{
    "day": {
        "Adj Close": 49.924825,
        "Close": 52.540001,
        "Company": "LPLA",
        "Date": "2014-03-31",
        "High": 52.869999,
        "Low": 51.59,
        "Open": 51.790001,
        "Volume": 1010100,
        "day": 1,
        "week": 14
    }
}