{
    "day": {
        "Adj Close": 48.052881,
        "Close": 50.57,
        "Company": "LPLA",
        "Date": "2014-04-04",
        "High": 53.439999,
        "Low": 50.220001,
        "Open": 53.02,
        "Volume": 686900,
        "day": 5,
        "week": 14
    }
}