{
    "day": {
        "Adj Close": 2.437609, 
        "Close": 29.62496, 
        "Company": "TROW", 
        "Date": "1994-05-27", 
        "High": 29.87504, 
        "Low": 29.0, 
        "Open": 29.12496, 
        "Volume": 851200, 
        "day": 5, 
        "week": 21
    }
}