{
    "day": {
        "Adj Close": 1.609587, 
        "Close": 37.875038, 
        "Company": "WBA", 
        "Date": "1987-02-24", 
        "High": 37.875038, 
        "Low": 37.124962, 
        "Open": 37.375038, 
        "Volume": 1835200, 
        "day": 24, 
        "month": 2
    }
}