{
    "day": {
        "Adj Close": 1.571972, 
        "Close": 37.124962, 
        "Company": "WBA", 
        "Date": "1987-02-04", 
        "High": 37.24992, 
        "Low": 35.624962, 
        "Open": 36.0, 
        "Volume": 1262400, 
        "day": 4, 
        "month": 2
    }
}