{
    "day": {
        "Adj Close": 10.178866, 
        "Close": 58.562481, 
        "Company": "TROW", 
        "Date": "1998-01-21", 
        "High": 60.5, 
        "Low": 58.125, 
        "Open": 59.625, 
        "Volume": 1330000, 
        "day": 21, 
        "month": 1
    }
}