{
    "day": {
        "Adj Close": 28.853121, 
        "Close": 32.740002, 
        "Company": "WBA", 
        "Date": "2010-05-24", 
        "High": 33.200001, 
        "Low": 32.700001, 
        "Open": 33.009998, 
        "Volume": 5063400, 
        "day": 1, 
        "week": 21
    }
}