{
    "day": {
        "Adj Close": 38.639999,
        "Close": 38.639999,
        "Company": "TCBI",
        "Date": "2013-04-18",
        "High": 39.360001,
        "Low": 38.580002,
        "Open": 39.360001,
        "Volume": 423200,
        "day": 108,
        "year": 2013
    }
}