{
    "day": {
        "Adj Close": 44.549999,
        "Close": 44.549999,
        "Company": "TCBI",
        "Date": "2013-05-28",
        "High": 44.73,
        "Low": 43.759998,
        "Open": 44.16,
        "Volume": 330300,
        "day": 148,
        "year": 2013
    }
}