{
    "day": {
        "Adj Close": 46.439999,
        "Close": 46.439999,
        "Company": "TCBI",
        "Date": "2013-01-16",
        "High": 46.790001,
        "Low": 46.27,
        "Open": 46.48,
        "Volume": 221900,
        "day": 16,
        "year": 2013
    }
}