{
    "day": {
        "Adj Close": 44.380001,
        "Close": 44.380001,
        "Company": "TCBI",
        "Date": "2013-06-11",
        "High": 44.57,
        "Low": 43.900002,
        "Open": 44.34,
        "Volume": 374400,
        "day": 162,
        "year": 2013
    }
}