{
    "day": {
        "Adj Close": 47.790001,
        "Close": 47.790001,
        "Company": "TCBI",
        "Date": "2013-07-08",
        "High": 47.860001,
        "Low": 47.189999,
        "Open": 47.400002,
        "Volume": 401100,
        "day": 189,
        "year": 2013
    }
}