{
    "day": {
        "Adj Close": 47.439999,
        "Close": 47.439999,
        "Company": "TCBI",
        "Date": "2013-07-16",
        "High": 48.200001,
        "Low": 46.799999,
        "Open": 47.610001,
        "Volume": 245800,
        "day": 197,
        "year": 2013
    }
}