{
    "day": {
        "Adj Close": 48.0,
        "Close": 48.0,
        "Company": "TCBI",
        "Date": "2013-07-25",
        "High": 48.130001,
        "Low": 45.529999,
        "Open": 45.57,
        "Volume": 1376000,
        "day": 206,
        "year": 2013
    }
}