{
    "day": {
        "Adj Close": 46.360001,
        "Close": 46.360001,
        "Company": "TCBI",
        "Date": "2013-08-05",
        "High": 46.389999,
        "Low": 45.799999,
        "Open": 46.0,
        "Volume": 251200,
        "day": 217,
        "year": 2013
    }
}