{
    "day": {
        "Adj Close": 44.860001,
        "Close": 44.860001,
        "Company": "TCBI",
        "Date": "2013-08-27",
        "High": 45.810001,
        "Low": 44.669998,
        "Open": 45.290001,
        "Volume": 361700,
        "day": 239,
        "year": 2013
    }
}