{
    "day": {
        "Adj Close": 45.299999,
        "Close": 45.299999,
        "Company": "TCBI",
        "Date": "2013-08-29",
        "High": 45.57,
        "Low": 44.439999,
        "Open": 44.810001,
        "Volume": 121000,
        "day": 241,
        "year": 2013
    }
}