{
    "day": {
        "Adj Close": 45.77,
        "Close": 45.77,
        "Company": "TCBI",
        "Date": "2013-09-10",
        "High": 45.779999,
        "Low": 44.66,
        "Open": 45.279999,
        "Volume": 192400,
        "day": 253,
        "year": 2013
    }
}