{
    "day": {
        "Adj Close": 45.709999,
        "Close": 45.709999,
        "Company": "TCBI",
        "Date": "2013-09-13",
        "High": 46.049999,
        "Low": 45.459999,
        "Open": 45.459999,
        "Volume": 285600,
        "day": 256,
        "year": 2013
    }
}