{
    "day": {
        "Adj Close": 45.869999,
        "Close": 45.869999,
        "Company": "TCBI",
        "Date": "2013-09-24",
        "High": 46.369999,
        "Low": 45.23,
        "Open": 45.580002,
        "Volume": 292700,
        "day": 267,
        "year": 2013
    }
}