{
    "day": {
        "Adj Close": 45.950001,
        "Close": 45.950001,
        "Company": "TCBI",
        "Date": "2013-09-25",
        "High": 46.330002,
        "Low": 45.349998,
        "Open": 45.790001,
        "Volume": 110700,
        "day": 268,
        "year": 2013
    }
}