{
    "day": {
        "Adj Close": 42.169998,
        "Close": 42.169998,
        "Company": "TCBI",
        "Date": "2013-01-29",
        "High": 42.57,
        "Low": 41.799999,
        "Open": 42.27,
        "Volume": 542400,
        "day": 29,
        "year": 2013
    }
}