{
    "day": {
        "Adj Close": 48.310001,
        "Close": 48.310001,
        "Company": "TCBI",
        "Date": "2013-10-22",
        "High": 48.900002,
        "Low": 48.060001,
        "Open": 48.490002,
        "Volume": 500800,
        "day": 295,
        "year": 2013
    }
}