{
    "day": {
        "Adj Close": 53.75,
        "Close": 53.75,
        "Company": "TCBI",
        "Date": "2013-10-24",
        "High": 54.709999,
        "Low": 50.5,
        "Open": 50.599998,
        "Volume": 1687200,
        "day": 297,
        "year": 2013
    }
}