{
    "day": {
        "Adj Close": 51.450001,
        "Close": 51.450001,
        "Company": "TCBI",
        "Date": "2013-11-07",
        "High": 52.34,
        "Low": 51.380001,
        "Open": 52.259998,
        "Volume": 168000,
        "day": 311,
        "year": 2013
    }
}