{
    "day": {
        "Adj Close": 52.049999,
        "Close": 52.049999,
        "Company": "TCBI",
        "Date": "2013-11-12",
        "High": 52.529999,
        "Low": 51.549999,
        "Open": 51.919998,
        "Volume": 322000,
        "day": 316,
        "year": 2013
    }
}