{
    "day": {
        "Adj Close": 52.299999,
        "Close": 52.299999,
        "Company": "TCBI",
        "Date": "2013-11-13",
        "High": 52.369999,
        "Low": 51.59,
        "Open": 51.59,
        "Volume": 401900,
        "day": 317,
        "year": 2013
    }
}