{
    "day": {
        "Adj Close": 55.080002,
        "Close": 55.080002,
        "Company": "TCBI",
        "Date": "2013-11-22",
        "High": 55.169998,
        "Low": 53.759998,
        "Open": 54.080002,
        "Volume": 251900,
        "day": 326,
        "year": 2013
    }
}