{
    "day": {
        "Adj Close": 55.389999,
        "Close": 55.389999,
        "Company": "TCBI",
        "Date": "2013-12-03",
        "High": 55.669998,
        "Low": 54.630001,
        "Open": 55.299999,
        "Volume": 235600,
        "day": 337,
        "year": 2013
    }
}