{
    "day": {
        "Adj Close": 55.490002,
        "Close": 55.490002,
        "Company": "TCBI",
        "Date": "2013-12-05",
        "High": 55.669998,
        "Low": 54.82,
        "Open": 55.0,
        "Volume": 236600,
        "day": 339,
        "year": 2013
    }
}