{
    "day": {
        "Adj Close": 56.740002,
        "Close": 56.740002,
        "Company": "TCBI",
        "Date": "2013-12-09",
        "High": 57.029999,
        "Low": 56.25,
        "Open": 56.700001,
        "Volume": 320900,
        "day": 343,
        "year": 2013
    }
}