{
    "day": {
        "Adj Close": 56.16,
        "Close": 56.16,
        "Company": "TCBI",
        "Date": "2013-12-10",
        "High": 56.950001,
        "Low": 55.669998,
        "Open": 56.48,
        "Volume": 336900,
        "day": 344,
        "year": 2013
    }
}