{
    "day": {
        "Adj Close": 61.650002,
        "Close": 61.650002,
        "Company": "TCBI",
        "Date": "2013-12-24",
        "High": 62.209999,
        "Low": 61.209999,
        "Open": 61.450001,
        "Volume": 215900,
        "day": 358,
        "year": 2013
    }
}