{
    "day": {
        "Adj Close": 43.189999,
        "Close": 43.189999,
        "Company": "TCBI",
        "Date": "2013-03-08",
        "High": 43.240002,
        "Low": 42.610001,
        "Open": 43.209999,
        "Volume": 334600,
        "day": 67,
        "year": 2013
    }
}