{
    "day": {
        "Adj Close": 40.950001,
        "Close": 40.950001,
        "Company": "TCBI",
        "Date": "2013-03-20",
        "High": 41.290001,
        "Low": 40.73,
        "Open": 41.130001,
        "Volume": 443800,
        "day": 79,
        "year": 2013
    }
}