{
    "day": {
        "Adj Close": 0.980346, 
        "Close": 25.37504, 
        "Company": "TROW", 
        "Date": "1991-03-11", 
        "High": 25.75008, 
        "Low": 25.24992, 
        "Open": 25.5, 
        "Volume": 539200, 
        "day": 1, 
        "week": 11
    }
}