{
    "day": {
        "Adj Close": 15.772344, 
        "Close": 32.68, 
        "Company": "MDLZ", 
        "Date": "2005-05-25", 
        "High": 32.799999, 
        "Low": 32.599998, 
        "Open": 32.700001, 
        "Volume": 778600, 
        "day": 3, 
        "week": 21
    }
}