{
    "day": {
        "Adj Close": 15.810954, 
        "Close": 32.759998, 
        "Company": "MDLZ", 
        "Date": "2005-05-27", 
        "High": 32.889999, 
        "Low": 32.57, 
        "Open": 32.849998, 
        "Volume": 624300, 
        "day": 5, 
        "week": 21
    }
}