{
    "day": {
        "Adj Close": 17.74,
        "Close": 17.74,
        "Company": "TCBI",
        "Date": "2010-11-01",
        "High": 18.200001,
        "Low": 17.58,
        "Open": 18.190001,
        "Volume": 198900,
        "day": 1,
        "month": 11
    }
}