{
    "day": {
        "Adj Close": 18.26,
        "Close": 18.26,
        "Company": "TCBI",
        "Date": "2010-11-02",
        "High": 18.35,
        "Low": 17.959999,
        "Open": 17.959999,
        "Volume": 205800,
        "day": 2,
        "month": 11
    }
}