{
    "day": {
        "Adj Close": 18.809999,
        "Close": 18.809999,
        "Company": "TCBI",
        "Date": "2010-11-22",
        "High": 18.879999,
        "Low": 18.290001,
        "Open": 18.77,
        "Volume": 131900,
        "day": 22,
        "month": 11
    }
}