{
    "day": {
        "Adj Close": 18.879999,
        "Close": 18.879999,
        "Company": "TCBI",
        "Date": "2010-11-30",
        "High": 19.049999,
        "Low": 18.549999,
        "Open": 18.74,
        "Volume": 282200,
        "day": 30,
        "month": 11
    }
}