{
    "day": {
        "Adj Close": 19.85,
        "Close": 19.85,
        "Company": "TCBI",
        "Date": "2010-11-05",
        "High": 20.290001,
        "Low": 19.209999,
        "Open": 19.540001,
        "Volume": 249600,
        "day": 5,
        "month": 11
    }
}