{
    "day": {
        "Adj Close": 36.09677, 
        "Close": 43.299999, 
        "Company": "WBA", 
        "Date": "2005-04-27", 
        "High": 43.310001, 
        "Low": 42.400002, 
        "Open": 42.639999, 
        "Volume": 2299500, 
        "day": 3, 
        "week": 17
    }
}