{
    "day": {
        "Adj Close": 4.027983, 
        "Close": 43.0, 
        "Company": "WBA", 
        "Date": "1992-12-17", 
        "High": 43.375038, 
        "Low": 42.75, 
        "Open": 42.875038, 
        "Volume": 1521600, 
        "day": 4, 
        "week": 51
    }
}