{
    "day": {
        "Adj Close": 14.730789,
        "Close": 17.950001,
        "Company": "SUNS",
        "Date": "2014-03-05",
        "High": 18.379999,
        "Low": 17.93,
        "Open": 18.15,
        "Volume": 49900,
        "day": 3,
        "week": 10
    }
}