{
    "day": {
        "Adj Close": 72.190002, 
        "Close": 72.190002, 
        "Company": "TROW", 
        "Date": "2016-04-11", 
        "High": 73.470001, 
        "Low": 72.139999, 
        "Open": 72.43, 
        "Volume": 1172900, 
        "day": 1, 
        "week": 15
    }
}