{
    "day": {
        "Adj Close": 15.849565, 
        "Close": 32.84, 
        "Company": "MDLZ", 
        "Date": "2005-04-04", 
        "High": 32.91, 
        "Low": 32.389999, 
        "Open": 32.700001, 
        "Volume": 1443500, 
        "day": 1, 
        "week": 14
    }
}