{
    "day": {
        "Adj Close": 2.168534, 
        "Close": 48.124962, 
        "Company": "WBA", 
        "Date": "1990-07-05", 
        "High": 48.624962, 
        "Low": 47.624962, 
        "Open": 48.624962, 
        "Volume": 1102400, 
        "day": 4, 
        "week": 27
    }
}