{
    "day": {
        "Adj Close": 10.497352, 
        "Close": 52.375, 
        "Company": "WBA", 
        "Date": "1997-06-24", 
        "High": 52.375, 
        "Low": 51.187519, 
        "Open": 51.875, 
        "Volume": 1925200, 
        "day": 2, 
        "week": 26
    }
}