{
    "day": {
        "Adj Close": 10.184182, 
        "Close": 50.812481, 
        "Company": "WBA", 
        "Date": "1997-06-27", 
        "High": 51.75, 
        "Low": 50.75, 
        "Open": 51.5, 
        "Volume": 2244400, 
        "day": 5, 
        "week": 26
    }
}