{
    "day": {
        "Adj Close": 58.837313, 
        "Close": 65.120003, 
        "Company": "TROW", 
        "Date": "2012-12-31", 
        "High": 65.139999, 
        "Low": 63.560001, 
        "Open": 63.98, 
        "Volume": 1532900, 
        "day": 1, 
        "week": 53
    }
}