{
    "day": {
        "Adj Close": 28.318645, 
        "Close": 34.509998, 
        "Company": "WBA", 
        "Date": "2001-11-14", 
        "High": 34.799999, 
        "Low": 33.610001, 
        "Open": 33.75, 
        "Volume": 3475900, 
        "day": 14, 
        "month": 11
    }
}