{
    "day": {
        "Adj Close": 28.113496, 
        "Close": 34.259998, 
        "Company": "WBA", 
        "Date": "2001-11-15", 
        "High": 34.700001, 
        "Low": 34.150002, 
        "Open": 34.650002, 
        "Volume": 2506300, 
        "day": 15, 
        "month": 11
    }
}