{
    "day": {
        "Adj Close": 28.811002, 
        "Close": 35.110001, 
        "Company": "WBA", 
        "Date": "2001-11-26", 
        "High": 35.389999, 
        "Low": 34.810001, 
        "Open": 35.0, 
        "Volume": 4168700, 
        "day": 26, 
        "month": 11
    }
}