{
    "day": {
        "Adj Close": 26.476327, 
        "Close": 32.299999, 
        "Company": "WBA", 
        "Date": "2001-11-07", 
        "High": 32.75, 
        "Low": 31.85, 
        "Open": 31.92, 
        "Volume": 2890200, 
        "day": 7, 
        "month": 11
    }
}