{
    "day": {
        "Adj Close": 26.418948, 
        "Close": 32.23, 
        "Company": "WBA", 
        "Date": "2001-11-09", 
        "High": 32.77, 
        "Low": 32.0, 
        "Open": 32.099998, 
        "Volume": 1537100, 
        "day": 9, 
        "month": 11
    }
}