{
    "week": {
        "Company": "TROW", 
        "adj close": 12.747714, 
        "close": 35.040001, 
        "days": [
            {
                "Adj Close": 12.747714, 
                "Close": 35.040001, 
                "Company": "TROW", 
                "Date": "2001-09-10", 
                "High": 35.459999, 
                "Low": 34.18, 
                "Open": 34.25, 
                "Volume": 1630200, 
                "day": 1, 
                "week": 37
            }
        ], 
        "first": 1, 
        "high": 35.459999, 
        "last": 1, 
        "low": 34.18, 
        "open": 34.25, 
        "volume": 1630200, 
        "week": 37, 
        "year": 2001
    }
}