{
    "day": {
        "Adj Close": 31.291892, 
        "Close": 34.16, 
        "Company": "WBA", 
        "Date": "2012-04-02", 
        "High": 34.73, 
        "Low": 33.5, 
        "Open": 33.560001, 
        "Volume": 12633200, 
        "day": 1, 
        "week": 14
    }
}