{
    "day": {
        "Adj Close": 28.228382, 
        "Close": 34.400002, 
        "Company": "WBA", 
        "Date": "2002-01-11", 
        "High": 35.150002, 
        "Low": 34.240002, 
        "Open": 34.849998, 
        "Volume": 1769500, 
        "day": 11, 
        "month": 1
    }
}