{
    "day": {
        "Adj Close": 29.771094, 
        "Close": 36.279999, 
        "Company": "WBA", 
        "Date": "2002-01-31", 
        "High": 36.66, 
        "Low": 36.240002, 
        "Open": 36.290001, 
        "Volume": 2443500, 
        "day": 31, 
        "month": 1
    }
}