{
    "day": {
        "Adj Close": 62.630001, 
        "Close": 62.630001, 
        "Company": "FANG", 
        "Date": "2015-09-28", 
        "High": 65.43, 
        "Low": 62.240002, 
        "Open": 65.110001, 
        "Volume": 983500, 
        "day": 1, 
        "week": 40
    }
}