{
    "day": {
        "Adj Close": 35.760209, 
        "Close": 42.950001, 
        "Company": "WBA", 
        "Date": "2005-02-01", 
        "High": 43.330002, 
        "Low": 42.349998, 
        "Open": 42.610001, 
        "Volume": 3633400, 
        "day": 2, 
        "week": 5
    }
}