{
    "day": {
        "Adj Close": 36.34303, 
        "Close": 43.650002, 
        "Company": "WBA", 
        "Date": "2005-02-02", 
        "High": 44.080002, 
        "Low": 43.330002, 
        "Open": 43.48, 
        "Volume": 3231100, 
        "day": 3, 
        "week": 5
    }
}