{
    "day": {
        "Adj Close": 32.470001, 
        "Close": 32.470001, 
        "Company": "TSLA", 
        "Date": "2012-05-07", 
        "High": 32.580002, 
        "Low": 31.610001, 
        "Open": 31.959999, 
        "Volume": 1158000, 
        "day": 1, 
        "week": 19
    }
}