{
    "day": {
        "Adj Close": 16.82,
        "Close": 16.82,
        "Company": "TCBI",
        "Date": "2004-09-03",
        "High": 17.129999,
        "Low": 16.66,
        "Open": 17.120001,
        "Volume": 11100,
        "day": 3,
        "month": 9
    }
}