{
    "day": {
        "Adj Close": 39.816237, 
        "Close": 47.5, 
        "Company": "TROW", 
        "Date": "2009-08-04", 
        "High": 48.009998, 
        "Low": 46.490002, 
        "Open": 47.189999, 
        "Volume": 2274600, 
        "day": 2, 
        "week": 32
    }
}