{
    "day": {
        "Adj Close": 56.517326, 
        "Close": 65.349998, 
        "Company": "TROW", 
        "Date": "2011-03-01", 
        "High": 67.339996, 
        "Low": 65.139999, 
        "Open": 67.169998, 
        "Volume": 1819000, 
        "day": 2, 
        "week": 9
    }
}