{
    "day": {
        "Adj Close": 58.480517, 
        "Close": 67.620003, 
        "Company": "TROW", 
        "Date": "2011-03-03", 
        "High": 67.839996, 
        "Low": 66.129997, 
        "Open": 66.389999, 
        "Volume": 1206500, 
        "day": 4, 
        "week": 9
    }
}