{
    "day": {
        "Adj Close": 31.731084,
        "Close": 36.549999,
        "Company": "LPLA",
        "Date": "2012-04-10",
        "High": 37.630001,
        "Low": 36.549999,
        "Open": 37.119999,
        "Volume": 323600,
        "day": 2,
        "week": 15
    }
}