{
    "day": {
        "Adj Close": 31.739768,
        "Close": 36.560001,
        "Company": "LPLA",
        "Date": "2012-04-13",
        "High": 37.09,
        "Low": 36.419998,
        "Open": 37.0,
        "Volume": 235400,
        "day": 5,
        "week": 15
    }
}