{
    "day": {
        "Adj Close": 24.719999,
        "Close": 24.719999,
        "Company": "TCBI",
        "Date": "2011-05-18",
        "High": 24.74,
        "Low": 24.43,
        "Open": 24.610001,
        "Volume": 116900,
        "day": 3,
        "week": 20
    }
}