{
    "day": {
        "Adj Close": 14.985167,
        "Close": 16.48,
        "Company": "SUNS",
        "Date": "2015-04-21",
        "High": 16.540001,
        "Low": 16.42,
        "Open": 16.540001,
        "Volume": 13400,
        "day": 21,
        "month": 4
    }
}