{
    "day": {
        "Adj Close": 3.634302, 
        "Close": 39.375038, 
        "Company": "WBA", 
        "Date": "1992-01-14", 
        "High": 39.375038, 
        "Low": 39.0, 
        "Open": 39.0, 
        "Volume": 1660000, 
        "day": 2, 
        "week": 3
    }
}