{
    "day": {
        "Adj Close": 35.299999,
        "Close": 35.299999,
        "Company": "TCBI",
        "Date": "2016-02-04",
        "High": 35.950001,
        "Low": 34.68,
        "Open": 34.810001,
        "Volume": 616100,
        "day": 4,
        "week": 5
    }
}