{
    "day": {
        "Adj Close": 1.158091, 
        "Close": 30.75008, 
        "Company": "TROW", 
        "Date": "1990-01-10", 
        "High": 31.24992, 
        "Low": 30.75008, 
        "Open": 30.87504, 
        "Volume": 353600, 
        "day": 10, 
        "month": 1
    }
}