{
    "day": {
        "Adj Close": 1.082768, 
        "Close": 28.75008, 
        "Company": "TROW", 
        "Date": "1990-01-16", 
        "High": 29.0, 
        "Low": 28.24992, 
        "Open": 28.5, 
        "Volume": 104000, 
        "day": 16, 
        "month": 1
    }
}