{
    "day": {
        "Adj Close": 1.054519, 
        "Close": 28.0, 
        "Company": "TROW", 
        "Date": "1990-01-19", 
        "High": 28.24992, 
        "Low": 27.24992, 
        "Open": 27.24992, 
        "Volume": 160000, 
        "day": 19, 
        "month": 1
    }
}