{
    "day": {
        "Adj Close": 1.02627, 
        "Close": 27.24992, 
        "Company": "TROW", 
        "Date": "1990-01-23", 
        "High": 28.0, 
        "Low": 27.0, 
        "Open": 28.0, 
        "Volume": 152000, 
        "day": 23, 
        "month": 1
    }
}