{
    "day": {
        "Adj Close": 0.950948, 
        "Close": 25.24992, 
        "Company": "TROW", 
        "Date": "1990-01-25", 
        "High": 25.75008, 
        "Low": 25.0, 
        "Open": 25.75008, 
        "Volume": 510400, 
        "day": 25, 
        "month": 1
    }
}