{
    "day": {
        "Adj Close": 34.75144, 
        "Close": 35.75, 
        "Company": "MDLZ", 
        "Date": "2014-09-11", 
        "High": 35.759998, 
        "Low": 35.169998, 
        "Open": 35.200001, 
        "Volume": 4768900, 
        "day": 4, 
        "week": 37
    }
}