{
    "day": {
        "Adj Close": 162.600006, 
        "Close": 162.600006, 
        "Company": "TSLA", 
        "Date": "2016-02-05", 
        "High": 173.0, 
        "Low": 157.740005, 
        "Open": 171.300003, 
        "Volume": 9426900, 
        "day": 5, 
        "week": 5
    }
}