{
    "day": {
        "Adj Close": 42.710279, 
        "Close": 53.389999, 
        "Company": "TROW", 
        "Date": "2007-06-18", 
        "High": 53.5, 
        "Low": 52.720001, 
        "Open": 53.5, 
        "Volume": 1201900, 
        "day": 18, 
        "month": 6
    }
}