{
    "day": {
        "Adj Close": 42.694279, 
        "Close": 53.369999, 
        "Company": "TROW", 
        "Date": "2007-06-19", 
        "High": 53.5, 
        "Low": 52.959999, 
        "Open": 52.990002, 
        "Volume": 1262100, 
        "day": 19, 
        "month": 6
    }
}