{
    "day": {
        "Adj Close": 41.634948, 
        "Close": 51.880001, 
        "Company": "TROW", 
        "Date": "2007-06-22", 
        "High": 52.779999, 
        "Low": 51.549999, 
        "Open": 52.259998, 
        "Volume": 1722900, 
        "day": 22, 
        "month": 6
    }
}