{
    "day": {
        "Adj Close": 41.462331, 
        "Close": 51.830002, 
        "Company": "TROW", 
        "Date": "2007-06-04", 
        "High": 52.110001, 
        "Low": 51.490002, 
        "Open": 51.700001, 
        "Volume": 1681000, 
        "day": 4, 
        "month": 6
    }
}