{
    "day": {
        "Adj Close": 12.08446,
        "Close": 16.73,
        "Company": "SUNS",
        "Date": "2012-06-26",
        "High": 16.889999,
        "Low": 16.51,
        "Open": 16.51,
        "Volume": 21600,
        "day": 2,
        "week": 26
    }
}