{
    "day": {
        "Adj Close": 12.14947,
        "Close": 16.82,
        "Company": "SUNS",
        "Date": "2012-06-28",
        "High": 16.870001,
        "Low": 16.530001,
        "Open": 16.76,
        "Volume": 13000,
        "day": 4,
        "week": 26
    }
}