{
    "day": {
        "Adj Close": 33.220001, 
        "Close": 33.220001, 
        "Company": "TSLA", 
        "Date": "2011-11-14", 
        "High": 33.540001, 
        "Low": 32.619999, 
        "Open": 33.0, 
        "Volume": 1325700, 
        "day": 1, 
        "week": 46
    }
}