{
    "day": {
        "Adj Close": 33.93, 
        "Close": 33.93, 
        "Company": "TSLA", 
        "Date": "2011-11-15", 
        "High": 34.400002, 
        "Low": 32.73, 
        "Open": 32.919998, 
        "Volume": 891000, 
        "day": 2, 
        "week": 46
    }
}