{
    "day": {
        "Adj Close": 30.302571, 
        "Close": 33.080002, 
        "Company": "WBA", 
        "Date": "2012-04-11", 
        "High": 33.139999, 
        "Low": 32.549999, 
        "Open": 32.57, 
        "Volume": 10572800, 
        "day": 11, 
        "month": 4
    }
}