{
    "day": {
        "Adj Close": 32.528543, 
        "Close": 35.509998, 
        "Company": "WBA", 
        "Date": "2012-04-18", 
        "High": 35.98, 
        "Low": 34.639999, 
        "Open": 34.77, 
        "Volume": 16564300, 
        "day": 18, 
        "month": 4
    }
}