{
    "day": {
        "Adj Close": 32.63847, 
        "Close": 35.630001, 
        "Company": "WBA", 
        "Date": "2012-04-19", 
        "High": 35.709999, 
        "Low": 35.279999, 
        "Open": 35.59, 
        "Volume": 9288700, 
        "day": 19, 
        "month": 4
    }
}