{
    "day": {
        "Adj Close": 29.826231, 
        "Close": 32.560001, 
        "Company": "WBA", 
        "Date": "2012-04-09", 
        "High": 32.73, 
        "Low": 32.259998, 
        "Open": 32.529999, 
        "Volume": 6560500, 
        "day": 9, 
        "month": 4
    }
}