{
    "day": {
        "Adj Close": 29.713274, 
        "Close": 34.990002, 
        "Company": "WBA", 
        "Date": "2008-01-24", 
        "High": 35.080002, 
        "Low": 34.240002, 
        "Open": 35.0, 
        "Volume": 9071400, 
        "day": 4, 
        "week": 4
    }
}