{
    "day": {
        "Adj Close": 2.906067, 
        "Close": 31.25, 
        "Company": "WBA", 
        "Date": "1992-06-17", 
        "High": 31.87504, 
        "Low": 31.12496, 
        "Open": 31.62496, 
        "Volume": 2056800, 
        "day": 3, 
        "week": 25
    }
}