{
    "day": {
        "Adj Close": 29.781208, 
        "Close": 35.07, 
        "Company": "WBA", 
        "Date": "2008-01-07", 
        "High": 35.200001, 
        "Low": 34.259998, 
        "Open": 34.43, 
        "Volume": 7723200, 
        "day": 7, 
        "month": 1
    }
}