{
    "day": {
        "Adj Close": 29.067885, 
        "Close": 34.23, 
        "Company": "WBA", 
        "Date": "2008-01-08", 
        "High": 35.5, 
        "Low": 34.099998, 
        "Open": 35.25, 
        "Volume": 9053600, 
        "day": 8, 
        "month": 1
    }
}