{
    "day": {
        "Adj Close": 40.5, 
        "Close": 40.5, 
        "Company": "TSLA", 
        "Date": "2013-04-09", 
        "High": 41.830002, 
        "Low": 40.330002, 
        "Open": 41.799999, 
        "Volume": 1696100, 
        "day": 2, 
        "week": 15
    }
}