{
    "day": {
        "Adj Close": 13.838692,
        "Close": 18.42,
        "Company": "SUNS",
        "Date": "2012-12-20",
        "High": 18.9,
        "Low": 18.280001,
        "Open": 18.9,
        "Volume": 49000,
        "day": 20,
        "month": 12
    }
}