{
    "day": {
        "Adj Close": 13.763563,
        "Close": 18.32,
        "Company": "SUNS",
        "Date": "2012-12-27",
        "High": 18.639999,
        "Low": 18.200001,
        "Open": 18.200001,
        "Volume": 27100,
        "day": 27,
        "month": 12
    }
}