{
    "day": {
        "Adj Close": 13.562752,
        "Close": 18.17,
        "Company": "SUNS",
        "Date": "2012-12-04",
        "High": 18.35,
        "Low": 18.110001,
        "Open": 18.299999,
        "Volume": 52200,
        "day": 4,
        "month": 12
    }
}