{
    "day": {
        "Adj Close": 34.585639, 
        "Close": 41.259998, 
        "Company": "TROW", 
        "Date": "2009-06-18", 
        "High": 41.73, 
        "Low": 40.599998, 
        "Open": 41.049999, 
        "Volume": 2338300, 
        "day": 4, 
        "week": 25
    }
}