{
    "day": {
        "Adj Close": 23.692931, 
        "Close": 60.880001, 
        "Company": "TROW", 
        "Date": "2005-06-10", 
        "High": 61.32, 
        "Low": 60.540001, 
        "Open": 61.040001, 
        "Volume": 428800, 
        "day": 5, 
        "week": 23
    }
}