{
    "day": {
        "Adj Close": 27.897191, 
        "Close": 35.240002, 
        "Company": "TROW", 
        "Date": "2006-07-18", 
        "High": 35.91, 
        "Low": 34.959999, 
        "Open": 35.5, 
        "Volume": 935500, 
        "day": 18, 
        "month": 7
    }
}