{
    "day": {
        "Adj Close": 28.364255, 
        "Close": 35.830002, 
        "Company": "TROW", 
        "Date": "2006-07-21", 
        "High": 36.43, 
        "Low": 35.830002, 
        "Open": 36.400002, 
        "Volume": 1413100, 
        "day": 21, 
        "month": 7
    }
}