{
    "day": {
        "Adj Close": 29.330047, 
        "Close": 37.049999, 
        "Company": "TROW", 
        "Date": "2006-07-26", 
        "High": 37.43, 
        "Low": 36.720001, 
        "Open": 36.970001, 
        "Volume": 989800, 
        "day": 26, 
        "month": 7
    }
}