{
    "day": {
        "Adj Close": 48.292573, 
        "Close": 56.720001, 
        "Company": "TROW", 
        "Date": "2010-04-16", 
        "High": 58.73, 
        "Low": 56.450001, 
        "Open": 58.369999, 
        "Volume": 3128900, 
        "day": 106, 
        "year": 2010
    }
}