{
    "day": {
        "Adj Close": 49.808101, 
        "Close": 58.5, 
        "Company": "TROW", 
        "Date": "2010-04-20", 
        "High": 58.639999, 
        "Low": 57.43, 
        "Open": 57.860001, 
        "Volume": 1522900, 
        "day": 110, 
        "year": 2010
    }
}