{
    "day": {
        "Adj Close": 50.140154, 
        "Close": 58.889999, 
        "Company": "TROW", 
        "Date": "2010-04-29", 
        "High": 59.110001, 
        "Low": 56.889999, 
        "Open": 57.0, 
        "Volume": 1715600, 
        "day": 119, 
        "year": 2010
    }
}