{
    "day": {
        "Adj Close": 44.70809, 
        "Close": 52.509998, 
        "Company": "TROW", 
        "Date": "2010-05-07", 
        "High": 53.810001, 
        "Low": 52.029999, 
        "Open": 53.400002, 
        "Volume": 4105100, 
        "day": 127, 
        "year": 2010
    }
}