{
    "day": {
        "Adj Close": 46.8111, 
        "Close": 54.98, 
        "Company": "TROW", 
        "Date": "2010-05-12", 
        "High": 55.099998, 
        "Low": 54.139999, 
        "Open": 54.349998, 
        "Volume": 2242300, 
        "day": 132, 
        "year": 2010
    }
}