{
    "day": {
        "Adj Close": 41.694064, 
        "Close": 48.970001, 
        "Company": "TROW", 
        "Date": "2010-05-20", 
        "High": 50.830002, 
        "Low": 48.959999, 
        "Open": 50.509998, 
        "Volume": 2823700, 
        "day": 140, 
        "year": 2010
    }
}