{
    "day": {
        "Adj Close": 41.60892, 
        "Close": 48.869999, 
        "Company": "TROW", 
        "Date": "2010-05-24", 
        "High": 50.790001, 
        "Low": 48.84, 
        "Open": 50.77, 
        "Volume": 3025500, 
        "day": 144, 
        "year": 2010
    }
}