{
    "day": {
        "Adj Close": 42.434799, 
        "Close": 49.84, 
        "Company": "TROW", 
        "Date": "2010-05-25", 
        "High": 49.889999, 
        "Low": 47.029999, 
        "Open": 47.029999, 
        "Volume": 3498000, 
        "day": 145, 
        "year": 2010
    }
}