{
    "day": {
        "Adj Close": 42.336355, 
        "Close": 49.439999, 
        "Company": "TROW", 
        "Date": "2010-06-17", 
        "High": 49.799999, 
        "Low": 48.650002, 
        "Open": 49.509998, 
        "Volume": 2674600, 
        "day": 168, 
        "year": 2010
    }
}