{
    "day": {
        "Adj Close": 39.339242, 
        "Close": 45.939999, 
        "Company": "TROW", 
        "Date": "2010-07-07", 
        "High": 46.009998, 
        "Low": 43.639999, 
        "Open": 43.639999, 
        "Volume": 3044800, 
        "day": 188, 
        "year": 2010
    }
}