{
    "day": {
        "Adj Close": 45.989905, 
        "Close": 54.290001, 
        "Company": "TROW", 
        "Date": "2010-01-19", 
        "High": 54.450001, 
        "Low": 53.349998, 
        "Open": 53.549999, 
        "Volume": 1194600, 
        "day": 19, 
        "year": 2010
    }
}