{
    "day": {
        "Adj Close": 40.186998, 
        "Close": 46.93, 
        "Company": "TROW", 
        "Date": "2010-07-16", 
        "High": 48.299999, 
        "Low": 46.799999, 
        "Open": 48.200001, 
        "Volume": 2572800, 
        "day": 197, 
        "year": 2010
    }
}