{
    "day": {
        "Adj Close": 42.336355, 
        "Close": 49.439999, 
        "Company": "TROW", 
        "Date": "2010-07-22", 
        "High": 49.549999, 
        "Low": 47.619999, 
        "Open": 47.68, 
        "Volume": 2472700, 
        "day": 203, 
        "year": 2010
    }
}