{
    "day": {
        "Adj Close": 42.558999, 
        "Close": 49.700001, 
        "Company": "TROW", 
        "Date": "2010-08-03", 
        "High": 50.169998, 
        "Low": 49.369999, 
        "Open": 50.02, 
        "Volume": 2469600, 
        "day": 215, 
        "year": 2010
    }
}