{
    "day": {
        "Adj Close": 42.182217, 
        "Close": 49.259998, 
        "Company": "TROW", 
        "Date": "2010-08-06", 
        "High": 50.23, 
        "Low": 48.400002, 
        "Open": 49.860001, 
        "Volume": 2681900, 
        "day": 218, 
        "year": 2010
    }
}