{
    "day": {
        "Adj Close": 42.730263, 
        "Close": 49.900002, 
        "Company": "TROW", 
        "Date": "2010-08-09", 
        "High": 50.380001, 
        "Low": 49.25, 
        "Open": 49.5, 
        "Volume": 2163200, 
        "day": 221, 
        "year": 2010
    }
}