{
    "day": {
        "Adj Close": 39.570448, 
        "Close": 46.209999, 
        "Company": "TROW", 
        "Date": "2010-08-16", 
        "High": 46.68, 
        "Low": 45.75, 
        "Open": 46.099998, 
        "Volume": 1665000, 
        "day": 228, 
        "year": 2010
    }
}