{
    "day": {
        "Adj Close": 37.489596, 
        "Close": 43.779999, 
        "Company": "TROW", 
        "Date": "2010-08-30", 
        "High": 45.099998, 
        "Low": 43.740002, 
        "Open": 45.09, 
        "Volume": 3044300, 
        "day": 242, 
        "year": 2010
    }
}