{
    "day": {
        "Adj Close": 42.951708, 
        "Close": 49.880001, 
        "Company": "TROW", 
        "Date": "2010-09-13", 
        "High": 49.900002, 
        "Low": 49.310001, 
        "Open": 49.389999, 
        "Volume": 2763800, 
        "day": 256, 
        "year": 2010
    }
}