{
    "day": {
        "Adj Close": 41.505059, 
        "Close": 48.200001, 
        "Company": "TROW", 
        "Date": "2010-09-23", 
        "High": 49.209999, 
        "Low": 48.130001, 
        "Open": 49.0, 
        "Volume": 2437400, 
        "day": 266, 
        "year": 2010
    }
}