{
    "day": {
        "Adj Close": 42.745043, 
        "Close": 49.639999, 
        "Company": "TROW", 
        "Date": "2010-09-29", 
        "High": 50.0, 
        "Low": 49.200001, 
        "Open": 49.900002, 
        "Volume": 1257500, 
        "day": 272, 
        "year": 2010
    }
}