{
    "day": {
        "Adj Close": 43.106707, 
        "Close": 50.060001, 
        "Company": "TROW", 
        "Date": "2010-09-30", 
        "High": 50.549999, 
        "Low": 49.790001, 
        "Open": 49.98, 
        "Volume": 2542500, 
        "day": 273, 
        "year": 2010
    }
}