{
    "day": {
        "Adj Close": 44.053916, 
        "Close": 51.16, 
        "Company": "TROW", 
        "Date": "2010-10-07", 
        "High": 52.220001, 
        "Low": 51.02, 
        "Open": 52.220001, 
        "Volume": 2250500, 
        "day": 280, 
        "year": 2010
    }
}