{
    "day": {
        "Adj Close": 48.87608, 
        "Close": 56.759998, 
        "Company": "TROW", 
        "Date": "2010-11-03", 
        "High": 56.759998, 
        "Low": 55.919998, 
        "Open": 56.27, 
        "Volume": 1678100, 
        "day": 307, 
        "year": 2010
    }
}