{
    "day": {
        "Adj Close": 49.823292, 
        "Close": 57.860001, 
        "Company": "TROW", 
        "Date": "2010-11-09", 
        "High": 59.360001, 
        "Low": 57.52, 
        "Open": 59.240002, 
        "Volume": 2093600, 
        "day": 313, 
        "year": 2010
    }
}