{
    "day": {
        "Adj Close": 50.090232, 
        "Close": 58.169998, 
        "Company": "TROW", 
        "Date": "2010-11-15", 
        "High": 58.810001, 
        "Low": 57.799999, 
        "Open": 57.959999, 
        "Volume": 1502600, 
        "day": 319, 
        "year": 2010
    }
}