{
    "day": {
        "Adj Close": 43.228307, 
        "Close": 51.029999, 
        "Company": "TROW", 
        "Date": "2010-02-01", 
        "High": 51.139999, 
        "Low": 49.369999, 
        "Open": 49.77, 
        "Volume": 2245400, 
        "day": 32, 
        "year": 2010
    }
}