{
    "day": {
        "Adj Close": 55.69573, 
        "Close": 64.400002, 
        "Company": "TROW", 
        "Date": "2010-12-23", 
        "High": 65.239998, 
        "Low": 63.98, 
        "Open": 65.129997, 
        "Volume": 920300, 
        "day": 357, 
        "year": 2010
    }
}