{
    "day": {
        "Adj Close": 55.678429, 
        "Close": 64.379997, 
        "Company": "TROW", 
        "Date": "2010-12-28", 
        "High": 65.040001, 
        "Low": 64.040001, 
        "Open": 64.790001, 
        "Volume": 560900, 
        "day": 362, 
        "year": 2010
    }
}