{
    "day": {
        "Adj Close": 42.626856, 
        "Close": 50.32, 
        "Company": "TROW", 
        "Date": "2010-02-25", 
        "High": 50.389999, 
        "Low": 49.560001, 
        "Open": 50.110001, 
        "Volume": 1076400, 
        "day": 56, 
        "year": 2010
    }
}