{
    "day": {
        "Adj Close": 43.745048, 
        "Close": 51.639999, 
        "Company": "TROW", 
        "Date": "2010-03-03", 
        "High": 52.060001, 
        "Low": 51.279999, 
        "Open": 51.439999, 
        "Volume": 1403300, 
        "day": 62, 
        "year": 2010
    }
}