{
    "day": {
        "Adj Close": 45.312214, 
        "Close": 53.490002, 
        "Company": "TROW", 
        "Date": "2010-03-09", 
        "High": 53.810001, 
        "Low": 52.869999, 
        "Open": 53.32, 
        "Volume": 1167200, 
        "day": 68, 
        "year": 2010
    }
}