{
    "day": {
        "Adj Close": 45.848994, 
        "Close": 53.849998, 
        "Company": "TROW", 
        "Date": "2010-03-16", 
        "High": 53.889999, 
        "Low": 53.27, 
        "Open": 53.689999, 
        "Volume": 1334800, 
        "day": 75, 
        "year": 2010
    }
}