{
    "day": {
        "Adj Close": 47.040984, 
        "Close": 55.25, 
        "Company": "TROW", 
        "Date": "2010-03-17", 
        "High": 55.509998, 
        "Low": 53.950001, 
        "Open": 53.950001, 
        "Volume": 1956400, 
        "day": 76, 
        "year": 2010
    }
}