{
    "day": {
        "Adj Close": 47.560351, 
        "Close": 55.860001, 
        "Company": "TROW", 
        "Date": "2010-04-05", 
        "High": 55.959999, 
        "Low": 55.5, 
        "Open": 55.52, 
        "Volume": 1713800, 
        "day": 95, 
        "year": 2010
    }
}