{
    "day": {
        "Adj Close": 47.287897, 
        "Close": 55.540001, 
        "Company": "TROW", 
        "Date": "2010-04-07", 
        "High": 56.23, 
        "Low": 55.360001, 
        "Open": 56.060001, 
        "Volume": 1632500, 
        "day": 97, 
        "year": 2010
    }
}