{
    "day": {
        "Adj Close": 3.705019, 
        "Close": 39.25, 
        "Company": "WBA", 
        "Date": "1993-08-10", 
        "High": 39.5, 
        "Low": 39.25, 
        "Open": 39.375038, 
        "Volume": 1016800, 
        "day": 2, 
        "week": 32
    }
}