{
    "week": {
        "Company": "FANG", 
        "adj close": 19.120001, 
        "close": 19.120001, 
        "days": [
            {
                "Adj Close": 19.120001, 
                "Close": 19.120001, 
                "Company": "FANG", 
                "Date": "2012-12-31", 
                "High": 19.219999, 
                "Low": 18.57, 
                "Open": 18.74, 
                "Volume": 125600, 
                "day": 1, 
                "week": 53
            }
        ], 
        "first": 1, 
        "high": 19.219999, 
        "last": 1, 
        "low": 18.57, 
        "open": 18.74, 
        "volume": 125600, 
        "week": 53, 
        "year": 2012
    }
}