{
    "day": {
        "Adj Close": 32.646066, 
        "Close": 33.849998, 
        "Company": "MDLZ", 
        "Date": "2014-02-27", 
        "High": 33.939999, 
        "Low": 33.669998, 
        "Open": 33.759998, 
        "Volume": 9536700, 
        "day": 4, 
        "week": 9
    }
}