{
    "day": {
        "Adj Close": 50.93,
        "Close": 50.93,
        "Company": "TCBI",
        "Date": "2014-08-08",
        "High": 51.09,
        "Low": 50.310001,
        "Open": 50.790001,
        "Volume": 203800,
        "day": 5,
        "week": 32
    }
}