{
    "day": {
        "Adj Close": 45.324405,
        "Close": 46.400002,
        "Company": "LPLA",
        "Date": "2015-07-21",
        "High": 47.299999,
        "Low": 46.169998,
        "Open": 47.099998,
        "Volume": 944700,
        "day": 2,
        "week": 30
    }
}