{
    "day": {
        "Adj Close": 45.842118,
        "Close": 46.93,
        "Company": "LPLA",
        "Date": "2015-07-22",
        "High": 47.049999,
        "Low": 46.259998,
        "Open": 46.299999,
        "Volume": 313200,
        "day": 3,
        "week": 30
    }
}