{
    "day": {
        "Adj Close": 14.772533, 
        "Close": 26.49, 
        "Company": "MDLZ", 
        "Date": "2009-09-22", 
        "High": 26.9, 
        "Low": 26.379999, 
        "Open": 26.9, 
        "Volume": 10591400, 
        "day": 2, 
        "week": 39
    }
}