{
    "day": {
        "Adj Close": 1.016858, 
        "Close": 27.0, 
        "Company": "TROW", 
        "Date": "1990-02-12", 
        "High": 27.24992, 
        "Low": 26.24992, 
        "Open": 26.24992, 
        "Volume": 401600, 
        "day": 1, 
        "week": 7
    }
}