{
    "day": {
        "Adj Close": 54.476305, 
        "Close": 62.990002, 
        "Company": "TROW", 
        "Date": "2010-12-17", 
        "High": 63.290001, 
        "Low": 62.549999, 
        "Open": 62.549999, 
        "Volume": 2410300, 
        "day": 5, 
        "week": 50
    }
}