{
    "day": {
        "Adj Close": 30.056275, 
        "Close": 36.200001, 
        "Company": "WBA", 
        "Date": "2004-07-08", 
        "High": 36.540001, 
        "Low": 36.189999, 
        "Open": 36.220001, 
        "Volume": 2966500, 
        "day": 4, 
        "week": 28
    }
}