{
    "day": {
        "Adj Close": 81.080002, 
        "Close": 81.080002, 
        "Company": "WBA", 
        "Date": "2016-04-13", 
        "High": 82.0, 
        "Low": 80.82, 
        "Open": 81.949997, 
        "Volume": 5256400, 
        "day": 104, 
        "year": 2016
    }
}