{
    "day": {
        "Adj Close": 81.440002, 
        "Close": 81.440002, 
        "Company": "WBA", 
        "Date": "2016-04-15", 
        "High": 81.830002, 
        "Low": 81.120003, 
        "Open": 81.769997, 
        "Volume": 3240300, 
        "day": 106, 
        "year": 2016
    }
}