{
    "day": {
        "Adj Close": 79.078926, 
        "Close": 79.449997, 
        "Company": "WBA", 
        "Date": "2016-01-20", 
        "High": 80.220001, 
        "Low": 77.0, 
        "Open": 79.199997, 
        "Volume": 5386600, 
        "day": 20, 
        "year": 2016
    }
}