{
    "day": {
        "Adj Close": 79.43, 
        "Close": 79.43, 
        "Company": "WBA", 
        "Date": "2016-02-24", 
        "High": 79.43, 
        "Low": 77.910004, 
        "Open": 78.050003, 
        "Volume": 3578900, 
        "day": 55, 
        "year": 2016
    }
}