{
    "day": {
        "Adj Close": 22.801939, 
        "Close": 58.810001, 
        "Company": "TROW", 
        "Date": "2005-01-13", 
        "High": 59.650002, 
        "Low": 58.650002, 
        "Open": 59.07, 
        "Volume": 1341200, 
        "day": 13, 
        "month": 1
    }
}