{
    "day": {
        "Adj Close": 23.154766, 
        "Close": 59.720001, 
        "Company": "TROW", 
        "Date": "2005-01-18", 
        "High": 59.720001, 
        "Low": 58.5, 
        "Open": 58.77, 
        "Volume": 1007000, 
        "day": 18, 
        "month": 1
    }
}