{
    "day": {
        "Adj Close": 23.906947, 
        "Close": 61.66, 
        "Company": "TROW", 
        "Date": "2005-01-03", 
        "High": 62.639999, 
        "Low": 61.41, 
        "Open": 62.459999, 
        "Volume": 2128400, 
        "day": 3, 
        "month": 1
    }
}