{
    "day": {
        "Adj Close": 23.364135, 
        "Close": 60.259998, 
        "Company": "TROW", 
        "Date": "2005-01-06", 
        "High": 60.869999, 
        "Low": 59.57, 
        "Open": 59.57, 
        "Volume": 1544000, 
        "day": 6, 
        "month": 1
    }
}