{
    "day": {
        "Adj Close": 1.623466, 
        "Close": 38.624962, 
        "Company": "WBA", 
        "Date": "1986-06-16", 
        "High": 39.0, 
        "Low": 38.24992, 
        "Open": 38.375038, 
        "Volume": 1985600, 
        "day": 16, 
        "month": 6
    }
}