{
    "day": {
        "Adj Close": 36.185004,
        "Close": 38.43,
        "Company": "LPLA",
        "Date": "2013-10-10",
        "High": 38.470001,
        "Low": 37.599998,
        "Open": 37.740002,
        "Volume": 760600,
        "day": 10,
        "month": 10
    }
}