{
    "day": {
        "Adj Close": 38.303564,
        "Close": 40.68,
        "Company": "LPLA",
        "Date": "2013-10-30",
        "High": 42.27,
        "Low": 40.630001,
        "Open": 41.75,
        "Volume": 591000,
        "day": 30,
        "month": 10
    }
}