{
    "day": {
        "Adj Close": 38.360061,
        "Close": 40.740002,
        "Company": "LPLA",
        "Date": "2013-10-31",
        "High": 40.939999,
        "Low": 40.299999,
        "Open": 40.5,
        "Volume": 591900,
        "day": 31,
        "month": 10
    }
}