{
    "day": {
        "Adj Close": 34.838542,
        "Close": 37.0,
        "Company": "LPLA",
        "Date": "2013-10-08",
        "High": 38.0,
        "Low": 36.880001,
        "Open": 37.810001,
        "Volume": 920900,
        "day": 8,
        "month": 10
    }
}