{
    "day": {
        "Adj Close": 14.405298, 
        "Close": 31.42, 
        "Company": "MDLZ", 
        "Date": "2003-02-12", 
        "High": 31.91, 
        "Low": 31.25, 
        "Open": 31.389999, 
        "Volume": 2077800, 
        "day": 3, 
        "week": 7
    }
}