{
    "day": {
        "Adj Close": 1.461985, 
        "Close": 37.0, 
        "Company": "TROW", 
        "Date": "1991-12-26", 
        "High": 37.24992, 
        "Low": 35.24992, 
        "Open": 35.24992, 
        "Volume": 433600, 
        "day": 4, 
        "week": 52
    }
}