{
    "day": {
        "Adj Close": 1.511373, 
        "Close": 38.24992, 
        "Company": "TROW", 
        "Date": "1991-12-27", 
        "High": 38.24992, 
        "Low": 37.75008, 
        "Open": 37.75008, 
        "Volume": 224000, 
        "day": 5, 
        "week": 52
    }
}