{
    "day": {
        "Adj Close": 52.394844, 
        "Close": 59.970001, 
        "Company": "TROW", 
        "Date": "2011-07-25", 
        "High": 60.57, 
        "Low": 59.32, 
        "Open": 59.700001, 
        "Volume": 1832700, 
        "day": 25, 
        "month": 7
    }
}