{
    "day": {
        "Adj Close": 53.093791, 
        "Close": 60.77, 
        "Company": "TROW", 
        "Date": "2011-07-05", 
        "High": 61.25, 
        "Low": 60.189999, 
        "Open": 61.009998, 
        "Volume": 1739800, 
        "day": 5, 
        "month": 7
    }
}