{
    "day": {
        "Adj Close": 3.627838, 
        "Close": 37.624962, 
        "Company": "WBA", 
        "Date": "1994-09-12", 
        "High": 37.75, 
        "Low": 37.5, 
        "Open": 37.5, 
        "Volume": 1518400, 
        "day": 12, 
        "month": 9
    }
}