{
    "day": {
        "Adj Close": 3.651951, 
        "Close": 37.875038, 
        "Company": "WBA", 
        "Date": "1994-09-06", 
        "High": 37.875038, 
        "Low": 37.5, 
        "Open": 37.624962, 
        "Volume": 991200, 
        "day": 6, 
        "month": 9
    }
}