{
    "day": {
        "Adj Close": 30.247039, 
        "Close": 36.860001, 
        "Company": "WBA", 
        "Date": "2002-02-04", 
        "High": 36.98, 
        "Low": 35.869999, 
        "Open": 36.0, 
        "Volume": 4181500, 
        "day": 1, 
        "week": 6
    }
}