{
    "day": {
        "Adj Close": 1.540524, 
        "Close": 36.24992, 
        "Company": "WBA", 
        "Date": "1987-03-03", 
        "High": 36.375038, 
        "Low": 36.0, 
        "Open": 36.24992, 
        "Volume": 2025600, 
        "day": 2, 
        "week": 10
    }
}