{
    "day": {
        "Adj Close": 23.73788, 
        "Close": 38.490002, 
        "Company": "MDLZ", 
        "Date": "2012-05-18", 
        "High": 38.790001, 
        "Low": 38.349998, 
        "Open": 38.419998, 
        "Volume": 13789000, 
        "day": 5, 
        "week": 20
    }
}