{
    "day": {
        "Adj Close": 16.64509, 
        "Close": 32.5, 
        "Company": "MDLZ", 
        "Date": "2007-05-10", 
        "High": 32.880001, 
        "Low": 32.459999, 
        "Open": 32.779999, 
        "Volume": 12224200, 
        "day": 10, 
        "month": 5
    }
}