{
    "day": {
        "Adj Close": 16.849953, 
        "Close": 32.900002, 
        "Company": "MDLZ", 
        "Date": "2007-05-17", 
        "High": 33.040001, 
        "Low": 32.669998, 
        "Open": 32.720001, 
        "Volume": 14509200, 
        "day": 17, 
        "month": 5
    }
}