{
    "day": {
        "Adj Close": 17.162367, 
        "Close": 33.509998, 
        "Company": "MDLZ", 
        "Date": "2007-05-25", 
        "High": 33.599998, 
        "Low": 33.369999, 
        "Open": 33.439999, 
        "Volume": 13861600, 
        "day": 25, 
        "month": 5
    }
}