{
    "day": {
        "Adj Close": 17.0036, 
        "Close": 33.200001, 
        "Company": "MDLZ", 
        "Date": "2007-05-04", 
        "High": 33.32, 
        "Low": 32.759998, 
        "Open": 33.150002, 
        "Volume": 12883000, 
        "day": 4, 
        "month": 5
    }
}