{
    "week": {
        "Company": "WBA", 
        "adj close": 28.074743, 
        "close": 34.25, 
        "days": [
            {
                "Adj Close": 28.074743, 
                "Close": 34.25, 
                "Company": "WBA", 
                "Date": "2001-09-10", 
                "High": 34.439999, 
                "Low": 33.459999, 
                "Open": 33.849998, 
                "Volume": 2210900, 
                "day": 1, 
                "week": 37
            }
        ], 
        "first": 1, 
        "high": 34.439999, 
        "last": 1, 
        "low": 33.459999, 
        "open": 33.849998, 
        "volume": 2210900, 
        "week": 37, 
        "year": 2001
    }
}