{
    "day": {
        "Adj Close": 14.336292, 
        "Close": 38.0, 
        "Company": "TROW", 
        "Date": "2003-06-12", 
        "High": 38.439999, 
        "Low": 37.779999, 
        "Open": 37.98, 
        "Volume": 1709000, 
        "day": 12, 
        "month": 6
    }
}