{
    "day": {
        "Adj Close": 13.819618, 
        "Close": 36.470001, 
        "Company": "TROW", 
        "Date": "2003-06-20", 
        "High": 37.139999, 
        "Low": 36.439999, 
        "Open": 37.0, 
        "Volume": 2464000, 
        "day": 20, 
        "month": 6
    }
}