{
    "day": {
        "Adj Close": 14.259178, 
        "Close": 37.630001, 
        "Company": "TROW", 
        "Date": "2003-06-26", 
        "High": 37.779999, 
        "Low": 36.529999, 
        "Open": 36.540001, 
        "Volume": 1775600, 
        "day": 26, 
        "month": 6
    }
}