{
    "day": {
        "Adj Close": 14.312228, 
        "Close": 37.77, 
        "Company": "TROW", 
        "Date": "2003-06-30", 
        "High": 38.310001, 
        "Low": 37.57, 
        "Open": 37.57, 
        "Volume": 1438400, 
        "day": 30, 
        "month": 6
    }
}