{
    "day": {
        "Adj Close": 53.407454, 
        "Close": 59.740002, 
        "Company": "TROW", 
        "Date": "2012-06-26", 
        "High": 60.049999, 
        "Low": 59.220001, 
        "Open": 59.77, 
        "Volume": 1293000, 
        "day": 26, 
        "month": 6
    }
}