{
    "day": {
        "Adj Close": 1.282837, 
        "Close": 30.62496, 
        "Company": "WBA", 
        "Date": "1986-03-06", 
        "High": 30.75008, 
        "Low": 30.24992, 
        "Open": 30.62496, 
        "Volume": 1169600, 
        "day": 4, 
        "week": 10
    }
}