{
    "day": {
        "Adj Close": 4.104908, 
        "Close": 42.375038, 
        "Company": "WBA", 
        "Date": "1994-11-14", 
        "High": 42.5, 
        "Low": 42.0, 
        "Open": 42.0, 
        "Volume": 3346400, 
        "day": 1, 
        "week": 46
    }
}