{
    "day": {
        "Adj Close": 80.75, 
        "Close": 80.75, 
        "Company": "FANG", 
        "Date": "2015-04-10", 
        "High": 81.660004, 
        "Low": 80.220001, 
        "Open": 81.389999, 
        "Volume": 899600, 
        "day": 100, 
        "year": 2015
    }
}