{
    "day": {
        "Adj Close": 77.529999, 
        "Close": 77.529999, 
        "Company": "FANG", 
        "Date": "2015-05-28", 
        "High": 78.75, 
        "Low": 76.120003, 
        "Open": 78.75, 
        "Volume": 1143500, 
        "day": 148, 
        "year": 2015
    }
}