{
    "day": {
        "Adj Close": 63.450001, 
        "Close": 63.450001, 
        "Company": "FANG", 
        "Date": "2015-01-15", 
        "High": 67.300003, 
        "Low": 63.279999, 
        "Open": 66.449997, 
        "Volume": 2094200, 
        "day": 15, 
        "year": 2015
    }
}