{
    "day": {
        "Adj Close": 76.459999, 
        "Close": 76.459999, 
        "Company": "FANG", 
        "Date": "2015-06-04", 
        "High": 77.080002, 
        "Low": 75.580002, 
        "Open": 76.989998, 
        "Volume": 740000, 
        "day": 155, 
        "year": 2015
    }
}