{
    "day": {
        "Adj Close": 79.989998, 
        "Close": 79.989998, 
        "Company": "FANG", 
        "Date": "2015-06-09", 
        "High": 80.919998, 
        "Low": 79.309998, 
        "Open": 79.309998, 
        "Volume": 735700, 
        "day": 160, 
        "year": 2015
    }
}