{
    "day": {
        "Adj Close": 81.43, 
        "Close": 81.43, 
        "Company": "FANG", 
        "Date": "2015-06-10", 
        "High": 81.980003, 
        "Low": 80.260002, 
        "Open": 81.089996, 
        "Volume": 683200, 
        "day": 161, 
        "year": 2015
    }
}