{
    "day": {
        "Adj Close": 75.25, 
        "Close": 75.25, 
        "Company": "FANG", 
        "Date": "2015-06-26", 
        "High": 76.32, 
        "Low": 73.379997, 
        "Open": 75.480003, 
        "Volume": 7678900, 
        "day": 177, 
        "year": 2015
    }
}