{
    "day": {
        "Adj Close": 70.860001, 
        "Close": 70.860001, 
        "Company": "FANG", 
        "Date": "2015-07-09", 
        "High": 71.910004, 
        "Low": 70.099998, 
        "Open": 70.230003, 
        "Volume": 1339100, 
        "day": 190, 
        "year": 2015
    }
}