{
    "day": {
        "Adj Close": 71.309998, 
        "Close": 71.309998, 
        "Company": "FANG", 
        "Date": "2015-07-13", 
        "High": 71.459999, 
        "Low": 70.029999, 
        "Open": 70.519997, 
        "Volume": 781400, 
        "day": 194, 
        "year": 2015
    }
}