{
    "day": {
        "Adj Close": 62.810001, 
        "Close": 62.810001, 
        "Company": "FANG", 
        "Date": "2015-01-20", 
        "High": 65.790001, 
        "Low": 61.91, 
        "Open": 64.349998, 
        "Volume": 1837700, 
        "day": 20, 
        "year": 2015
    }
}