{
    "day": {
        "Adj Close": 66.290001, 
        "Close": 66.290001, 
        "Company": "FANG", 
        "Date": "2015-07-23", 
        "High": 66.709999, 
        "Low": 64.040001, 
        "Open": 66.25, 
        "Volume": 1813900, 
        "day": 204, 
        "year": 2015
    }
}