{
    "day": {
        "Adj Close": 68.370003, 
        "Close": 68.370003, 
        "Company": "FANG", 
        "Date": "2015-08-05", 
        "High": 69.989998, 
        "Low": 67.510002, 
        "Open": 68.989998, 
        "Volume": 1710600, 
        "day": 217, 
        "year": 2015
    }
}