{
    "day": {
        "Adj Close": 66.309998, 
        "Close": 66.309998, 
        "Company": "FANG", 
        "Date": "2015-09-11", 
        "High": 66.309998, 
        "Low": 63.439999, 
        "Open": 65.889999, 
        "Volume": 1112800, 
        "day": 254, 
        "year": 2015
    }
}