{
    "day": {
        "Adj Close": 73.650002, 
        "Close": 73.650002, 
        "Company": "FANG", 
        "Date": "2015-10-07", 
        "High": 76.209999, 
        "Low": 71.68, 
        "Open": 73.690002, 
        "Volume": 1645100, 
        "day": 280, 
        "year": 2015
    }
}