{
    "day": {
        "Adj Close": 76.169998, 
        "Close": 76.169998, 
        "Company": "FANG", 
        "Date": "2015-10-13", 
        "High": 77.959999, 
        "Low": 75.809998, 
        "Open": 76.519997, 
        "Volume": 652700, 
        "day": 286, 
        "year": 2015
    }
}