{
    "day": {
        "Adj Close": 75.68, 
        "Close": 75.68, 
        "Company": "FANG", 
        "Date": "2015-10-15", 
        "High": 76.739998, 
        "Low": 73.959999, 
        "Open": 75.940002, 
        "Volume": 912300, 
        "day": 288, 
        "year": 2015
    }
}