{
    "day": {
        "Adj Close": 72.349998, 
        "Close": 72.349998, 
        "Company": "FANG", 
        "Date": "2015-10-22", 
        "High": 73.0, 
        "Low": 71.099998, 
        "Open": 71.809998, 
        "Volume": 802000, 
        "day": 295, 
        "year": 2015
    }
}