{
    "day": {
        "Adj Close": 73.839996, 
        "Close": 73.839996, 
        "Company": "FANG", 
        "Date": "2015-10-30", 
        "High": 76.129997, 
        "Low": 73.129997, 
        "Open": 76.080002, 
        "Volume": 1129000, 
        "day": 303, 
        "year": 2015
    }
}