{
    "day": {
        "Adj Close": 73.410004, 
        "Close": 73.410004, 
        "Company": "FANG", 
        "Date": "2015-11-02", 
        "High": 74.940002, 
        "Low": 73.290001, 
        "Open": 73.830002, 
        "Volume": 1293300, 
        "day": 306, 
        "year": 2015
    }
}