{
    "day": {
        "Adj Close": 77.470001, 
        "Close": 77.470001, 
        "Company": "FANG", 
        "Date": "2015-11-20", 
        "High": 78.400002, 
        "Low": 76.519997, 
        "Open": 77.010002, 
        "Volume": 1009900, 
        "day": 324, 
        "year": 2015
    }
}