{
    "day": {
        "Adj Close": 78.019997, 
        "Close": 78.019997, 
        "Company": "FANG", 
        "Date": "2015-11-30", 
        "High": 79.589996, 
        "Low": 77.190002, 
        "Open": 77.419998, 
        "Volume": 601600, 
        "day": 334, 
        "year": 2015
    }
}