{
    "day": {
        "Adj Close": 69.68, 
        "Close": 69.68, 
        "Company": "FANG", 
        "Date": "2015-02-03", 
        "High": 72.809998, 
        "Low": 68.75, 
        "Open": 71.330002, 
        "Volume": 1676800, 
        "day": 34, 
        "year": 2015
    }
}