{
    "day": {
        "Adj Close": 77.019997, 
        "Close": 77.019997, 
        "Company": "FANG", 
        "Date": "2015-12-09", 
        "High": 78.389999, 
        "Low": 75.010002, 
        "Open": 76.160004, 
        "Volume": 1088700, 
        "day": 343, 
        "year": 2015
    }
}