{
    "day": {
        "Adj Close": 76.559998, 
        "Close": 76.559998, 
        "Company": "FANG", 
        "Date": "2015-12-11", 
        "High": 78.599998, 
        "Low": 75.910004, 
        "Open": 77.690002, 
        "Volume": 1084700, 
        "day": 345, 
        "year": 2015
    }
}