{
    "day": {
        "Adj Close": 65.43, 
        "Close": 65.43, 
        "Company": "FANG", 
        "Date": "2015-12-28", 
        "High": 67.150002, 
        "Low": 64.620003, 
        "Open": 67.150002, 
        "Volume": 889400, 
        "day": 362, 
        "year": 2015
    }
}