{
    "day": {
        "Adj Close": 66.440002, 
        "Close": 66.440002, 
        "Company": "FANG", 
        "Date": "2015-12-29", 
        "High": 67.769997, 
        "Low": 64.919998, 
        "Open": 67.230003, 
        "Volume": 815600, 
        "day": 363, 
        "year": 2015
    }
}