{
    "day": {
        "Adj Close": 69.68, 
        "Close": 69.68, 
        "Company": "FANG", 
        "Date": "2015-03-13", 
        "High": 69.809998, 
        "Low": 67.519997, 
        "Open": 68.949997, 
        "Volume": 1105200, 
        "day": 72, 
        "year": 2015
    }
}