{
    "day": {
        "Adj Close": 75.169998, 
        "Close": 75.169998, 
        "Company": "FANG", 
        "Date": "2015-03-27", 
        "High": 76.580002, 
        "Low": 74.739998, 
        "Open": 75.290001, 
        "Volume": 938700, 
        "day": 86, 
        "year": 2015
    }
}