{
    "day": {
        "Adj Close": 15.059466,
        "Close": 19.200001,
        "Company": "SUNS",
        "Date": "2013-07-23",
        "High": 19.25,
        "Low": 19.1,
        "Open": 19.23,
        "Volume": 51000,
        "day": 2,
        "week": 30
    }
}