{
    "day": {
        "Adj Close": 204.990005, 
        "Close": 204.990005, 
        "Company": "TSLA", 
        "Date": "2016-01-15", 
        "High": 205.070007, 
        "Low": 197.25, 
        "Open": 198.970001, 
        "Volume": 5322200, 
        "day": 15, 
        "year": 2016
    }
}