{
    "day": {
        "Adj Close": 199.970001, 
        "Close": 199.970001, 
        "Company": "TSLA", 
        "Date": "2016-01-21", 
        "High": 203.229996, 
        "Low": 195.020004, 
        "Open": 201.550003, 
        "Volume": 3166200, 
        "day": 21, 
        "year": 2016
    }
}