{
    "day": {
        "Adj Close": 188.070007, 
        "Close": 188.070007, 
        "Company": "TSLA", 
        "Date": "2016-01-27", 
        "High": 193.259995, 
        "Low": 185.770004, 
        "Open": 192.380005, 
        "Volume": 3565400, 
        "day": 27, 
        "year": 2016
    }
}