{
    "day": {
        "Adj Close": 182.779999, 
        "Close": 182.779999, 
        "Company": "TSLA", 
        "Date": "2016-02-02", 
        "High": 193.119995, 
        "Low": 180.229996, 
        "Open": 192.419998, 
        "Volume": 5762900, 
        "day": 33, 
        "year": 2016
    }
}