{
    "day": {
        "Adj Close": 166.770004, 
        "Close": 166.770004, 
        "Company": "TSLA", 
        "Date": "2016-02-18", 
        "High": 172.949997, 
        "Low": 164.770004, 
        "Open": 172.419998, 
        "Volume": 3785300, 
        "day": 49, 
        "year": 2016
    }
}