{
    "day": {
        "Adj Close": 187.429993, 
        "Close": 187.429993, 
        "Company": "TSLA", 
        "Date": "2016-02-25", 
        "High": 188.520004, 
        "Low": 175.199997, 
        "Open": 178.649994, 
        "Volume": 5720500, 
        "day": 56, 
        "year": 2016
    }
}