{
    "day": {
        "Adj Close": 190.339996, 
        "Close": 190.339996, 
        "Company": "TSLA", 
        "Date": "2016-02-26", 
        "High": 192.0, 
        "Low": 185.0, 
        "Open": 188.699997, 
        "Volume": 6052900, 
        "day": 57, 
        "year": 2016
    }
}