{
    "day": {
        "Adj Close": 227.75, 
        "Close": 227.75, 
        "Company": "TSLA", 
        "Date": "2016-03-24", 
        "High": 228.889999, 
        "Low": 215.0, 
        "Open": 215.779999, 
        "Volume": 4954400, 
        "day": 84, 
        "year": 2016
    }
}