{
    "day": {
        "Adj Close": 23.877696, 
        "Close": 28.98, 
        "Company": "WBA", 
        "Date": "2002-12-19", 
        "High": 29.43, 
        "Low": 28.700001, 
        "Open": 28.950001, 
        "Volume": 3375900, 
        "day": 19, 
        "month": 12
    }
}