{
    "day": {
        "Adj Close": 23.597557, 
        "Close": 28.639999, 
        "Company": "WBA", 
        "Date": "2002-12-02", 
        "High": 29.450001, 
        "Low": 28.57, 
        "Open": 29.290001, 
        "Volume": 7029400, 
        "day": 2, 
        "month": 12
    }
}