{
    "day": {
        "Adj Close": 39.06614,
        "Close": 39.759998,
        "Company": "LPLA",
        "Date": "2015-10-19",
        "High": 39.779999,
        "Low": 38.18,
        "Open": 38.349998,
        "Volume": 821100,
        "day": 1,
        "week": 43
    }
}