{
    "day": {
        "Adj Close": 31.610001, 
        "Close": 31.610001, 
        "Company": "TSLA", 
        "Date": "2012-11-13", 
        "High": 32.0, 
        "Low": 30.719999, 
        "Open": 31.290001, 
        "Volume": 998300, 
        "day": 2, 
        "week": 46
    }
}