{
    "day": {
        "Adj Close": 41.330002,
        "Close": 41.330002,
        "Company": "TCBI",
        "Date": "2013-04-26",
        "High": 41.66,
        "Low": 40.0,
        "Open": 40.040001,
        "Volume": 838800,
        "day": 5,
        "week": 17
    }
}