{
    "day": {
        "Adj Close": 35.292555, 
        "Close": 44.450001, 
        "Company": "TROW", 
        "Date": "2006-12-07", 
        "High": 45.0, 
        "Low": 44.34, 
        "Open": 44.799999, 
        "Volume": 993900, 
        "day": 4, 
        "week": 49
    }
}