{
    "day": {
        "Adj Close": 56.031915, 
        "Close": 58.689999, 
        "Company": "WBA", 
        "Date": "2013-10-22", 
        "High": 58.98, 
        "Low": 58.259998, 
        "Open": 58.5, 
        "Volume": 4855500, 
        "day": 2, 
        "week": 43
    }
}