{
    "day": {
        "Adj Close": 14.614033, 
        "Close": 30.280001, 
        "Company": "MDLZ", 
        "Date": "2005-04-22", 
        "High": 31.49, 
        "Low": 30.110001, 
        "Open": 31.280001, 
        "Volume": 4453300, 
        "day": 112, 
        "year": 2005
    }
}