{
    "day": {
        "Adj Close": 15.019442, 
        "Close": 31.120001, 
        "Company": "MDLZ", 
        "Date": "2005-04-26", 
        "High": 31.540001, 
        "Low": 30.75, 
        "Open": 31.209999, 
        "Volume": 2172000, 
        "day": 116, 
        "year": 2005
    }
}