{
    "day": {
        "Adj Close": 15.753039, 
        "Close": 32.639999, 
        "Company": "MDLZ", 
        "Date": "2005-05-05", 
        "High": 32.93, 
        "Low": 32.459999, 
        "Open": 32.900002, 
        "Volume": 1152900, 
        "day": 125, 
        "year": 2005
    }
}