{
    "day": {
        "Adj Close": 15.16423, 
        "Close": 31.42, 
        "Company": "MDLZ", 
        "Date": "2005-06-17", 
        "High": 31.799999, 
        "Low": 31.370001, 
        "Open": 31.379999, 
        "Volume": 2515400, 
        "day": 168, 
        "year": 2005
    }
}