{
    "day": {
        "Adj Close": 16.51465, 
        "Close": 34.43, 
        "Company": "MDLZ", 
        "Date": "2005-01-18", 
        "High": 34.43, 
        "Low": 34.099998, 
        "Open": 34.099998, 
        "Volume": 943300, 
        "day": 18, 
        "year": 2005
    }
}