{
    "day": {
        "Adj Close": 15.52468, 
        "Close": 31.959999, 
        "Company": "MDLZ", 
        "Date": "2005-07-01", 
        "High": 31.959999, 
        "Low": 31.74, 
        "Open": 31.809999, 
        "Volume": 788200, 
        "day": 182, 
        "year": 2005
    }
}