{
    "day": {
        "Adj Close": 14.966063, 
        "Close": 30.809999, 
        "Company": "MDLZ", 
        "Date": "2005-07-27", 
        "High": 30.82, 
        "Low": 30.52, 
        "Open": 30.67, 
        "Volume": 1464700, 
        "day": 208, 
        "year": 2005
    }
}