{
    "day": {
        "Adj Close": 14.864056, 
        "Close": 30.6, 
        "Company": "MDLZ", 
        "Date": "2005-08-01", 
        "High": 30.860001, 
        "Low": 30.4, 
        "Open": 30.4, 
        "Volume": 1351400, 
        "day": 213, 
        "year": 2005
    }
}