{
    "day": {
        "Adj Close": 15.15065, 
        "Close": 31.190001, 
        "Company": "MDLZ", 
        "Date": "2005-08-16", 
        "High": 31.290001, 
        "Low": 30.969999, 
        "Open": 31.049999, 
        "Volume": 896300, 
        "day": 228, 
        "year": 2005
    }
}