{
    "day": {
        "Adj Close": 15.077787, 
        "Close": 31.040001, 
        "Company": "MDLZ", 
        "Date": "2005-08-25", 
        "High": 31.18, 
        "Low": 30.940001, 
        "Open": 31.139999, 
        "Volume": 1079500, 
        "day": 237, 
        "year": 2005
    }
}