{
    "day": {
        "Adj Close": 14.994845, 
        "Close": 30.639999, 
        "Company": "MDLZ", 
        "Date": "2005-09-09", 
        "High": 30.799999, 
        "Low": 30.559999, 
        "Open": 30.67, 
        "Volume": 1158100, 
        "day": 252, 
        "year": 2005
    }
}