{
    "day": {
        "Adj Close": 14.417367, 
        "Close": 29.459999, 
        "Company": "MDLZ", 
        "Date": "2005-09-22", 
        "High": 29.799999, 
        "Low": 29.360001, 
        "Open": 29.73, 
        "Volume": 2391000, 
        "day": 265, 
        "year": 2005
    }
}