{
    "day": {
        "Adj Close": 15.953448, 
        "Close": 33.259998, 
        "Company": "MDLZ", 
        "Date": "2005-01-28", 
        "High": 33.52, 
        "Low": 33.240002, 
        "Open": 33.459999, 
        "Volume": 1436600, 
        "day": 28, 
        "year": 2005
    }
}