{
    "day": {
        "Adj Close": 13.898616, 
        "Close": 28.4, 
        "Company": "MDLZ", 
        "Date": "2005-10-24", 
        "High": 28.469999, 
        "Low": 28.110001, 
        "Open": 28.110001, 
        "Volume": 2030900, 
        "day": 297, 
        "year": 2005
    }
}