{
    "day": {
        "Adj Close": 14.73547, 
        "Close": 30.110001, 
        "Company": "MDLZ", 
        "Date": "2005-11-25", 
        "High": 30.5, 
        "Low": 30.02, 
        "Open": 30.059999, 
        "Volume": 752800, 
        "day": 329, 
        "year": 2005
    }
}