{
    "day": {
        "Adj Close": 14.162886, 
        "Close": 28.940001, 
        "Company": "MDLZ", 
        "Date": "2005-11-30", 
        "High": 29.74, 
        "Low": 28.92, 
        "Open": 29.73, 
        "Volume": 2712600, 
        "day": 334, 
        "year": 2005
    }
}