{
    "day": {
        "Adj Close": 13.746906, 
        "Close": 28.09, 
        "Company": "MDLZ", 
        "Date": "2005-12-20", 
        "High": 28.290001, 
        "Low": 28.030001, 
        "Open": 28.219999, 
        "Volume": 2758100, 
        "day": 354, 
        "year": 2005
    }
}