{
    "day": {
        "Adj Close": 13.91928, 
        "Close": 28.209999, 
        "Company": "MDLZ", 
        "Date": "2005-12-28", 
        "High": 28.4, 
        "Low": 27.9, 
        "Open": 27.91, 
        "Volume": 1555400, 
        "day": 362, 
        "year": 2005
    }
}