{
    "day": {
        "Adj Close": 16.058974, 
        "Close": 33.48, 
        "Company": "MDLZ", 
        "Date": "2005-02-11", 
        "High": 33.549999, 
        "Low": 33.240002, 
        "Open": 33.400002, 
        "Volume": 1607000, 
        "day": 42, 
        "year": 2005
    }
}