{
    "day": {
        "Adj Close": 16.12133, 
        "Close": 33.610001, 
        "Company": "MDLZ", 
        "Date": "2005-02-15", 
        "High": 34.0, 
        "Low": 33.380001, 
        "Open": 33.650002, 
        "Volume": 1615400, 
        "day": 46, 
        "year": 2005
    }
}