{
    "day": {
        "Adj Close": 16.193278, 
        "Close": 33.759998, 
        "Company": "MDLZ", 
        "Date": "2005-02-16", 
        "High": 33.919998, 
        "Low": 33.560001, 
        "Open": 33.650002, 
        "Volume": 1534300, 
        "day": 47, 
        "year": 2005
    }
}