{
    "day": {
        "Adj Close": 16.126126, 
        "Close": 33.619999, 
        "Company": "MDLZ", 
        "Date": "2005-02-17", 
        "High": 33.860001, 
        "Low": 33.470001, 
        "Open": 33.709999, 
        "Volume": 1028100, 
        "day": 48, 
        "year": 2005
    }
}