{
    "day": {
        "Adj Close": 15.843127, 
        "Close": 33.029999, 
        "Company": "MDLZ", 
        "Date": "2005-02-22", 
        "High": 33.560001, 
        "Low": 33.02, 
        "Open": 33.32, 
        "Volume": 1325300, 
        "day": 53, 
        "year": 2005
    }
}