{
    "day": {
        "Adj Close": 16.241245, 
        "Close": 33.860001, 
        "Company": "MDLZ", 
        "Date": "2005-02-25", 
        "High": 33.860001, 
        "Low": 33.23, 
        "Open": 33.369999, 
        "Volume": 1460700, 
        "day": 56, 
        "year": 2005
    }
}