{
    "day": {
        "Adj Close": 16.529039, 
        "Close": 34.459999, 
        "Company": "MDLZ", 
        "Date": "2005-01-07", 
        "High": 34.599998, 
        "Low": 34.299999, 
        "Open": 34.490002, 
        "Volume": 891000, 
        "day": 7, 
        "year": 2005
    }
}