{
    "day": {
        "Adj Close": 15.825434, 
        "Close": 32.790001, 
        "Company": "MDLZ", 
        "Date": "2005-03-16", 
        "High": 33.07, 
        "Low": 32.709999, 
        "Open": 32.93, 
        "Volume": 1147000, 
        "day": 75, 
        "year": 2005
    }
}