{
    "day": {
        "Adj Close": 15.55516, 
        "Close": 32.23, 
        "Company": "MDLZ", 
        "Date": "2005-03-29", 
        "High": 32.540001, 
        "Low": 31.34, 
        "Open": 32.080002, 
        "Volume": 1406700, 
        "day": 88, 
        "year": 2005
    }
}