{
    "day": {
        "Adj Close": 13.290284, 
        "Close": 36.189999, 
        "Company": "TROW", 
        "Date": "2002-01-24", 
        "High": 36.57, 
        "Low": 35.299999, 
        "Open": 35.709999, 
        "Volume": 1095000, 
        "day": 4, 
        "week": 4
    }
}