{
    "day": {
        "Adj Close": 14.618658,
        "Close": 17.93,
        "Company": "SUNS",
        "Date": "2014-02-10",
        "High": 18.07,
        "Low": 17.799999,
        "Open": 17.93,
        "Volume": 27200,
        "day": 1,
        "week": 7
    }
}