{
    "day": {
        "Adj Close": 14.822488,
        "Close": 18.18,
        "Company": "SUNS",
        "Date": "2014-02-13",
        "High": 18.309999,
        "Low": 18.049999,
        "Open": 18.08,
        "Volume": 42500,
        "day": 4,
        "week": 7
    }
}