{
    "day": {
        "Adj Close": 32.559253, 
        "Close": 39.639999, 
        "Company": "WBA", 
        "Date": "2002-04-23", 
        "High": 40.0, 
        "Low": 39.27, 
        "Open": 39.849998, 
        "Volume": 2404300, 
        "day": 2, 
        "week": 17
    }
}