{
    "day": {
        "Adj Close": 3.863055, 
        "Close": 40.25, 
        "Company": "WBA", 
        "Date": "1994-06-21", 
        "High": 40.624962, 
        "Low": 40.0, 
        "Open": 40.5, 
        "Volume": 1012800, 
        "day": 21, 
        "month": 6
    }
}