{
    "day": {
        "Adj Close": 23.040001,
        "Close": 23.040001,
        "Company": "TCBI",
        "Date": "2006-04-26",
        "High": 23.35,
        "Low": 22.860001,
        "Open": 22.99,
        "Volume": 74900,
        "day": 3,
        "week": 17
    }
}