{
    "day": {
        "Adj Close": 34.306207, 
        "Close": 35.0, 
        "Company": "MDLZ", 
        "Date": "2015-03-12", 
        "High": 35.16, 
        "Low": 34.490002, 
        "Open": 34.549999, 
        "Volume": 9737600, 
        "day": 4, 
        "week": 11
    }
}