{
    "day": {
        "Adj Close": 33.825918, 
        "Close": 34.509998, 
        "Company": "MDLZ", 
        "Date": "2015-03-13", 
        "High": 35.049999, 
        "Low": 34.27, 
        "Open": 34.779999, 
        "Volume": 9940000, 
        "day": 5, 
        "week": 11
    }
}