{
    "day": {
        "Adj Close": 60.709999,
        "Close": 60.709999,
        "Company": "TCBI",
        "Date": "2015-07-14",
        "High": 60.889999,
        "Low": 60.0,
        "Open": 60.849998,
        "Volume": 794300,
        "day": 2,
        "week": 29
    }
}