{
    "day": {
        "Adj Close": 3.258391, 
        "Close": 38.875038, 
        "Company": "TROW", 
        "Date": "1995-04-12", 
        "High": 39.25, 
        "Low": 38.75, 
        "Open": 39.25, 
        "Volume": 2626400, 
        "day": 102, 
        "year": 1995
    }
}