{
    "day": {
        "Adj Close": 3.027888, 
        "Close": 36.124962, 
        "Company": "TROW", 
        "Date": "1995-05-03", 
        "High": 36.5, 
        "Low": 35.75, 
        "Open": 35.75, 
        "Volume": 1589600, 
        "day": 123, 
        "year": 1995
    }
}