{
    "day": {
        "Adj Close": 3.132666, 
        "Close": 37.375038, 
        "Company": "TROW", 
        "Date": "1995-05-24", 
        "High": 38.0, 
        "Low": 37.25, 
        "Open": 37.5, 
        "Volume": 830400, 
        "day": 144, 
        "year": 1995
    }
}