{
    "day": {
        "Adj Close": 3.388593, 
        "Close": 40.25, 
        "Company": "TROW", 
        "Date": "1995-07-07", 
        "High": 41.124962, 
        "Low": 39.5, 
        "Open": 39.75, 
        "Volume": 5049600, 
        "day": 188, 
        "year": 1995
    }
}