{
    "day": {
        "Adj Close": 3.862157, 
        "Close": 45.875038, 
        "Company": "TROW", 
        "Date": "1995-09-19", 
        "High": 46.25, 
        "Low": 45.5, 
        "Open": 45.75, 
        "Volume": 315200, 
        "day": 262, 
        "year": 1995
    }
}