{
    "day": {
        "Adj Close": 4.329251, 
        "Close": 51.25, 
        "Company": "TROW", 
        "Date": "1995-09-29", 
        "High": 51.75, 
        "Low": 50.124962, 
        "Open": 50.25, 
        "Volume": 713600, 
        "day": 272, 
        "year": 1995
    }
}