{
    "day": {
        "Adj Close": 4.00192, 
        "Close": 47.375038, 
        "Company": "TROW", 
        "Date": "1995-10-25", 
        "High": 49.25, 
        "Low": 46.75, 
        "Open": 49.25, 
        "Volume": 1065600, 
        "day": 298, 
        "year": 1995
    }
}