{
    "day": {
        "Adj Close": 4.677706, 
        "Close": 55.375038, 
        "Company": "TROW", 
        "Date": "1995-12-05", 
        "High": 55.5, 
        "Low": 53.0, 
        "Open": 53.0, 
        "Volume": 3160000, 
        "day": 339, 
        "year": 1995
    }
}