{
    "day": {
        "Adj Close": 2.668839, 
        "Close": 32.0, 
        "Company": "TROW", 
        "Date": "1995-02-28", 
        "High": 32.0, 
        "Low": 31.37504, 
        "Open": 31.5, 
        "Volume": 789600, 
        "day": 59, 
        "year": 1995
    }
}