{
    "day": {
        "Adj Close": 23.780001,
        "Close": 23.780001,
        "Company": "TCBI",
        "Date": "2006-07-06",
        "High": 23.84,
        "Low": 23.049999,
        "Open": 23.15,
        "Volume": 85200,
        "day": 4,
        "week": 27
    }
}