{
    "day": {
        "Adj Close": 36.448646,
        "Close": 38.709999,
        "Company": "LPLA",
        "Date": "2013-10-02",
        "High": 38.830002,
        "Low": 38.209999,
        "Open": 38.419998,
        "Volume": 716800,
        "day": 3,
        "week": 40
    }
}