{
    "day": {
        "Adj Close": 164.130005, 
        "Close": 164.130005, 
        "Company": "TSLA", 
        "Date": "2014-01-15", 
        "High": 172.229996, 
        "Low": 162.100006, 
        "Open": 168.449997, 
        "Volume": 20465600, 
        "day": 3, 
        "week": 3
    }
}