{
    "day": {
        "Adj Close": 32.740002, 
        "Close": 32.740002, 
        "Company": "TSLA", 
        "Date": "2011-11-30", 
        "High": 32.93, 
        "Low": 32.220001, 
        "Open": 32.5, 
        "Volume": 760300, 
        "day": 30, 
        "month": 11
    }
}