{
    "day": {
        "Adj Close": 32.299284,
        "Close": 34.610001,
        "Company": "LPLA",
        "Date": "2013-04-11",
        "High": 35.02,
        "Low": 33.98,
        "Open": 34.060001,
        "Volume": 690100,
        "day": 11,
        "month": 4
    }
}