{
    "day": {
        "Adj Close": 31.963319,
        "Close": 34.25,
        "Company": "LPLA",
        "Date": "2013-04-23",
        "High": 34.57,
        "Low": 33.900002,
        "Open": 33.900002,
        "Volume": 464600,
        "day": 23,
        "month": 4
    }
}