{
    "day": {
        "Adj Close": 31.104744,
        "Close": 33.330002,
        "Company": "LPLA",
        "Date": "2013-04-09",
        "High": 33.369999,
        "Low": 33.0,
        "Open": 33.169998,
        "Volume": 369600,
        "day": 9,
        "month": 4
    }
}