{
    "day": {
        "Adj Close": 1.669867, 
        "Close": 41.24992, 
        "Company": "TROW", 
        "Date": "1993-04-14", 
        "High": 41.5, 
        "Low": 41.0, 
        "Open": 41.5, 
        "Volume": 475200, 
        "day": 3, 
        "week": 15
    }
}