{
    "day": {
        "Adj Close": 1.669867, 
        "Close": 41.24992, 
        "Company": "TROW", 
        "Date": "1993-04-15", 
        "High": 41.5, 
        "Low": 41.0, 
        "Open": 41.5, 
        "Volume": 486400, 
        "day": 4, 
        "week": 15
    }
}