{
    "day": {
        "Adj Close": 1.429071, 
        "Close": 33.75008, 
        "Company": "WBA", 
        "Date": "1986-11-13", 
        "High": 34.24992, 
        "Low": 33.75008, 
        "Open": 34.24992, 
        "Volume": 964800, 
        "day": 4, 
        "week": 46
    }
}