{
    "day": {
        "Adj Close": 14.328456, 
        "Close": 30.24, 
        "Company": "MDLZ", 
        "Date": "2004-08-02", 
        "High": 30.530001, 
        "Low": 30.190001, 
        "Open": 30.35, 
        "Volume": 2251100, 
        "day": 2, 
        "month": 8
    }
}