{
    "day": {
        "Adj Close": 14.825972, 
        "Close": 31.290001, 
        "Company": "MDLZ", 
        "Date": "2004-08-24", 
        "High": 31.49, 
        "Low": 31.23, 
        "Open": 31.4, 
        "Volume": 654000, 
        "day": 24, 
        "month": 8
    }
}