{
    "day": {
        "Adj Close": 14.285811, 
        "Close": 30.15, 
        "Company": "MDLZ", 
        "Date": "2004-08-03", 
        "High": 30.379999, 
        "Low": 30.049999, 
        "Open": 30.370001, 
        "Volume": 1869500, 
        "day": 3, 
        "month": 8
    }
}