{
    "day": {
        "Adj Close": 14.821234, 
        "Close": 31.280001, 
        "Company": "MDLZ", 
        "Date": "2004-08-31", 
        "High": 31.32, 
        "Low": 31.120001, 
        "Open": 31.309999, 
        "Volume": 535600, 
        "day": 31, 
        "month": 8
    }
}