{
    "day": {
        "Adj Close": 36.884963, 
        "Close": 37.470001, 
        "Company": "MDLZ", 
        "Date": "2015-04-14", 
        "High": 37.549999, 
        "Low": 37.049999, 
        "Open": 37.099998, 
        "Volume": 6829900, 
        "day": 2, 
        "week": 16
    }
}