{
    "day": {
        "Adj Close": 23.889999, 
        "Close": 23.889999, 
        "Company": "TSLA", 
        "Date": "2011-02-28", 
        "High": 24.1, 
        "Low": 23.5, 
        "Open": 23.74, 
        "Volume": 1051200, 
        "day": 28, 
        "month": 2
    }
}