{
    "day": {
        "Adj Close": 23.209999, 
        "Close": 23.209999, 
        "Company": "TSLA", 
        "Date": "2011-02-09", 
        "High": 24.18, 
        "Low": 22.790001, 
        "Open": 24.129999, 
        "Volume": 2635600, 
        "day": 9, 
        "month": 2
    }
}