{
    "day": {
        "Adj Close": 23.040001,
        "Close": 23.040001,
        "Company": "TCBI",
        "Date": "2006-06-12",
        "High": 23.25,
        "Low": 22.459999,
        "Open": 22.940001,
        "Volume": 117600,
        "day": 12,
        "month": 6
    }
}