{
    "day": {
        "Adj Close": 23.01,
        "Close": 23.01,
        "Company": "TCBI",
        "Date": "2006-06-29",
        "High": 23.200001,
        "Low": 22.030001,
        "Open": 22.040001,
        "Volume": 107800,
        "day": 29,
        "month": 6
    }
}