{
    "day": {
        "Adj Close": 23.299999,
        "Close": 23.299999,
        "Company": "TCBI",
        "Date": "2006-06-30",
        "High": 23.33,
        "Low": 22.629999,
        "Open": 23.059999,
        "Volume": 154100,
        "day": 30,
        "month": 6
    }
}