{
    "day": {
        "Adj Close": 46.010766, 
        "Close": 54.040001, 
        "Company": "TROW", 
        "Date": "2010-05-11", 
        "High": 54.98, 
        "Low": 53.669998, 
        "Open": 54.259998, 
        "Volume": 2975700, 
        "day": 11, 
        "month": 5
    }
}