{
    "day": {
        "Adj Close": 44.09507, 
        "Close": 51.790001, 
        "Company": "TROW", 
        "Date": "2010-05-19", 
        "High": 52.330002, 
        "Low": 50.639999, 
        "Open": 51.759998, 
        "Volume": 1997800, 
        "day": 19, 
        "month": 5
    }
}