{
    "day": {
        "Adj Close": 19.07,
        "Close": 19.07,
        "Company": "TCBI",
        "Date": "2008-05-05",
        "High": 19.110001,
        "Low": 18.700001,
        "Open": 18.93,
        "Volume": 291900,
        "day": 1,
        "week": 19
    }
}