{
    "day": {
        "Adj Close": 28.380003,
        "Close": 32.689999,
        "Company": "LPLA",
        "Date": "2011-01-26",
        "High": 33.400002,
        "Low": 32.490002,
        "Open": 32.759998,
        "Volume": 109400,
        "day": 3,
        "week": 4
    }
}