{
    "day": {
        "Adj Close": 20.299999,
        "Close": 20.299999,
        "Company": "TCBI",
        "Date": "2007-04-05",
        "High": 20.48,
        "Low": 20.27,
        "Open": 20.48,
        "Volume": 45200,
        "day": 4,
        "week": 14
    }
}