{
    "day": {
        "Adj Close": 3.558293, 
        "Close": 38.124962, 
        "Company": "WBA", 
        "Date": "1992-09-17", 
        "High": 38.25, 
        "Low": 38.124962, 
        "Open": 38.124962, 
        "Volume": 431200, 
        "day": 4, 
        "week": 38
    }
}