{
    "day": {
        "Adj Close": 45.089967,
        "Close": 46.16,
        "Company": "LPLA",
        "Date": "2015-07-13",
        "High": 46.189999,
        "Low": 45.610001,
        "Open": 45.900002,
        "Volume": 531400,
        "day": 1,
        "week": 29
    }
}