{
    "day": {
        "Adj Close": 73.419506, 
        "Close": 74.989998, 
        "Company": "WBA", 
        "Date": "2015-01-14", 
        "High": 75.419998, 
        "Low": 74.260002, 
        "Open": 74.940002, 
        "Volume": 3263200, 
        "day": 3, 
        "week": 3
    }
}