{
    "day": {
        "Adj Close": 32.296589, 
        "Close": 38.790001, 
        "Company": "WBA", 
        "Date": "2004-12-30", 
        "High": 38.939999, 
        "Low": 38.709999, 
        "Open": 38.91, 
        "Volume": 1299700, 
        "day": 4, 
        "week": 53
    }
}