{
    "day": {
        "Adj Close": 49.709999,
        "Close": 49.709999,
        "Company": "TCBI",
        "Date": "2012-09-28",
        "High": 49.799999,
        "Low": 49.150002,
        "Open": 49.580002,
        "Volume": 455400,
        "day": 5,
        "week": 39
    }
}