{
    "day": {
        "Adj Close": 3.894727, 
        "Close": 40.75, 
        "Company": "WBA", 
        "Date": "1994-03-30", 
        "High": 41.624962, 
        "Low": 40.624962, 
        "Open": 41.0, 
        "Volume": 3298400, 
        "day": 3, 
        "week": 13
    }
}