{
    "day": {
        "Adj Close": 0.978223, 
        "Close": 52.24992, 
        "Company": "TROW", 
        "Date": "1989-11-20", 
        "High": 52.75008, 
        "Low": 52.24992, 
        "Open": 52.75008, 
        "Volume": 230400, 
        "day": 1, 
        "week": 47
    }
}