{
    "day": {
        "Adj Close": 36.796369, 
        "Close": 37.380001, 
        "Company": "MDLZ", 
        "Date": "2015-04-09", 
        "High": 37.419998, 
        "Low": 37.130001, 
        "Open": 37.27, 
        "Volume": 8107100, 
        "day": 4, 
        "week": 15
    }
}