{
    "day": {
        "Adj Close": 50.408841, 
        "Close": 58.540001, 
        "Company": "TROW", 
        "Date": "2010-11-22", 
        "High": 59.0, 
        "Low": 57.990002, 
        "Open": 58.82, 
        "Volume": 1179400, 
        "day": 1, 
        "week": 47
    }
}