{
    "day": {
        "Adj Close": 50.99439, 
        "Close": 59.220001, 
        "Company": "TROW", 
        "Date": "2010-11-24", 
        "High": 59.34, 
        "Low": 57.720001, 
        "Open": 57.759998, 
        "Volume": 1743600, 
        "day": 3, 
        "week": 47
    }
}