{
    "day": {
        "Adj Close": 26.93,
        "Close": 26.93,
        "Company": "TCBI",
        "Date": "2011-11-28",
        "High": 26.959999,
        "Low": 26.200001,
        "Open": 26.700001,
        "Volume": 238500,
        "day": 1,
        "week": 48
    }
}