{
    "day": {
        "Adj Close": 47.240002,
        "Close": 47.240002,
        "Company": "TCBI",
        "Date": "2012-10-12",
        "High": 50.400002,
        "Low": 46.560001,
        "Open": 50.34,
        "Volume": 1972400,
        "day": 5,
        "week": 41
    }
}