{
    "day": {
        "Adj Close": 58.630001,
        "Close": 58.630001,
        "Company": "TCBI",
        "Date": "2015-07-28",
        "High": 58.98,
        "Low": 57.080002,
        "Open": 58.110001,
        "Volume": 565800,
        "day": 28,
        "month": 7
    }
}