{
    "day": {
        "Adj Close": 2.726938, 
        "Close": 33.0, 
        "Company": "TROW", 
        "Date": "1994-09-22", 
        "High": 33.375038, 
        "Low": 32.5, 
        "Open": 33.25, 
        "Volume": 1189600, 
        "day": 4, 
        "week": 38
    }
}