{
    "day": {
        "Adj Close": 22.190001, 
        "Close": 22.190001, 
        "Company": "TSLA", 
        "Date": "2011-03-22", 
        "High": 22.860001, 
        "Low": 22.0, 
        "Open": 22.73, 
        "Volume": 582900, 
        "day": 2, 
        "week": 12
    }
}