{
    "day": {
        "Adj Close": 78.730003, 
        "Close": 78.730003, 
        "Company": "WBA", 
        "Date": "2016-02-23", 
        "High": 78.940002, 
        "Low": 77.690002, 
        "Open": 78.470001, 
        "Volume": 3815600, 
        "day": 2, 
        "week": 8
    }
}