{
    "day": {
        "Adj Close": 29.996976, 
        "Close": 34.169998, 
        "Company": "WBA", 
        "Date": "2010-03-15", 
        "High": 34.18, 
        "Low": 33.720001, 
        "Open": 33.869999, 
        "Volume": 4202200, 
        "day": 1, 
        "week": 11
    }
}