{
    "day": {
        "Adj Close": 30.295453, 
        "Close": 34.509998, 
        "Company": "WBA", 
        "Date": "2010-03-16", 
        "High": 34.580002, 
        "Low": 34.150002, 
        "Open": 34.27, 
        "Volume": 5480700, 
        "day": 2, 
        "week": 11
    }
}