{
    "day": {
        "Adj Close": 35.085801, 
        "Close": 42.139999, 
        "Company": "WBA", 
        "Date": "2005-01-27", 
        "High": 42.299999, 
        "Low": 41.849998, 
        "Open": 41.860001, 
        "Volume": 1930100, 
        "day": 27, 
        "month": 1
    }
}