{
    "day": {
        "Adj Close": 33.620425, 
        "Close": 40.380001, 
        "Company": "WBA", 
        "Date": "2005-01-03", 
        "High": 40.459999, 
        "Low": 39.66, 
        "Open": 39.75, 
        "Volume": 9757800, 
        "day": 3, 
        "month": 1
    }
}