{
    "day": {
        "Adj Close": 73.20539, 
        "Close": 78.559998, 
        "Company": "TROW", 
        "Date": "2014-08-13", 
        "High": 79.110001, 
        "Low": 76.309998, 
        "Open": 76.309998, 
        "Volume": 2667000, 
        "day": 3, 
        "week": 33
    }
}