{
    "day": {
        "Adj Close": 17.61728, 
        "Close": 38.98, 
        "Company": "MDLZ", 
        "Date": "2002-03-01", 
        "High": 39.23, 
        "Low": 38.799999, 
        "Open": 39.23, 
        "Volume": 911700, 
        "day": 1, 
        "month": 3
    }
}