{
    "day": {
        "Adj Close": 17.801334, 
        "Close": 39.25, 
        "Company": "MDLZ", 
        "Date": "2002-03-21", 
        "High": 39.380001, 
        "Low": 38.650002, 
        "Open": 38.799999, 
        "Volume": 1129400, 
        "day": 21, 
        "month": 3
    }
}