{
    "day": {
        "Adj Close": 17.796799, 
        "Close": 39.240002, 
        "Company": "MDLZ", 
        "Date": "2002-03-22", 
        "High": 39.599998, 
        "Low": 39.099998, 
        "Open": 39.349998, 
        "Volume": 878200, 
        "day": 22, 
        "month": 3
    }
}