{
    "day": {
        "Adj Close": 16.975502, 
        "Close": 37.560001, 
        "Company": "MDLZ", 
        "Date": "2002-03-05", 
        "High": 37.599998, 
        "Low": 36.0, 
        "Open": 36.900002, 
        "Volume": 4477300, 
        "day": 5, 
        "month": 3
    }
}