{
    "day": {
        "Adj Close": 76.239998, 
        "Close": 76.239998, 
        "Company": "FANG", 
        "Date": "2014-09-15", 
        "High": 77.269997, 
        "Low": 75.199997, 
        "Open": 76.279999, 
        "Volume": 707900, 
        "day": 15, 
        "month": 9
    }
}