{
    "day": {
        "Adj Close": 72.839996, 
        "Close": 72.839996, 
        "Company": "FANG", 
        "Date": "2014-09-23", 
        "High": 74.93, 
        "Low": 72.639999, 
        "Open": 73.309998, 
        "Volume": 913600, 
        "day": 23, 
        "month": 9
    }
}