{
    "day": {
        "Adj Close": 21.32,
        "Close": 21.32,
        "Company": "TCBI",
        "Date": "2010-04-23",
        "High": 21.370001,
        "Low": 20.790001,
        "Open": 20.889999,
        "Volume": 354200,
        "day": 5,
        "week": 16
    }
}