{
    "day": {
        "Adj Close": 57.560001,
        "Close": 57.560001,
        "Company": "TCBI",
        "Date": "2014-10-02",
        "High": 57.869999,
        "Low": 56.66,
        "Open": 57.16,
        "Volume": 492500,
        "day": 2,
        "month": 10
    }
}