{
    "day": {
        "Adj Close": 57.869999,
        "Close": 57.869999,
        "Company": "TCBI",
        "Date": "2014-10-03",
        "High": 59.25,
        "Low": 57.799999,
        "Open": 58.139999,
        "Volume": 498700,
        "day": 3,
        "month": 10
    }
}