{
    "day": {
        "Adj Close": 18.620001,
        "Close": 18.620001,
        "Company": "TCBI",
        "Date": "2005-04-25",
        "High": 18.84,
        "Low": 18.48,
        "Open": 18.5,
        "Volume": 100300,
        "day": 1,
        "week": 17
    }
}