{
    "day": {
        "Adj Close": 35.746642, 
        "Close": 42.880001, 
        "Company": "WBA", 
        "Date": "2005-04-18", 
        "High": 43.349998, 
        "Low": 42.790001, 
        "Open": 42.799999, 
        "Volume": 2810900, 
        "day": 1, 
        "week": 16
    }
}