{
    "day": {
        "Adj Close": 35.863351, 
        "Close": 43.02, 
        "Company": "WBA", 
        "Date": "2005-04-19", 
        "High": 43.169998, 
        "Low": 42.599998, 
        "Open": 42.849998, 
        "Volume": 4051800, 
        "day": 2, 
        "week": 16
    }
}