{
    "day": {
        "Adj Close": 16.137715, 
        "Close": 32.459999, 
        "Company": "MDLZ", 
        "Date": "2006-05-24", 
        "High": 32.549999, 
        "Low": 31.780001, 
        "Open": 31.780001, 
        "Volume": 1596300, 
        "day": 3, 
        "week": 21
    }
}