{
    "day": {
        "Adj Close": 25.902537, 
        "Close": 31.6, 
        "Company": "WBA", 
        "Date": "2001-11-01", 
        "High": 32.5, 
        "Low": 31.5, 
        "Open": 32.389999, 
        "Volume": 4635700, 
        "day": 4, 
        "week": 44
    }
}