{
    "day": {
        "Adj Close": 15.043784, 
        "Close": 30.969999, 
        "Company": "MDLZ", 
        "Date": "2005-09-01", 
        "High": 31.129999, 
        "Low": 30.9, 
        "Open": 30.91, 
        "Volume": 1987700, 
        "day": 1, 
        "month": 9
    }
}