{
    "day": {
        "Adj Close": 15.141662, 
        "Close": 30.940001, 
        "Company": "MDLZ", 
        "Date": "2005-09-12", 
        "High": 30.99, 
        "Low": 30.549999, 
        "Open": 30.549999, 
        "Volume": 1699400, 
        "day": 12, 
        "month": 9
    }
}