{
    "day": {
        "Adj Close": 15.014421, 
        "Close": 30.68, 
        "Company": "MDLZ", 
        "Date": "2005-09-14", 
        "High": 30.870001, 
        "Low": 30.65, 
        "Open": 30.700001, 
        "Volume": 1166400, 
        "day": 14, 
        "month": 9
    }
}