{
    "day": {
        "Adj Close": 15.058466, 
        "Close": 30.77, 
        "Company": "MDLZ", 
        "Date": "2005-09-19", 
        "High": 30.860001, 
        "Low": 30.75, 
        "Open": 30.799999, 
        "Volume": 1369800, 
        "day": 19, 
        "month": 9
    }
}