{
    "day": {
        "Adj Close": 15.068254, 
        "Close": 30.790001, 
        "Company": "MDLZ", 
        "Date": "2005-09-02", 
        "High": 31.139999, 
        "Low": 30.76, 
        "Open": 30.790001, 
        "Volume": 1297000, 
        "day": 2, 
        "month": 9
    }
}