{
    "day": {
        "Adj Close": 15.004633, 
        "Close": 30.66, 
        "Company": "MDLZ", 
        "Date": "2005-09-08", 
        "High": 30.889999, 
        "Low": 30.43, 
        "Open": 30.5, 
        "Volume": 1731800, 
        "day": 8, 
        "month": 9
    }
}