{
    "day": {
        "Adj Close": 0.975655, 
        "Close": 25.62496, 
        "Company": "TROW", 
        "Date": "1990-07-09", 
        "High": 26.75008, 
        "Low": 25.5, 
        "Open": 26.24992, 
        "Volume": 840000, 
        "day": 1, 
        "week": 28
    }
}