{
    "day": {
        "Adj Close": 16.620001,
        "Close": 16.620001,
        "Company": "TCBI",
        "Date": "2008-06-10",
        "High": 17.18,
        "Low": 16.559999,
        "Open": 17.17,
        "Volume": 557600,
        "day": 2,
        "week": 24
    }
}