{
    "day": {
        "Adj Close": 16.389999,
        "Close": 16.389999,
        "Company": "TCBI",
        "Date": "2008-06-11",
        "High": 16.6,
        "Low": 16.07,
        "Open": 16.540001,
        "Volume": 207700,
        "day": 3,
        "week": 24
    }
}