{
    "day": {
        "Adj Close": 66.120003,
        "Close": 66.120003,
        "Company": "TCBI",
        "Date": "2014-03-25",
        "High": 66.190002,
        "Low": 65.18,
        "Open": 65.639999,
        "Volume": 396500,
        "day": 25,
        "month": 3
    }
}