{
    "day": {
        "Adj Close": 63.18,
        "Close": 63.18,
        "Company": "TCBI",
        "Date": "2014-03-04",
        "High": 63.919998,
        "Low": 62.560001,
        "Open": 62.869999,
        "Volume": 501800,
        "day": 4,
        "month": 3
    }
}