{
    "day": {
        "Adj Close": 38.958431, 
        "Close": 48.700001, 
        "Company": "TROW", 
        "Date": "2007-04-09", 
        "High": 48.93, 
        "Low": 48.380001, 
        "Open": 48.52, 
        "Volume": 575100, 
        "day": 1, 
        "week": 15
    }
}