{
    "day": {
        "Adj Close": 0.994609, 
        "Close": 53.125118, 
        "Company": "TROW", 
        "Date": "1989-09-29", 
        "High": 53.125118, 
        "Low": 52.24992, 
        "Open": 52.24992, 
        "Volume": 512000, 
        "day": 5, 
        "week": 39
    }
}