{
    "day": {
        "Adj Close": 13.396694, 
        "Close": 37.5, 
        "Company": "TROW", 
        "Date": "2000-04-13", 
        "High": 40.125, 
        "Low": 37.5, 
        "Open": 39.734379, 
        "Volume": 728000, 
        "day": 13, 
        "month": 4
    }
}