{
    "day": {
        "Adj Close": 14.658212, 
        "Close": 41.031239, 
        "Company": "TROW", 
        "Date": "2000-04-25", 
        "High": 41.6875, 
        "Low": 40.25, 
        "Open": 40.375, 
        "Volume": 1629000, 
        "day": 25, 
        "month": 4
    }
}