{
    "day": {
        "Adj Close": 45.915731,
        "Close": 46.470001,
        "Company": "LPLA",
        "Date": "2015-12-04",
        "High": 46.52,
        "Low": 45.889999,
        "Open": 46.029999,
        "Volume": 954900,
        "day": 5,
        "week": 49
    }
}