{
    "day": {
        "Adj Close": 77.872662, 
        "Close": 83.110001, 
        "Company": "TROW", 
        "Date": "2014-11-26", 
        "High": 83.5, 
        "Low": 82.870003, 
        "Open": 83.300003, 
        "Volume": 792400, 
        "day": 26, 
        "month": 11
    }
}