{
    "day": {
        "Adj Close": 77.25425, 
        "Close": 82.449997, 
        "Company": "TROW", 
        "Date": "2014-11-06", 
        "High": 82.529999, 
        "Low": 81.599998, 
        "Open": 81.639999, 
        "Volume": 4266100, 
        "day": 6, 
        "month": 11
    }
}