{
    "day": {
        "Adj Close": 27.719999,
        "Close": 27.719999,
        "Company": "TCBI",
        "Date": "2011-08-01",
        "High": 27.959999,
        "Low": 27.280001,
        "Open": 27.77,
        "Volume": 325400,
        "day": 1,
        "week": 31
    }
}