{
    "day": {
        "Adj Close": 27.549999,
        "Close": 27.549999,
        "Company": "TCBI",
        "Date": "2011-08-03",
        "High": 27.59,
        "Low": 26.49,
        "Open": 27.17,
        "Volume": 288600,
        "day": 3,
        "week": 31
    }
}