{
    "day": {
        "Adj Close": 32.104391,
        "Close": 36.98,
        "Company": "LPLA",
        "Date": "2012-04-27",
        "High": 37.52,
        "Low": 36.950001,
        "Open": 37.209999,
        "Volume": 489800,
        "day": 27,
        "month": 4
    }
}