{
    "day": {
        "Adj Close": 28.868969, 
        "Close": 34.77, 
        "Company": "WBA", 
        "Date": "2004-06-07", 
        "High": 34.84, 
        "Low": 34.259998, 
        "Open": 34.5, 
        "Volume": 1835200, 
        "day": 1, 
        "week": 24
    }
}