{
    "day": {
        "Adj Close": 14.612767,
        "Close": 19.209999,
        "Company": "SUNS",
        "Date": "2013-03-18",
        "High": 19.35,
        "Low": 19.0,
        "Open": 19.07,
        "Volume": 69100,
        "day": 1,
        "week": 12
    }
}