{
    "day": {
        "Adj Close": 42.400002, 
        "Close": 42.400002, 
        "Company": "MDLZ", 
        "Date": "2016-04-12", 
        "High": 42.529999, 
        "Low": 41.950001, 
        "Open": 42.07, 
        "Volume": 5689600, 
        "day": 2, 
        "week": 15
    }
}