{
    "day": {
        "Adj Close": 84.868863, 
        "Close": 85.980003, 
        "Company": "WBA", 
        "Date": "2015-06-01", 
        "High": 86.339996, 
        "Low": 84.699997, 
        "Open": 86.169998, 
        "Volume": 1965900, 
        "day": 1, 
        "week": 23
    }
}