{
    "day": {
        "Adj Close": 82.805869, 
        "Close": 83.889999, 
        "Company": "WBA", 
        "Date": "2015-06-05", 
        "High": 85.610001, 
        "Low": 83.809998, 
        "Open": 85.040001, 
        "Volume": 2910200, 
        "day": 5, 
        "week": 23
    }
}