{
    "day": {
        "Adj Close": 71.605725, 
        "Close": 77.25, 
        "Company": "TROW", 
        "Date": "2014-04-11", 
        "High": 77.709999, 
        "Low": 76.760002, 
        "Open": 77.540001, 
        "Volume": 1889200, 
        "day": 101, 
        "year": 2014
    }
}