{
    "day": {
        "Adj Close": 74.469951, 
        "Close": 80.339996, 
        "Company": "TROW", 
        "Date": "2014-04-16", 
        "High": 80.699997, 
        "Low": 79.470001, 
        "Open": 80.169998, 
        "Volume": 1512700, 
        "day": 106, 
        "year": 2014
    }
}