{
    "day": {
        "Adj Close": 75.406157, 
        "Close": 81.349998, 
        "Company": "TROW", 
        "Date": "2014-05-08", 
        "High": 82.150002, 
        "Low": 80.970001, 
        "Open": 81.620003, 
        "Volume": 1083000, 
        "day": 128, 
        "year": 2014
    }
}