{
    "day": {
        "Adj Close": 75.999395, 
        "Close": 81.989998, 
        "Company": "TROW", 
        "Date": "2014-06-03", 
        "High": 82.080002, 
        "Low": 80.959999, 
        "Open": 81.629997, 
        "Volume": 933600, 
        "day": 154, 
        "year": 2014
    }
}