{
    "day": {
        "Adj Close": 78.242583, 
        "Close": 84.410004, 
        "Company": "TROW", 
        "Date": "2014-06-06", 
        "High": 84.5, 
        "Low": 83.800003, 
        "Open": 83.919998, 
        "Volume": 904300, 
        "day": 157, 
        "year": 2014
    }
}