{
    "day": {
        "Adj Close": 77.566404, 
        "Close": 83.239998, 
        "Company": "TROW", 
        "Date": "2014-06-20", 
        "High": 84.040001, 
        "Low": 83.07, 
        "Open": 84.040001, 
        "Volume": 1439800, 
        "day": 171, 
        "year": 2014
    }
}