{
    "day": {
        "Adj Close": 78.069599, 
        "Close": 83.779999, 
        "Company": "TROW", 
        "Date": "2014-06-27", 
        "High": 83.889999, 
        "Low": 82.830002, 
        "Open": 83.010002, 
        "Volume": 755300, 
        "day": 178, 
        "year": 2014
    }
}