{
    "day": {
        "Adj Close": 79.075989, 
        "Close": 84.860001, 
        "Company": "TROW", 
        "Date": "2014-07-02", 
        "High": 85.029999, 
        "Low": 84.370003, 
        "Open": 84.910004, 
        "Volume": 798100, 
        "day": 183, 
        "year": 2014
    }
}