{
    "day": {
        "Adj Close": 79.364857, 
        "Close": 85.169998, 
        "Company": "TROW", 
        "Date": "2014-07-07", 
        "High": 85.419998, 
        "Low": 84.82, 
        "Open": 85.419998, 
        "Volume": 637800, 
        "day": 188, 
        "year": 2014
    }
}