{
    "day": {
        "Adj Close": 76.38297, 
        "Close": 81.970001, 
        "Company": "TROW", 
        "Date": "2014-07-22", 
        "High": 82.25, 
        "Low": 81.5, 
        "Open": 81.650002, 
        "Volume": 1720500, 
        "day": 203, 
        "year": 2014
    }
}