{
    "day": {
        "Adj Close": 73.950866, 
        "Close": 79.360001, 
        "Company": "TROW", 
        "Date": "2014-07-29", 
        "High": 80.660004, 
        "Low": 79.360001, 
        "Open": 80.230003, 
        "Volume": 1923900, 
        "day": 210, 
        "year": 2014
    }
}