{
    "day": {
        "Adj Close": 74.295649, 
        "Close": 79.730003, 
        "Company": "TROW", 
        "Date": "2014-07-30", 
        "High": 81.629997, 
        "Low": 79.089996, 
        "Open": 81.629997, 
        "Volume": 1594200, 
        "day": 211, 
        "year": 2014
    }
}