{
    "day": {
        "Adj Close": 74.19969, 
        "Close": 79.190002, 
        "Company": "TROW", 
        "Date": "2014-09-22", 
        "High": 80.080002, 
        "Low": 79.169998, 
        "Open": 80.07, 
        "Volume": 1306900, 
        "day": 265, 
        "year": 2014
    }
}