{
    "day": {
        "Adj Close": 74.059141, 
        "Close": 79.040001, 
        "Company": "TROW", 
        "Date": "2014-09-23", 
        "High": 79.650002, 
        "Low": 78.940002, 
        "Open": 79.089996, 
        "Volume": 1498500, 
        "day": 266, 
        "year": 2014
    }
}