{
    "day": {
        "Adj Close": 74.668181, 
        "Close": 79.690002, 
        "Company": "TROW", 
        "Date": "2014-09-24", 
        "High": 79.739998, 
        "Low": 79.019997, 
        "Open": 79.349998, 
        "Volume": 1670300, 
        "day": 267, 
        "year": 2014
    }
}