{
    "day": {
        "Adj Close": 70.676632, 
        "Close": 75.43, 
        "Company": "TROW", 
        "Date": "2014-10-16", 
        "High": 76.0, 
        "Low": 72.910004, 
        "Open": 73.440002, 
        "Volume": 2102200, 
        "day": 289, 
        "year": 2014
    }
}