{
    "day": {
        "Adj Close": 72.447529, 
        "Close": 77.32, 
        "Company": "TROW", 
        "Date": "2014-10-23", 
        "High": 78.300003, 
        "Low": 76.110001, 
        "Open": 78.300003, 
        "Volume": 2335100, 
        "day": 296, 
        "year": 2014
    }
}