{
    "day": {
        "Adj Close": 73.215855, 
        "Close": 78.139999, 
        "Company": "TROW", 
        "Date": "2014-10-27", 
        "High": 78.279999, 
        "Low": 77.089996, 
        "Open": 77.82, 
        "Volume": 1135300, 
        "day": 300, 
        "year": 2014
    }
}