{
    "day": {
        "Adj Close": 74.789987, 
        "Close": 79.82, 
        "Company": "TROW", 
        "Date": "2014-10-28", 
        "High": 79.860001, 
        "Low": 78.269997, 
        "Open": 78.389999, 
        "Volume": 1740900, 
        "day": 301, 
        "year": 2014
    }
}