{
    "day": {
        "Adj Close": 75.76445, 
        "Close": 80.860001, 
        "Company": "TROW", 
        "Date": "2014-10-30", 
        "High": 81.349998, 
        "Low": 79.620003, 
        "Open": 79.940002, 
        "Volume": 1392500, 
        "day": 303, 
        "year": 2014
    }
}