{
    "day": {
        "Adj Close": 76.692061, 
        "Close": 81.849998, 
        "Company": "TROW", 
        "Date": "2014-11-17", 
        "High": 82.120003, 
        "Low": 81.550003, 
        "Open": 82.029999, 
        "Volume": 925000, 
        "day": 321, 
        "year": 2014
    }
}