{
    "day": {
        "Adj Close": 78.003839, 
        "Close": 83.25, 
        "Company": "TROW", 
        "Date": "2014-11-25", 
        "High": 84.0, 
        "Low": 83.059998, 
        "Open": 83.230003, 
        "Volume": 882100, 
        "day": 329, 
        "year": 2014
    }
}