{
    "day": {
        "Adj Close": 78.003839, 
        "Close": 83.25, 
        "Company": "TROW", 
        "Date": "2014-12-02", 
        "High": 83.419998, 
        "Low": 80.550003, 
        "Open": 82.779999, 
        "Volume": 853800, 
        "day": 336, 
        "year": 2014
    }
}