{
    "day": {
        "Adj Close": 77.236168, 
        "Close": 82.0, 
        "Company": "TROW", 
        "Date": "2014-12-12", 
        "High": 83.510002, 
        "Low": 81.970001, 
        "Open": 83.510002, 
        "Volume": 2027900, 
        "day": 346, 
        "year": 2014
    }
}