{
    "day": {
        "Adj Close": 71.621214, 
        "Close": 77.68, 
        "Company": "TROW", 
        "Date": "2014-02-04", 
        "High": 78.540001, 
        "Low": 75.809998, 
        "Open": 76.209999, 
        "Volume": 2285400, 
        "day": 35, 
        "year": 2014
    }
}