{
    "day": {
        "Adj Close": 82.124654, 
        "Close": 87.190002, 
        "Company": "TROW", 
        "Date": "2014-12-26", 
        "High": 87.919998, 
        "Low": 87.160004, 
        "Open": 87.849998, 
        "Volume": 561400, 
        "day": 360, 
        "year": 2014
    }
}