{
    "day": {
        "Adj Close": 82.190587, 
        "Close": 87.260002, 
        "Company": "TROW", 
        "Date": "2014-12-29", 
        "High": 87.879997, 
        "Low": 86.699997, 
        "Open": 86.800003, 
        "Volume": 617600, 
        "day": 363, 
        "year": 2014
    }
}