{
    "day": {
        "Adj Close": 80.87192, 
        "Close": 85.860001, 
        "Company": "TROW", 
        "Date": "2014-12-31", 
        "High": 87.489998, 
        "Low": 85.82, 
        "Open": 87.139999, 
        "Volume": 977200, 
        "day": 365, 
        "year": 2014
    }
}