{
    "day": {
        "Adj Close": 73.85246, 
        "Close": 80.099998, 
        "Company": "TROW", 
        "Date": "2014-02-20", 
        "High": 80.459999, 
        "Low": 79.309998, 
        "Open": 80.230003, 
        "Volume": 851700, 
        "day": 51, 
        "year": 2014
    }
}