{
    "day": {
        "Adj Close": 75.945412, 
        "Close": 82.370003, 
        "Company": "TROW", 
        "Date": "2014-03-06", 
        "High": 82.940002, 
        "Low": 81.160004, 
        "Open": 81.160004, 
        "Volume": 1447900, 
        "day": 65, 
        "year": 2014
    }
}