{
    "day": {
        "Adj Close": 76.526271, 
        "Close": 83.0, 
        "Company": "TROW", 
        "Date": "2014-03-07", 
        "High": 83.68, 
        "Low": 82.330002, 
        "Open": 82.93, 
        "Volume": 1181800, 
        "day": 66, 
        "year": 2014
    }
}