{
    "day": {
        "Adj Close": 76.49067, 
        "Close": 82.519997, 
        "Company": "TROW", 
        "Date": "2014-03-20", 
        "High": 82.660004, 
        "Low": 80.650002, 
        "Open": 80.839996, 
        "Volume": 2124200, 
        "day": 79, 
        "year": 2014
    }
}