{
    "day": {
        "Adj Close": 76.861445, 
        "Close": 82.919998, 
        "Company": "TROW", 
        "Date": "2014-03-21", 
        "High": 84.400002, 
        "Low": 82.5, 
        "Open": 83.589996, 
        "Volume": 3240000, 
        "day": 80, 
        "year": 2014
    }
}