{
    "day": {
        "Adj Close": 76.379442, 
        "Close": 82.400002, 
        "Company": "TROW", 
        "Date": "2014-03-25", 
        "High": 83.769997, 
        "Low": 81.589996, 
        "Open": 83.040001, 
        "Volume": 1022700, 
        "day": 84, 
        "year": 2014
    }
}