{
    "day": {
        "Adj Close": 76.333092, 
        "Close": 82.349998, 
        "Company": "TROW", 
        "Date": "2014-03-31", 
        "High": 83.110001, 
        "Low": 82.120003, 
        "Open": 82.389999, 
        "Volume": 1130100, 
        "day": 90, 
        "year": 2014
    }
}