{
    "day": {
        "Adj Close": 22.07,
        "Close": 22.07,
        "Company": "TCBI",
        "Date": "2005-11-09",
        "High": 22.219999,
        "Low": 21.15,
        "Open": 21.360001,
        "Volume": 141400,
        "day": 3,
        "week": 45
    }
}