{
    "day": {
        "Adj Close": 22.5,
        "Close": 22.5,
        "Company": "TCBI",
        "Date": "2005-11-10",
        "High": 22.549999,
        "Low": 21.9,
        "Open": 22.209999,
        "Volume": 64100,
        "day": 4,
        "week": 45
    }
}