{
    "day": {
        "Adj Close": 12.21552, 
        "Close": 33.419998, 
        "Company": "TROW", 
        "Date": "2001-12-20", 
        "High": 33.900002, 
        "Low": 33.150002, 
        "Open": 33.34, 
        "Volume": 850200, 
        "day": 20, 
        "month": 12
    }
}