{
    "day": {
        "Adj Close": 11.864626, 
        "Close": 32.459999, 
        "Company": "TROW", 
        "Date": "2001-12-04", 
        "High": 32.459999, 
        "Low": 30.950001, 
        "Open": 31.08, 
        "Volume": 1229400, 
        "day": 4, 
        "month": 12
    }
}