{
    "day": {
        "Adj Close": 16.586819, 
        "Close": 36.700001, 
        "Company": "MDLZ", 
        "Date": "2002-02-11", 
        "High": 37.150002, 
        "Low": 36.700001, 
        "Open": 36.98, 
        "Volume": 1001400, 
        "day": 11, 
        "month": 2
    }
}