{
    "day": {
        "Adj Close": 17.544967, 
        "Close": 38.82, 
        "Company": "MDLZ", 
        "Date": "2002-02-27", 
        "High": 39.220001, 
        "Low": 38.73, 
        "Open": 39.220001, 
        "Volume": 1322000, 
        "day": 27, 
        "month": 2
    }
}