{
    "day": {
        "Adj Close": 17.671514, 
        "Close": 39.099998, 
        "Company": "MDLZ", 
        "Date": "2002-02-28", 
        "High": 39.200001, 
        "Low": 38.919998, 
        "Open": 38.950001, 
        "Volume": 968600, 
        "day": 28, 
        "month": 2
    }
}