{
    "day": {
        "Adj Close": 13.602849,
        "Close": 16.35,
        "Company": "SUNS",
        "Date": "2014-05-07",
        "High": 16.879999,
        "Low": 16.309999,
        "Open": 16.540001,
        "Volume": 53000,
        "day": 3,
        "week": 19
    }
}