{
    "day": {
        "Adj Close": 39.402204, 
        "Close": 47.209999, 
        "Company": "WBA", 
        "Date": "2005-07-20", 
        "High": 47.299999, 
        "Low": 46.490002, 
        "Open": 46.560001, 
        "Volume": 2185500, 
        "day": 3, 
        "week": 29
    }
}