{
    "day": {
        "Adj Close": 1.812707, 
        "Close": 42.5, 
        "Company": "WBA", 
        "Date": "1987-08-03", 
        "High": 43.124962, 
        "Low": 41.875038, 
        "Open": 42.124962, 
        "Volume": 1664000, 
        "day": 1, 
        "week": 32
    }
}