{
    "day": {
        "Adj Close": 1.775385, 
        "Close": 41.624962, 
        "Company": "WBA", 
        "Date": "1987-08-04", 
        "High": 43.24992, 
        "Low": 41.624962, 
        "Open": 42.75008, 
        "Volume": 748800, 
        "day": 2, 
        "week": 32
    }
}