{
    "day": {
        "Adj Close": 27.357061, 
        "Close": 69.769997, 
        "Company": "TROW", 
        "Date": "2005-11-11", 
        "High": 69.980003, 
        "Low": 69.300003, 
        "Open": 69.589996, 
        "Volume": 704600, 
        "day": 5, 
        "week": 45
    }
}