{
    "day": {
        "Adj Close": 16.775676, 
        "Close": 44.099998, 
        "Company": "TROW", 
        "Date": "2003-11-12", 
        "High": 44.27, 
        "Low": 43.290001, 
        "Open": 43.740002, 
        "Volume": 1413400, 
        "day": 12, 
        "month": 11
    }
}