{
    "day": {
        "Adj Close": 15.896951, 
        "Close": 41.790001, 
        "Company": "TROW", 
        "Date": "2003-11-17", 
        "High": 42.259998, 
        "Low": 41.27, 
        "Open": 42.259998, 
        "Volume": 1718800, 
        "day": 17, 
        "month": 11
    }
}