{
    "day": {
        "Adj Close": 30.684787,
        "Close": 32.880001,
        "Company": "LPLA",
        "Date": "2013-04-08",
        "High": 32.889999,
        "Low": 32.650002,
        "Open": 32.720001,
        "Volume": 231800,
        "day": 1,
        "week": 15
    }
}