{
    "day": {
        "Adj Close": 29.033792, 
        "Close": 35.419998, 
        "Company": "WBA", 
        "Date": "2001-10-02", 
        "High": 35.700001, 
        "Low": 33.93, 
        "Open": 33.959999, 
        "Volume": 2565400, 
        "day": 2, 
        "week": 40
    }
}