{
    "day": {
        "Adj Close": 38.106046, 
        "Close": 45.080002, 
        "Company": "WBA", 
        "Date": "2007-07-24", 
        "High": 45.82, 
        "Low": 44.970001, 
        "Open": 45.509998, 
        "Volume": 7128900, 
        "day": 2, 
        "week": 30
    }
}