{
    "day": {
        "Adj Close": 20.639999,
        "Close": 20.639999,
        "Company": "TCBI",
        "Date": "2005-04-19",
        "High": 20.959999,
        "Low": 19.99,
        "Open": 20.360001,
        "Volume": 52400,
        "day": 2,
        "week": 16
    }
}