{
    "day": {
        "Adj Close": 33.76789,
        "Close": 36.040001,
        "Company": "LPLA",
        "Date": "2013-05-09",
        "High": 36.060001,
        "Low": 35.540001,
        "Open": 35.540001,
        "Volume": 403900,
        "day": 4,
        "week": 19
    }
}