{
    "day": {
        "Adj Close": 15.740987, 
        "Close": 41.380001, 
        "Company": "TROW", 
        "Date": "2003-10-21", 
        "High": 41.84, 
        "Low": 41.259998, 
        "Open": 41.759998, 
        "Volume": 1220600, 
        "day": 2, 
        "week": 43
    }
}