{
    "day": {
        "Adj Close": 74.919981, 
        "Close": 80.400002, 
        "Company": "TROW", 
        "Date": "2014-09-09", 
        "High": 80.900002, 
        "Low": 80.129997, 
        "Open": 80.900002, 
        "Volume": 1221400, 
        "day": 9, 
        "month": 9
    }
}