{
    "day": {
        "Adj Close": 74.053275, 
        "Close": 75.160004, 
        "Company": "TROW", 
        "Date": "2015-12-07", 
        "High": 76.07, 
        "Low": 74.690002, 
        "Open": 75.860001, 
        "Volume": 1592100, 
        "day": 1, 
        "week": 50
    }
}