{
    "day": {
        "Adj Close": 50.209999, 
        "Close": 50.209999, 
        "Company": "FANG", 
        "Date": "2013-11-18", 
        "High": 53.759998, 
        "Low": 49.389999, 
        "Open": 53.66, 
        "Volume": 883500, 
        "day": 18, 
        "month": 11
    }
}