{
    "day": {
        "Adj Close": 51.740002, 
        "Close": 51.740002, 
        "Company": "FANG", 
        "Date": "2013-11-21", 
        "High": 52.27, 
        "Low": 48.98, 
        "Open": 48.98, 
        "Volume": 686500, 
        "day": 21, 
        "month": 11
    }
}