{
    "day": {
        "Adj Close": 142.0, 
        "Close": 142.0, 
        "Company": "TSLA", 
        "Date": "2013-08-16", 
        "High": 143.910004, 
        "Low": 140.970001, 
        "Open": 141.630005, 
        "Volume": 7108100, 
        "day": 5, 
        "week": 33
    }
}