{
    "day": {
        "Adj Close": 31.914003, 
        "Close": 34.599998, 
        "Company": "WBA", 
        "Date": "2012-07-20", 
        "High": 34.599998, 
        "Low": 34.099998, 
        "Open": 34.470001, 
        "Volume": 16941600, 
        "day": 20, 
        "month": 7
    }
}