{
    "day": {
        "Adj Close": 31.286791, 
        "Close": 33.919998, 
        "Company": "WBA", 
        "Date": "2012-07-23", 
        "High": 34.27, 
        "Low": 33.599998, 
        "Open": 33.91, 
        "Volume": 12241100, 
        "day": 23, 
        "month": 7
    }
}