{
    "day": {
        "Adj Close": 31.960125, 
        "Close": 34.650002, 
        "Company": "WBA", 
        "Date": "2012-07-25", 
        "High": 34.959999, 
        "Low": 34.16, 
        "Open": 34.23, 
        "Volume": 14505700, 
        "day": 25, 
        "month": 7
    }
}