{
    "day": {
        "Adj Close": 33.454363, 
        "Close": 36.27, 
        "Company": "WBA", 
        "Date": "2012-07-30", 
        "High": 36.32, 
        "Low": 35.549999, 
        "Open": 35.75, 
        "Volume": 9134100, 
        "day": 30, 
        "month": 7
    }
}