{
    "day": {
        "Adj Close": 1.583021, 
        "Close": 37.24992, 
        "Company": "WBA", 
        "Date": "1987-03-24", 
        "High": 37.24992, 
        "Low": 37.124962, 
        "Open": 37.24992, 
        "Volume": 2332800, 
        "day": 2, 
        "week": 13
    }
}