{
    "day": {
        "Adj Close": 14.259737, 
        "Close": 28.9, 
        "Company": "MDLZ", 
        "Date": "2006-01-12", 
        "High": 29.200001, 
        "Low": 28.200001, 
        "Open": 29.049999, 
        "Volume": 8209800, 
        "day": 4, 
        "week": 2
    }
}