{
    "day": {
        "Adj Close": 23.030001,
        "Close": 23.030001,
        "Company": "TCBI",
        "Date": "2006-01-05",
        "High": 23.25,
        "Low": 22.950001,
        "Open": 22.969999,
        "Volume": 172800,
        "day": 4,
        "week": 1
    }
}