{
    "day": {
        "Adj Close": 12.328325, 
        "Close": 34.029999, 
        "Company": "TROW", 
        "Date": "2001-04-11", 
        "High": 34.169998, 
        "Low": 32.23, 
        "Open": 32.360001, 
        "Volume": 2222400, 
        "day": 3, 
        "week": 15
    }
}