{
    "day": {
        "Adj Close": 34.68941, 
        "Close": 43.82, 
        "Company": "TROW", 
        "Date": "2006-08-15", 
        "High": 44.040001, 
        "Low": 43.02, 
        "Open": 43.099998, 
        "Volume": 1583400, 
        "day": 15, 
        "month": 8
    }
}