{
    "day": {
        "Adj Close": 34.333174, 
        "Close": 43.369999, 
        "Company": "TROW", 
        "Date": "2006-08-21", 
        "High": 43.959999, 
        "Low": 43.189999, 
        "Open": 43.91, 
        "Volume": 1052700, 
        "day": 21, 
        "month": 8
    }
}