{
    "day": {
        "Adj Close": 34.127351, 
        "Close": 43.110001, 
        "Company": "TROW", 
        "Date": "2006-08-28", 
        "High": 43.389999, 
        "Low": 42.380001, 
        "Open": 42.740002, 
        "Volume": 714700, 
        "day": 28, 
        "month": 8
    }
}