{
    "day": {
        "Adj Close": 3.923044, 
        "Close": 40.875038, 
        "Company": "WBA", 
        "Date": "1994-05-24", 
        "High": 41.124962, 
        "Low": 40.624962, 
        "Open": 41.0, 
        "Volume": 1762400, 
        "day": 2, 
        "week": 21
    }
}