{
    "day": {
        "Adj Close": 25.732866, 
        "Close": 29.780001, 
        "Company": "WBA", 
        "Date": "2009-05-15", 
        "High": 30.129999, 
        "Low": 29.360001, 
        "Open": 30.030001, 
        "Volume": 8843700, 
        "day": 15, 
        "month": 5
    }
}