{
    "day": {
        "Adj Close": 25.836606, 
        "Close": 29.790001, 
        "Company": "WBA", 
        "Date": "2009-05-29", 
        "High": 30.290001, 
        "Low": 29.48, 
        "Open": 30.26, 
        "Volume": 8162800, 
        "day": 29, 
        "month": 5
    }
}