{
    "day": {
        "Adj Close": 41.302732,
        "Close": 42.779999,
        "Company": "LPLA",
        "Date": "2014-11-12",
        "High": 43.150002,
        "Low": 42.5,
        "Open": 42.560001,
        "Volume": 438900,
        "day": 3,
        "week": 46
    }
}