{
    "day": {
        "Adj Close": 46.56118, 
        "Close": 57.84, 
        "Company": "TROW", 
        "Date": "2007-11-27", 
        "High": 58.259998, 
        "Low": 56.209999, 
        "Open": 56.709999, 
        "Volume": 2647800, 
        "day": 27, 
        "month": 11
    }
}