{
    "day": {
        "Adj Close": 49.491378, 
        "Close": 61.48, 
        "Company": "TROW", 
        "Date": "2007-11-30", 
        "High": 62.990002, 
        "Low": 60.82, 
        "Open": 61.330002, 
        "Volume": 2475700, 
        "day": 30, 
        "month": 11
    }
}