{
    "day": {
        "Adj Close": 4.601367, 
        "Close": 47.5, 
        "Company": "WBA", 
        "Date": "1995-01-31", 
        "High": 47.624962, 
        "Low": 47.0, 
        "Open": 47.5, 
        "Volume": 2597600, 
        "day": 2, 
        "week": 5
    }
}