{
    "day": {
        "Adj Close": 1.666099, 
        "Close": 41.75008, 
        "Company": "TROW", 
        "Date": "1992-08-11", 
        "High": 42.75008, 
        "Low": 41.75008, 
        "Open": 42.75008, 
        "Volume": 688000, 
        "day": 2, 
        "week": 33
    }
}