{
    "day": {
        "Adj Close": 1.686046, 
        "Close": 42.24992, 
        "Company": "TROW", 
        "Date": "1992-08-12", 
        "High": 42.24992, 
        "Low": 41.75008, 
        "Open": 41.75008, 
        "Volume": 332800, 
        "day": 3, 
        "week": 33
    }
}