{
    "day": {
        "Adj Close": 1.656119, 
        "Close": 41.5, 
        "Company": "TROW", 
        "Date": "1992-08-13", 
        "High": 42.24992, 
        "Low": 41.5, 
        "Open": 41.75008, 
        "Volume": 368000, 
        "day": 4, 
        "week": 33
    }
}