{
    "day": {
        "Adj Close": 11.846486,
        "Close": 16.5,
        "Company": "SUNS",
        "Date": "2012-05-30",
        "High": 16.709999,
        "Low": 16.5,
        "Open": 16.620001,
        "Volume": 23500,
        "day": 3,
        "week": 22
    }
}