{
    "day": {
        "Adj Close": 11.947001,
        "Close": 16.639999,
        "Company": "SUNS",
        "Date": "2012-05-31",
        "High": 16.700001,
        "Low": 16.4,
        "Open": 16.540001,
        "Volume": 42600,
        "day": 4,
        "week": 22
    }
}