{
    "day": {
        "Adj Close": 4.462182, 
        "Close": 45.875038, 
        "Company": "WBA", 
        "Date": "1995-05-01", 
        "High": 47.25, 
        "Low": 45.75, 
        "Open": 47.0, 
        "Volume": 2684800, 
        "day": 1, 
        "month": 5
    }
}