{
    "day": {
        "Adj Close": 4.681028, 
        "Close": 48.124962, 
        "Company": "WBA", 
        "Date": "1995-05-11", 
        "High": 48.375038, 
        "Low": 47.75, 
        "Open": 48.0, 
        "Volume": 1034400, 
        "day": 11, 
        "month": 5
    }
}