{
    "day": {
        "Adj Close": 4.5782, 
        "Close": 46.875038, 
        "Company": "WBA", 
        "Date": "1995-05-16", 
        "High": 47.375038, 
        "Low": 46.5, 
        "Open": 47.124962, 
        "Volume": 2521600, 
        "day": 16, 
        "month": 5
    }
}