{
    "day": {
        "Adj Close": 29.217687, 
        "Close": 35.189999, 
        "Company": "WBA", 
        "Date": "2004-06-01", 
        "High": 35.200001, 
        "Low": 34.57, 
        "Open": 35.049999, 
        "Volume": 2252600, 
        "day": 2, 
        "week": 23
    }
}