{
    "day": {
        "Adj Close": 18.85354, 
        "Close": 41.57, 
        "Company": "MDLZ", 
        "Date": "2002-06-04", 
        "High": 41.799999, 
        "Low": 40.900002, 
        "Open": 41.220001, 
        "Volume": 2625000, 
        "day": 2, 
        "week": 23
    }
}