{
    "day": {
        "Adj Close": 28.532, 
        "Close": 34.77, 
        "Company": "WBA", 
        "Date": "2002-01-08", 
        "High": 35.240002, 
        "Low": 34.650002, 
        "Open": 34.75, 
        "Volume": 2367000, 
        "day": 2, 
        "week": 2
    }
}