{
    "day": {
        "Adj Close": 72.307294, 
        "Close": 73.93, 
        "Company": "TROW", 
        "Date": "2015-08-20", 
        "High": 75.199997, 
        "Low": 72.0, 
        "Open": 75.199997, 
        "Volume": 1509600, 
        "day": 4, 
        "week": 34
    }
}