{
    "day": {
        "Adj Close": 22.045127, 
        "Close": 26.450001, 
        "Company": "TROW", 
        "Date": "2009-03-13", 
        "High": 26.58, 
        "Low": 24.4, 
        "Open": 26.440001, 
        "Volume": 4829300, 
        "day": 5, 
        "week": 11
    }
}