{
    "day": {
        "Adj Close": 206.899994, 
        "Close": 206.899994, 
        "Company": "TSLA", 
        "Date": "2014-06-05", 
        "High": 209.199997, 
        "Low": 204.050003, 
        "Open": 204.470001, 
        "Volume": 4054600, 
        "day": 5, 
        "month": 6
    }
}