{
    "day": {
        "Adj Close": 208.169998, 
        "Close": 208.169998, 
        "Company": "TSLA", 
        "Date": "2014-06-06", 
        "High": 210.809998, 
        "Low": 207.179993, 
        "Open": 209.75, 
        "Volume": 3073800, 
        "day": 6, 
        "month": 6
    }
}