{
    "day": {
        "Adj Close": 1.54381, 
        "Close": 38.5, 
        "Company": "TROW", 
        "Date": "1992-11-02", 
        "High": 39.0, 
        "Low": 37.75008, 
        "Open": 38.24992, 
        "Volume": 145600, 
        "day": 1, 
        "week": 45
    }
}