{
    "day": {
        "Adj Close": 15.13122, 
        "Close": 31.15, 
        "Company": "MDLZ", 
        "Date": "2005-08-18", 
        "High": 31.290001, 
        "Low": 30.84, 
        "Open": 30.879999, 
        "Volume": 1329200, 
        "day": 18, 
        "month": 8
    }
}