{
    "day": {
        "Adj Close": 15.043784, 
        "Close": 30.969999, 
        "Company": "MDLZ", 
        "Date": "2005-08-23", 
        "High": 31.32, 
        "Low": 30.969999, 
        "Open": 31.049999, 
        "Volume": 1136500, 
        "day": 23, 
        "month": 8
    }
}