{
    "day": {
        "Adj Close": 15.106932, 
        "Close": 31.1, 
        "Company": "MDLZ", 
        "Date": "2005-08-26", 
        "High": 31.18, 
        "Low": 30.91, 
        "Open": 30.969999, 
        "Volume": 3406600, 
        "day": 26, 
        "month": 8
    }
}