{
    "day": {
        "Adj Close": 30.990604, 
        "Close": 33.07, 
        "Company": "WBA", 
        "Date": "2012-11-26", 
        "High": 33.139999, 
        "Low": 32.740002, 
        "Open": 32.939999, 
        "Volume": 4600900, 
        "day": 1, 
        "week": 48
    }
}