{
    "day": {
        "Adj Close": 31.777786, 
        "Close": 33.91, 
        "Company": "WBA", 
        "Date": "2012-11-30", 
        "High": 34.07, 
        "Low": 33.75, 
        "Open": 33.779999, 
        "Volume": 6887100, 
        "day": 5, 
        "week": 48
    }
}