{
    "day": {
        "Adj Close": 31.376476, 
        "Close": 38.200001, 
        "Company": "WBA", 
        "Date": "2002-05-03", 
        "High": 38.400002, 
        "Low": 37.799999, 
        "Open": 37.959999, 
        "Volume": 1672300, 
        "day": 5, 
        "week": 18
    }
}