{
    "day": {
        "Adj Close": 35.646602, 
        "Close": 42.759998, 
        "Company": "WBA", 
        "Date": "2005-04-28", 
        "High": 43.450001, 
        "Low": 42.630001, 
        "Open": 43.0, 
        "Volume": 3021800, 
        "day": 118, 
        "year": 2005
    }
}