{
    "day": {
        "Adj Close": 38.367282, 
        "Close": 45.970001, 
        "Company": "WBA", 
        "Date": "2005-05-20", 
        "High": 46.380001, 
        "Low": 45.73, 
        "Open": 46.380001, 
        "Volume": 2760300, 
        "day": 140, 
        "year": 2005
    }
}