{
    "day": {
        "Adj Close": 38.559244, 
        "Close": 46.200001, 
        "Company": "WBA", 
        "Date": "2005-06-02", 
        "High": 46.259998, 
        "Low": 45.720001, 
        "Open": 45.75, 
        "Volume": 2796300, 
        "day": 153, 
        "year": 2005
    }
}