{
    "day": {
        "Adj Close": 37.407473, 
        "Close": 44.82, 
        "Company": "WBA", 
        "Date": "2005-06-23", 
        "High": 45.5, 
        "Low": 44.450001, 
        "Open": 45.450001, 
        "Volume": 2450800, 
        "day": 174, 
        "year": 2005
    }
}