{
    "day": {
        "Adj Close": 35.826815, 
        "Close": 43.029999, 
        "Company": "WBA", 
        "Date": "2005-01-19", 
        "High": 43.099998, 
        "Low": 42.669998, 
        "Open": 43.080002, 
        "Volume": 5319800, 
        "day": 19, 
        "year": 2005
    }
}