{
    "day": {
        "Adj Close": 40.019821, 
        "Close": 47.950001, 
        "Company": "WBA", 
        "Date": "2005-08-01", 
        "High": 48.57, 
        "Low": 47.82, 
        "Open": 48.32, 
        "Volume": 2472200, 
        "day": 213, 
        "year": 2005
    }
}