{
    "day": {
        "Adj Close": 39.460627, 
        "Close": 47.279999, 
        "Company": "WBA", 
        "Date": "2005-08-08", 
        "High": 47.549999, 
        "Low": 47.139999, 
        "Open": 47.369999, 
        "Volume": 2311200, 
        "day": 220, 
        "year": 2005
    }
}