{
    "day": {
        "Adj Close": 40.228475, 
        "Close": 48.200001, 
        "Company": "WBA", 
        "Date": "2005-08-10", 
        "High": 49.009998, 
        "Low": 48.029999, 
        "Open": 48.23, 
        "Volume": 2931700, 
        "day": 222, 
        "year": 2005
    }
}