{
    "day": {
        "Adj Close": 40.345321, 
        "Close": 48.34, 
        "Company": "WBA", 
        "Date": "2005-08-11", 
        "High": 48.610001, 
        "Low": 47.900002, 
        "Open": 48.200001, 
        "Volume": 2398700, 
        "day": 223, 
        "year": 2005
    }
}