{
    "day": {
        "Adj Close": 39.606762, 
        "Close": 47.389999, 
        "Company": "WBA", 
        "Date": "2005-08-18", 
        "High": 47.799999, 
        "Low": 47.299999, 
        "Open": 47.450001, 
        "Volume": 1979500, 
        "day": 230, 
        "year": 2005
    }
}