{
    "day": {
        "Adj Close": 38.687425, 
        "Close": 46.290001, 
        "Company": "WBA", 
        "Date": "2005-08-24", 
        "High": 47.209999, 
        "Low": 46.259998, 
        "Open": 47.080002, 
        "Volume": 2934800, 
        "day": 236, 
        "year": 2005
    }
}