{
    "day": {
        "Adj Close": 38.729212, 
        "Close": 46.34, 
        "Company": "WBA", 
        "Date": "2005-08-29", 
        "High": 46.450001, 
        "Low": 45.75, 
        "Open": 46.099998, 
        "Volume": 2102800, 
        "day": 241, 
        "year": 2005
    }
}