{
    "day": {
        "Adj Close": 38.720856, 
        "Close": 46.330002, 
        "Company": "WBA", 
        "Date": "2005-08-31", 
        "High": 46.349998, 
        "Low": 45.150002, 
        "Open": 45.669998, 
        "Volume": 3712600, 
        "day": 243, 
        "year": 2005
    }
}