{
    "day": {
        "Adj Close": 38.236113, 
        "Close": 45.75, 
        "Company": "WBA", 
        "Date": "2005-09-01", 
        "High": 46.75, 
        "Low": 45.490002, 
        "Open": 46.220001, 
        "Volume": 3735700, 
        "day": 244, 
        "year": 2005
    }
}