{
    "day": {
        "Adj Close": 37.542429, 
        "Close": 44.919998, 
        "Company": "WBA", 
        "Date": "2005-09-13", 
        "High": 45.599998, 
        "Low": 44.799999, 
        "Open": 45.5, 
        "Volume": 3025100, 
        "day": 256, 
        "year": 2005
    }
}