{
    "day": {
        "Adj Close": 37.149623, 
        "Close": 44.450001, 
        "Company": "WBA", 
        "Date": "2005-09-15", 
        "High": 44.93, 
        "Low": 44.240002, 
        "Open": 44.709999, 
        "Volume": 2207100, 
        "day": 258, 
        "year": 2005
    }
}