{
    "day": {
        "Adj Close": 37.224841, 
        "Close": 44.540001, 
        "Company": "WBA", 
        "Date": "2005-09-19", 
        "High": 45.220001, 
        "Low": 44.380001, 
        "Open": 45.209999, 
        "Volume": 2514500, 
        "day": 262, 
        "year": 2005
    }
}