{
    "day": {
        "Adj Close": 35.603461, 
        "Close": 42.599998, 
        "Company": "WBA", 
        "Date": "2005-09-28", 
        "High": 43.470001, 
        "Low": 42.529999, 
        "Open": 43.310001, 
        "Volume": 5120000, 
        "day": 271, 
        "year": 2005
    }
}