{
    "day": {
        "Adj Close": 36.890535, 
        "Close": 44.139999, 
        "Company": "WBA", 
        "Date": "2005-10-04", 
        "High": 44.779999, 
        "Low": 43.68, 
        "Open": 43.740002, 
        "Volume": 5577200, 
        "day": 277, 
        "year": 2005
    }
}