{
    "day": {
        "Adj Close": 36.80696, 
        "Close": 44.040001, 
        "Company": "WBA", 
        "Date": "2005-10-10", 
        "High": 44.34, 
        "Low": 43.73, 
        "Open": 43.830002, 
        "Volume": 3710200, 
        "day": 283, 
        "year": 2005
    }
}