{
    "day": {
        "Adj Close": 38.152538, 
        "Close": 45.650002, 
        "Company": "WBA", 
        "Date": "2005-10-19", 
        "High": 45.700001, 
        "Low": 43.360001, 
        "Open": 43.540001, 
        "Volume": 5389700, 
        "day": 292, 
        "year": 2005
    }
}