{
    "day": {
        "Adj Close": 35.477124, 
        "Close": 42.610001, 
        "Company": "WBA", 
        "Date": "2005-01-31", 
        "High": 43.189999, 
        "Low": 42.419998, 
        "Open": 42.98, 
        "Volume": 2358800, 
        "day": 31, 
        "year": 2005
    }
}