{
    "day": {
        "Adj Close": 39.503402, 
        "Close": 47.200001, 
        "Company": "WBA", 
        "Date": "2005-11-10", 
        "High": 47.25, 
        "Low": 45.98, 
        "Open": 46.400002, 
        "Volume": 3105700, 
        "day": 314, 
        "year": 2005
    }
}