{
    "day": {
        "Adj Close": 39.863285, 
        "Close": 47.630001, 
        "Company": "WBA", 
        "Date": "2005-11-28", 
        "High": 47.880001, 
        "Low": 47.139999, 
        "Open": 47.799999, 
        "Volume": 2790900, 
        "day": 332, 
        "year": 2005
    }
}