{
    "day": {
        "Adj Close": 39.218844, 
        "Close": 46.860001, 
        "Company": "WBA", 
        "Date": "2005-12-14", 
        "High": 46.950001, 
        "Low": 46.119999, 
        "Open": 46.279999, 
        "Volume": 2549700, 
        "day": 348, 
        "year": 2005
    }
}