{
    "day": {
        "Adj Close": 37.051178, 
        "Close": 44.27, 
        "Company": "WBA", 
        "Date": "2005-12-27", 
        "High": 44.970001, 
        "Low": 44.18, 
        "Open": 44.900002, 
        "Volume": 3194200, 
        "day": 361, 
        "year": 2005
    }
}