{
    "day": {
        "Adj Close": 36.772023, 
        "Close": 44.110001, 
        "Company": "WBA", 
        "Date": "2005-03-11", 
        "High": 44.34, 
        "Low": 43.75, 
        "Open": 44.080002, 
        "Volume": 1766000, 
        "day": 70, 
        "year": 2005
    }
}