{
    "day": {
        "Adj Close": 37.513965, 
        "Close": 45.0, 
        "Company": "WBA", 
        "Date": "2005-03-30", 
        "High": 45.5, 
        "Low": 44.450001, 
        "Open": 44.599998, 
        "Volume": 4341900, 
        "day": 89, 
        "year": 2005
    }
}