{
    "day": {
        "Adj Close": 37.19718, 
        "Close": 44.619999, 
        "Company": "WBA", 
        "Date": "2005-04-05", 
        "High": 44.830002, 
        "Low": 44.169998, 
        "Open": 44.169998, 
        "Volume": 2427300, 
        "day": 95, 
        "year": 2005
    }
}