{
    "day": {
        "Adj Close": 44.240002,
        "Close": 44.240002,
        "Company": "TCBI",
        "Date": "2015-01-15",
        "High": 45.77,
        "Low": 44.18,
        "Open": 44.98,
        "Volume": 965000,
        "day": 15,
        "month": 1
    }
}