{
    "day": {
        "Adj Close": 45.02,
        "Close": 45.02,
        "Company": "TCBI",
        "Date": "2015-01-21",
        "High": 46.490002,
        "Low": 44.869999,
        "Open": 45.419998,
        "Volume": 870100,
        "day": 21,
        "month": 1
    }
}