{
    "day": {
        "Adj Close": 14.488207,
        "Close": 17.77,
        "Company": "SUNS",
        "Date": "2014-02-03",
        "High": 18.200001,
        "Low": 17.76,
        "Open": 18.01,
        "Volume": 59100,
        "day": 1,
        "week": 6
    }
}