{
    "day": {
        "Adj Close": 15.296738, 
        "Close": 27.43, 
        "Company": "MDLZ", 
        "Date": "2009-07-17", 
        "High": 27.940001, 
        "Low": 27.27, 
        "Open": 27.809999, 
        "Volume": 7977700, 
        "day": 17, 
        "month": 7
    }
}