{
    "day": {
        "Adj Close": 1.329867, 
        "Close": 33.5, 
        "Company": "TROW", 
        "Date": "1992-04-29", 
        "High": 34.0, 
        "Low": 32.75008, 
        "Open": 33.24992, 
        "Volume": 6241600, 
        "day": 3, 
        "week": 18
    }
}