{
    "day": {
        "Adj Close": 1.409262, 
        "Close": 35.5, 
        "Company": "TROW", 
        "Date": "1992-05-01", 
        "High": 35.5, 
        "Low": 33.75008, 
        "Open": 34.124962, 
        "Volume": 558400, 
        "day": 5, 
        "week": 18
    }
}