{
    "day": {
        "Adj Close": 32.404825, 
        "Close": 38.919998, 
        "Company": "WBA", 
        "Date": "2004-12-02", 
        "High": 39.240002, 
        "Low": 38.599998, 
        "Open": 38.75, 
        "Volume": 2874100, 
        "day": 4, 
        "week": 49
    }
}