{
    "day": {
        "Adj Close": 21.200001,
        "Close": 21.200001,
        "Company": "TCBI",
        "Date": "2007-04-27",
        "High": 21.280001,
        "Low": 21.0,
        "Open": 21.1,
        "Volume": 62000,
        "day": 5,
        "week": 17
    }
}