{
    "day": {
        "Adj Close": 48.57,
        "Close": 48.57,
        "Company": "TCBI",
        "Date": "2015-03-26",
        "High": 48.610001,
        "Low": 47.549999,
        "Open": 48.209999,
        "Volume": 332600,
        "day": 26,
        "month": 3
    }
}