{
    "day": {
        "Adj Close": 47.389999,
        "Close": 47.389999,
        "Company": "TCBI",
        "Date": "2015-03-04",
        "High": 47.529999,
        "Low": 46.889999,
        "Open": 47.169998,
        "Volume": 420400,
        "day": 4,
        "month": 3
    }
}