{
    "day": {
        "Adj Close": 15.418055, 
        "Close": 32.73, 
        "Company": "MDLZ", 
        "Date": "2004-03-18", 
        "High": 32.970001, 
        "Low": 32.59, 
        "Open": 32.970001, 
        "Volume": 645200, 
        "day": 18, 
        "month": 3
    }
}