{
    "day": {
        "Adj Close": 14.937566, 
        "Close": 31.709999, 
        "Company": "MDLZ", 
        "Date": "2004-03-30", 
        "High": 31.76, 
        "Low": 30.879999, 
        "Open": 30.879999, 
        "Volume": 1829200, 
        "day": 30, 
        "month": 3
    }
}