{
    "day": {
        "Adj Close": 4.55945, 
        "Close": 46.875038, 
        "Company": "WBA", 
        "Date": "1995-04-17", 
        "High": 47.624962, 
        "Low": 46.75, 
        "Open": 47.624962, 
        "Volume": 1482400, 
        "day": 17, 
        "month": 4
    }
}