{
    "day": {
        "Adj Close": 4.535126, 
        "Close": 46.624962, 
        "Company": "WBA", 
        "Date": "1995-04-18", 
        "High": 47.25, 
        "Low": 46.5, 
        "Open": 46.875038, 
        "Volume": 1219200, 
        "day": 18, 
        "month": 4
    }
}