{
    "day": {
        "Adj Close": 4.644556, 
        "Close": 47.75, 
        "Company": "WBA", 
        "Date": "1995-04-04", 
        "High": 47.875038, 
        "Low": 47.5, 
        "Open": 47.624962, 
        "Volume": 1835200, 
        "day": 4, 
        "month": 4
    }
}