{
    "day": {
        "Adj Close": 34.316007, 
        "Close": 35.009998, 
        "Company": "MDLZ", 
        "Date": "2015-03-24", 
        "High": 35.630001, 
        "Low": 34.950001, 
        "Open": 35.470001, 
        "Volume": 8390700, 
        "day": 2, 
        "week": 13
    }
}