{
    "day": {
        "Adj Close": 0.632918, 
        "Close": 16.5, 
        "Company": "TROW", 
        "Date": "1990-10-12", 
        "High": 16.75008, 
        "Low": 16.24992, 
        "Open": 16.24992, 
        "Volume": 1712000, 
        "day": 5, 
        "week": 41
    }
}