{
    "day": {
        "Adj Close": 34.800043, 
        "Close": 35.799999, 
        "Company": "MDLZ", 
        "Date": "2014-08-13", 
        "High": 35.919998, 
        "Low": 35.68, 
        "Open": 35.68, 
        "Volume": 4901700, 
        "day": 13, 
        "month": 8
    }
}