{
    "day": {
        "Adj Close": 34.702837, 
        "Close": 35.700001, 
        "Company": "MDLZ", 
        "Date": "2014-08-14", 
        "High": 35.900002, 
        "Low": 35.639999, 
        "Open": 35.790001, 
        "Volume": 4682800, 
        "day": 14, 
        "month": 8
    }
}