{
    "day": {
        "Adj Close": 35.140269, 
        "Close": 36.150002, 
        "Company": "MDLZ", 
        "Date": "2014-08-25", 
        "High": 36.220001, 
        "Low": 36.0, 
        "Open": 36.16, 
        "Volume": 3616200, 
        "day": 25, 
        "month": 8
    }
}