{
    "day": {
        "Adj Close": 35.227755, 
        "Close": 36.240002, 
        "Company": "MDLZ", 
        "Date": "2014-08-27", 
        "High": 36.240002, 
        "Low": 36.0, 
        "Open": 36.099998, 
        "Volume": 3703000, 
        "day": 27, 
        "month": 8
    }
}