{
    "day": {
        "Adj Close": 35.276358, 
        "Close": 36.290001, 
        "Company": "MDLZ", 
        "Date": "2014-08-28", 
        "High": 36.439999, 
        "Low": 36.060001, 
        "Open": 36.18, 
        "Volume": 3642000, 
        "day": 28, 
        "month": 8
    }
}