{
    "day": {
        "Adj Close": 34.955573, 
        "Close": 35.959999, 
        "Company": "MDLZ", 
        "Date": "2014-08-05", 
        "High": 36.43, 
        "Low": 35.790001, 
        "Open": 36.209999, 
        "Volume": 15630600, 
        "day": 5, 
        "month": 8
    }
}