{
    "day": {
        "Adj Close": 1.975405, 
        "Close": 44.24992, 
        "Company": "WBA", 
        "Date": "1989-12-13", 
        "High": 44.875038, 
        "Low": 43.375038, 
        "Open": 44.875038, 
        "Volume": 1878400, 
        "day": 13, 
        "month": 12
    }
}