{
    "day": {
        "Adj Close": 1.941927, 
        "Close": 43.5, 
        "Company": "WBA", 
        "Date": "1989-12-08", 
        "High": 43.5, 
        "Low": 42.5, 
        "Open": 42.624962, 
        "Volume": 1097600, 
        "day": 8, 
        "month": 12
    }
}