{
    "day": {
        "Adj Close": 14.696285,
        "Close": 18.26,
        "Company": "SUNS",
        "Date": "2013-12-13",
        "High": 18.35,
        "Low": 18.1,
        "Open": 18.209999,
        "Volume": 27500,
        "day": 13,
        "month": 12
    }
}