{
    "day": {
        "Adj Close": 14.913067,
        "Close": 18.41,
        "Company": "SUNS",
        "Date": "2013-12-27",
        "High": 18.67,
        "Low": 18.200001,
        "Open": 18.67,
        "Volume": 36700,
        "day": 27,
        "month": 12
    }
}