{
    "day": {
        "Adj Close": 42.335545, 
        "Close": 42.849998, 
        "Company": "MDLZ", 
        "Date": "2015-09-21", 
        "High": 43.099998, 
        "Low": 42.73, 
        "Open": 42.98, 
        "Volume": 6328700, 
        "day": 1, 
        "week": 39
    }
}