{
    "day": {
        "Adj Close": 65.300003, 
        "Close": 65.300003, 
        "Company": "FANG", 
        "Date": "2015-01-14", 
        "High": 66.0, 
        "Low": 61.299999, 
        "Open": 61.490002, 
        "Volume": 2873500, 
        "day": 14, 
        "month": 1
    }
}