{
    "day": {
        "Adj Close": 68.970001, 
        "Close": 68.970001, 
        "Company": "FANG", 
        "Date": "2015-01-27", 
        "High": 70.830002, 
        "Low": 67.529999, 
        "Open": 67.68, 
        "Volume": 1336600, 
        "day": 27, 
        "month": 1
    }
}