{
    "day": {
        "Adj Close": 66.080002, 
        "Close": 66.080002, 
        "Company": "FANG", 
        "Date": "2015-01-28", 
        "High": 68.550003, 
        "Low": 65.339996, 
        "Open": 68.099998, 
        "Volume": 1225500, 
        "day": 28, 
        "month": 1
    }
}