{
    "day": {
        "Adj Close": 16.77825, 
        "Close": 32.759998, 
        "Company": "MDLZ", 
        "Date": "2007-04-16", 
        "High": 33.02, 
        "Low": 32.630001, 
        "Open": 33.0, 
        "Volume": 27618000, 
        "day": 1, 
        "week": 16
    }
}