{
    "day": {
        "Adj Close": 16.849953, 
        "Close": 32.900002, 
        "Company": "MDLZ", 
        "Date": "2007-04-17", 
        "High": 32.950001, 
        "Low": 32.290001, 
        "Open": 32.48, 
        "Volume": 18776200, 
        "day": 2, 
        "week": 16
    }
}