{
    "day": {
        "Adj Close": 18.040517, 
        "Close": 31.049999, 
        "Company": "MDLZ", 
        "Date": "2010-09-14", 
        "High": 31.17, 
        "Low": 30.790001, 
        "Open": 30.85, 
        "Volume": 6255200, 
        "day": 2, 
        "week": 37
    }
}