{
    "day": {
        "Adj Close": 42.632613, 
        "Close": 50.580002, 
        "Company": "TROW", 
        "Date": "2009-11-10", 
        "High": 51.259998, 
        "Low": 50.32, 
        "Open": 50.360001, 
        "Volume": 2809600, 
        "day": 10, 
        "month": 11
    }
}