{
    "day": {
        "Adj Close": 31.38826, 
        "Close": 37.66, 
        "Company": "TROW", 
        "Date": "2009-05-21", 
        "High": 38.080002, 
        "Low": 36.970001, 
        "Open": 37.369999, 
        "Volume": 4301500, 
        "day": 4, 
        "week": 21
    }
}