{
    "day": {
        "Adj Close": 31.796658, 
        "Close": 38.150002, 
        "Company": "TROW", 
        "Date": "2009-05-22", 
        "High": 38.939999, 
        "Low": 37.27, 
        "Open": 37.759998, 
        "Volume": 2520300, 
        "day": 5, 
        "week": 21
    }
}