{
    "day": {
        "Adj Close": 17.09128, 
        "Close": 29.709999, 
        "Company": "MDLZ", 
        "Date": "2010-06-15", 
        "High": 29.719999, 
        "Low": 29.290001, 
        "Open": 29.379999, 
        "Volume": 9425100, 
        "day": 2, 
        "week": 24
    }
}