{
    "day": {
        "Adj Close": 17.102786, 
        "Close": 29.73, 
        "Company": "MDLZ", 
        "Date": "2010-06-16", 
        "High": 29.76, 
        "Low": 29.43, 
        "Open": 29.610001, 
        "Volume": 7395300, 
        "day": 3, 
        "week": 24
    }
}