{
    "day": {
        "Adj Close": 15.127499, 
        "Close": 26.83, 
        "Company": "MDLZ", 
        "Date": "2009-12-15", 
        "High": 27.01, 
        "Low": 26.799999, 
        "Open": 27.01, 
        "Volume": 6602000, 
        "day": 2, 
        "week": 51
    }
}