{
    "day": {
        "Adj Close": 29.427251, 
        "Close": 35.900002, 
        "Company": "WBA", 
        "Date": "2001-08-22", 
        "High": 36.220001, 
        "Low": 34.900002, 
        "Open": 35.5, 
        "Volume": 2971100, 
        "day": 3, 
        "week": 34
    }
}