{
    "day": {
        "Adj Close": 1.550801, 
        "Close": 36.624962, 
        "Company": "WBA", 
        "Date": "1987-02-02", 
        "High": 36.875038, 
        "Low": 35.5, 
        "Open": 35.5, 
        "Volume": 1462400, 
        "day": 1, 
        "week": 6
    }
}