{
    "day": {
        "Adj Close": 13.372276,
        "Close": 17.000005,
        "Company": "SONA",
        "Date": "2006-11-08",
        "High": 17.099996,
        "Low": 16.989995,
        "Open": 17.099996,
        "Volume": 2700,
        "day": 312,
        "year": 2006
    }
}