{
    "day": {
        "Adj Close": 13.293615,
        "Close": 16.900004,
        "Company": "SONA",
        "Date": "2006-11-30",
        "High": 16.900004,
        "Low": 16.600001,
        "Open": 16.600001,
        "Volume": 15100,
        "day": 334,
        "year": 2006
    }
}