{
    "day": {
        "Adj Close": 12.845244,
        "Close": 16.329996,
        "Company": "SONA",
        "Date": "2006-12-15",
        "High": 16.329996,
        "Low": 16.250003,
        "Open": 16.250003,
        "Volume": 1200,
        "day": 349,
        "year": 2006
    }
}