{
    "day": {
        "Adj Close": 12.939644,
        "Close": 16.450005,
        "Company": "SONA",
        "Date": "2006-12-18",
        "High": 16.600001,
        "Low": 16.39,
        "Open": 16.600001,
        "Volume": 4400,
        "day": 352,
        "year": 2006
    }
}