{
    "day": {
        "Adj Close": 13.057631,
        "Close": 16.600001,
        "Company": "SONA",
        "Date": "2006-12-21",
        "High": 16.600001,
        "Low": 16.419997,
        "Open": 16.5,
        "Volume": 7000,
        "day": 355,
        "year": 2006
    }
}