{
    "day": {
        "Adj Close": 16.598963, 
        "Close": 29.129999, 
        "Company": "MDLZ", 
        "Date": "2010-02-23", 
        "High": 29.370001, 
        "Low": 28.92, 
        "Open": 29.07, 
        "Volume": 27848300, 
        "day": 2, 
        "week": 8
    }
}