{
    "day": {
        "Adj Close": 16.553378, 
        "Close": 29.049999, 
        "Company": "MDLZ", 
        "Date": "2010-02-24", 
        "High": 29.299999, 
        "Low": 28.99, 
        "Open": 29.200001, 
        "Volume": 22312000, 
        "day": 3, 
        "week": 8
    }
}