{
    "day": {
        "Adj Close": 30.4, 
        "Close": 30.4, 
        "Company": "TSLA", 
        "Date": "2012-07-02", 
        "High": 31.799999, 
        "Low": 30.190001, 
        "Open": 31.35, 
        "Volume": 1315600, 
        "day": 1, 
        "week": 27
    }
}