{
    "day": {
        "Adj Close": 27.801674, 
        "Close": 33.880001, 
        "Company": "WBA", 
        "Date": "2001-12-28", 
        "High": 34.32, 
        "Low": 33.720001, 
        "Open": 33.959999, 
        "Volume": 1759400, 
        "day": 5, 
        "week": 52
    }
}