{
    "day": {
        "Adj Close": 11.950952,
        "Close": 16.950001,
        "Company": "SUNS",
        "Date": "2012-03-13",
        "High": 17.040001,
        "Low": 16.74,
        "Open": 17.040001,
        "Volume": 22100,
        "day": 2,
        "week": 11
    }
}