{
    "day": {
        "Adj Close": 11.824039,
        "Close": 16.77,
        "Company": "SUNS",
        "Date": "2012-03-14",
        "High": 17.09,
        "Low": 16.620001,
        "Open": 16.940001,
        "Volume": 14700,
        "day": 3,
        "week": 11
    }
}