{
    "day": {
        "Adj Close": 17.674524, 
        "Close": 34.509998, 
        "Company": "MDLZ", 
        "Date": "2007-06-12", 
        "High": 34.669998, 
        "Low": 34.330002, 
        "Open": 34.5, 
        "Volume": 14028400, 
        "day": 2, 
        "week": 24
    }
}