{
    "day": {
        "Adj Close": 18.08425, 
        "Close": 35.310001, 
        "Company": "MDLZ", 
        "Date": "2007-06-15", 
        "High": 35.59, 
        "Low": 35.200001, 
        "Open": 35.419998, 
        "Volume": 15183000, 
        "day": 5, 
        "week": 24
    }
}