{
    "day": {
        "Adj Close": 33.832322, 
        "Close": 35.080002, 
        "Company": "MDLZ", 
        "Date": "2014-03-10", 
        "High": 35.200001, 
        "Low": 34.849998, 
        "Open": 35.16, 
        "Volume": 9061600, 
        "day": 10, 
        "month": 3
    }
}