{
    "day": {
        "Adj Close": 33.658724, 
        "Close": 34.900002, 
        "Company": "MDLZ", 
        "Date": "2014-03-12", 
        "High": 34.93, 
        "Low": 34.459999, 
        "Open": 34.669998, 
        "Volume": 12576000, 
        "day": 12, 
        "month": 3
    }
}