{
    "day": {
        "Adj Close": 33.070419, 
        "Close": 34.290001, 
        "Company": "MDLZ", 
        "Date": "2014-03-25", 
        "High": 34.459999, 
        "Low": 33.950001, 
        "Open": 34.049999, 
        "Volume": 7576700, 
        "day": 25, 
        "month": 3
    }
}