{
    "day": {
        "Adj Close": 52.365829, 
        "Close": 54.849998, 
        "Company": "WBA", 
        "Date": "2013-09-25", 
        "High": 55.619999, 
        "Low": 54.669998, 
        "Open": 55.349998, 
        "Volume": 9682100, 
        "day": 3, 
        "week": 39
    }
}