{
    "day": {
        "Adj Close": 93.259016, 
        "Close": 94.480003, 
        "Company": "WBA", 
        "Date": "2015-07-13", 
        "High": 94.900002, 
        "Low": 93.010002, 
        "Open": 93.809998, 
        "Volume": 5749700, 
        "day": 13, 
        "month": 7
    }
}