{
    "day": {
        "Adj Close": 93.110953, 
        "Close": 94.330002, 
        "Company": "WBA", 
        "Date": "2015-07-14", 
        "High": 94.800003, 
        "Low": 94.029999, 
        "Open": 94.760002, 
        "Volume": 2969000, 
        "day": 14, 
        "month": 7
    }
}