{
    "day": {
        "Adj Close": 95.391097, 
        "Close": 96.639999, 
        "Company": "WBA", 
        "Date": "2015-07-22", 
        "High": 97.019997, 
        "Low": 96.089996, 
        "Open": 96.730003, 
        "Volume": 3641900, 
        "day": 22, 
        "month": 7
    }
}