{
    "day": {
        "Adj Close": 93.880871, 
        "Close": 95.110001, 
        "Company": "WBA", 
        "Date": "2015-07-24", 
        "High": 95.93, 
        "Low": 94.879997, 
        "Open": 95.610001, 
        "Volume": 2300900, 
        "day": 24, 
        "month": 7
    }
}