{
    "day": {
        "Adj Close": 95.331875, 
        "Close": 96.580002, 
        "Company": "WBA", 
        "Date": "2015-07-29", 
        "High": 97.269997, 
        "Low": 95.580002, 
        "Open": 95.639999, 
        "Volume": 3829100, 
        "day": 29, 
        "month": 7
    }
}