{
    "day": {
        "Adj Close": 30.018666, 
        "Close": 31.530001, 
        "Company": "MDLZ", 
        "Date": "2013-04-22", 
        "High": 31.65, 
        "Low": 31.26, 
        "Open": 31.4, 
        "Volume": 12892700, 
        "day": 22, 
        "month": 4
    }
}