{
    "day": {
        "Adj Close": 29.942501, 
        "Close": 31.450001, 
        "Company": "MDLZ", 
        "Date": "2013-04-30", 
        "High": 31.690001, 
        "Low": 31.299999, 
        "Open": 31.51, 
        "Volume": 10107900, 
        "day": 30, 
        "month": 4
    }
}