{
    "day": {
        "Adj Close": 43.040001,
        "Close": 43.040001,
        "Company": "TCBI",
        "Date": "2015-01-22",
        "High": 44.189999,
        "Low": 41.279999,
        "Open": 43.599998,
        "Volume": 3189500,
        "day": 4,
        "week": 4
    }
}