{
    "day": {
        "Adj Close": 43.290001,
        "Close": 43.290001,
        "Company": "TCBI",
        "Date": "2015-01-23",
        "High": 43.740002,
        "Low": 42.330002,
        "Open": 42.790001,
        "Volume": 1142200,
        "day": 5,
        "week": 4
    }
}