{
    "day": {
        "Adj Close": 4.049684, 
        "Close": 42.0, 
        "Company": "WBA", 
        "Date": "1994-11-02", 
        "High": 42.124962, 
        "Low": 40.375038, 
        "Open": 40.75, 
        "Volume": 4380800, 
        "day": 2, 
        "month": 11
    }
}