{
    "day": {
        "Adj Close": 13.364441, 
        "Close": 36.889999, 
        "Company": "TROW", 
        "Date": "2001-06-06", 
        "High": 37.560001, 
        "Low": 36.700001, 
        "Open": 37.549999, 
        "Volume": 752000, 
        "day": 3, 
        "week": 23
    }
}