{
    "day": {
        "Adj Close": 1.166165, 
        "Close": 27.12496, 
        "Company": "WBA", 
        "Date": "1987-12-01", 
        "High": 27.24992, 
        "Low": 26.37504, 
        "Open": 26.37504, 
        "Volume": 1707200, 
        "day": 1, 
        "month": 12
    }
}