{
    "day": {
        "Adj Close": 1.284398, 
        "Close": 29.87504, 
        "Company": "WBA", 
        "Date": "1987-12-10", 
        "High": 30.24992, 
        "Low": 28.75008, 
        "Open": 29.0, 
        "Volume": 2040000, 
        "day": 10, 
        "month": 12
    }
}