{
    "day": {
        "Adj Close": 1.402623, 
        "Close": 32.624962, 
        "Company": "WBA", 
        "Date": "1987-12-21", 
        "High": 32.75008, 
        "Low": 32.24992, 
        "Open": 32.375038, 
        "Volume": 872000, 
        "day": 21, 
        "month": 12
    }
}