{
    "day": {
        "Adj Close": 17.147463, 
        "Close": 32.700001, 
        "Company": "MDLZ", 
        "Date": "2008-01-10", 
        "High": 32.849998, 
        "Low": 31.610001, 
        "Open": 31.610001, 
        "Volume": 9782700, 
        "day": 4, 
        "week": 2
    }
}