{
    "day": {
        "Adj Close": 36.576507, 
        "Close": 37.77, 
        "Company": "MDLZ", 
        "Date": "2014-06-02", 
        "High": 37.919998, 
        "Low": 37.439999, 
        "Open": 37.540001, 
        "Volume": 5895100, 
        "day": 1, 
        "week": 23
    }
}