{
    "day": {
        "Adj Close": 37.02197, 
        "Close": 38.23, 
        "Company": "MDLZ", 
        "Date": "2014-06-06", 
        "High": 38.400002, 
        "Low": 38.139999, 
        "Open": 38.400002, 
        "Volume": 4569900, 
        "day": 5, 
        "week": 23
    }
}