{
    "day": {
        "Adj Close": 1.781195, 
        "Close": 44.0, 
        "Company": "TROW", 
        "Date": "1993-06-15", 
        "High": 44.0, 
        "Low": 43.24992, 
        "Open": 43.75008, 
        "Volume": 291200, 
        "day": 2, 
        "week": 24
    }
}