{
    "day": {
        "Adj Close": 15.304378, 
        "Close": 32.09, 
        "Company": "MDLZ", 
        "Date": "2004-09-16", 
        "High": 32.09, 
        "Low": 31.799999, 
        "Open": 31.879999, 
        "Volume": 902500, 
        "day": 4, 
        "week": 38
    }
}