{
    "day": {
        "Adj Close": 13.666056, 
        "Close": 38.781239, 
        "Company": "TROW", 
        "Date": "1999-06-02", 
        "High": 38.9375, 
        "Low": 37.875, 
        "Open": 38.75, 
        "Volume": 857600, 
        "day": 2, 
        "month": 6
    }
}