{
    "day": {
        "Adj Close": 29.247603,
        "Close": 31.34,
        "Company": "LPLA",
        "Date": "2013-03-25",
        "High": 32.619999,
        "Low": 31.17,
        "Open": 32.369999,
        "Volume": 621900,
        "day": 1,
        "week": 13
    }
}