{
    "day": {
        "Adj Close": 30.087517,
        "Close": 32.240002,
        "Company": "LPLA",
        "Date": "2013-03-28",
        "High": 32.560001,
        "Low": 31.73,
        "Open": 32.09,
        "Volume": 511600,
        "day": 4,
        "week": 13
    }
}