{
    "day": {
        "Adj Close": 4.613473, 
        "Close": 47.624962, 
        "Company": "WBA", 
        "Date": "1995-02-09", 
        "High": 48.0, 
        "Low": 47.5, 
        "Open": 47.75, 
        "Volume": 1741600, 
        "day": 4, 
        "week": 6
    }
}