{
    "day": {
        "Adj Close": 45.959999,
        "Close": 45.959999,
        "Company": "TCBI",
        "Date": "2013-07-30",
        "High": 47.029999,
        "Low": 45.77,
        "Open": 46.759998,
        "Volume": 498100,
        "day": 2,
        "week": 31
    }
}