{
    "day": {
        "Adj Close": 56.343933, 
        "Close": 58.709999, 
        "Company": "WBA", 
        "Date": "2013-12-03", 
        "High": 58.91, 
        "Low": 58.189999, 
        "Open": 58.889999, 
        "Volume": 5314600, 
        "day": 2, 
        "week": 49
    }
}