{
    "day": {
        "Adj Close": 55.249877, 
        "Close": 57.57, 
        "Company": "WBA", 
        "Date": "2013-12-04", 
        "High": 58.610001, 
        "Low": 57.299999, 
        "Open": 58.599998, 
        "Volume": 7922500, 
        "day": 3, 
        "week": 49
    }
}