{
    "day": {
        "Adj Close": 1.880543, 
        "Close": 42.124962, 
        "Company": "WBA", 
        "Date": "1990-01-17", 
        "High": 43.124962, 
        "Low": 41.75008, 
        "Open": 43.124962, 
        "Volume": 3476800, 
        "day": 3, 
        "week": 3
    }
}