{
    "day": {
        "Adj Close": 19.059999,
        "Close": 19.059999,
        "Company": "TCBI",
        "Date": "2005-06-23",
        "High": 19.360001,
        "Low": 18.719999,
        "Open": 19.360001,
        "Volume": 117600,
        "day": 4,
        "week": 25
    }
}