{
    "day": {
        "Adj Close": 87.827911, 
        "Close": 88.629997, 
        "Company": "WBA", 
        "Date": "2015-10-22", 
        "High": 89.260002, 
        "Low": 87.849998, 
        "Open": 87.879997, 
        "Volume": 4298200, 
        "day": 4, 
        "week": 43
    }
}