{
    "day": {
        "Adj Close": 19.77,
        "Close": 19.77,
        "Company": "TCBI",
        "Date": "2006-12-11",
        "High": 19.969999,
        "Low": 19.700001,
        "Open": 19.700001,
        "Volume": 24900,
        "day": 11,
        "month": 12
    }
}