{
    "day": {
        "Adj Close": 19.879999,
        "Close": 19.879999,
        "Company": "TCBI",
        "Date": "2006-12-20",
        "High": 19.889999,
        "Low": 19.6,
        "Open": 19.620001,
        "Volume": 52200,
        "day": 20,
        "month": 12
    }
}