{
    "day": {
        "Adj Close": 10.01008, 
        "Close": 28.65624, 
        "Company": "TROW", 
        "Date": "1998-09-18", 
        "High": 28.75, 
        "Low": 28.125, 
        "Open": 28.375, 
        "Volume": 1537000, 
        "day": 18, 
        "month": 9
    }
}