{
    "day": {
        "Adj Close": 17.70228, 
        "Close": 30.190001, 
        "Company": "MDLZ", 
        "Date": "2010-11-29", 
        "High": 30.219999, 
        "Low": 29.799999, 
        "Open": 30.18, 
        "Volume": 10226100, 
        "day": 1, 
        "week": 48
    }
}