{
    "day": {
        "Adj Close": 17.843007, 
        "Close": 30.43, 
        "Company": "MDLZ", 
        "Date": "2010-12-02", 
        "High": 30.76, 
        "Low": 30.280001, 
        "Open": 30.700001, 
        "Volume": 10450000, 
        "day": 4, 
        "week": 48
    }
}