{
    "day": {
        "Adj Close": 21.85,
        "Close": 21.85,
        "Company": "TCBI",
        "Date": "2005-01-25",
        "High": 22.110001,
        "Low": 21.629999,
        "Open": 22.110001,
        "Volume": 104100,
        "day": 25,
        "month": 1
    }
}