{
    "day": {
        "Adj Close": 12.389015,
        "Close": 15.749998,
        "Company": "SONA",
        "Date": "2007-03-08",
        "High": 15.910005,
        "Low": 15.749998,
        "Open": 15.749998,
        "Volume": 45700,
        "day": 8,
        "month": 3
    }
}