{
    "day": {
        "Adj Close": 12.278893,
        "Close": 15.610002,
        "Company": "SONA",
        "Date": "2007-04-20",
        "High": 15.680005,
        "Low": 15.610002,
        "Open": 15.639998,
        "Volume": 8500,
        "day": 5,
        "week": 16
    }
}