{
    "day": {
        "Adj Close": 1.88243, 
        "Close": 44.0, 
        "Company": "WBA", 
        "Date": "1987-08-17", 
        "High": 44.75008, 
        "Low": 43.624962, 
        "Open": 44.0, 
        "Volume": 1118400, 
        "day": 17, 
        "month": 8
    }
}