{
    "day": {
        "Adj Close": 1.823374, 
        "Close": 42.75008, 
        "Company": "WBA", 
        "Date": "1987-08-05", 
        "High": 43.0, 
        "Low": 41.875038, 
        "Open": 41.875038, 
        "Volume": 1435200, 
        "day": 5, 
        "month": 8
    }
}