{
    "day": {
        "Adj Close": 21.200001,
        "Close": 21.200001,
        "Company": "TCBI",
        "Date": "2005-01-07",
        "High": 21.27,
        "Low": 21.0,
        "Open": 21.23,
        "Volume": 157300,
        "day": 5,
        "week": 1
    }
}