{
    "day": {
        "Adj Close": 4.571605, 
        "Close": 47.0, 
        "Company": "WBA", 
        "Date": "1995-04-27", 
        "High": 47.25, 
        "Low": 46.875038, 
        "Open": 47.0, 
        "Volume": 1710400, 
        "day": 4, 
        "week": 17
    }
}