{
    "day": {
        "Adj Close": 30.835532,
        "Close": 33.459999,
        "Company": "LPLA",
        "Date": "2012-06-28",
        "High": 33.66,
        "Low": 32.880001,
        "Open": 33.150002,
        "Volume": 165300,
        "day": 28,
        "month": 6
    }
}