{
    "day": {
        "Adj Close": 30.585232, 
        "Close": 34.490002, 
        "Company": "WBA", 
        "Date": "2010-10-14", 
        "High": 34.849998, 
        "Low": 34.07, 
        "Open": 34.830002, 
        "Volume": 6127300, 
        "day": 14, 
        "month": 10
    }
}