{
    "day": {
        "Adj Close": 30.21278, 
        "Close": 34.07, 
        "Company": "WBA", 
        "Date": "2010-10-22", 
        "High": 34.34, 
        "Low": 33.970001, 
        "Open": 34.18, 
        "Volume": 2828500, 
        "day": 22, 
        "month": 10
    }
}