{
    "day": {
        "Adj Close": 30.132969, 
        "Close": 33.98, 
        "Company": "WBA", 
        "Date": "2010-10-05", 
        "High": 34.549999, 
        "Low": 33.849998, 
        "Open": 33.939999, 
        "Volume": 10942500, 
        "day": 5, 
        "month": 10
    }
}