{
    "day": {
        "Adj Close": 15.010763, 
        "Close": 31.68, 
        "Company": "MDLZ", 
        "Date": "2004-06-30", 
        "High": 31.700001, 
        "Low": 31.120001, 
        "Open": 31.18, 
        "Volume": 1754100, 
        "day": 3, 
        "week": 27
    }
}