{
    "day": {
        "Adj Close": 18.635842, 
        "Close": 41.09, 
        "Company": "MDLZ", 
        "Date": "2002-05-17", 
        "High": 41.360001, 
        "Low": 40.799999, 
        "Open": 41.360001, 
        "Volume": 987100, 
        "day": 17, 
        "month": 5
    }
}