{
    "day": {
        "Adj Close": 18.300224, 
        "Close": 40.349998, 
        "Company": "MDLZ", 
        "Date": "2002-05-03", 
        "High": 41.799999, 
        "Low": 40.299999, 
        "Open": 41.75, 
        "Volume": 3433700, 
        "day": 3, 
        "month": 5
    }
}