{
    "day": {
        "Adj Close": 18.427216, 
        "Close": 40.630001, 
        "Company": "MDLZ", 
        "Date": "2002-05-06", 
        "High": 41.040001, 
        "Low": 40.299999, 
        "Open": 40.360001, 
        "Volume": 1658300, 
        "day": 6, 
        "month": 5
    }
}