{
    "day": {
        "Adj Close": 15.933563, 
        "Close": 35.389999, 
        "Company": "MDLZ", 
        "Date": "2001-10-23", 
        "High": 35.57, 
        "Low": 35.259998, 
        "Open": 35.299999, 
        "Volume": 1734000, 
        "day": 23, 
        "month": 10
    }
}