{
    "day": {
        "Adj Close": 28.895227, 
        "Close": 30.35, 
        "Company": "MDLZ", 
        "Date": "2013-04-11", 
        "High": 30.65, 
        "Low": 30.33, 
        "Open": 30.530001, 
        "Volume": 12583400, 
        "day": 4, 
        "week": 15
    }
}