{
    "day": {
        "Adj Close": 18.799999,
        "Close": 18.799999,
        "Company": "TCBI",
        "Date": "2004-10-18",
        "High": 18.91,
        "Low": 18.299999,
        "Open": 18.440001,
        "Volume": 79500,
        "day": 1,
        "week": 43
    }
}