{
    "day": {
        "Adj Close": 19.200001,
        "Close": 19.200001,
        "Company": "TCBI",
        "Date": "2004-10-22",
        "High": 19.48,
        "Low": 19.09,
        "Open": 19.43,
        "Volume": 69000,
        "day": 5,
        "week": 43
    }
}