{
    "day": {
        "Adj Close": 24.468521, 
        "Close": 39.369999, 
        "Company": "MDLZ", 
        "Date": "2012-07-11", 
        "High": 39.59, 
        "Low": 39.220001, 
        "Open": 39.400002, 
        "Volume": 8365200, 
        "day": 11, 
        "month": 7
    }
}