{
    "day": {
        "Adj Close": 24.735767, 
        "Close": 39.799999, 
        "Company": "MDLZ", 
        "Date": "2012-07-17", 
        "High": 39.990002, 
        "Low": 39.43, 
        "Open": 39.75, 
        "Volume": 6843300, 
        "day": 17, 
        "month": 7
    }
}