{
    "day": {
        "Adj Close": 1.335201, 
        "Close": 31.87504, 
        "Company": "WBA", 
        "Date": "1986-03-10", 
        "High": 32.24992, 
        "Low": 31.12496, 
        "Open": 31.37504, 
        "Volume": 3430400, 
        "day": 10, 
        "month": 3
    }
}