{
    "day": {
        "Adj Close": 1.387558, 
        "Close": 33.124962, 
        "Company": "WBA", 
        "Date": "1986-03-18", 
        "High": 33.24992, 
        "Low": 32.624962, 
        "Open": 32.624962, 
        "Volume": 1208000, 
        "day": 18, 
        "month": 3
    }
}