{
    "day": {
        "Adj Close": 71.844904, 
        "Close": 77.099998, 
        "Company": "TROW", 
        "Date": "2014-08-05", 
        "High": 77.849998, 
        "Low": 76.830002, 
        "Open": 77.849998, 
        "Volume": 2218600, 
        "day": 2, 
        "week": 32
    }
}