{
    "day": {
        "Adj Close": 150.100006, 
        "Close": 150.100006, 
        "Company": "TSLA", 
        "Date": "2014-01-02", 
        "High": 152.479996, 
        "Low": 146.550003, 
        "Open": 149.800003, 
        "Volume": 6188400, 
        "day": 2, 
        "month": 1
    }
}