{
    "day": {
        "Adj Close": 178.559998, 
        "Close": 178.559998, 
        "Company": "TSLA", 
        "Date": "2014-01-22", 
        "High": 180.320007, 
        "Low": 174.759995, 
        "Open": 177.809998, 
        "Volume": 7022600, 
        "day": 22, 
        "month": 1
    }
}