{
    "day": {
        "Adj Close": 181.5, 
        "Close": 181.5, 
        "Company": "TSLA", 
        "Date": "2014-01-23", 
        "High": 182.380005, 
        "Low": 173.419998, 
        "Open": 177.229996, 
        "Volume": 7867400, 
        "day": 23, 
        "month": 1
    }
}