{
    "day": {
        "Adj Close": 174.600006, 
        "Close": 174.600006, 
        "Company": "TSLA", 
        "Date": "2014-01-24", 
        "High": 180.479996, 
        "Low": 173.529999, 
        "Open": 177.850006, 
        "Volume": 7664300, 
        "day": 24, 
        "month": 1
    }
}