{
    "day": {
        "Adj Close": 32.468901, 
        "Close": 39.529999, 
        "Company": "WBA", 
        "Date": "2002-04-10", 
        "High": 39.77, 
        "Low": 39.18, 
        "Open": 39.400002, 
        "Volume": 2780200, 
        "day": 10, 
        "month": 4
    }
}