{
    "day": {
        "Adj Close": 32.715316, 
        "Close": 39.830002, 
        "Company": "WBA", 
        "Date": "2002-04-08", 
        "High": 39.849998, 
        "Low": 39.099998, 
        "Open": 39.099998, 
        "Volume": 1397600, 
        "day": 8, 
        "month": 4
    }
}