{
    "day": {
        "Adj Close": 14.433523, 
        "Close": 30.639999, 
        "Company": "MDLZ", 
        "Date": "2004-06-07", 
        "High": 30.639999, 
        "Low": 30.120001, 
        "Open": 30.26, 
        "Volume": 1085400, 
        "day": 1, 
        "week": 24
    }
}