{
    "day": {
        "Adj Close": 36.146708, 
        "Close": 43.25, 
        "Company": "WBA", 
        "Date": "2005-09-29", 
        "High": 43.310001, 
        "Low": 42.049999, 
        "Open": 42.59, 
        "Volume": 4283000, 
        "day": 4, 
        "week": 39
    }
}