{
    "day": {
        "Adj Close": 13.235549,
        "Close": 18.09,
        "Company": "SUNS",
        "Date": "2012-09-12",
        "High": 18.09,
        "Low": 17.860001,
        "Open": 17.950001,
        "Volume": 39000,
        "day": 3,
        "week": 37
    }
}