{
    "day": {
        "Adj Close": 10.431539, 
        "Close": 27.65, 
        "Company": "TROW", 
        "Date": "2003-04-01", 
        "High": 27.75, 
        "Low": 26.9, 
        "Open": 27.309999, 
        "Volume": 1079800, 
        "day": 1, 
        "month": 4
    }
}