{
    "day": {
        "Adj Close": 10.288176, 
        "Close": 27.27, 
        "Company": "TROW", 
        "Date": "2003-04-10", 
        "High": 27.389999, 
        "Low": 26.200001, 
        "Open": 26.450001, 
        "Volume": 4751600, 
        "day": 10, 
        "month": 4
    }
}