{
    "day": {
        "Adj Close": 10.333448, 
        "Close": 27.389999, 
        "Company": "TROW", 
        "Date": "2003-04-11", 
        "High": 27.889999, 
        "Low": 27.25, 
        "Open": 27.280001, 
        "Volume": 2738200, 
        "day": 11, 
        "month": 4
    }
}