{
    "day": {
        "Adj Close": 11.446398, 
        "Close": 30.34, 
        "Company": "TROW", 
        "Date": "2003-04-22", 
        "High": 30.370001, 
        "Low": 28.33, 
        "Open": 28.780001, 
        "Volume": 3819800, 
        "day": 22, 
        "month": 4
    }
}