{
    "day": {
        "Adj Close": 10.823901, 
        "Close": 28.690001, 
        "Company": "TROW", 
        "Date": "2003-04-07", 
        "High": 30.360001, 
        "Low": 28.66, 
        "Open": 29.799999, 
        "Volume": 1699000, 
        "day": 7, 
        "month": 4
    }
}