{
    "day": {
        "Adj Close": 34.325811, 
        "Close": 35.02, 
        "Company": "MDLZ", 
        "Date": "2015-03-18", 
        "High": 35.16, 
        "Low": 33.970001, 
        "Open": 34.389999, 
        "Volume": 12694900, 
        "day": 18, 
        "month": 3
    }
}