{
    "day": {
        "Adj Close": 33.972947, 
        "Close": 34.66, 
        "Company": "MDLZ", 
        "Date": "2015-03-19", 
        "High": 35.07, 
        "Low": 34.560001, 
        "Open": 34.990002, 
        "Volume": 7751500, 
        "day": 19, 
        "month": 3
    }
}