{
    "day": {
        "Adj Close": 36.158742, 
        "Close": 36.889999, 
        "Company": "MDLZ", 
        "Date": "2015-03-02", 
        "High": 37.009998, 
        "Low": 36.790001, 
        "Open": 36.939999, 
        "Volume": 7019000, 
        "day": 2, 
        "month": 3
    }
}