{
    "day": {
        "Adj Close": 34.051363, 
        "Close": 34.740002, 
        "Company": "MDLZ", 
        "Date": "2015-03-20", 
        "High": 35.27, 
        "Low": 34.720001, 
        "Open": 34.869999, 
        "Volume": 19649900, 
        "day": 20, 
        "month": 3
    }
}