{
    "day": {
        "Adj Close": 34.600259, 
        "Close": 35.299999, 
        "Company": "MDLZ", 
        "Date": "2015-03-23", 
        "High": 35.599998, 
        "Low": 34.630001, 
        "Open": 34.849998, 
        "Volume": 13589900, 
        "day": 23, 
        "month": 3
    }
}