{
    "day": {
        "Adj Close": 56.786137, 
        "Close": 59.48, 
        "Company": "WBA", 
        "Date": "2013-11-12", 
        "High": 59.639999, 
        "Low": 59.139999, 
        "Open": 59.360001, 
        "Volume": 4053900, 
        "day": 2, 
        "week": 46
    }
}