{
    "day": {
        "Adj Close": 57.85066, 
        "Close": 60.279999, 
        "Company": "WBA", 
        "Date": "2013-11-15", 
        "High": 60.75, 
        "Low": 59.779999, 
        "Open": 60.119999, 
        "Volume": 5695800, 
        "day": 5, 
        "week": 46
    }
}