{
    "day": {
        "Adj Close": 36.942572, 
        "Close": 37.84, 
        "Company": "MDLZ", 
        "Date": "2014-11-06", 
        "High": 38.07, 
        "Low": 37.259998, 
        "Open": 37.5, 
        "Volume": 12576600, 
        "day": 6, 
        "month": 11
    }
}