{
    "day": {
        "Adj Close": 55.494752, 
        "Close": 62.439999, 
        "Company": "TROW", 
        "Date": "2012-04-18", 
        "High": 63.119999, 
        "Low": 62.389999, 
        "Open": 63.119999, 
        "Volume": 1019300, 
        "day": 18, 
        "month": 4
    }
}