{
    "day": {
        "Adj Close": 54.997043, 
        "Close": 61.880001, 
        "Company": "TROW", 
        "Date": "2012-04-20", 
        "High": 62.52, 
        "Low": 61.509998, 
        "Open": 61.959999, 
        "Volume": 1305500, 
        "day": 20, 
        "month": 4
    }
}