{
    "day": {
        "Adj Close": 1.471335, 
        "Close": 35.124962, 
        "Company": "WBA", 
        "Date": "1986-04-16", 
        "High": 35.24992, 
        "Low": 33.875038, 
        "Open": 34.0, 
        "Volume": 1025600, 
        "day": 16, 
        "month": 4
    }
}