{
    "day": {
        "Adj Close": 1.466101, 
        "Close": 35.0, 
        "Company": "WBA", 
        "Date": "1986-04-24", 
        "High": 35.124962, 
        "Low": 34.0, 
        "Open": 34.0, 
        "Volume": 992000, 
        "day": 24, 
        "month": 4
    }
}