{
    "day": {
        "Adj Close": 20.540001, 
        "Close": 20.540001, 
        "Company": "FANG", 
        "Date": "2013-01-18", 
        "High": 21.790001, 
        "Low": 20.309999, 
        "Open": 21.17, 
        "Volume": 119400, 
        "day": 18, 
        "month": 1
    }
}