{
    "day": {
        "Adj Close": 5.07477, 
        "Close": 29.687519, 
        "Company": "TROW", 
        "Date": "1996-08-20", 
        "High": 30.0, 
        "Low": 29.125, 
        "Open": 29.75, 
        "Volume": 160000, 
        "day": 20, 
        "month": 8
    }
}