{
    "day": {
        "Adj Close": 16.48,
        "Close": 16.48,
        "Company": "TCBI",
        "Date": "2010-07-02",
        "High": 16.610001,
        "Low": 16.200001,
        "Open": 16.370001,
        "Volume": 217200,
        "day": 5,
        "week": 26
    }
}