{
    "day": {
        "Adj Close": 34.963822, 
        "Close": 41.950001, 
        "Company": "TROW", 
        "Date": "2009-06-02", 
        "High": 42.529999, 
        "Low": 41.02, 
        "Open": 41.66, 
        "Volume": 4240500, 
        "day": 2, 
        "month": 6
    }
}