{
    "day": {
        "Adj Close": 35.547247, 
        "Close": 42.650002, 
        "Company": "TROW", 
        "Date": "2009-06-03", 
        "High": 43.119999, 
        "Low": 41.540001, 
        "Open": 42.25, 
        "Volume": 4594700, 
        "day": 3, 
        "month": 6
    }
}