{
    "day": {
        "Adj Close": 67.309131, 
        "Close": 74.120003, 
        "Company": "TROW", 
        "Date": "2013-03-22", 
        "High": 74.75, 
        "Low": 71.669998, 
        "Open": 71.669998, 
        "Volume": 1082000, 
        "day": 5, 
        "week": 12
    }
}