{
    "day": {
        "Adj Close": 32.086416, 
        "Close": 38.59, 
        "Company": "WBA", 
        "Date": "2004-11-08", 
        "High": 38.759998, 
        "Low": 38.099998, 
        "Open": 38.369999, 
        "Volume": 3769300, 
        "day": 1, 
        "week": 46
    }
}