{
    "day": {
        "Adj Close": 32.67126, 
        "Close": 39.240002, 
        "Company": "WBA", 
        "Date": "2004-11-12", 
        "High": 39.279999, 
        "Low": 38.75, 
        "Open": 38.93, 
        "Volume": 1952700, 
        "day": 5, 
        "week": 46
    }
}