{
    "day": {
        "Adj Close": 13.897336, 
        "Close": 38.200001, 
        "Company": "TROW", 
        "Date": "2001-08-01", 
        "High": 38.470001, 
        "Low": 37.950001, 
        "Open": 37.959999, 
        "Volume": 434400, 
        "day": 3, 
        "week": 31
    }
}