{
    "day": {
        "Adj Close": 16.709999,
        "Close": 16.709999,
        "Company": "TCBI",
        "Date": "2008-02-12",
        "High": 17.190001,
        "Low": 16.5,
        "Open": 16.5,
        "Volume": 108500,
        "day": 2,
        "week": 7
    }
}