{
    "day": {
        "Adj Close": 16.969999,
        "Close": 16.969999,
        "Company": "TCBI",
        "Date": "2008-02-13",
        "High": 17.389999,
        "Low": 16.6,
        "Open": 16.85,
        "Volume": 89800,
        "day": 3,
        "week": 7
    }
}