{
    "day": {
        "Adj Close": 12.638573, 
        "Close": 34.740002, 
        "Company": "TROW", 
        "Date": "2001-07-12", 
        "High": 34.98, 
        "Low": 33.900002, 
        "Open": 34.0, 
        "Volume": 1250800, 
        "day": 4, 
        "week": 28
    }
}