{
    "day": {
        "Adj Close": 16.280001,
        "Close": 16.280001,
        "Company": "TCBI",
        "Date": "2004-06-16",
        "High": 16.59,
        "Low": 16.01,
        "Open": 16.440001,
        "Volume": 87700,
        "day": 3,
        "week": 25
    }
}