{
    "day": {
        "Adj Close": 24.860001,
        "Close": 24.860001,
        "Company": "TCBI",
        "Date": "2011-03-14",
        "High": 24.950001,
        "Low": 24.389999,
        "Open": 24.690001,
        "Volume": 115500,
        "day": 14,
        "month": 3
    }
}