{
    "day": {
        "Adj Close": 25.17,
        "Close": 25.17,
        "Company": "TCBI",
        "Date": "2011-03-28",
        "High": 25.190001,
        "Low": 24.809999,
        "Open": 25.040001,
        "Volume": 625800,
        "day": 28,
        "month": 3
    }
}