{
    "day": {
        "Adj Close": 14.419392, 
        "Close": 30.610001, 
        "Company": "MDLZ", 
        "Date": "2004-05-18", 
        "High": 30.950001, 
        "Low": 30.49, 
        "Open": 30.85, 
        "Volume": 1476700, 
        "day": 18, 
        "month": 5
    }
}