{
    "day": {
        "Adj Close": 14.094354, 
        "Close": 29.92, 
        "Company": "MDLZ", 
        "Date": "2004-05-21", 
        "High": 30.450001, 
        "Low": 29.83, 
        "Open": 30.27, 
        "Volume": 3509600, 
        "day": 21, 
        "month": 5
    }
}