{
    "day": {
        "Adj Close": 15.333263, 
        "Close": 32.549999, 
        "Company": "MDLZ", 
        "Date": "2004-05-06", 
        "High": 32.599998, 
        "Low": 32.23, 
        "Open": 32.380001, 
        "Volume": 1071400, 
        "day": 6, 
        "month": 5
    }
}