{
    "day": {
        "Adj Close": 20.617255, 
        "Close": 34.23, 
        "Company": "MDLZ", 
        "Date": "2011-09-13", 
        "High": 34.279999, 
        "Low": 33.849998, 
        "Open": 34.23, 
        "Volume": 9473700, 
        "day": 2, 
        "week": 37
    }
}