{
    "day": {
        "Adj Close": 20.797949, 
        "Close": 34.529999, 
        "Company": "MDLZ", 
        "Date": "2011-09-14", 
        "High": 34.84, 
        "Low": 33.959999, 
        "Open": 34.389999, 
        "Volume": 9167400, 
        "day": 3, 
        "week": 37
    }
}