{
    "day": {
        "Adj Close": 33.130001, 
        "Close": 33.130001, 
        "Company": "TSLA", 
        "Date": "2012-04-30", 
        "High": 33.360001, 
        "Low": 32.580002, 
        "Open": 33.27, 
        "Volume": 413900, 
        "day": 1, 
        "week": 18
    }
}