{
    "day": {
        "Adj Close": 17.610001,
        "Close": 17.610001,
        "Company": "TCBI",
        "Date": "2010-07-07",
        "High": 17.620001,
        "Low": 16.99,
        "Open": 17.09,
        "Volume": 368900,
        "day": 3,
        "week": 27
    }
}