{
    "day": {
        "Adj Close": 4.512757, 
        "Close": 53.0, 
        "Company": "TROW", 
        "Date": "1996-03-29", 
        "High": 53.75, 
        "Low": 52.875038, 
        "Open": 53.0, 
        "Volume": 974400, 
        "day": 29, 
        "month": 3
    }
}