{
    "day": {
        "Adj Close": 15.922944, 
        "Close": 44.4375, 
        "Company": "TROW", 
        "Date": "2000-07-21", 
        "High": 44.5, 
        "Low": 43.515621, 
        "Open": 44.25, 
        "Volume": 1640600, 
        "day": 21, 
        "month": 7
    }
}