{
    "day": {
        "Adj Close": 16.214081, 
        "Close": 45.25, 
        "Company": "TROW", 
        "Date": "2000-07-24", 
        "High": 45.984379, 
        "Low": 44.375, 
        "Open": 44.406239, 
        "Volume": 675200, 
        "day": 24, 
        "month": 7
    }
}