{
    "day": {
        "Adj Close": 67.815853, 
        "Close": 73.910004, 
        "Company": "TROW", 
        "Date": "2013-10-10", 
        "High": 74.110001, 
        "Low": 72.389999, 
        "Open": 72.510002, 
        "Volume": 1896700, 
        "day": 10, 
        "month": 10
    }
}