{
    "day": {
        "Adj Close": 69.504135, 
        "Close": 75.75, 
        "Company": "TROW", 
        "Date": "2013-10-25", 
        "High": 76.290001, 
        "Low": 75.440002, 
        "Open": 75.449997, 
        "Volume": 1761700, 
        "day": 25, 
        "month": 10
    }
}