{
    "day": {
        "Adj Close": 65.870652, 
        "Close": 71.790001, 
        "Company": "TROW", 
        "Date": "2013-10-07", 
        "High": 72.470001, 
        "Low": 71.660004, 
        "Open": 71.870003, 
        "Volume": 840500, 
        "day": 7, 
        "month": 10
    }
}