{
    "day": {
        "Adj Close": 17.08397, 
        "Close": 37.799999, 
        "Company": "MDLZ", 
        "Date": "2002-02-14", 
        "High": 38.0, 
        "Low": 37.560001, 
        "Open": 38.0, 
        "Volume": 1159100, 
        "day": 4, 
        "week": 7
    }
}