{
    "day": {
        "Adj Close": 2.59333, 
        "Close": 31.62496, 
        "Company": "TROW", 
        "Date": "1994-02-14", 
        "High": 31.75, 
        "Low": 30.75, 
        "Open": 31.25, 
        "Volume": 1050400, 
        "day": 1, 
        "week": 7
    }
}