{
    "day": {
        "Adj Close": 14.275445, 
        "Close": 29.17, 
        "Company": "MDLZ", 
        "Date": "2005-11-10", 
        "High": 29.200001, 
        "Low": 28.75, 
        "Open": 28.85, 
        "Volume": 1424600, 
        "day": 4, 
        "week": 45
    }
}