{
    "day": {
        "Adj Close": 14.339065, 
        "Close": 29.299999, 
        "Company": "MDLZ", 
        "Date": "2005-11-11", 
        "High": 29.379999, 
        "Low": 29.049999, 
        "Open": 29.1, 
        "Volume": 1049900, 
        "day": 5, 
        "week": 45
    }
}