{
    "day": {
        "Adj Close": 59.623373, 
        "Close": 65.989998, 
        "Company": "TROW", 
        "Date": "2012-12-19", 
        "High": 66.949997, 
        "Low": 65.870003, 
        "Open": 66.360001, 
        "Volume": 1609500, 
        "day": 19, 
        "month": 12
    }
}