{
    "day": {
        "Adj Close": 30.49453, 
        "Close": 35.91, 
        "Company": "WBA", 
        "Date": "2008-02-11", 
        "High": 36.07, 
        "Low": 34.900002, 
        "Open": 35.139999, 
        "Volume": 6231300, 
        "day": 11, 
        "month": 2
    }
}