{
    "day": {
        "Adj Close": 29.679306, 
        "Close": 34.950001, 
        "Company": "WBA", 
        "Date": "2008-02-05", 
        "High": 35.75, 
        "Low": 34.91, 
        "Open": 35.59, 
        "Volume": 6487700, 
        "day": 5, 
        "month": 2
    }
}