{
    "day": {
        "Adj Close": 229.699997, 
        "Close": 229.699997, 
        "Company": "TSLA", 
        "Date": "2014-10-15", 
        "High": 230.990005, 
        "Low": 217.320007, 
        "Open": 220.0, 
        "Volume": 9147300, 
        "day": 15, 
        "month": 10
    }
}