{
    "day": {
        "Adj Close": 260.619995, 
        "Close": 260.619995, 
        "Company": "TSLA", 
        "Date": "2014-10-06", 
        "High": 262.48999, 
        "Low": 257.799988, 
        "Open": 259.130005, 
        "Volume": 7713300, 
        "day": 6, 
        "month": 10
    }
}