{
    "day": {
        "Adj Close": 257.01001, 
        "Close": 257.01001, 
        "Company": "TSLA", 
        "Date": "2014-10-09", 
        "High": 265.540009, 
        "Low": 254.399994, 
        "Open": 262.25, 
        "Volume": 7361300, 
        "day": 9, 
        "month": 10
    }
}