{
    "day": {
        "Adj Close": 38.859806,
        "Close": 39.549999,
        "Company": "LPLA",
        "Date": "2015-09-09",
        "High": 40.599998,
        "Low": 39.470001,
        "Open": 40.509998,
        "Volume": 398700,
        "day": 3,
        "week": 37
    }
}