{
    "day": {
        "Adj Close": 4.920038, 
        "Close": 50.375038, 
        "Company": "WBA", 
        "Date": "1995-08-07", 
        "High": 50.624962, 
        "Low": 50.0, 
        "Open": 50.25, 
        "Volume": 2909600, 
        "day": 7, 
        "month": 8
    }
}