{
    "day": {
        "Adj Close": 4.932243, 
        "Close": 50.5, 
        "Company": "WBA", 
        "Date": "1995-08-08", 
        "High": 50.75, 
        "Low": 50.124962, 
        "Open": 50.375038, 
        "Volume": 1728000, 
        "day": 8, 
        "month": 8
    }
}