{
    "day": {
        "Adj Close": 29.627267, 
        "Close": 74.989998, 
        "Company": "TROW", 
        "Date": "2006-03-27", 
        "High": 75.330002, 
        "Low": 74.75, 
        "Open": 75.010002, 
        "Volume": 869800, 
        "day": 1, 
        "week": 13
    }
}