{
    "day": {
        "Adj Close": 29.473185, 
        "Close": 74.599998, 
        "Company": "TROW", 
        "Date": "2006-03-29", 
        "High": 74.870003, 
        "Low": 73.550003, 
        "Open": 73.639999, 
        "Volume": 767800, 
        "day": 3, 
        "week": 13
    }
}