{
    "day": {
        "Adj Close": 31.011706, 
        "Close": 37.720001, 
        "Company": "WBA", 
        "Date": "2002-05-30", 
        "High": 38.23, 
        "Low": 37.5, 
        "Open": 37.900002, 
        "Volume": 1984300, 
        "day": 4, 
        "week": 22
    }
}