{
    "day": {
        "Adj Close": 26.134087, 
        "Close": 27.83, 
        "Company": "MDLZ", 
        "Date": "2012-10-03", 
        "High": 28.290001, 
        "Low": 27.73, 
        "Open": 28.18, 
        "Volume": 37901300, 
        "day": 3, 
        "week": 40
    }
}