{
    "day": {
        "Adj Close": 33.566245, 
        "Close": 84.959999, 
        "Company": "TROW", 
        "Date": "2006-04-27", 
        "High": 86.209999, 
        "Low": 84.82, 
        "Open": 86.0, 
        "Volume": 1793400, 
        "day": 27, 
        "month": 4
    }
}