{
    "day": {
        "Adj Close": 43.830155, 
        "Close": 54.240002, 
        "Company": "TROW", 
        "Date": "2008-02-27", 
        "High": 55.220001, 
        "Low": 52.279999, 
        "Open": 52.450001, 
        "Volume": 3046000, 
        "day": 27, 
        "month": 2
    }
}