{
    "day": {
        "Adj Close": 2.334763, 
        "Close": 28.37504, 
        "Company": "TROW", 
        "Date": "1994-04-20", 
        "High": 29.0, 
        "Low": 28.25, 
        "Open": 28.75, 
        "Volume": 904000, 
        "day": 3, 
        "week": 16
    }
}