{
    "day": {
        "Adj Close": 3.71221, 
        "Close": 38.5, 
        "Company": "WBA", 
        "Date": "1994-09-21", 
        "High": 38.5, 
        "Low": 37.875038, 
        "Open": 38.375038, 
        "Volume": 3614400, 
        "day": 3, 
        "week": 38
    }
}