{
    "day": {
        "Adj Close": 37.482953, 
        "Close": 38.560001, 
        "Company": "MDLZ", 
        "Date": "2014-07-14", 
        "High": 38.75, 
        "Low": 38.34, 
        "Open": 38.650002, 
        "Volume": 7135700, 
        "day": 1, 
        "week": 29
    }
}