{
    "day": {
        "Adj Close": 36.928874, 
        "Close": 37.990002, 
        "Company": "MDLZ", 
        "Date": "2014-07-17", 
        "High": 38.169998, 
        "Low": 37.84, 
        "Open": 37.900002, 
        "Volume": 6388100, 
        "day": 4, 
        "week": 29
    }
}