{
    "day": {
        "Adj Close": 23.731712, 
        "Close": 38.48, 
        "Company": "MDLZ", 
        "Date": "2012-04-17", 
        "High": 38.540001, 
        "Low": 37.740002, 
        "Open": 37.810001, 
        "Volume": 11345400, 
        "day": 2, 
        "week": 16
    }
}