{
    "day": {
        "Adj Close": 23.768716, 
        "Close": 38.540001, 
        "Company": "MDLZ", 
        "Date": "2012-04-20", 
        "High": 38.759998, 
        "Low": 38.240002, 
        "Open": 38.240002, 
        "Volume": 7208600, 
        "day": 5, 
        "week": 16
    }
}