{
    "day": {
        "Adj Close": 67.599726, 
        "Close": 74.440002, 
        "Company": "TROW", 
        "Date": "2013-04-09", 
        "High": 75.029999, 
        "Low": 74.080002, 
        "Open": 74.389999, 
        "Volume": 1036700, 
        "day": 2, 
        "week": 15
    }
}