{
    "day": {
        "Adj Close": 54.650002,
        "Close": 54.650002,
        "Company": "TCBI",
        "Date": "2014-05-12",
        "High": 54.880001,
        "Low": 52.950001,
        "Open": 53.400002,
        "Volume": 458900,
        "day": 12,
        "month": 5
    }
}