{
    "day": {
        "Adj Close": 53.880001,
        "Close": 53.880001,
        "Company": "TCBI",
        "Date": "2014-05-13",
        "High": 54.740002,
        "Low": 53.77,
        "Open": 54.720001,
        "Volume": 288900,
        "day": 13,
        "month": 5
    }
}