{
    "day": {
        "Adj Close": 17.441668, 
        "Close": 32.669998, 
        "Company": "MDLZ", 
        "Date": "2008-08-18", 
        "High": 33.099998, 
        "Low": 32.580002, 
        "Open": 32.98, 
        "Volume": 15029300, 
        "day": 1, 
        "week": 34
    }
}