{
    "day": {
        "Adj Close": 3.455898, 
        "Close": 36.75, 
        "Company": "WBA", 
        "Date": "1993-04-20", 
        "High": 37.0, 
        "Low": 36.375038, 
        "Open": 36.75, 
        "Volume": 1295200, 
        "day": 20, 
        "month": 4
    }
}