{
    "day": {
        "Adj Close": 3.549936, 
        "Close": 37.75, 
        "Company": "WBA", 
        "Date": "1993-04-21", 
        "High": 37.875038, 
        "Low": 36.75, 
        "Open": 36.75, 
        "Volume": 1954400, 
        "day": 21, 
        "month": 4
    }
}