{
    "day": {
        "Adj Close": 42.167587, 
        "Close": 42.68, 
        "Company": "MDLZ", 
        "Date": "2015-09-11", 
        "High": 42.709999, 
        "Low": 42.18, 
        "Open": 42.580002, 
        "Volume": 8590800, 
        "day": 11, 
        "month": 9
    }
}