{
    "day": {
        "Adj Close": 41.772388, 
        "Close": 42.279999, 
        "Company": "MDLZ", 
        "Date": "2015-09-14", 
        "High": 42.75, 
        "Low": 42.080002, 
        "Open": 42.720001, 
        "Volume": 6910700, 
        "day": 14, 
        "month": 9
    }
}