{
    "day": {
        "Adj Close": 42.286146, 
        "Close": 42.799999, 
        "Company": "MDLZ", 
        "Date": "2015-09-25", 
        "High": 43.220001, 
        "Low": 42.450001, 
        "Open": 42.509998, 
        "Volume": 9682800, 
        "day": 25, 
        "month": 9
    }
}