{
    "day": {
        "Adj Close": 40.480828, 
        "Close": 40.810001, 
        "Company": "MDLZ", 
        "Date": "2015-09-29", 
        "High": 41.52, 
        "Low": 40.290001, 
        "Open": 41.52, 
        "Volume": 16543400, 
        "day": 29, 
        "month": 9
    }
}