{
    "day": {
        "Adj Close": 42.720865, 
        "Close": 43.240002, 
        "Company": "MDLZ", 
        "Date": "2015-09-03", 
        "High": 43.91, 
        "Low": 42.490002, 
        "Open": 42.540001, 
        "Volume": 15210700, 
        "day": 3, 
        "month": 9
    }
}