{
    "day": {
        "Adj Close": 37.6955, 
        "Close": 44.970001, 
        "Company": "TROW", 
        "Date": "2009-09-08", 
        "High": 44.98, 
        "Low": 44.209999, 
        "Open": 44.25, 
        "Volume": 1786400, 
        "day": 2, 
        "week": 37
    }
}