{
    "day": {
        "Adj Close": 70.302287, 
        "Close": 71.879997, 
        "Company": "TROW", 
        "Date": "2015-08-31", 
        "High": 72.25, 
        "Low": 71.300003, 
        "Open": 71.870003, 
        "Volume": 1305800, 
        "day": 1, 
        "week": 36
    }
}