{
    "day": {
        "Adj Close": 2.042232, 
        "Close": 45.124962, 
        "Company": "WBA", 
        "Date": "1990-09-20", 
        "High": 45.375038, 
        "Low": 44.875038, 
        "Open": 45.24992, 
        "Volume": 636800, 
        "day": 4, 
        "week": 38
    }
}