{
    "day": {
        "Adj Close": 9.167029, 
        "Close": 24.75, 
        "Company": "TROW", 
        "Date": "2002-07-26", 
        "High": 25.030001, 
        "Low": 24.08, 
        "Open": 24.57, 
        "Volume": 1481600, 
        "day": 5, 
        "week": 30
    }
}