{
    "day": {
        "Adj Close": 58.889999, 
        "Close": 58.889999, 
        "Company": "FANG", 
        "Date": "2014-02-13", 
        "High": 59.32, 
        "Low": 56.66, 
        "Open": 57.52, 
        "Volume": 842900, 
        "day": 4, 
        "week": 7
    }
}