{
    "day": {
        "Adj Close": 25.001593, 
        "Close": 64.0, 
        "Company": "TROW", 
        "Date": "2005-08-16", 
        "High": 65.75, 
        "Low": 63.950001, 
        "Open": 65.660004, 
        "Volume": 1426400, 
        "day": 16, 
        "month": 8
    }
}