{
    "day": {
        "Adj Close": 25.099255, 
        "Close": 64.25, 
        "Company": "TROW", 
        "Date": "2005-08-17", 
        "High": 64.410004, 
        "Low": 63.75, 
        "Open": 63.939999, 
        "Volume": 823600, 
        "day": 17, 
        "month": 8
    }
}