{
    "day": {
        "Adj Close": 25.122693, 
        "Close": 64.309998, 
        "Company": "TROW", 
        "Date": "2005-08-22", 
        "High": 64.870003, 
        "Low": 63.799999, 
        "Open": 63.810001, 
        "Volume": 600000, 
        "day": 22, 
        "month": 8
    }
}