{
    "day": {
        "Adj Close": 28.870001, 
        "Close": 28.870001, 
        "Company": "FANG", 
        "Date": "2013-05-14", 
        "High": 28.91, 
        "Low": 28.530001, 
        "Open": 28.610001, 
        "Volume": 73700, 
        "day": 2, 
        "week": 20
    }
}