{
    "day": {
        "Adj Close": 29.940001, 
        "Close": 29.940001, 
        "Company": "FANG", 
        "Date": "2013-05-16", 
        "High": 31.6, 
        "Low": 29.73, 
        "Open": 31.17, 
        "Volume": 3939200, 
        "day": 4, 
        "week": 20
    }
}