{
    "day": {
        "Adj Close": 2.336147, 
        "Close": 51.375038, 
        "Company": "WBA", 
        "Date": "1990-12-31", 
        "High": 51.624962, 
        "Low": 51.0, 
        "Open": 51.5, 
        "Volume": 419200, 
        "day": 1, 
        "week": 53
    }
}