{
    "day": {
        "Adj Close": 29.690228, 
        "Close": 34.080002, 
        "Company": "WBA", 
        "Date": "2009-09-11", 
        "High": 34.369999, 
        "Low": 34.009998, 
        "Open": 34.18, 
        "Volume": 4116100, 
        "day": 11, 
        "month": 9
    }
}