{
    "day": {
        "Adj Close": 30.090976, 
        "Close": 34.540001, 
        "Company": "WBA", 
        "Date": "2009-09-21", 
        "High": 34.689999, 
        "Low": 34.139999, 
        "Open": 34.400002, 
        "Volume": 3737000, 
        "day": 21, 
        "month": 9
    }
}