{
    "day": {
        "Adj Close": 32.539024, 
        "Close": 37.349998, 
        "Company": "WBA", 
        "Date": "2009-09-29", 
        "High": 38.439999, 
        "Low": 37.040001, 
        "Open": 37.900002, 
        "Volume": 26122800, 
        "day": 29, 
        "month": 9
    }
}