{
    "day": {
        "Adj Close": 1.39731, 
        "Close": 33.0, 
        "Company": "WBA", 
        "Date": "1986-12-22", 
        "High": 33.0, 
        "Low": 31.75008, 
        "Open": 32.75008, 
        "Volume": 4016000, 
        "day": 1, 
        "week": 52
    }
}