{
    "day": {
        "Adj Close": 28.870001,
        "Close": 28.870001,
        "Company": "TCBI",
        "Date": "2011-07-22",
        "High": 29.200001,
        "Low": 28.719999,
        "Open": 29.0,
        "Volume": 322600,
        "day": 5,
        "week": 29
    }
}