{
    "day": {
        "Adj Close": 17.03032, 
        "Close": 37.549999, 
        "Company": "MDLZ", 
        "Date": "2002-03-13", 
        "High": 37.73, 
        "Low": 37.23, 
        "Open": 37.549999, 
        "Volume": 1198700, 
        "day": 3, 
        "week": 11
    }
}