{
    "day": {
        "Adj Close": 25.264517, 
        "Close": 28.49, 
        "Company": "WBA", 
        "Date": "2010-09-07", 
        "High": 28.719999, 
        "Low": 28.120001, 
        "Open": 28.16, 
        "Volume": 6092600, 
        "day": 2, 
        "week": 36
    }
}