{
    "day": {
        "Adj Close": 1.577711, 
        "Close": 37.124962, 
        "Company": "WBA", 
        "Date": "1987-05-11", 
        "High": 38.124962, 
        "Low": 37.0, 
        "Open": 37.124962, 
        "Volume": 1969600, 
        "day": 11, 
        "month": 5
    }
}