{
    "day": {
        "Adj Close": 1.5724, 
        "Close": 37.0, 
        "Company": "WBA", 
        "Date": "1987-05-12", 
        "High": 37.375038, 
        "Low": 36.875038, 
        "Open": 37.124962, 
        "Volume": 2200000, 
        "day": 12, 
        "month": 5
    }
}