{
    "day": {
        "Adj Close": 1.556462, 
        "Close": 36.624962, 
        "Company": "WBA", 
        "Date": "1987-05-13", 
        "High": 37.124962, 
        "Low": 36.375038, 
        "Open": 37.0, 
        "Volume": 1568000, 
        "day": 13, 
        "month": 5
    }
}