{
    "day": {
        "Adj Close": 1.482158, 
        "Close": 34.75008, 
        "Company": "WBA", 
        "Date": "1987-05-20", 
        "High": 35.5, 
        "Low": 34.75008, 
        "Open": 35.124962, 
        "Volume": 2432000, 
        "day": 20, 
        "month": 5
    }
}