{
    "day": {
        "Adj Close": 45.212354, 
        "Close": 45.580002, 
        "Company": "MDLZ", 
        "Date": "2015-12-23", 
        "High": 45.619999, 
        "Low": 44.810001, 
        "Open": 44.939999, 
        "Volume": 6618100, 
        "day": 3, 
        "week": 52
    }
}