{
    "day": {
        "Adj Close": 40.940635, 
        "Close": 41.59, 
        "Company": "MDLZ", 
        "Date": "2015-05-29", 
        "High": 41.599998, 
        "Low": 40.470001, 
        "Open": 40.549999, 
        "Volume": 26361000, 
        "day": 5, 
        "week": 22
    }
}