{
    "day": {
        "Adj Close": 13.728886, 
        "Close": 36.389999, 
        "Company": "TROW", 
        "Date": "2003-06-03", 
        "High": 36.599998, 
        "Low": 36.009998, 
        "Open": 36.43, 
        "Volume": 2530000, 
        "day": 2, 
        "week": 23
    }
}