{
    "day": {
        "Adj Close": 50.816899, 
        "Close": 57.490002, 
        "Company": "TROW", 
        "Date": "2011-12-23", 
        "High": 57.509998, 
        "Low": 56.439999, 
        "Open": 57.0, 
        "Volume": 1197300, 
        "day": 5, 
        "week": 51
    }
}