{
    "day": {
        "Adj Close": 78.611127, 
        "Close": 78.980003, 
        "Company": "WBA", 
        "Date": "2016-01-21", 
        "High": 79.919998, 
        "Low": 78.529999, 
        "Open": 79.449997, 
        "Volume": 4449300, 
        "day": 4, 
        "week": 3
    }
}