{
    "day": {
        "Adj Close": 43.127467,
        "Close": 44.669998,
        "Company": "LPLA",
        "Date": "2014-12-30",
        "High": 44.82,
        "Low": 44.189999,
        "Open": 44.810001,
        "Volume": 492700,
        "day": 2,
        "week": 53
    }
}