{
    "day": {
        "Adj Close": 1.902864, 
        "Close": 42.624962, 
        "Company": "WBA", 
        "Date": "1989-11-08", 
        "High": 42.75008, 
        "Low": 42.0, 
        "Open": 42.0, 
        "Volume": 2011200, 
        "day": 3, 
        "week": 45
    }
}