{
    "day": {
        "Adj Close": 16.399526, 
        "Close": 28.780001, 
        "Company": "MDLZ", 
        "Date": "2010-01-20", 
        "High": 28.85, 
        "Low": 28.4, 
        "Open": 28.540001, 
        "Volume": 29477300, 
        "day": 20, 
        "month": 1
    }
}