{
    "day": {
        "Adj Close": 15.977857, 
        "Close": 28.040001, 
        "Company": "MDLZ", 
        "Date": "2010-01-28", 
        "High": 28.450001, 
        "Low": 27.99, 
        "Open": 28.27, 
        "Volume": 21415500, 
        "day": 28, 
        "month": 1
    }
}