{
    "day": {
        "Adj Close": 13.664415, 
        "Close": 30.35, 
        "Company": "MDLZ", 
        "Date": "2001-07-10", 
        "High": 30.85, 
        "Low": 30.280001, 
        "Open": 30.450001, 
        "Volume": 3301300, 
        "day": 2, 
        "week": 28
    }
}