{
    "day": {
        "Adj Close": 13.641903, 
        "Close": 30.299999, 
        "Company": "MDLZ", 
        "Date": "2001-07-11", 
        "High": 30.360001, 
        "Low": 30.0, 
        "Open": 30.360001, 
        "Volume": 2023000, 
        "day": 3, 
        "week": 28
    }
}