{
    "day": {
        "Adj Close": 2.716822, 
        "Close": 32.75, 
        "Company": "TROW", 
        "Date": "1994-11-01", 
        "High": 34.124962, 
        "Low": 32.75, 
        "Open": 34.0, 
        "Volume": 1200800, 
        "day": 2, 
        "week": 44
    }
}