{
    "day": {
        "Adj Close": 33.096036, 
        "Close": 40.450001, 
        "Company": "WBA", 
        "Date": "2001-04-18", 
        "High": 41.200001, 
        "Low": 39.93, 
        "Open": 40.75, 
        "Volume": 3493200, 
        "day": 18, 
        "month": 4
    }
}