{
    "day": {
        "Adj Close": 35.002431, 
        "Close": 42.779999, 
        "Company": "WBA", 
        "Date": "2001-04-30", 
        "High": 43.439999, 
        "Low": 42.599998, 
        "Open": 43.400002, 
        "Volume": 2251500, 
        "day": 30, 
        "month": 4
    }
}