{
    "day": {
        "Adj Close": 32.695119, 
        "Close": 39.959999, 
        "Company": "WBA", 
        "Date": "2001-04-04", 
        "High": 40.400002, 
        "Low": 39.259998, 
        "Open": 39.75, 
        "Volume": 3351600, 
        "day": 4, 
        "month": 4
    }
}