{
    "day": {
        "Adj Close": 23.241489, 
        "Close": 59.720001, 
        "Company": "TROW", 
        "Date": "2005-05-23", 
        "High": 59.93, 
        "Low": 59.25, 
        "Open": 59.639999, 
        "Volume": 1087400, 
        "day": 1, 
        "week": 21
    }
}