{
    "day": {
        "Adj Close": 28.329448, 
        "Close": 33.990002, 
        "Company": "TROW", 
        "Date": "2009-04-15", 
        "High": 34.279999, 
        "Low": 31.889999, 
        "Open": 32.869999, 
        "Volume": 3464600, 
        "day": 105, 
        "year": 2009
    }
}