{
    "day": {
        "Adj Close": 29.037891, 
        "Close": 34.84, 
        "Company": "TROW", 
        "Date": "2009-04-16", 
        "High": 35.279999, 
        "Low": 33.389999, 
        "Open": 34.209999, 
        "Volume": 3579400, 
        "day": 106, 
        "year": 2009
    }
}