{
    "day": {
        "Adj Close": 32.271733, 
        "Close": 38.720001, 
        "Company": "TROW", 
        "Date": "2009-04-27", 
        "High": 39.220001, 
        "Low": 37.900002, 
        "Open": 38.209999, 
        "Volume": 5979200, 
        "day": 117, 
        "year": 2009
    }
}