{
    "day": {
        "Adj Close": 31.104882, 
        "Close": 37.32, 
        "Company": "TROW", 
        "Date": "2009-05-14", 
        "High": 37.650002, 
        "Low": 36.099998, 
        "Open": 36.310001, 
        "Volume": 3614400, 
        "day": 134, 
        "year": 2009
    }
}