{
    "day": {
        "Adj Close": 32.946837, 
        "Close": 39.529999, 
        "Company": "TROW", 
        "Date": "2009-05-28", 
        "High": 39.740002, 
        "Low": 37.91, 
        "Open": 38.48, 
        "Volume": 3513200, 
        "day": 148, 
        "year": 2009
    }
}