{
    "day": {
        "Adj Close": 23.425804, 
        "Close": 28.389999, 
        "Company": "TROW", 
        "Date": "2009-01-15", 
        "High": 29.5, 
        "Low": 27.18, 
        "Open": 29.09, 
        "Volume": 7298800, 
        "day": 15, 
        "year": 2009
    }
}