{
    "day": {
        "Adj Close": 35.455566, 
        "Close": 42.540001, 
        "Company": "TROW", 
        "Date": "2009-06-08", 
        "High": 42.91, 
        "Low": 41.25, 
        "Open": 41.669998, 
        "Volume": 2513800, 
        "day": 159, 
        "year": 2009
    }
}