{
    "day": {
        "Adj Close": 35.440641, 
        "Close": 42.279999, 
        "Company": "TROW", 
        "Date": "2009-06-19", 
        "High": 42.310001, 
        "Low": 41.330002, 
        "Open": 41.75, 
        "Volume": 3129900, 
        "day": 170, 
        "year": 2009
    }
}