{
    "day": {
        "Adj Close": 31.266223, 
        "Close": 37.299999, 
        "Company": "TROW", 
        "Date": "2009-07-08", 
        "High": 38.82, 
        "Low": 36.669998, 
        "Open": 38.34, 
        "Volume": 5191500, 
        "day": 189, 
        "year": 2009
    }
}