{
    "day": {
        "Adj Close": 38.785206, 
        "Close": 46.27, 
        "Company": "TROW", 
        "Date": "2009-07-29", 
        "High": 46.48, 
        "Low": 45.169998, 
        "Open": 45.169998, 
        "Volume": 1842100, 
        "day": 210, 
        "year": 2009
    }
}