{
    "day": {
        "Adj Close": 38.877413, 
        "Close": 46.380001, 
        "Company": "TROW", 
        "Date": "2009-08-11", 
        "High": 47.84, 
        "Low": 46.259998, 
        "Open": 47.25, 
        "Volume": 1941100, 
        "day": 223, 
        "year": 2009
    }
}