{
    "day": {
        "Adj Close": 38.206824, 
        "Close": 45.580002, 
        "Company": "TROW", 
        "Date": "2009-08-20", 
        "High": 45.599998, 
        "Low": 44.470001, 
        "Open": 44.84, 
        "Volume": 1318100, 
        "day": 232, 
        "year": 2009
    }
}