{
    "day": {
        "Adj Close": 36.161525, 
        "Close": 43.139999, 
        "Company": "TROW", 
        "Date": "2009-09-01", 
        "High": 46.029999, 
        "Low": 43.080002, 
        "Open": 45.200001, 
        "Volume": 2987400, 
        "day": 244, 
        "year": 2009
    }
}