{
    "day": {
        "Adj Close": 37.727078, 
        "Close": 44.759998, 
        "Company": "TROW", 
        "Date": "2009-09-14", 
        "High": 44.950001, 
        "Low": 42.889999, 
        "Open": 43.41, 
        "Volume": 2811500, 
        "day": 257, 
        "year": 2009
    }
}