{
    "day": {
        "Adj Close": 40.21356, 
        "Close": 47.709999, 
        "Company": "TROW", 
        "Date": "2009-10-20", 
        "High": 47.990002, 
        "Low": 47.200001, 
        "Open": 47.450001, 
        "Volume": 2136600, 
        "day": 293, 
        "year": 2009
    }
}