{
    "day": {
        "Adj Close": 41.511588, 
        "Close": 49.25, 
        "Company": "TROW", 
        "Date": "2009-11-19", 
        "High": 49.990002, 
        "Low": 48.720001, 
        "Open": 49.959999, 
        "Volume": 1350000, 
        "day": 323, 
        "year": 2009
    }
}