{
    "day": {
        "Adj Close": 41.241868, 
        "Close": 48.93, 
        "Company": "TROW", 
        "Date": "2009-11-30", 
        "High": 49.0, 
        "Low": 47.110001, 
        "Open": 47.360001, 
        "Volume": 2392900, 
        "day": 334, 
        "year": 2009
    }
}