{
    "day": {
        "Adj Close": 45.108904, 
        "Close": 53.25, 
        "Company": "TROW", 
        "Date": "2009-12-31", 
        "High": 54.16, 
        "Low": 53.25, 
        "Open": 53.740002, 
        "Volume": 736000, 
        "day": 365, 
        "year": 2009
    }
}