{
    "day": {
        "Adj Close": 20.133484, 
        "Close": 24.4, 
        "Company": "TROW", 
        "Date": "2009-02-20", 
        "High": 24.92, 
        "Low": 23.25, 
        "Open": 23.280001, 
        "Volume": 5172500, 
        "day": 51, 
        "year": 2009
    }
}