{
    "day": {
        "Adj Close": 20.050969, 
        "Close": 24.299999, 
        "Company": "TROW", 
        "Date": "2009-02-25", 
        "High": 25.110001, 
        "Low": 23.459999, 
        "Open": 24.41, 
        "Volume": 4426000, 
        "day": 56, 
        "year": 2009
    }
}