{
    "day": {
        "Adj Close": 30.117712, 
        "Close": 36.5, 
        "Company": "TROW", 
        "Date": "2009-01-06", 
        "High": 37.91, 
        "Low": 35.619999, 
        "Open": 37.369999, 
        "Volume": 3964900, 
        "day": 6, 
        "year": 2009
    }
}