{
    "day": {
        "Adj Close": 22.811914, 
        "Close": 27.370001, 
        "Company": "TROW", 
        "Date": "2009-03-30", 
        "High": 28.799999, 
        "Low": 27.26, 
        "Open": 28.059999, 
        "Volume": 4466700, 
        "day": 89, 
        "year": 2009
    }
}