{
    "day": {
        "Adj Close": 24.2038, 
        "Close": 29.040001, 
        "Company": "TROW", 
        "Date": "2009-04-01", 
        "High": 29.35, 
        "Low": 27.469999, 
        "Open": 28.030001, 
        "Volume": 4651600, 
        "day": 91, 
        "year": 2009
    }
}