{
    "day": {
        "Adj Close": 12.199297,
        "Close": 18.120001,
        "Company": "SUNS",
        "Date": "2011-04-14",
        "High": 18.75,
        "Low": 18.110001,
        "Open": 18.15,
        "Volume": 57000,
        "day": 4,
        "week": 15
    }
}