{
    "day": {
        "Adj Close": 61.240002, 
        "Close": 61.240002, 
        "Company": "FANG", 
        "Date": "2015-01-13", 
        "High": 61.59, 
        "Low": 59.419998, 
        "Open": 60.040001, 
        "Volume": 927900, 
        "day": 2, 
        "week": 3
    }
}