{
    "day": {
        "Adj Close": 1.058117, 
        "Close": 25.5, 
        "Company": "WBA", 
        "Date": "1985-11-04", 
        "High": 25.5, 
        "Low": 25.12496, 
        "Open": 25.37504, 
        "Volume": 1350400, 
        "day": 1, 
        "week": 45
    }
}