{
    "day": {
        "Adj Close": 1.47657, 
        "Close": 35.24992, 
        "Company": "WBA", 
        "Date": "1986-05-09", 
        "High": 35.24992, 
        "Low": 34.375038, 
        "Open": 34.75008, 
        "Volume": 1465600, 
        "day": 9, 
        "month": 5
    }
}