{
    "day": {
        "Adj Close": 35.751877,
        "Close": 37.970001,
        "Company": "LPLA",
        "Date": "2013-08-21",
        "High": 38.57,
        "Low": 37.77,
        "Open": 38.52,
        "Volume": 1026900,
        "day": 3,
        "week": 34
    }
}