{
    "day": {
        "Adj Close": 43.419998, 
        "Close": 43.419998, 
        "Company": "FANG", 
        "Date": "2013-10-01", 
        "High": 43.790001, 
        "Low": 42.610001, 
        "Open": 42.610001, 
        "Volume": 332100, 
        "day": 1, 
        "month": 10
    }
}