{
    "day": {
        "Adj Close": 46.849998, 
        "Close": 46.849998, 
        "Company": "FANG", 
        "Date": "2013-10-15", 
        "High": 48.32, 
        "Low": 45.470001, 
        "Open": 46.470001, 
        "Volume": 619400, 
        "day": 15, 
        "month": 10
    }
}