{
    "day": {
        "Adj Close": 43.380001, 
        "Close": 43.380001, 
        "Company": "FANG", 
        "Date": "2013-10-09", 
        "High": 44.93, 
        "Low": 43.02, 
        "Open": 44.669998, 
        "Volume": 427500, 
        "day": 9, 
        "month": 10
    }
}