{
    "day": {
        "Adj Close": 14.612517,
        "Close": 19.450001,
        "Company": "SUNS",
        "Date": "2013-01-10",
        "High": 19.49,
        "Low": 19.32,
        "Open": 19.41,
        "Volume": 34200,
        "day": 10,
        "year": 2013
    }
}