{
    "day": {
        "Adj Close": 14.562335,
        "Close": 18.91,
        "Company": "SUNS",
        "Date": "2013-04-24",
        "High": 19.120001,
        "Low": 18.889999,
        "Open": 18.92,
        "Volume": 17500,
        "day": 114,
        "year": 2013
    }
}