{
    "day": {
        "Adj Close": 14.747156,
        "Close": 19.15,
        "Company": "SUNS",
        "Date": "2013-05-03",
        "High": 19.299999,
        "Low": 19.1,
        "Open": 19.299999,
        "Volume": 53100,
        "day": 123,
        "year": 2013
    }
}