{
    "day": {
        "Adj Close": 14.860017,
        "Close": 19.18,
        "Company": "SUNS",
        "Date": "2013-05-23",
        "High": 19.280001,
        "Low": 18.75,
        "Open": 18.93,
        "Volume": 92500,
        "day": 143,
        "year": 2013
    }
}