{
    "day": {
        "Adj Close": 14.767045,
        "Close": 19.059999,
        "Company": "SUNS",
        "Date": "2013-05-29",
        "High": 19.290001,
        "Low": 18.9,
        "Open": 19.26,
        "Volume": 66500,
        "day": 149,
        "year": 2013
    }
}