{
    "day": {
        "Adj Close": 13.936359,
        "Close": 18.549999,
        "Company": "SUNS",
        "Date": "2013-01-15",
        "High": 18.690001,
        "Low": 18.540001,
        "Open": 18.6,
        "Volume": 1637500,
        "day": 15,
        "year": 2013
    }
}