{
    "day": {
        "Adj Close": 14.635334,
        "Close": 18.889999,
        "Company": "SUNS",
        "Date": "2013-06-11",
        "High": 18.889999,
        "Low": 18.51,
        "Open": 18.610001,
        "Volume": 83300,
        "day": 162,
        "year": 2013
    }
}