{
    "day": {
        "Adj Close": 14.063845,
        "Close": 18.040001,
        "Company": "SUNS",
        "Date": "2013-06-25",
        "High": 18.440001,
        "Low": 17.92,
        "Open": 18.139999,
        "Volume": 34100,
        "day": 176,
        "year": 2013
    }
}