{
    "day": {
        "Adj Close": 14.352294,
        "Close": 18.41,
        "Company": "SUNS",
        "Date": "2013-06-28",
        "High": 18.950001,
        "Low": 18.219999,
        "Open": 18.219999,
        "Volume": 154900,
        "day": 179,
        "year": 2013
    }
}