{
    "day": {
        "Adj Close": 14.086875,
        "Close": 17.959999,
        "Company": "SUNS",
        "Date": "2013-08-06",
        "High": 18.129999,
        "Low": 17.879999,
        "Open": 17.959999,
        "Volume": 27100,
        "day": 218,
        "year": 2013
    }
}