{
    "day": {
        "Adj Close": 14.047658,
        "Close": 17.91,
        "Company": "SUNS",
        "Date": "2013-08-16",
        "High": 18.049999,
        "Low": 17.65,
        "Open": 17.65,
        "Volume": 16800,
        "day": 228,
        "year": 2013
    }
}