{
    "day": {
        "Adj Close": 14.053494,
        "Close": 17.799999,
        "Company": "SUNS",
        "Date": "2013-08-27",
        "High": 18.049999,
        "Low": 17.76,
        "Open": 18.049999,
        "Volume": 28300,
        "day": 239,
        "year": 2013
    }
}