{
    "day": {
        "Adj Close": 14.160896,
        "Close": 17.82,
        "Company": "SUNS",
        "Date": "2013-10-02",
        "High": 18.290001,
        "Low": 17.6,
        "Open": 18.18,
        "Volume": 116900,
        "day": 275,
        "year": 2013
    }
}