{
    "day": {
        "Adj Close": 14.820466,
        "Close": 18.65,
        "Company": "SUNS",
        "Date": "2013-10-17",
        "High": 18.75,
        "Low": 18.530001,
        "Open": 18.57,
        "Volume": 36200,
        "day": 290,
        "year": 2013
    }
}