{
    "day": {
        "Adj Close": 14.881691,
        "Close": 18.610001,
        "Company": "SUNS",
        "Date": "2013-10-28",
        "High": 18.91,
        "Low": 18.469999,
        "Open": 18.82,
        "Volume": 30700,
        "day": 301,
        "year": 2013
    }
}