{
    "day": {
        "Adj Close": 14.393898,
        "Close": 18.0,
        "Company": "SUNS",
        "Date": "2013-11-07",
        "High": 18.25,
        "Low": 18.0,
        "Open": 18.120001,
        "Volume": 23200,
        "day": 311,
        "year": 2013
    }
}