{
    "day": {
        "Adj Close": 14.545834,
        "Close": 18.190001,
        "Company": "SUNS",
        "Date": "2013-11-11",
        "High": 18.360001,
        "Low": 18.16,
        "Open": 18.27,
        "Volume": 5800,
        "day": 315,
        "year": 2013
    }
}