{
    "day": {
        "Adj Close": 14.243109,
        "Close": 18.84,
        "Company": "SUNS",
        "Date": "2013-02-08",
        "High": 18.889999,
        "Low": 18.68,
        "Open": 18.73,
        "Volume": 34400,
        "day": 39,
        "year": 2013
    }
}