{
    "day": {
        "Adj Close": 14.333829,
        "Close": 18.959999,
        "Company": "SUNS",
        "Date": "2013-02-13",
        "High": 18.959999,
        "Low": 18.610001,
        "Open": 18.799999,
        "Volume": 65300,
        "day": 44,
        "year": 2013
    }
}