{
    "day": {
        "Adj Close": 14.244386,
        "Close": 18.959999,
        "Company": "SUNS",
        "Date": "2013-01-07",
        "High": 19.209999,
        "Low": 18.780001,
        "Open": 18.780001,
        "Volume": 85500,
        "day": 7,
        "year": 2013
    }
}