{
    "day": {
        "Adj Close": 14.480362,
        "Close": 18.92,
        "Company": "SUNS",
        "Date": "2013-03-19",
        "High": 19.200001,
        "Low": 18.59,
        "Open": 19.16,
        "Volume": 70600,
        "day": 78,
        "year": 2013
    }
}