{
    "day": {
        "Adj Close": 47.265822, 
        "Close": 54.889999, 
        "Company": "TROW", 
        "Date": "2010-10-22", 
        "High": 55.380001, 
        "Low": 54.48, 
        "Open": 55.0, 
        "Volume": 3380400, 
        "day": 5, 
        "week": 42
    }
}