{
    "day": {
        "Adj Close": 202.600006, 
        "Close": 202.600006, 
        "Company": "TSLA", 
        "Date": "2016-03-08", 
        "High": 207.5, 
        "Low": 202.199997, 
        "Open": 203.5, 
        "Volume": 4130800, 
        "day": 2, 
        "week": 10
    }
}