{
    "day": {
        "Adj Close": 38.663942, 
        "Close": 45.740002, 
        "Company": "WBA", 
        "Date": "2007-05-18", 
        "High": 45.790001, 
        "Low": 45.200001, 
        "Open": 45.389999, 
        "Volume": 5314100, 
        "day": 5, 
        "week": 20
    }
}