{
    "day": {
        "Adj Close": 1.65975, 
        "Close": 41.0, 
        "Company": "TROW", 
        "Date": "1993-04-22", 
        "High": 41.75008, 
        "Low": 41.0, 
        "Open": 41.375038, 
        "Volume": 280000, 
        "day": 22, 
        "month": 4
    }
}