{
    "day": {
        "Adj Close": 1.700232, 
        "Close": 42.0, 
        "Company": "TROW", 
        "Date": "1993-04-29", 
        "High": 42.75008, 
        "Low": 41.24992, 
        "Open": 41.24992, 
        "Volume": 1113600, 
        "day": 29, 
        "month": 4
    }
}