{
    "day": {
        "Adj Close": 1.503477, 
        "Close": 35.24992, 
        "Company": "WBA", 
        "Date": "1987-05-19", 
        "High": 36.24992, 
        "Low": 35.24992, 
        "Open": 36.124962, 
        "Volume": 2094400, 
        "day": 2, 
        "week": 21
    }
}