{
    "day": {
        "Adj Close": 1.482158, 
        "Close": 34.75008, 
        "Company": "WBA", 
        "Date": "1987-05-22", 
        "High": 35.0, 
        "Low": 34.5, 
        "Open": 35.0, 
        "Volume": 1017600, 
        "day": 5, 
        "week": 21
    }
}