{
    "day": {
        "Adj Close": 30.548199, 
        "Close": 36.740002, 
        "Company": "WBA", 
        "Date": "2004-08-24", 
        "High": 37.0, 
        "Low": 36.66, 
        "Open": 36.93, 
        "Volume": 1625400, 
        "day": 24, 
        "month": 8
    }
}