{
    "day": {
        "Adj Close": 30.18235, 
        "Close": 36.299999, 
        "Company": "WBA", 
        "Date": "2004-08-30", 
        "High": 36.689999, 
        "Low": 36.25, 
        "Open": 36.650002, 
        "Volume": 1214600, 
        "day": 30, 
        "month": 8
    }
}