{
    "day": {
        "Adj Close": 38.231258, 
        "Close": 45.68, 
        "Company": "WBA", 
        "Date": "2005-11-30", 
        "High": 47.049999, 
        "Low": 45.650002, 
        "Open": 47.0, 
        "Volume": 4204900, 
        "day": 30, 
        "month": 11
    }
}