{
    "day": {
        "Adj Close": 3.698291, 
        "Close": 39.624962, 
        "Company": "WBA", 
        "Date": "1992-10-21", 
        "High": 39.875038, 
        "Low": 39.5, 
        "Open": 39.75, 
        "Volume": 922400, 
        "day": 3, 
        "week": 43
    }
}