{
    "day": {
        "Adj Close": 3.674965, 
        "Close": 39.375038, 
        "Company": "WBA", 
        "Date": "1992-10-23", 
        "High": 39.75, 
        "Low": 39.25, 
        "Open": 39.375038, 
        "Volume": 695200, 
        "day": 5, 
        "week": 43
    }
}