{
    "day": {
        "Adj Close": 13.849612, 
        "Close": 36.709999, 
        "Company": "TROW", 
        "Date": "2003-05-30", 
        "High": 36.720001, 
        "Low": 34.700001, 
        "Open": 34.810001, 
        "Volume": 5239600, 
        "day": 150, 
        "year": 2003
    }
}