{
    "day": {
        "Adj Close": 14.098611, 
        "Close": 37.369999, 
        "Company": "TROW", 
        "Date": "2003-06-04", 
        "High": 37.43, 
        "Low": 36.150002, 
        "Open": 36.389999, 
        "Volume": 2238600, 
        "day": 155, 
        "year": 2003
    }
}