{
    "day": {
        "Adj Close": 14.004293, 
        "Close": 37.119999, 
        "Company": "TROW", 
        "Date": "2003-06-13", 
        "High": 38.080002, 
        "Low": 36.599998, 
        "Open": 37.959999, 
        "Volume": 2191200, 
        "day": 164, 
        "year": 2003
    }
}