{
    "day": {
        "Adj Close": 14.998094, 
        "Close": 39.580002, 
        "Company": "TROW", 
        "Date": "2003-07-29", 
        "High": 40.290001, 
        "Low": 39.290001, 
        "Open": 40.290001, 
        "Volume": 1260600, 
        "day": 210, 
        "year": 2003
    }
}