{
    "day": {
        "Adj Close": 15.096615, 
        "Close": 39.84, 
        "Company": "TROW", 
        "Date": "2003-08-04", 
        "High": 40.099998, 
        "Low": 38.369999, 
        "Open": 39.139999, 
        "Volume": 2202200, 
        "day": 216, 
        "year": 2003
    }
}