{
    "day": {
        "Adj Close": 15.968157, 
        "Close": 42.139999, 
        "Company": "TROW", 
        "Date": "2003-08-25", 
        "High": 42.490002, 
        "Low": 41.580002, 
        "Open": 42.43, 
        "Volume": 1517200, 
        "day": 237, 
        "year": 2003
    }
}