{
    "day": {
        "Adj Close": 15.952999, 
        "Close": 42.099998, 
        "Company": "TROW", 
        "Date": "2003-08-28", 
        "High": 42.259998, 
        "Low": 41.439999, 
        "Open": 41.549999, 
        "Volume": 1477200, 
        "day": 240, 
        "year": 2003
    }
}