{
    "day": {
        "Adj Close": 16.957167, 
        "Close": 44.75, 
        "Company": "TROW", 
        "Date": "2003-09-18", 
        "High": 44.759998, 
        "Low": 43.099998, 
        "Open": 43.099998, 
        "Volume": 1943400, 
        "day": 261, 
        "year": 2003
    }
}