{
    "day": {
        "Adj Close": 15.973032, 
        "Close": 41.990002, 
        "Company": "TROW", 
        "Date": "2003-09-29", 
        "High": 42.41, 
        "Low": 41.43, 
        "Open": 41.799999, 
        "Volume": 1475400, 
        "day": 272, 
        "year": 2003
    }
}