{
    "day": {
        "Adj Close": 15.702946, 
        "Close": 41.279999, 
        "Company": "TROW", 
        "Date": "2003-09-30", 
        "High": 41.990002, 
        "Low": 40.639999, 
        "Open": 41.950001, 
        "Volume": 2608800, 
        "day": 273, 
        "year": 2003
    }
}