{
    "day": {
        "Adj Close": 16.45614, 
        "Close": 43.259998, 
        "Company": "TROW", 
        "Date": "2003-10-13", 
        "High": 43.560001, 
        "Low": 42.27, 
        "Open": 42.439999, 
        "Volume": 1272200, 
        "day": 286, 
        "year": 2003
    }
}