{
    "day": {
        "Adj Close": 16.106171, 
        "Close": 42.34, 
        "Company": "TROW", 
        "Date": "2003-10-16", 
        "High": 43.0, 
        "Low": 42.169998, 
        "Open": 42.830002, 
        "Volume": 1397000, 
        "day": 289, 
        "year": 2003
    }
}