{
    "day": {
        "Adj Close": 15.874127, 
        "Close": 41.73, 
        "Company": "TROW", 
        "Date": "2003-10-20", 
        "High": 42.279999, 
        "Low": 41.540001, 
        "Open": 41.959999, 
        "Volume": 1052800, 
        "day": 293, 
        "year": 2003
    }
}