{
    "day": {
        "Adj Close": 15.387214, 
        "Close": 40.450001, 
        "Company": "TROW", 
        "Date": "2003-10-27", 
        "High": 40.66, 
        "Low": 39.439999, 
        "Open": 39.720001, 
        "Volume": 1172800, 
        "day": 300, 
        "year": 2003
    }
}