{
    "day": {
        "Adj Close": 15.839891, 
        "Close": 41.639999, 
        "Company": "TROW", 
        "Date": "2003-10-29", 
        "High": 41.91, 
        "Low": 41.34, 
        "Open": 41.630001, 
        "Volume": 1424600, 
        "day": 302, 
        "year": 2003
    }
}