{
    "day": {
        "Adj Close": 10.026841, 
        "Close": 26.74, 
        "Company": "TROW", 
        "Date": "2003-01-31", 
        "High": 26.780001, 
        "Low": 25.559999, 
        "Open": 25.610001, 
        "Volume": 4074800, 
        "day": 31, 
        "year": 2003
    }
}