{
    "day": {
        "Adj Close": 16.775676, 
        "Close": 44.099998, 
        "Company": "TROW", 
        "Date": "2003-11-07", 
        "High": 44.470001, 
        "Low": 43.52, 
        "Open": 43.68, 
        "Volume": 2112400, 
        "day": 311, 
        "year": 2003
    }
}