{
    "day": {
        "Adj Close": 16.509397, 
        "Close": 43.400002, 
        "Company": "TROW", 
        "Date": "2003-11-11", 
        "High": 43.84, 
        "Low": 43.310001, 
        "Open": 43.759998, 
        "Volume": 1043000, 
        "day": 315, 
        "year": 2003
    }
}