{
    "day": {
        "Adj Close": 15.965424, 
        "Close": 41.970001, 
        "Company": "TROW", 
        "Date": "2003-11-26", 
        "High": 42.169998, 
        "Low": 41.490002, 
        "Open": 41.990002, 
        "Volume": 893600, 
        "day": 330, 
        "year": 2003
    }
}