{
    "day": {
        "Adj Close": 16.889798, 
        "Close": 44.400002, 
        "Company": "TROW", 
        "Date": "2003-12-18", 
        "High": 44.68, 
        "Low": 43.439999, 
        "Open": 43.779999, 
        "Volume": 925400, 
        "day": 352, 
        "year": 2003
    }
}