{
    "day": {
        "Adj Close": 17.861674, 
        "Close": 46.759998, 
        "Company": "TROW", 
        "Date": "2003-12-29", 
        "High": 46.900002, 
        "Low": 45.549999, 
        "Open": 45.610001, 
        "Volume": 1272200, 
        "day": 363, 
        "year": 2003
    }
}