{
    "day": {
        "Adj Close": 9.651866, 
        "Close": 25.74, 
        "Company": "TROW", 
        "Date": "2003-02-18", 
        "High": 25.9, 
        "Low": 25.0, 
        "Open": 25.040001, 
        "Volume": 1403200, 
        "day": 49, 
        "year": 2003
    }
}