{
    "day": {
        "Adj Close": 9.644366, 
        "Close": 25.719999, 
        "Company": "TROW", 
        "Date": "2003-02-28", 
        "High": 26.030001, 
        "Low": 25.530001, 
        "Open": 25.58, 
        "Volume": 1438600, 
        "day": 59, 
        "year": 2003
    }
}