{
    "day": {
        "Adj Close": 9.678114, 
        "Close": 25.809999, 
        "Company": "TROW", 
        "Date": "2003-03-13", 
        "High": 25.870001, 
        "Low": 24.709999, 
        "Open": 24.969999, 
        "Volume": 2876600, 
        "day": 72, 
        "year": 2003
    }
}