{
    "day": {
        "Adj Close": 11.208013, 
        "Close": 29.889999, 
        "Company": "TROW", 
        "Date": "2003-01-09", 
        "High": 29.969999, 
        "Low": 29.27, 
        "Open": 29.27, 
        "Volume": 933400, 
        "day": 9, 
        "year": 2003
    }
}