{
    "day": {
        "Adj Close": 10.718265, 
        "Close": 28.41, 
        "Company": "TROW", 
        "Date": "2003-04-08", 
        "High": 28.77, 
        "Low": 28.280001, 
        "Open": 28.690001, 
        "Volume": 789200, 
        "day": 98, 
        "year": 2003
    }
}