{
    "day": {
        "Adj Close": 1.137265, 
        "Close": 29.24992, 
        "Company": "TROW", 
        "Date": "1991-04-16", 
        "High": 29.24992, 
        "Low": 29.0, 
        "Open": 29.0, 
        "Volume": 41600, 
        "day": 16, 
        "month": 4
    }
}