{
    "day": {
        "Adj Close": 1.127548, 
        "Close": 29.0, 
        "Company": "TROW", 
        "Date": "1991-04-18", 
        "High": 30.0, 
        "Low": 29.0, 
        "Open": 29.24992, 
        "Volume": 152000, 
        "day": 18, 
        "month": 4
    }
}