{
    "day": {
        "Adj Close": 1.040069, 
        "Close": 26.75008, 
        "Company": "TROW", 
        "Date": "1991-04-24", 
        "High": 27.0, 
        "Low": 26.5, 
        "Open": 27.0, 
        "Volume": 376000, 
        "day": 24, 
        "month": 4
    }
}