{
    "day": {
        "Adj Close": 1.040069, 
        "Close": 26.75008, 
        "Company": "TROW", 
        "Date": "1991-04-29", 
        "High": 28.75008, 
        "Low": 26.75008, 
        "Open": 28.0, 
        "Volume": 952000, 
        "day": 29, 
        "month": 4
    }
}