{
    "day": {
        "Adj Close": 12.302489,
        "Close": 15.639998,
        "Company": "SONA",
        "Date": "2007-04-23",
        "High": 15.749998,
        "Low": 15.639998,
        "Open": 15.649997,
        "Volume": 12900,
        "day": 1,
        "week": 17
    }
}