{
    "day": {
        "Adj Close": 2.267939, 
        "Close": 49.875038, 
        "Company": "WBA", 
        "Date": "1990-11-23", 
        "High": 50.0, 
        "Low": 49.5, 
        "Open": 49.5, 
        "Volume": 444800, 
        "day": 5, 
        "week": 47
    }
}