{
    "day": {
        "Adj Close": 2.121435, 
        "Close": 46.875038, 
        "Company": "WBA", 
        "Date": "1990-09-05", 
        "High": 46.875038, 
        "Low": 45.875038, 
        "Open": 45.875038, 
        "Volume": 1683200, 
        "day": 3, 
        "week": 36
    }
}