{
    "day": {
        "Adj Close": 2.098807, 
        "Close": 46.375038, 
        "Company": "WBA", 
        "Date": "1990-09-07", 
        "High": 46.375038, 
        "Low": 46.124962, 
        "Open": 46.24992, 
        "Volume": 1392000, 
        "day": 5, 
        "week": 36
    }
}