{
    "day": {
        "Adj Close": 54.131621, 
        "Close": 61.240002, 
        "Company": "TROW", 
        "Date": "2012-02-28", 
        "High": 61.830002, 
        "Low": 61.0, 
        "Open": 61.310001, 
        "Volume": 1166200, 
        "day": 28, 
        "month": 2
    }
}