{
    "day": {
        "Adj Close": 19.540001,
        "Close": 19.540001,
        "Company": "TCBI",
        "Date": "2006-09-01",
        "High": 20.059999,
        "Low": 19.540001,
        "Open": 20.01,
        "Volume": 53700,
        "day": 1,
        "month": 9
    }
}