{
    "day": {
        "Adj Close": 2.450589, 
        "Close": 60.24992, 
        "Company": "TROW", 
        "Date": "1993-08-31", 
        "High": 60.24992, 
        "Low": 59.75008, 
        "Open": 59.75008, 
        "Volume": 1652800, 
        "day": 31, 
        "month": 8
    }
}