{
    "day": {
        "Adj Close": 2.22689, 
        "Close": 54.75008, 
        "Company": "TROW", 
        "Date": "1993-08-09", 
        "High": 55.0, 
        "Low": 54.0, 
        "Open": 54.24992, 
        "Volume": 2017600, 
        "day": 9, 
        "month": 8
    }
}