{
    "day": {
        "Adj Close": 52.66,
        "Close": 52.66,
        "Company": "TCBI",
        "Date": "2015-04-30",
        "High": 53.66,
        "Low": 52.330002,
        "Open": 52.810001,
        "Volume": 489300,
        "day": 120,
        "year": 2015
    }
}