{
    "day": {
        "Adj Close": 53.860001,
        "Close": 53.860001,
        "Company": "TCBI",
        "Date": "2015-05-26",
        "High": 54.84,
        "Low": 53.66,
        "Open": 54.279999,
        "Volume": 337600,
        "day": 146,
        "year": 2015
    }
}