{
    "day": {
        "Adj Close": 56.43,
        "Close": 56.43,
        "Company": "TCBI",
        "Date": "2015-06-03",
        "High": 56.82,
        "Low": 55.349998,
        "Open": 55.439999,
        "Volume": 427700,
        "day": 154,
        "year": 2015
    }
}