{
    "day": {
        "Adj Close": 59.759998,
        "Close": 59.759998,
        "Company": "TCBI",
        "Date": "2015-06-19",
        "High": 59.93,
        "Low": 59.009998,
        "Open": 59.34,
        "Volume": 483800,
        "day": 170,
        "year": 2015
    }
}