{
    "day": {
        "Adj Close": 60.380001,
        "Close": 60.380001,
        "Company": "TCBI",
        "Date": "2015-07-06",
        "High": 62.0,
        "Low": 59.82,
        "Open": 61.25,
        "Volume": 1194800,
        "day": 187,
        "year": 2015
    }
}