{
    "day": {
        "Adj Close": 60.68,
        "Close": 60.68,
        "Company": "TCBI",
        "Date": "2015-07-15",
        "High": 61.099998,
        "Low": 60.400002,
        "Open": 60.950001,
        "Volume": 475400,
        "day": 196,
        "year": 2015
    }
}