{
    "day": {
        "Adj Close": 51.970001,
        "Close": 51.970001,
        "Company": "TCBI",
        "Date": "2015-09-02",
        "High": 52.450001,
        "Low": 50.720001,
        "Open": 52.119999,
        "Volume": 256300,
        "day": 245,
        "year": 2015
    }
}