{
    "day": {
        "Adj Close": 51.389999,
        "Close": 51.389999,
        "Company": "TCBI",
        "Date": "2015-09-04",
        "High": 52.16,
        "Low": 50.91,
        "Open": 51.779999,
        "Volume": 334400,
        "day": 247,
        "year": 2015
    }
}