{
    "day": {
        "Adj Close": 53.419998,
        "Close": 53.419998,
        "Company": "TCBI",
        "Date": "2015-09-10",
        "High": 53.759998,
        "Low": 52.220001,
        "Open": 52.23,
        "Volume": 346000,
        "day": 253,
        "year": 2015
    }
}