{
    "day": {
        "Adj Close": 51.990002,
        "Close": 51.990002,
        "Company": "TCBI",
        "Date": "2015-09-11",
        "High": 53.0,
        "Low": 51.810001,
        "Open": 52.919998,
        "Volume": 422300,
        "day": 254,
        "year": 2015
    }
}