{
    "day": {
        "Adj Close": 52.119999,
        "Close": 52.119999,
        "Company": "TCBI",
        "Date": "2015-09-28",
        "High": 52.919998,
        "Low": 51.689999,
        "Open": 52.66,
        "Volume": 397900,
        "day": 271,
        "year": 2015
    }
}