{
    "day": {
        "Adj Close": 53.599998,
        "Close": 53.599998,
        "Company": "TCBI",
        "Date": "2015-10-27",
        "High": 54.630001,
        "Low": 52.59,
        "Open": 54.130001,
        "Volume": 390900,
        "day": 300,
        "year": 2015
    }
}