{
    "day": {
        "Adj Close": 55.970001,
        "Close": 55.970001,
        "Company": "TCBI",
        "Date": "2015-10-29",
        "High": 57.68,
        "Low": 55.849998,
        "Open": 56.169998,
        "Volume": 264700,
        "day": 302,
        "year": 2015
    }
}