{
    "day": {
        "Adj Close": 57.560001,
        "Close": 57.560001,
        "Company": "TCBI",
        "Date": "2015-11-12",
        "High": 58.93,
        "Low": 57.439999,
        "Open": 58.93,
        "Volume": 247000,
        "day": 316,
        "year": 2015
    }
}