{
    "day": {
        "Adj Close": 50.25,
        "Close": 50.25,
        "Company": "TCBI",
        "Date": "2015-12-15",
        "High": 51.009998,
        "Low": 49.57,
        "Open": 49.610001,
        "Volume": 669700,
        "day": 349,
        "year": 2015
    }
}