{
    "day": {
        "Adj Close": 49.650002,
        "Close": 49.650002,
        "Company": "TCBI",
        "Date": "2015-12-28",
        "High": 49.970001,
        "Low": 48.82,
        "Open": 49.869999,
        "Volume": 259200,
        "day": 362,
        "year": 2015
    }
}