{
    "day": {
        "Adj Close": 49.419998,
        "Close": 49.419998,
        "Company": "TCBI",
        "Date": "2015-12-31",
        "High": 50.419998,
        "Low": 49.299999,
        "Open": 49.689999,
        "Volume": 367600,
        "day": 365,
        "year": 2015
    }
}