{
    "day": {
        "Adj Close": 47.299999,
        "Close": 47.299999,
        "Company": "TCBI",
        "Date": "2015-03-03",
        "High": 47.380001,
        "Low": 46.73,
        "Open": 47.139999,
        "Volume": 405800,
        "day": 62,
        "year": 2015
    }
}