{
    "day": {
        "Adj Close": 49.080002,
        "Close": 49.080002,
        "Company": "TCBI",
        "Date": "2015-03-30",
        "High": 49.560001,
        "Low": 47.849998,
        "Open": 48.119999,
        "Volume": 342500,
        "day": 89,
        "year": 2015
    }
}