{
    "day": {
        "Adj Close": 30.872395,
        "Close": 33.5,
        "Company": "LPLA",
        "Date": "2012-07-09",
        "High": 33.810001,
        "Low": 33.310001,
        "Open": 33.700001,
        "Volume": 164700,
        "day": 1,
        "week": 28
    }
}