{
    "day": {
        "Adj Close": 17.206334, 
        "Close": 29.91, 
        "Company": "MDLZ", 
        "Date": "2010-04-29", 
        "High": 30.09, 
        "Low": 29.780001, 
        "Open": 29.99, 
        "Volume": 11464700, 
        "day": 29, 
        "month": 4
    }
}