{
    "day": {
        "Adj Close": 14.254653, 
        "Close": 25.85, 
        "Company": "MDLZ", 
        "Date": "2009-06-10", 
        "High": 26.49, 
        "Low": 25.629999, 
        "Open": 26.32, 
        "Volume": 13487100, 
        "day": 3, 
        "week": 24
    }
}