{
    "day": {
        "Adj Close": 23.187004, 
        "Close": 59.580002, 
        "Company": "TROW", 
        "Date": "2005-04-04", 
        "High": 59.900002, 
        "Low": 57.990002, 
        "Open": 58.880001, 
        "Volume": 1450200, 
        "day": 4, 
        "month": 4
    }
}