{
    "day": {
        "Adj Close": 22.805612, 
        "Close": 58.599998, 
        "Company": "TROW", 
        "Date": "2005-04-08", 
        "High": 59.189999, 
        "Low": 58.310001, 
        "Open": 59.02, 
        "Volume": 1022800, 
        "day": 8, 
        "month": 4
    }
}