{
    "day": {
        "Adj Close": 13.826496, 
        "Close": 30.709999, 
        "Company": "MDLZ", 
        "Date": "2001-07-16", 
        "High": 31.01, 
        "Low": 30.65, 
        "Open": 30.73, 
        "Volume": 1198100, 
        "day": 1, 
        "week": 29
    }
}