{
    "day": {
        "Adj Close": 3.07964, 
        "Close": 33.25, 
        "Company": "WBA", 
        "Date": "1992-05-11", 
        "High": 33.25, 
        "Low": 32.75, 
        "Open": 32.875038, 
        "Volume": 1184000, 
        "day": 1, 
        "week": 20
    }
}