{
    "day": {
        "Adj Close": 3.114369, 
        "Close": 33.624962, 
        "Company": "WBA", 
        "Date": "1992-05-13", 
        "High": 34.0, 
        "Low": 33.375038, 
        "Open": 33.624962, 
        "Volume": 2854400, 
        "day": 3, 
        "week": 20
    }
}