{
    "day": {
        "Adj Close": 83.26927, 
        "Close": 83.660004, 
        "Company": "WBA", 
        "Date": "2015-12-08", 
        "High": 84.889999, 
        "Low": 83.440002, 
        "Open": 84.260002, 
        "Volume": 5106100, 
        "day": 2, 
        "week": 50
    }
}