{
    "day": {
        "Adj Close": 83.030385, 
        "Close": 83.419998, 
        "Company": "WBA", 
        "Date": "2015-12-10", 
        "High": 84.019997, 
        "Low": 82.75, 
        "Open": 83.43, 
        "Volume": 2692700, 
        "day": 4, 
        "week": 50
    }
}