{
    "day": {
        "Adj Close": 1.863679, 
        "Close": 46.24992, 
        "Company": "TROW", 
        "Date": "1993-03-16", 
        "High": 46.75008, 
        "Low": 46.0, 
        "Open": 46.375038, 
        "Volume": 204800, 
        "day": 16, 
        "month": 3
    }
}