{
    "day": {
        "Adj Close": 1.8824, 
        "Close": 46.5, 
        "Company": "TROW", 
        "Date": "1993-03-19", 
        "High": 46.5, 
        "Low": 45.75008, 
        "Open": 45.75008, 
        "Volume": 596800, 
        "day": 19, 
        "month": 3
    }
}