{
    "day": {
        "Adj Close": 1.781195, 
        "Close": 44.0, 
        "Company": "TROW", 
        "Date": "1993-03-29", 
        "High": 44.24992, 
        "Low": 44.0, 
        "Open": 44.24992, 
        "Volume": 35200, 
        "day": 29, 
        "month": 3
    }
}