{
    "day": {
        "Adj Close": 1.776137, 
        "Close": 43.875038, 
        "Company": "TROW", 
        "Date": "1993-03-30", 
        "High": 44.5, 
        "Low": 43.5, 
        "Open": 43.5, 
        "Volume": 547200, 
        "day": 30, 
        "month": 3
    }
}