{
    "day": {
        "Adj Close": 1.919087, 
        "Close": 47.624962, 
        "Company": "TROW", 
        "Date": "1993-03-04", 
        "High": 47.75008, 
        "Low": 47.0, 
        "Open": 47.0, 
        "Volume": 123200, 
        "day": 4, 
        "month": 3
    }
}