{
    "day": {
        "Adj Close": 0.998027, 
        "Close": 26.5, 
        "Company": "TROW", 
        "Date": "1990-02-02", 
        "High": 26.75008, 
        "Low": 25.75008, 
        "Open": 25.75008, 
        "Volume": 110400, 
        "day": 2, 
        "month": 2
    }
}