{
    "day": {
        "Adj Close": 1.045107, 
        "Close": 27.75008, 
        "Company": "TROW", 
        "Date": "1990-02-22", 
        "High": 27.75008, 
        "Low": 27.24992, 
        "Open": 27.24992, 
        "Volume": 1369600, 
        "day": 22, 
        "month": 2
    }
}