{
    "day": {
        "Adj Close": 1.02627, 
        "Close": 27.24992, 
        "Company": "TROW", 
        "Date": "1990-02-23", 
        "High": 27.75008, 
        "Low": 27.24992, 
        "Open": 27.75008, 
        "Volume": 180800, 
        "day": 23, 
        "month": 2
    }
}