{
    "day": {
        "Adj Close": 0.988609, 
        "Close": 26.24992, 
        "Company": "TROW", 
        "Date": "1990-02-09", 
        "High": 26.75008, 
        "Low": 26.24992, 
        "Open": 26.75008, 
        "Volume": 27200, 
        "day": 9, 
        "month": 2
    }
}