{
    "day": {
        "Adj Close": 210.350006, 
        "Close": 210.350006, 
        "Company": "TSLA", 
        "Date": "2015-10-27", 
        "High": 217.100006, 
        "Low": 207.509995, 
        "Open": 214.839996, 
        "Volume": 3519400, 
        "day": 2, 
        "week": 44
    }
}