{
    "day": {
        "Adj Close": 21.57759, 
        "Close": 25.200001, 
        "Company": "WBA", 
        "Date": "2008-10-30", 
        "High": 25.379999, 
        "Low": 24.6, 
        "Open": 24.639999, 
        "Volume": 9733900, 
        "day": 4, 
        "week": 44
    }
}