{
    "day": {
        "Adj Close": 78.666913, 
        "Close": 80.010002, 
        "Company": "WBA", 
        "Date": "2015-02-25", 
        "High": 80.410004, 
        "Low": 79.639999, 
        "Open": 80.25, 
        "Volume": 3085000, 
        "day": 3, 
        "week": 9
    }
}