{
    "day": {
        "Adj Close": 16.27,
        "Close": 16.27,
        "Company": "TCBI",
        "Date": "2009-10-08",
        "High": 16.610001,
        "Low": 16.18,
        "Open": 16.530001,
        "Volume": 202000,
        "day": 4,
        "week": 41
    }
}