{
    "day": {
        "Adj Close": 41.360001,
        "Close": 41.360001,
        "Company": "TCBI",
        "Date": "2013-02-04",
        "High": 41.75,
        "Low": 41.0,
        "Open": 41.110001,
        "Volume": 545400,
        "day": 1,
        "week": 6
    }
}