{
    "day": {
        "Adj Close": 36.256762, 
        "Close": 36.990002, 
        "Company": "MDLZ", 
        "Date": "2015-02-19", 
        "High": 37.139999, 
        "Low": 36.720001, 
        "Open": 36.950001, 
        "Volume": 7370300, 
        "day": 4, 
        "week": 8
    }
}