{
    "day": {
        "Adj Close": 2.975813, 
        "Close": 32.0, 
        "Company": "WBA", 
        "Date": "1992-06-24", 
        "High": 32.875038, 
        "Low": 32.0, 
        "Open": 32.624962, 
        "Volume": 1246400, 
        "day": 3, 
        "week": 26
    }
}