{
    "day": {
        "Adj Close": 3.057186, 
        "Close": 32.875038, 
        "Company": "WBA", 
        "Date": "1992-06-25", 
        "High": 33.0, 
        "Low": 32.375038, 
        "Open": 32.5, 
        "Volume": 1446400, 
        "day": 4, 
        "week": 26
    }
}