{
    "day": {
        "Adj Close": 68.082503, 
        "Close": 69.099998, 
        "Company": "TROW", 
        "Date": "2015-09-28", 
        "High": 69.379997, 
        "Low": 68.440002, 
        "Open": 68.940002, 
        "Volume": 4012500, 
        "day": 1, 
        "week": 40
    }
}