{
    "day": {
        "Adj Close": 77.4999, 
        "Close": 82.279999, 
        "Company": "TROW", 
        "Date": "2015-02-12", 
        "High": 82.639999, 
        "Low": 81.82, 
        "Open": 82.220001, 
        "Volume": 1451300, 
        "day": 4, 
        "week": 7
    }
}