{
    "day": {
        "Adj Close": 32.454782, 
        "Close": 38.98, 
        "Company": "WBA", 
        "Date": "2004-12-01", 
        "High": 39.040001, 
        "Low": 38.110001, 
        "Open": 38.23, 
        "Volume": 2873000, 
        "day": 1, 
        "month": 12
    }
}