{
    "day": {
        "Adj Close": 61.470001,
        "Close": 61.470001,
        "Company": "TCBI",
        "Date": "2013-12-26",
        "High": 61.790001,
        "Low": 61.110001,
        "Open": 61.759998,
        "Volume": 361900,
        "day": 4,
        "week": 52
    }
}