{
    "day": {
        "Adj Close": 36.156758,
        "Close": 38.400002,
        "Company": "LPLA",
        "Date": "2013-09-26",
        "High": 38.669998,
        "Low": 38.209999,
        "Open": 38.439999,
        "Volume": 369400,
        "day": 4,
        "week": 39
    }
}