{
    "day": {
        "Adj Close": 70.124271, 
        "Close": 77.220001, 
        "Company": "TROW", 
        "Date": "2013-05-29", 
        "High": 77.889999, 
        "Low": 76.82, 
        "Open": 77.43, 
        "Volume": 1069000, 
        "day": 29, 
        "month": 5
    }
}