{
    "day": {
        "Adj Close": 22.346323,
        "Close": 25.74,
        "Company": "LPLA",
        "Date": "2011-09-13",
        "High": 26.120001,
        "Low": 24.59,
        "Open": 25.27,
        "Volume": 378000,
        "day": 2,
        "week": 37
    }
}