{
    "day": {
        "Adj Close": 14.992586, 
        "Close": 33.299999, 
        "Company": "MDLZ", 
        "Date": "2001-11-19", 
        "High": 34.25, 
        "Low": 33.299999, 
        "Open": 34.25, 
        "Volume": 1242200, 
        "day": 1, 
        "week": 47
    }
}