{
    "day": {
        "Adj Close": 14.983582, 
        "Close": 33.279999, 
        "Company": "MDLZ", 
        "Date": "2001-11-20", 
        "High": 33.400002, 
        "Low": 32.779999, 
        "Open": 33.099998, 
        "Volume": 1880900, 
        "day": 2, 
        "week": 47
    }
}