{
    "day": {
        "Adj Close": 46.045575, 
        "Close": 46.419998, 
        "Company": "MDLZ", 
        "Date": "2015-10-19", 
        "High": 46.459999, 
        "Low": 45.5, 
        "Open": 45.799999, 
        "Volume": 8092600, 
        "day": 19, 
        "month": 10
    }
}