{
    "day": {
        "Adj Close": 1.793164, 
        "Close": 44.5, 
        "Company": "TROW", 
        "Date": "1992-12-30", 
        "High": 44.75008, 
        "Low": 44.0, 
        "Open": 44.75008, 
        "Volume": 523200, 
        "day": 3, 
        "week": 53
    }
}