{
    "day": {
        "Adj Close": 16.971449, 
        "Close": 29.209999, 
        "Company": "MDLZ", 
        "Date": "2010-07-20", 
        "High": 29.24, 
        "Low": 28.559999, 
        "Open": 28.67, 
        "Volume": 8830000, 
        "day": 20, 
        "month": 7
    }
}