{
    "day": {
        "Adj Close": 16.756474, 
        "Close": 28.84, 
        "Company": "MDLZ", 
        "Date": "2010-07-21", 
        "High": 29.27, 
        "Low": 28.719999, 
        "Open": 29.25, 
        "Volume": 7271200, 
        "day": 21, 
        "month": 7
    }
}