{
    "day": {
        "Adj Close": 17.012121, 
        "Close": 29.280001, 
        "Company": "MDLZ", 
        "Date": "2010-07-22", 
        "High": 29.379999, 
        "Low": 28.969999, 
        "Open": 28.969999, 
        "Volume": 6404000, 
        "day": 22, 
        "month": 7
    }
}