{
    "day": {
        "Adj Close": 17.267767, 
        "Close": 29.719999, 
        "Company": "MDLZ", 
        "Date": "2010-07-26", 
        "High": 29.799999, 
        "Low": 29.52, 
        "Open": 29.6, 
        "Volume": 6161300, 
        "day": 26, 
        "month": 7
    }
}