{
    "day": {
        "Adj Close": 16.866867, 
        "Close": 29.030001, 
        "Company": "MDLZ", 
        "Date": "2010-07-08", 
        "High": 29.07, 
        "Low": 28.82, 
        "Open": 28.92, 
        "Volume": 8608500, 
        "day": 8, 
        "month": 7
    }
}