{
    "day": {
        "Adj Close": 16.32,
        "Close": 16.32,
        "Company": "TCBI",
        "Date": "2009-10-01",
        "High": 16.809999,
        "Low": 16.139999,
        "Open": 16.809999,
        "Volume": 129900,
        "day": 4,
        "week": 40
    }
}