{
    "day": {
        "Adj Close": 33.09, 
        "Close": 33.09, 
        "Company": "TSLA", 
        "Date": "2012-04-11", 
        "High": 33.290001, 
        "Low": 32.009998, 
        "Open": 33.240002, 
        "Volume": 1105500, 
        "day": 102, 
        "year": 2012
    }
}