{
    "day": {
        "Adj Close": 32.240002, 
        "Close": 32.240002, 
        "Company": "TSLA", 
        "Date": "2012-04-17", 
        "High": 33.07, 
        "Low": 32.040001, 
        "Open": 32.43, 
        "Volume": 1115500, 
        "day": 108, 
        "year": 2012
    }
}