{
    "day": {
        "Adj Close": 30.059999, 
        "Close": 30.059999, 
        "Company": "TSLA", 
        "Date": "2012-05-09", 
        "High": 30.77, 
        "Low": 29.76, 
        "Open": 30.299999, 
        "Volume": 1947900, 
        "day": 130, 
        "year": 2012
    }
}