{
    "day": {
        "Adj Close": 32.959999, 
        "Close": 32.959999, 
        "Company": "TSLA", 
        "Date": "2012-05-10", 
        "High": 34.68, 
        "Low": 32.400002, 
        "Open": 32.970001, 
        "Volume": 5556300, 
        "day": 131, 
        "year": 2012
    }
}