{
    "day": {
        "Adj Close": 32.189999, 
        "Close": 32.189999, 
        "Company": "TSLA", 
        "Date": "2012-06-21", 
        "High": 34.279999, 
        "Low": 31.84, 
        "Open": 34.259998, 
        "Volume": 1891900, 
        "day": 173, 
        "year": 2012
    }
}