{
    "day": {
        "Adj Close": 31.610001, 
        "Close": 31.610001, 
        "Company": "TSLA", 
        "Date": "2012-06-26", 
        "High": 32.349998, 
        "Low": 31.389999, 
        "Open": 32.049999, 
        "Volume": 2613900, 
        "day": 178, 
        "year": 2012
    }
}