{
    "day": {
        "Adj Close": 31.959999, 
        "Close": 31.959999, 
        "Company": "TSLA", 
        "Date": "2012-06-27", 
        "High": 32.450001, 
        "Low": 31.57, 
        "Open": 31.9, 
        "Volume": 1047200, 
        "day": 179, 
        "year": 2012
    }
}