{
    "day": {
        "Adj Close": 31.290001, 
        "Close": 31.290001, 
        "Company": "TSLA", 
        "Date": "2012-06-29", 
        "High": 32.799999, 
        "Low": 31.0, 
        "Open": 32.799999, 
        "Volume": 1125800, 
        "day": 181, 
        "year": 2012
    }
}