{
    "day": {
        "Adj Close": 30.66, 
        "Close": 30.66, 
        "Company": "TSLA", 
        "Date": "2012-07-23", 
        "High": 31.299999, 
        "Low": 30.620001, 
        "Open": 31.049999, 
        "Volume": 1386800, 
        "day": 205, 
        "year": 2012
    }
}