{
    "day": {
        "Adj Close": 28.27, 
        "Close": 28.27, 
        "Company": "TSLA", 
        "Date": "2012-08-06", 
        "High": 28.700001, 
        "Low": 27.549999, 
        "Open": 27.549999, 
        "Volume": 1528200, 
        "day": 219, 
        "year": 2012
    }
}