{
    "day": {
        "Adj Close": 28.52, 
        "Close": 28.52, 
        "Company": "TSLA", 
        "Date": "2012-08-31", 
        "High": 28.84, 
        "Low": 28.200001, 
        "Open": 28.610001, 
        "Volume": 539800, 
        "day": 244, 
        "year": 2012
    }
}