{
    "day": {
        "Adj Close": 28.139999, 
        "Close": 28.139999, 
        "Company": "TSLA", 
        "Date": "2012-09-04", 
        "High": 28.99, 
        "Low": 27.9, 
        "Open": 28.52, 
        "Volume": 752500, 
        "day": 248, 
        "year": 2012
    }
}