{
    "day": {
        "Adj Close": 27.799999, 
        "Close": 27.799999, 
        "Company": "TSLA", 
        "Date": "2012-09-11", 
        "High": 28.16, 
        "Low": 27.4, 
        "Open": 27.76, 
        "Volume": 1014900, 
        "day": 255, 
        "year": 2012
    }
}