{
    "day": {
        "Adj Close": 28.940001, 
        "Close": 28.940001, 
        "Company": "TSLA", 
        "Date": "2012-01-26", 
        "High": 29.58, 
        "Low": 28.0, 
        "Open": 28.07, 
        "Volume": 1271100, 
        "day": 26, 
        "year": 2012
    }
}