{
    "day": {
        "Adj Close": 27.639999, 
        "Close": 27.639999, 
        "Company": "TSLA", 
        "Date": "2012-10-12", 
        "High": 28.73, 
        "Low": 27.5, 
        "Open": 28.32, 
        "Volume": 987600, 
        "day": 286, 
        "year": 2012
    }
}