{
    "day": {
        "Adj Close": 35.279999, 
        "Close": 35.279999, 
        "Company": "TSLA", 
        "Date": "2012-12-11", 
        "High": 35.5, 
        "Low": 34.459999, 
        "Open": 34.599998, 
        "Volume": 1572600, 
        "day": 346, 
        "year": 2012
    }
}