{
    "day": {
        "Adj Close": 35.259998, 
        "Close": 35.259998, 
        "Company": "TSLA", 
        "Date": "2012-12-12", 
        "High": 35.799999, 
        "Low": 34.950001, 
        "Open": 35.209999, 
        "Volume": 2063800, 
        "day": 347, 
        "year": 2012
    }
}