{
    "day": {
        "Adj Close": 27.120001, 
        "Close": 27.120001, 
        "Company": "TSLA", 
        "Date": "2012-01-05", 
        "High": 27.93, 
        "Low": 26.85, 
        "Open": 27.76, 
        "Volume": 1005500, 
        "day": 5, 
        "year": 2012
    }
}