{
    "day": {
        "Adj Close": 33.77, 
        "Close": 33.77, 
        "Company": "TSLA", 
        "Date": "2012-03-05", 
        "High": 34.400002, 
        "Low": 33.459999, 
        "Open": 34.349998, 
        "Volume": 467000, 
        "day": 65, 
        "year": 2012
    }
}