{
    "day": {
        "Adj Close": 33.475898,
        "Close": 33.880001,
        "Company": "LPLA",
        "Date": "2016-01-19",
        "High": 35.790001,
        "Low": 33.75,
        "Open": 35.25,
        "Volume": 1119700,
        "day": 19,
        "month": 1
    }
}