{
    "day": {
        "Adj Close": 32.705199,
        "Close": 33.099998,
        "Company": "LPLA",
        "Date": "2016-01-20",
        "High": 33.540001,
        "Low": 32.02,
        "Open": 33.540001,
        "Volume": 1480500,
        "day": 20,
        "month": 1
    }
}