{
    "day": {
        "Adj Close": 1.759389, 
        "Close": 41.24992, 
        "Company": "WBA", 
        "Date": "1987-07-09", 
        "High": 41.75008, 
        "Low": 41.124962, 
        "Open": 41.75008, 
        "Volume": 515200, 
        "day": 9, 
        "month": 7
    }
}