{
    "day": {
        "Adj Close": 198.229996, 
        "Close": 198.229996, 
        "Company": "TSLA", 
        "Date": "2014-02-14", 
        "High": 201.880005, 
        "Low": 197.0, 
        "Open": 198.100006, 
        "Volume": 6158000, 
        "day": 14, 
        "month": 2
    }
}