{
    "day": {
        "Adj Close": 248.0, 
        "Close": 248.0, 
        "Company": "TSLA", 
        "Date": "2014-02-25", 
        "High": 259.200012, 
        "Low": 228.449997, 
        "Open": 230.0, 
        "Volume": 32681700, 
        "day": 25, 
        "month": 2
    }
}