{
    "day": {
        "Adj Close": 24.599224, 
        "Close": 62.970001, 
        "Company": "TROW", 
        "Date": "2005-09-14", 
        "High": 63.82, 
        "Low": 62.700001, 
        "Open": 63.75, 
        "Volume": 565000, 
        "day": 14, 
        "month": 9
    }
}