{
    "day": {
        "Adj Close": 24.755483, 
        "Close": 63.369999, 
        "Company": "TROW", 
        "Date": "2005-09-09", 
        "High": 63.849998, 
        "Low": 62.91, 
        "Open": 63.169998, 
        "Volume": 619000, 
        "day": 9, 
        "month": 9
    }
}