{
    "day": {
        "Adj Close": 23.231842,
        "Close": 26.76,
        "Company": "LPLA",
        "Date": "2011-10-17",
        "High": 27.459999,
        "Low": 26.65,
        "Open": 26.75,
        "Volume": 96500,
        "day": 1,
        "week": 42
    }
}