{
    "day": {
        "Adj Close": 251.080002, 
        "Close": 251.080002, 
        "Company": "TSLA", 
        "Date": "2014-11-11", 
        "High": 251.820007, 
        "Low": 242.0, 
        "Open": 242.550003, 
        "Volume": 7948800, 
        "day": 2, 
        "week": 46
    }
}