{
    "day": {
        "Adj Close": 22.889999,
        "Close": 22.889999,
        "Company": "TCBI",
        "Date": "2007-05-18",
        "High": 22.9,
        "Low": 22.1,
        "Open": 22.43,
        "Volume": 166600,
        "day": 5,
        "week": 20
    }
}