{
    "day": {
        "Adj Close": 1.724255, 
        "Close": 43.0, 
        "Company": "TROW", 
        "Date": "1992-11-23", 
        "High": 43.375038, 
        "Low": 42.75008, 
        "Open": 43.0, 
        "Volume": 649600, 
        "day": 23, 
        "month": 11
    }
}