{
    "day": {
        "Adj Close": 83.792945, 
        "Close": 84.889999, 
        "Company": "WBA", 
        "Date": "2015-05-20", 
        "High": 85.949997, 
        "Low": 84.660004, 
        "Open": 85.949997, 
        "Volume": 2131400, 
        "day": 3, 
        "week": 21
    }
}