{
    "day": {
        "Adj Close": 0.981741, 
        "Close": 25.24992, 
        "Company": "TROW", 
        "Date": "1991-06-12", 
        "High": 26.0, 
        "Low": 24.75008, 
        "Open": 26.0, 
        "Volume": 697600, 
        "day": 3, 
        "week": 24
    }
}