{
    "day": {
        "Adj Close": 16.049999,
        "Close": 16.049999,
        "Company": "TCBI",
        "Date": "2008-11-28",
        "High": 16.049999,
        "Low": 15.34,
        "Open": 15.34,
        "Volume": 66800,
        "day": 28,
        "month": 11
    }
}