{
    "day": {
        "Adj Close": 17.389999,
        "Close": 17.389999,
        "Company": "TCBI",
        "Date": "2008-04-21",
        "High": 18.23,
        "Low": 17.290001,
        "Open": 17.76,
        "Volume": 233000,
        "day": 112,
        "year": 2008
    }
}