{
    "day": {
        "Adj Close": 18.110001,
        "Close": 18.110001,
        "Company": "TCBI",
        "Date": "2008-05-12",
        "High": 18.17,
        "Low": 17.709999,
        "Open": 17.709999,
        "Volume": 116200,
        "day": 133,
        "year": 2008
    }
}