{
    "day": {
        "Adj Close": 18.67,
        "Close": 18.67,
        "Company": "TCBI",
        "Date": "2008-05-19",
        "High": 18.889999,
        "Low": 18.540001,
        "Open": 18.68,
        "Volume": 238200,
        "day": 140,
        "year": 2008
    }
}