{
    "day": {
        "Adj Close": 16.299999,
        "Close": 16.299999,
        "Company": "TCBI",
        "Date": "2008-06-20",
        "High": 16.790001,
        "Low": 15.92,
        "Open": 16.23,
        "Volume": 317900,
        "day": 172,
        "year": 2008
    }
}