{
    "day": {
        "Adj Close": 16.780001,
        "Close": 16.780001,
        "Company": "TCBI",
        "Date": "2008-08-08",
        "High": 17.129999,
        "Low": 16.09,
        "Open": 16.09,
        "Volume": 170300,
        "day": 221,
        "year": 2008
    }
}