{
    "day": {
        "Adj Close": 16.280001,
        "Close": 16.280001,
        "Company": "TCBI",
        "Date": "2008-11-10",
        "High": 16.93,
        "Low": 16.01,
        "Open": 16.85,
        "Volume": 135500,
        "day": 315,
        "year": 2008
    }
}