{
    "day": {
        "Adj Close": 16.719999,
        "Close": 16.719999,
        "Company": "TCBI",
        "Date": "2008-02-06",
        "High": 17.18,
        "Low": 16.540001,
        "Open": 16.809999,
        "Volume": 121900,
        "day": 37,
        "year": 2008
    }
}