{
    "day": {
        "Adj Close": 16.790001,
        "Close": 16.790001,
        "Company": "TCBI",
        "Date": "2008-02-08",
        "High": 17.24,
        "Low": 16.709999,
        "Open": 16.860001,
        "Volume": 134100,
        "day": 39,
        "year": 2008
    }
}