{
    "day": {
        "Adj Close": 16.700001,
        "Close": 16.700001,
        "Company": "TCBI",
        "Date": "2008-04-08",
        "High": 17.219999,
        "Low": 16.469999,
        "Open": 16.860001,
        "Volume": 126600,
        "day": 99,
        "year": 2008
    }
}