{
    "day": {
        "Adj Close": 48.307654,
        "Close": 50.580002,
        "Company": "LPLA",
        "Date": "2014-07-02",
        "High": 50.77,
        "Low": 50.080002,
        "Open": 50.080002,
        "Volume": 357600,
        "day": 2,
        "month": 7
    }
}