{
    "day": {
        "Adj Close": 46.789086,
        "Close": 48.990002,
        "Company": "LPLA",
        "Date": "2014-07-22",
        "High": 49.25,
        "Low": 48.41,
        "Open": 48.509998,
        "Volume": 276400,
        "day": 22,
        "month": 7
    }
}