{
    "day": {
        "Adj Close": 46.875043,
        "Close": 49.080002,
        "Company": "LPLA",
        "Date": "2014-07-23",
        "High": 49.34,
        "Low": 48.900002,
        "Open": 49.169998,
        "Volume": 138800,
        "day": 23,
        "month": 7
    }
}