{
    "day": {
        "Adj Close": 47.190216,
        "Close": 49.41,
        "Company": "LPLA",
        "Date": "2014-07-24",
        "High": 49.560001,
        "Low": 48.689999,
        "Open": 49.060001,
        "Volume": 262800,
        "day": 24,
        "month": 7
    }
}