{
    "day": {
        "Adj Close": 46.855941,
        "Close": 49.060001,
        "Company": "LPLA",
        "Date": "2014-07-25",
        "High": 49.52,
        "Low": 48.790001,
        "Open": 49.209999,
        "Volume": 134300,
        "day": 25,
        "month": 7
    }
}