{
    "day": {
        "Adj Close": 49.205423,
        "Close": 51.52,
        "Company": "LPLA",
        "Date": "2014-07-03",
        "High": 51.57,
        "Low": 50.720001,
        "Open": 50.720001,
        "Volume": 319600,
        "day": 3,
        "month": 7
    }
}