{
    "day": {
        "Adj Close": 48.575074,
        "Close": 50.860001,
        "Company": "LPLA",
        "Date": "2014-07-07",
        "High": 53.970001,
        "Low": 50.810001,
        "Open": 53.970001,
        "Volume": 483800,
        "day": 7,
        "month": 7
    }
}