{
    "day": {
        "Adj Close": 47.018302,
        "Close": 49.23,
        "Company": "LPLA",
        "Date": "2014-07-08",
        "High": 50.849998,
        "Low": 49.209999,
        "Open": 50.669998,
        "Volume": 411100,
        "day": 8,
        "month": 7
    }
}