{
    "day": {
        "Adj Close": 13.061057,
        "Close": 19.4,
        "Company": "SUNS",
        "Date": "2011-03-03",
        "High": 19.49,
        "Low": 19.360001,
        "Open": 19.49,
        "Volume": 53600,
        "day": 3,
        "month": 3
    }
}