{
    "day": {
        "Adj Close": 25.049999, 
        "Close": 25.049999, 
        "Company": "FANG", 
        "Date": "2013-04-04", 
        "High": 25.27, 
        "Low": 23.83, 
        "Open": 24.870001, 
        "Volume": 135100, 
        "day": 4, 
        "month": 4
    }
}