{
    "day": {
        "Adj Close": 11.504403,
        "Close": 16.219999,
        "Company": "SUNS",
        "Date": "2012-03-27",
        "High": 16.6,
        "Low": 16.16,
        "Open": 16.51,
        "Volume": 20700,
        "day": 2,
        "week": 13
    }
}