{
    "day": {
        "Adj Close": 18.950001,
        "Close": 18.950001,
        "Company": "TCBI",
        "Date": "2007-12-14",
        "High": 19.65,
        "Low": 18.950001,
        "Open": 19.370001,
        "Volume": 112000,
        "day": 5,
        "week": 50
    }
}