{
    "day": {
        "Adj Close": 44.540632, 
        "Close": 55.330002, 
        "Company": "TROW", 
        "Date": "2007-09-19", 
        "High": 56.450001, 
        "Low": 54.970001, 
        "Open": 55.360001, 
        "Volume": 1759800, 
        "day": 19, 
        "month": 9
    }
}