{
    "day": {
        "Adj Close": 43.389482, 
        "Close": 53.900002, 
        "Company": "TROW", 
        "Date": "2007-09-20", 
        "High": 55.209999, 
        "Low": 53.700001, 
        "Open": 54.82, 
        "Volume": 1511600, 
        "day": 20, 
        "month": 9
    }
}