{
    "day": {
        "Adj Close": 43.325081, 
        "Close": 53.82, 
        "Company": "TROW", 
        "Date": "2007-09-24", 
        "High": 54.860001, 
        "Low": 53.619999, 
        "Open": 53.799999, 
        "Volume": 830500, 
        "day": 24, 
        "month": 9
    }
}