{
    "day": {
        "Adj Close": 44.830429, 
        "Close": 55.689999, 
        "Company": "TROW", 
        "Date": "2007-09-28", 
        "High": 56.07, 
        "Low": 55.209999, 
        "Open": 55.68, 
        "Volume": 1192400, 
        "day": 28, 
        "month": 9
    }
}