{
    "day": {
        "Adj Close": 1.859221, 
        "Close": 42.0, 
        "Company": "WBA", 
        "Date": "1989-07-03", 
        "High": 42.375038, 
        "Low": 42.0, 
        "Open": 42.24992, 
        "Volume": 504000, 
        "day": 1, 
        "week": 27
    }
}