{
    "day": {
        "Adj Close": 1.914551, 
        "Close": 43.24992, 
        "Company": "WBA", 
        "Date": "1989-07-05", 
        "High": 43.24992, 
        "Low": 41.624962, 
        "Open": 42.0, 
        "Volume": 2200000, 
        "day": 3, 
        "week": 27
    }
}