{
    "day": {
        "Adj Close": 64.637919, 
        "Close": 71.540001, 
        "Company": "TROW", 
        "Date": "2013-02-04", 
        "High": 72.410004, 
        "Low": 71.470001, 
        "Open": 72.410004, 
        "Volume": 1757100, 
        "day": 1, 
        "week": 6
    }
}