{
    "day": {
        "Adj Close": 32.025362, 
        "Close": 38.990002, 
        "Company": "WBA", 
        "Date": "2002-04-16", 
        "High": 39.450001, 
        "Low": 38.610001, 
        "Open": 39.0, 
        "Volume": 1528900, 
        "day": 106, 
        "year": 2002
    }
}