{
    "day": {
        "Adj Close": 32.279986, 
        "Close": 39.299999, 
        "Company": "WBA", 
        "Date": "2002-04-19", 
        "High": 39.470001, 
        "Low": 39.009998, 
        "Open": 39.439999, 
        "Volume": 2133600, 
        "day": 109, 
        "year": 2002
    }
}