{
    "day": {
        "Adj Close": 31.770735, 
        "Close": 38.68, 
        "Company": "WBA", 
        "Date": "2002-05-14", 
        "High": 38.830002, 
        "Low": 38.150002, 
        "Open": 38.490002, 
        "Volume": 1345500, 
        "day": 134, 
        "year": 2002
    }
}