{
    "day": {
        "Adj Close": 31.253269, 
        "Close": 38.049999, 
        "Company": "WBA", 
        "Date": "2002-05-15", 
        "High": 38.66, 
        "Low": 38.029999, 
        "Open": 38.299999, 
        "Volume": 2237100, 
        "day": 135, 
        "year": 2002
    }
}