{
    "day": {
        "Adj Close": 31.184357, 
        "Close": 37.93, 
        "Company": "WBA", 
        "Date": "2002-05-22", 
        "High": 38.119999, 
        "Low": 37.439999, 
        "Open": 37.700001, 
        "Volume": 1527700, 
        "day": 142, 
        "year": 2002
    }
}