{
    "day": {
        "Adj Close": 31.455667, 
        "Close": 38.259998, 
        "Company": "WBA", 
        "Date": "2002-05-31", 
        "High": 38.599998, 
        "Low": 38.099998, 
        "Open": 38.330002, 
        "Volume": 2001000, 
        "day": 151, 
        "year": 2002
    }
}