{
    "day": {
        "Adj Close": 31.069256, 
        "Close": 37.790001, 
        "Company": "WBA", 
        "Date": "2002-06-10", 
        "High": 37.98, 
        "Low": 37.279999, 
        "Open": 37.450001, 
        "Volume": 1187100, 
        "day": 161, 
        "year": 2002
    }
}