{
    "day": {
        "Adj Close": 30.51841, 
        "Close": 37.119999, 
        "Company": "WBA", 
        "Date": "2002-06-14", 
        "High": 37.580002, 
        "Low": 36.549999, 
        "Open": 37.43, 
        "Volume": 2674200, 
        "day": 165, 
        "year": 2002
    }
}