{
    "day": {
        "Adj Close": 29.163857, 
        "Close": 35.540001, 
        "Company": "WBA", 
        "Date": "2002-01-17", 
        "High": 35.68, 
        "Low": 34.970001, 
        "Open": 35.209999, 
        "Volume": 1846300, 
        "day": 17, 
        "year": 2002
    }
}