{
    "day": {
        "Adj Close": 30.378645, 
        "Close": 36.950001, 
        "Company": "WBA", 
        "Date": "2002-07-02", 
        "High": 37.880001, 
        "Low": 36.66, 
        "Open": 37.75, 
        "Volume": 3676100, 
        "day": 183, 
        "year": 2002
    }
}