{
    "day": {
        "Adj Close": 30.83083, 
        "Close": 37.5, 
        "Company": "WBA", 
        "Date": "2002-07-09", 
        "High": 38.369999, 
        "Low": 37.349998, 
        "Open": 37.459999, 
        "Volume": 4408800, 
        "day": 190, 
        "year": 2002
    }
}