{
    "day": {
        "Adj Close": 27.1452, 
        "Close": 33.080002, 
        "Company": "WBA", 
        "Date": "2002-01-02", 
        "High": 33.610001, 
        "Low": 32.529999, 
        "Open": 33.599998, 
        "Volume": 3372900, 
        "day": 2, 
        "year": 2002
    }
}