{
    "day": {
        "Adj Close": 28.41658, 
        "Close": 34.529999, 
        "Company": "WBA", 
        "Date": "2002-09-06", 
        "High": 34.919998, 
        "Low": 33.5, 
        "Open": 33.5, 
        "Volume": 2341900, 
        "day": 249, 
        "year": 2002
    }
}