{
    "day": {
        "Adj Close": 28.893894, 
        "Close": 35.110001, 
        "Company": "WBA", 
        "Date": "2002-09-26", 
        "High": 35.200001, 
        "Low": 34.32, 
        "Open": 34.52, 
        "Volume": 3521100, 
        "day": 269, 
        "year": 2002
    }
}