{
    "day": {
        "Adj Close": 25.733753, 
        "Close": 31.27, 
        "Company": "WBA", 
        "Date": "2002-11-12", 
        "High": 31.950001, 
        "Low": 31.030001, 
        "Open": 31.49, 
        "Volume": 2152400, 
        "day": 316, 
        "year": 2002
    }
}