{
    "day": {
        "Adj Close": 24.553324, 
        "Close": 29.799999, 
        "Company": "WBA", 
        "Date": "2002-11-22", 
        "High": 30.299999, 
        "Low": 29.700001, 
        "Open": 30.200001, 
        "Volume": 5074000, 
        "day": 326, 
        "year": 2002
    }
}