{
    "day": {
        "Adj Close": 23.638755, 
        "Close": 28.690001, 
        "Company": "WBA", 
        "Date": "2002-11-27", 
        "High": 28.93, 
        "Low": 28.52, 
        "Open": 28.549999, 
        "Volume": 5744200, 
        "day": 331, 
        "year": 2002
    }
}