{
    "day": {
        "Adj Close": 24.067201, 
        "Close": 29.209999, 
        "Company": "WBA", 
        "Date": "2002-12-23", 
        "High": 29.6, 
        "Low": 28.9, 
        "Open": 29.6, 
        "Volume": 3420200, 
        "day": 357, 
        "year": 2002
    }
}