{
    "day": {
        "Adj Close": 23.935371, 
        "Close": 29.049999, 
        "Company": "WBA", 
        "Date": "2002-12-24", 
        "High": 29.059999, 
        "Low": 28.75, 
        "Open": 28.799999, 
        "Volume": 1683900, 
        "day": 358, 
        "year": 2002
    }
}