{
    "day": {
        "Adj Close": 23.795302, 
        "Close": 28.879999, 
        "Company": "WBA", 
        "Date": "2002-12-30", 
        "High": 29.299999, 
        "Low": 28.700001, 
        "Open": 28.77, 
        "Volume": 5518800, 
        "day": 364, 
        "year": 2002
    }
}