{
    "day": {
        "Adj Close": 30.288068, 
        "Close": 36.91, 
        "Company": "WBA", 
        "Date": "2002-02-06", 
        "High": 37.380001, 
        "Low": 36.549999, 
        "Open": 37.349998, 
        "Volume": 3970700, 
        "day": 37, 
        "year": 2002
    }
}