{
    "day": {
        "Adj Close": 31.614675, 
        "Close": 38.490002, 
        "Company": "WBA", 
        "Date": "2002-02-20", 
        "High": 38.5, 
        "Low": 37.779999, 
        "Open": 37.799999, 
        "Volume": 2726200, 
        "day": 51, 
        "year": 2002
    }
}