{
    "day": {
        "Adj Close": 32.764596, 
        "Close": 39.889999, 
        "Company": "WBA", 
        "Date": "2002-03-04", 
        "High": 40.150002, 
        "Low": 39.849998, 
        "Open": 40.150002, 
        "Volume": 4549400, 
        "day": 63, 
        "year": 2002
    }
}