{
    "day": {
        "Adj Close": 32.805664, 
        "Close": 39.939999, 
        "Company": "WBA", 
        "Date": "2002-03-12", 
        "High": 40.290001, 
        "Low": 39.0, 
        "Open": 39.0, 
        "Volume": 2091800, 
        "day": 71, 
        "year": 2002
    }
}