{
    "day": {
        "Adj Close": 32.608537, 
        "Close": 39.700001, 
        "Company": "WBA", 
        "Date": "2002-03-13", 
        "High": 39.939999, 
        "Low": 39.450001, 
        "Open": 39.939999, 
        "Volume": 1581700, 
        "day": 72, 
        "year": 2002
    }
}