{
    "day": {
        "Adj Close": 11.929799,
        "Close": 16.92,
        "Company": "SUNS",
        "Date": "2012-03-02",
        "High": 17.08,
        "Low": 16.9,
        "Open": 16.969999,
        "Volume": 33600,
        "day": 2,
        "month": 3
    }
}