{
    "day": {
        "Adj Close": 23.6, 
        "Close": 23.6, 
        "Company": "TSLA", 
        "Date": "2011-02-17", 
        "High": 25.49, 
        "Low": 23.549999, 
        "Open": 24.629999, 
        "Volume": 2618400, 
        "day": 4, 
        "week": 7
    }
}