{
    "day": {
        "Adj Close": 44.869289,
        "Close": 46.740002,
        "Company": "LPLA",
        "Date": "2014-09-29",
        "High": 47.009998,
        "Low": 46.419998,
        "Open": 46.52,
        "Volume": 407000,
        "day": 1,
        "week": 40
    }
}