{
    "day": {
        "Adj Close": 39.521558,
        "Close": 40.709999,
        "Company": "LPLA",
        "Date": "2015-04-21",
        "High": 41.139999,
        "Low": 40.689999,
        "Open": 41.07,
        "Volume": 1007400,
        "day": 111,
        "year": 2015
    }
}