{
    "day": {
        "Adj Close": 39.172066,
        "Close": 40.349998,
        "Company": "LPLA",
        "Date": "2015-05-01",
        "High": 41.09,
        "Low": 40.060001,
        "Open": 40.790001,
        "Volume": 1903700,
        "day": 121,
        "year": 2015
    }
}