{
    "day": {
        "Adj Close": 39.511851,
        "Close": 40.700001,
        "Company": "LPLA",
        "Date": "2015-05-05",
        "High": 40.959999,
        "Low": 40.470001,
        "Open": 40.709999,
        "Volume": 1163100,
        "day": 125,
        "year": 2015
    }
}