{
    "day": {
        "Adj Close": 39.903056,
        "Close": 40.849998,
        "Company": "LPLA",
        "Date": "2015-05-08",
        "High": 41.09,
        "Low": 40.43,
        "Open": 40.860001,
        "Volume": 1050400,
        "day": 128,
        "year": 2015
    }
}