{
    "day": {
        "Adj Close": 40.459843,
        "Close": 41.419998,
        "Company": "LPLA",
        "Date": "2015-05-15",
        "High": 41.52,
        "Low": 41.040001,
        "Open": 41.349998,
        "Volume": 1148800,
        "day": 135,
        "year": 2015
    }
}