{
    "day": {
        "Adj Close": 41.553883,
        "Close": 42.540001,
        "Company": "LPLA",
        "Date": "2015-05-20",
        "High": 42.689999,
        "Low": 42.330002,
        "Open": 42.68,
        "Volume": 783500,
        "day": 140,
        "year": 2015
    }
}