{
    "day": {
        "Adj Close": 41.680867,
        "Close": 42.669998,
        "Company": "LPLA",
        "Date": "2015-05-22",
        "High": 42.830002,
        "Low": 42.349998,
        "Open": 42.349998,
        "Volume": 932700,
        "day": 142,
        "year": 2015
    }
}