{
    "day": {
        "Adj Close": 41.602723,
        "Close": 42.59,
        "Company": "LPLA",
        "Date": "2015-06-01",
        "High": 42.790001,
        "Low": 42.279999,
        "Open": 42.650002,
        "Volume": 942000,
        "day": 152,
        "year": 2015
    }
}