{
    "day": {
        "Adj Close": 45.519766,
        "Close": 46.599998,
        "Company": "LPLA",
        "Date": "2015-06-15",
        "High": 46.939999,
        "Low": 46.040001,
        "Open": 46.509998,
        "Volume": 868300,
        "day": 166,
        "year": 2015
    }
}