{
    "day": {
        "Adj Close": 45.002053,
        "Close": 46.07,
        "Company": "LPLA",
        "Date": "2015-07-06",
        "High": 46.689999,
        "Low": 45.759998,
        "Open": 46.279999,
        "Volume": 882300,
        "day": 187,
        "year": 2015
    }
}