{
    "day": {
        "Adj Close": 43.566128,
        "Close": 44.599998,
        "Company": "LPLA",
        "Date": "2015-07-09",
        "High": 45.189999,
        "Low": 44.119999,
        "Open": 44.93,
        "Volume": 461900,
        "day": 190,
        "year": 2015
    }
}