{
    "day": {
        "Adj Close": 44.347586,
        "Close": 45.400002,
        "Company": "LPLA",
        "Date": "2015-07-10",
        "High": 45.439999,
        "Low": 44.470001,
        "Open": 45.439999,
        "Volume": 581800,
        "day": 191,
        "year": 2015
    }
}