{
    "day": {
        "Adj Close": 45.275561,
        "Close": 46.349998,
        "Company": "LPLA",
        "Date": "2015-07-14",
        "High": 46.740002,
        "Low": 45.919998,
        "Open": 45.950001,
        "Volume": 623100,
        "day": 195,
        "year": 2015
    }
}