{
    "day": {
        "Adj Close": 46.975228,
        "Close": 48.09,
        "Company": "LPLA",
        "Date": "2015-08-04",
        "High": 48.18,
        "Low": 46.889999,
        "Open": 47.5,
        "Volume": 1271700,
        "day": 216,
        "year": 2015
    }
}