{
    "day": {
        "Adj Close": 41.493037,
        "Close": 42.23,
        "Company": "LPLA",
        "Date": "2015-08-20",
        "High": 42.610001,
        "Low": 42.189999,
        "Open": 42.52,
        "Volume": 941400,
        "day": 232,
        "year": 2015
    }
}