{
    "day": {
        "Adj Close": 40.176421,
        "Close": 40.889999,
        "Company": "LPLA",
        "Date": "2015-09-16",
        "High": 41.009998,
        "Low": 40.209999,
        "Open": 40.549999,
        "Volume": 435800,
        "day": 259,
        "year": 2015
    }
}