{
    "day": {
        "Adj Close": 41.553756,
        "Close": 43.040001,
        "Company": "LPLA",
        "Date": "2015-01-26",
        "High": 43.049999,
        "Low": 41.880001,
        "Open": 42.389999,
        "Volume": 438200,
        "day": 26,
        "year": 2015
    }
}