{
    "day": {
        "Adj Close": 38.309581,
        "Close": 38.990002,
        "Company": "LPLA",
        "Date": "2015-09-18",
        "High": 39.709999,
        "Low": 38.84,
        "Open": 39.380001,
        "Volume": 1902900,
        "day": 261,
        "year": 2015
    }
}