{
    "day": {
        "Adj Close": 38.270278,
        "Close": 38.950001,
        "Company": "LPLA",
        "Date": "2015-09-28",
        "High": 40.59,
        "Low": 38.849998,
        "Open": 40.52,
        "Volume": 1433200,
        "day": 271,
        "year": 2015
    }
}