{
    "day": {
        "Adj Close": 38.722249,
        "Close": 39.41,
        "Company": "LPLA",
        "Date": "2015-09-29",
        "High": 39.52,
        "Low": 38.389999,
        "Open": 39.16,
        "Volume": 1014900,
        "day": 272,
        "year": 2015
    }
}