{
    "day": {
        "Adj Close": 38.702598,
        "Close": 39.389999,
        "Company": "LPLA",
        "Date": "2015-10-01",
        "High": 40.09,
        "Low": 38.799999,
        "Open": 39.529999,
        "Volume": 1523800,
        "day": 274,
        "year": 2015
    }
}