{
    "day": {
        "Adj Close": 37.464588,
        "Close": 38.130001,
        "Company": "LPLA",
        "Date": "2015-10-13",
        "High": 38.709999,
        "Low": 37.990002,
        "Open": 38.529999,
        "Volume": 691900,
        "day": 286,
        "year": 2015
    }
}