{
    "day": {
        "Adj Close": 40.402407,
        "Close": 41.119999,
        "Company": "LPLA",
        "Date": "2015-10-26",
        "High": 41.209999,
        "Low": 40.82,
        "Open": 40.82,
        "Volume": 440800,
        "day": 299,
        "year": 2015
    }
}