{
    "day": {
        "Adj Close": 43.593758,
        "Close": 44.119999,
        "Company": "LPLA",
        "Date": "2015-11-12",
        "High": 45.060001,
        "Low": 43.799999,
        "Open": 44.490002,
        "Volume": 432800,
        "day": 316,
        "year": 2015
    }
}