{
    "day": {
        "Adj Close": 44.957299,
        "Close": 45.5,
        "Company": "LPLA",
        "Date": "2015-11-24",
        "High": 45.790001,
        "Low": 44.689999,
        "Open": 44.740002,
        "Volume": 586100,
        "day": 328,
        "year": 2015
    }
}