{
    "day": {
        "Adj Close": 40.018661,
        "Close": 41.450001,
        "Company": "LPLA",
        "Date": "2015-02-02",
        "High": 42.040001,
        "Low": 41.150002,
        "Open": 41.419998,
        "Volume": 736700,
        "day": 33,
        "year": 2015
    }
}