{
    "day": {
        "Adj Close": 45.431574,
        "Close": 45.98,
        "Company": "LPLA",
        "Date": "2015-11-30",
        "High": 46.68,
        "Low": 44.470001,
        "Open": 45.82,
        "Volume": 1083900,
        "day": 334,
        "year": 2015
    }
}