{
    "day": {
        "Adj Close": 45.25372,
        "Close": 45.799999,
        "Company": "LPLA",
        "Date": "2015-12-03",
        "High": 46.880001,
        "Low": 45.119999,
        "Open": 46.689999,
        "Volume": 958800,
        "day": 337,
        "year": 2015
    }
}