{
    "day": {
        "Adj Close": 43.149125,
        "Close": 43.669998,
        "Company": "LPLA",
        "Date": "2015-12-15",
        "High": 43.950001,
        "Low": 43.130001,
        "Open": 43.220001,
        "Volume": 433700,
        "day": 349,
        "year": 2015
    }
}