{
    "day": {
        "Adj Close": 43.415905,
        "Close": 43.939999,
        "Company": "LPLA",
        "Date": "2015-12-16",
        "High": 45.380001,
        "Low": 43.349998,
        "Open": 43.93,
        "Volume": 585500,
        "day": 350,
        "year": 2015
    }
}