{
    "day": {
        "Adj Close": 42.467356,
        "Close": 42.98,
        "Company": "LPLA",
        "Date": "2015-12-17",
        "High": 44.889999,
        "Low": 42.970001,
        "Open": 44.119999,
        "Volume": 548200,
        "day": 351,
        "year": 2015
    }
}