{
    "day": {
        "Adj Close": 43.301251,
        "Close": 44.849998,
        "Company": "LPLA",
        "Date": "2015-02-06",
        "High": 45.290001,
        "Low": 43.669998,
        "Open": 44.049999,
        "Volume": 733800,
        "day": 37,
        "year": 2015
    }
}