{
    "day": {
        "Adj Close": 43.359181,
        "Close": 44.91,
        "Company": "LPLA",
        "Date": "2015-02-19",
        "High": 47.380001,
        "Low": 44.25,
        "Open": 47.060001,
        "Volume": 1739200,
        "day": 50,
        "year": 2015
    }
}