{
    "day": {
        "Adj Close": 44.112245,
        "Close": 45.689999,
        "Company": "LPLA",
        "Date": "2015-02-20",
        "High": 45.799999,
        "Low": 43.919998,
        "Open": 45.279999,
        "Volume": 857400,
        "day": 51,
        "year": 2015
    }
}