{
    "day": {
        "Adj Close": 43.831944,
        "Close": 45.150002,
        "Company": "LPLA",
        "Date": "2015-03-10",
        "High": 45.59,
        "Low": 44.849998,
        "Open": 45.16,
        "Volume": 419900,
        "day": 69,
        "year": 2015
    }
}