{
    "day": {
        "Adj Close": 44.618295,
        "Close": 45.959999,
        "Company": "LPLA",
        "Date": "2015-03-17",
        "High": 46.18,
        "Low": 45.759998,
        "Open": 45.759998,
        "Volume": 676200,
        "day": 76,
        "year": 2015
    }
}