{
    "day": {
        "Adj Close": 42.123321,
        "Close": 43.389999,
        "Company": "LPLA",
        "Date": "2015-04-01",
        "High": 43.889999,
        "Low": 42.66,
        "Open": 43.810001,
        "Volume": 1380700,
        "day": 91,
        "year": 2015
    }
}