{
    "day": {
        "Adj Close": 42.006825,
        "Close": 43.27,
        "Company": "LPLA",
        "Date": "2015-04-07",
        "High": 44.200001,
        "Low": 42.889999,
        "Open": 44.0,
        "Volume": 1347400,
        "day": 97,
        "year": 2015
    }
}