{
    "day": {
        "Adj Close": 39.767637,
        "Close": 41.189999,
        "Company": "LPLA",
        "Date": "2015-01-13",
        "High": 42.860001,
        "Low": 40.389999,
        "Open": 42.25,
        "Volume": 1275500,
        "day": 2,
        "week": 3
    }
}