{
    "day": {
        "Adj Close": 74.349452, 
        "Close": 80.209999, 
        "Company": "TROW", 
        "Date": "2014-05-19", 
        "High": 80.339996, 
        "Low": 79.400002, 
        "Open": 79.599998, 
        "Volume": 978100, 
        "day": 19, 
        "month": 5
    }
}