{
    "day": {
        "Adj Close": 75.230045, 
        "Close": 81.160004, 
        "Company": "TROW", 
        "Date": "2014-05-09", 
        "High": 81.620003, 
        "Low": 80.690002, 
        "Open": 81.5, 
        "Volume": 908500, 
        "day": 9, 
        "month": 5
    }
}