{
    "day": {
        "Adj Close": 23.095314, 
        "Close": 26.84, 
        "Company": "WBA", 
        "Date": "2009-01-05", 
        "High": 26.969999, 
        "Low": 25.43, 
        "Open": 25.43, 
        "Volume": 11938400, 
        "day": 5, 
        "month": 1
    }
}