{
    "day": {
        "Adj Close": 23.095314, 
        "Close": 26.84, 
        "Company": "WBA", 
        "Date": "2009-01-08", 
        "High": 27.0, 
        "Low": 26.360001, 
        "Open": 26.93, 
        "Volume": 5904100, 
        "day": 8, 
        "month": 1
    }
}