{
    "day": {
        "Adj Close": 4.69369, 
        "Close": 55.124962, 
        "Company": "TROW", 
        "Date": "1996-04-03", 
        "High": 55.5, 
        "Low": 54.5, 
        "Open": 55.0, 
        "Volume": 359200, 
        "day": 3, 
        "week": 14
    }
}