{
    "day": {
        "Adj Close": 14.263447,
        "Close": 18.41,
        "Company": "SUNS",
        "Date": "2013-06-12",
        "High": 18.969999,
        "Low": 18.27,
        "Open": 18.959999,
        "Volume": 57800,
        "day": 3,
        "week": 24
    }
}