{
    "day": {
        "Adj Close": 23.280001,
        "Close": 23.280001,
        "Company": "TCBI",
        "Date": "2005-03-08",
        "High": 23.65,
        "Low": 23.209999,
        "Open": 23.65,
        "Volume": 91200,
        "day": 2,
        "week": 10
    }
}