{
    "day": {
        "Adj Close": 27.022264,
        "Close": 29.200001,
        "Company": "LPLA",
        "Date": "2012-10-31",
        "High": 29.6,
        "Low": 28.799999,
        "Open": 29.0,
        "Volume": 310800,
        "day": 31,
        "month": 10
    }
}