{
    "day": {
        "Adj Close": 46.278551, 
        "Close": 49.060001, 
        "Company": "WBA", 
        "Date": "2013-04-16", 
        "High": 49.240002, 
        "Low": 48.66, 
        "Open": 48.689999, 
        "Volume": 5629600, 
        "day": 2, 
        "week": 16
    }
}