{
    "day": {
        "Adj Close": 45.797464, 
        "Close": 48.549999, 
        "Company": "WBA", 
        "Date": "2013-04-17", 
        "High": 49.240002, 
        "Low": 48.259998, 
        "Open": 48.970001, 
        "Volume": 4827000, 
        "day": 3, 
        "week": 16
    }
}