{
    "day": {
        "Adj Close": 15.195189, 
        "Close": 33.75, 
        "Company": "MDLZ", 
        "Date": "2001-10-31", 
        "High": 34.189999, 
        "Low": 33.630001, 
        "Open": 33.849998, 
        "Volume": 1828000, 
        "day": 3, 
        "week": 44
    }
}