{
    "day": {
        "Adj Close": 15.195189, 
        "Close": 33.75, 
        "Company": "MDLZ", 
        "Date": "2001-11-01", 
        "High": 33.810001, 
        "Low": 33.299999, 
        "Open": 33.650002, 
        "Volume": 1166700, 
        "day": 4, 
        "week": 44
    }
}