{
    "day": {
        "Adj Close": 35.305988, 
        "Close": 36.02, 
        "Company": "MDLZ", 
        "Date": "2015-02-04", 
        "High": 36.419998, 
        "Low": 35.91, 
        "Open": 35.91, 
        "Volume": 7244800, 
        "day": 3, 
        "week": 6
    }
}