{
    "day": {
        "Adj Close": 37.752885, 
        "Close": 38.669998, 
        "Company": "MDLZ", 
        "Date": "2014-12-03", 
        "High": 38.970001, 
        "Low": 38.150002, 
        "Open": 38.82, 
        "Volume": 9641400, 
        "day": 3, 
        "week": 49
    }
}