{
    "day": {
        "Adj Close": 67.972047, 
        "Close": 74.849998, 
        "Company": "TROW", 
        "Date": "2013-04-02", 
        "High": 75.019997, 
        "Low": 74.32, 
        "Open": 74.769997, 
        "Volume": 1325500, 
        "day": 2, 
        "week": 14
    }
}