{
    "day": {
        "Adj Close": 67.100262, 
        "Close": 73.889999, 
        "Company": "TROW", 
        "Date": "2013-04-04", 
        "High": 74.400002, 
        "Low": 73.370003, 
        "Open": 73.639999, 
        "Volume": 803800, 
        "day": 4, 
        "week": 14
    }
}