{
    "day": {
        "Adj Close": 25.364057, 
        "Close": 27.01, 
        "Company": "MDLZ", 
        "Date": "2012-10-19", 
        "High": 27.440001, 
        "Low": 26.92, 
        "Open": 27.4, 
        "Volume": 16446900, 
        "day": 5, 
        "week": 42
    }
}