{
    "day": {
        "Adj Close": 54.49403, 
        "Close": 61.650002, 
        "Company": "TROW", 
        "Date": "2012-03-02", 
        "High": 62.240002, 
        "Low": 61.419998, 
        "Open": 62.150002, 
        "Volume": 1011200, 
        "day": 2, 
        "month": 3
    }
}