{
    "day": {
        "Adj Close": 56.899006, 
        "Close": 64.019997, 
        "Company": "TROW", 
        "Date": "2012-03-23", 
        "High": 64.370003, 
        "Low": 63.400002, 
        "Open": 64.230003, 
        "Volume": 813800, 
        "day": 23, 
        "month": 3
    }
}