{
    "day": {
        "Adj Close": 58.036636, 
        "Close": 65.300003, 
        "Company": "TROW", 
        "Date": "2012-03-30", 
        "High": 65.629997, 
        "Low": 64.349998, 
        "Open": 64.400002, 
        "Volume": 1847600, 
        "day": 30, 
        "month": 3
    }
}