{
    "day": {
        "Adj Close": 54.078584, 
        "Close": 61.18, 
        "Company": "TROW", 
        "Date": "2012-03-05", 
        "High": 61.5, 
        "Low": 60.869999, 
        "Open": 61.389999, 
        "Volume": 1017900, 
        "day": 5, 
        "month": 3
    }
}