{
    "day": {
        "Adj Close": 55.784561, 
        "Close": 63.110001, 
        "Company": "TROW", 
        "Date": "2012-03-09", 
        "High": 63.43, 
        "Low": 62.009998, 
        "Open": 62.41, 
        "Volume": 1744600, 
        "day": 9, 
        "month": 3
    }
}