{
    "day": {
        "Adj Close": 33.537377, 
        "Close": 36.360001, 
        "Company": "WBA", 
        "Date": "2012-07-31", 
        "High": 36.459999, 
        "Low": 36.07, 
        "Open": 36.139999, 
        "Volume": 9111300, 
        "day": 2, 
        "week": 31
    }
}