{
    "day": {
        "Adj Close": 33.020848, 
        "Close": 35.799999, 
        "Company": "WBA", 
        "Date": "2012-08-03", 
        "High": 36.32, 
        "Low": 35.240002, 
        "Open": 36.32, 
        "Volume": 12213000, 
        "day": 5, 
        "week": 31
    }
}