{
    "day": {
        "Adj Close": 23.683284,
        "Close": 27.280001,
        "Company": "LPLA",
        "Date": "2011-10-18",
        "High": 27.33,
        "Low": 26.43,
        "Open": 26.879999,
        "Volume": 117100,
        "day": 18,
        "month": 10
    }
}