{
    "day": {
        "Adj Close": 23.509652,
        "Close": 27.08,
        "Company": "LPLA",
        "Date": "2011-10-21",
        "High": 27.27,
        "Low": 26.709999,
        "Open": 27.209999,
        "Volume": 132900,
        "day": 21,
        "month": 10
    }
}