{
    "day": {
        "Adj Close": 23.952411,
        "Close": 27.59,
        "Company": "LPLA",
        "Date": "2011-10-26",
        "High": 28.469999,
        "Low": 27.32,
        "Open": 28.110001,
        "Volume": 168300,
        "day": 26,
        "month": 10
    }
}