{
    "day": {
        "Adj Close": 22.849854,
        "Close": 26.32,
        "Company": "LPLA",
        "Date": "2011-10-04",
        "High": 26.450001,
        "Low": 24.860001,
        "Open": 24.860001,
        "Volume": 449900,
        "day": 4,
        "month": 10
    }
}