{
    "day": {
        "Adj Close": 40.011473, 
        "Close": 47.939999, 
        "Company": "WBA", 
        "Date": "2005-08-12", 
        "High": 48.450001, 
        "Low": 47.799999, 
        "Open": 48.34, 
        "Volume": 2162200, 
        "day": 5, 
        "week": 32
    }
}