{
    "day": {
        "Adj Close": 25.799999, 
        "Close": 25.799999, 
        "Company": "FANG", 
        "Date": "2013-04-17", 
        "High": 26.540001, 
        "Low": 25.41, 
        "Open": 26.51, 
        "Volume": 160000, 
        "day": 107, 
        "year": 2013
    }
}