{
    "day": {
        "Adj Close": 29.530001, 
        "Close": 29.530001, 
        "Company": "FANG", 
        "Date": "2013-05-08", 
        "High": 29.75, 
        "Low": 27.51, 
        "Open": 28.379999, 
        "Volume": 200900, 
        "day": 128, 
        "year": 2013
    }
}