{
    "day": {
        "Adj Close": 31.709999, 
        "Close": 31.709999, 
        "Company": "FANG", 
        "Date": "2013-05-21", 
        "High": 32.400002, 
        "Low": 31.23, 
        "Open": 32.400002, 
        "Volume": 295800, 
        "day": 141, 
        "year": 2013
    }
}