{
    "day": {
        "Adj Close": 34.459999, 
        "Close": 34.459999, 
        "Company": "FANG", 
        "Date": "2013-06-11", 
        "High": 35.240002, 
        "Low": 34.18, 
        "Open": 34.560001, 
        "Volume": 123300, 
        "day": 162, 
        "year": 2013
    }
}