{
    "day": {
        "Adj Close": 35.200001, 
        "Close": 35.200001, 
        "Company": "FANG", 
        "Date": "2013-07-03", 
        "High": 36.240002, 
        "Low": 34.200001, 
        "Open": 34.529999, 
        "Volume": 192200, 
        "day": 184, 
        "year": 2013
    }
}