{
    "day": {
        "Adj Close": 35.889999, 
        "Close": 35.889999, 
        "Company": "FANG", 
        "Date": "2013-07-05", 
        "High": 36.220001, 
        "Low": 34.75, 
        "Open": 35.740002, 
        "Volume": 224700, 
        "day": 186, 
        "year": 2013
    }
}