{
    "day": {
        "Adj Close": 36.099998, 
        "Close": 36.099998, 
        "Company": "FANG", 
        "Date": "2013-07-08", 
        "High": 37.799999, 
        "Low": 35.639999, 
        "Open": 36.07, 
        "Volume": 498600, 
        "day": 189, 
        "year": 2013
    }
}