{
    "day": {
        "Adj Close": 36.5, 
        "Close": 36.5, 
        "Company": "FANG", 
        "Date": "2013-07-09", 
        "High": 36.93, 
        "Low": 35.790001, 
        "Open": 36.450001, 
        "Volume": 280100, 
        "day": 190, 
        "year": 2013
    }
}