{
    "day": {
        "Adj Close": 37.669998, 
        "Close": 37.669998, 
        "Company": "FANG", 
        "Date": "2013-07-29", 
        "High": 37.82, 
        "Low": 36.950001, 
        "Open": 37.5, 
        "Volume": 82200, 
        "day": 210, 
        "year": 2013
    }
}