{
    "day": {
        "Adj Close": 37.830002, 
        "Close": 37.830002, 
        "Company": "FANG", 
        "Date": "2013-07-30", 
        "High": 37.889999, 
        "Low": 36.779999, 
        "Open": 37.77, 
        "Volume": 137400, 
        "day": 211, 
        "year": 2013
    }
}