{
    "day": {
        "Adj Close": 42.610001, 
        "Close": 42.610001, 
        "Company": "FANG", 
        "Date": "2013-08-01", 
        "High": 43.400002, 
        "Low": 39.279999, 
        "Open": 39.279999, 
        "Volume": 973200, 
        "day": 213, 
        "year": 2013
    }
}