{
    "day": {
        "Adj Close": 42.09, 
        "Close": 42.09, 
        "Company": "FANG", 
        "Date": "2013-08-08", 
        "High": 43.549999, 
        "Low": 41.799999, 
        "Open": 42.279999, 
        "Volume": 324700, 
        "day": 220, 
        "year": 2013
    }
}