{
    "day": {
        "Adj Close": 41.66, 
        "Close": 41.66, 
        "Company": "FANG", 
        "Date": "2013-09-03", 
        "High": 41.810001, 
        "Low": 40.810001, 
        "Open": 40.810001, 
        "Volume": 338000, 
        "day": 246, 
        "year": 2013
    }
}