{
    "day": {
        "Adj Close": 44.32, 
        "Close": 44.32, 
        "Company": "FANG", 
        "Date": "2013-09-09", 
        "High": 44.490002, 
        "Low": 43.509998, 
        "Open": 43.599998, 
        "Volume": 284600, 
        "day": 252, 
        "year": 2013
    }
}