{
    "day": {
        "Adj Close": 50.32, 
        "Close": 50.32, 
        "Company": "FANG", 
        "Date": "2013-10-22", 
        "High": 53.959999, 
        "Low": 50.169998, 
        "Open": 53.369999, 
        "Volume": 643500, 
        "day": 295, 
        "year": 2013
    }
}