{
    "day": {
        "Adj Close": 49.099998, 
        "Close": 49.099998, 
        "Company": "FANG", 
        "Date": "2013-10-23", 
        "High": 50.060001, 
        "Low": 46.279999, 
        "Open": 50.049999, 
        "Volume": 1767500, 
        "day": 296, 
        "year": 2013
    }
}