{
    "day": {
        "Adj Close": 53.709999, 
        "Close": 53.709999, 
        "Company": "FANG", 
        "Date": "2013-10-30", 
        "High": 54.669998, 
        "Low": 53.25, 
        "Open": 54.0, 
        "Volume": 733800, 
        "day": 303, 
        "year": 2013
    }
}