{
    "day": {
        "Adj Close": 50.639999, 
        "Close": 50.639999, 
        "Company": "FANG", 
        "Date": "2013-11-01", 
        "High": 51.950001, 
        "Low": 48.189999, 
        "Open": 51.419998, 
        "Volume": 910200, 
        "day": 305, 
        "year": 2013
    }
}