{
    "day": {
        "Adj Close": 53.459999, 
        "Close": 53.459999, 
        "Company": "FANG", 
        "Date": "2013-11-06", 
        "High": 55.889999, 
        "Low": 52.32, 
        "Open": 55.009998, 
        "Volume": 1018100, 
        "day": 310, 
        "year": 2013
    }
}