{
    "day": {
        "Adj Close": 53.470001, 
        "Close": 53.470001, 
        "Company": "FANG", 
        "Date": "2013-11-08", 
        "High": 54.470001, 
        "Low": 53.07, 
        "Open": 53.91, 
        "Volume": 1044500, 
        "day": 312, 
        "year": 2013
    }
}