{
    "day": {
        "Adj Close": 53.290001, 
        "Close": 53.290001, 
        "Company": "FANG", 
        "Date": "2013-11-11", 
        "High": 53.889999, 
        "Low": 53.09, 
        "Open": 53.700001, 
        "Volume": 572500, 
        "day": 315, 
        "year": 2013
    }
}