{
    "day": {
        "Adj Close": 50.060001, 
        "Close": 50.060001, 
        "Company": "FANG", 
        "Date": "2013-11-27", 
        "High": 52.080002, 
        "Low": 49.32, 
        "Open": 51.450001, 
        "Volume": 639400, 
        "day": 331, 
        "year": 2013
    }
}