{
    "day": {
        "Adj Close": 53.34, 
        "Close": 53.34, 
        "Company": "FANG", 
        "Date": "2013-12-27", 
        "High": 53.830002, 
        "Low": 52.040001, 
        "Open": 52.799999, 
        "Volume": 377300, 
        "day": 361, 
        "year": 2013
    }
}