{
    "day": {
        "Adj Close": 21.559999, 
        "Close": 21.559999, 
        "Company": "FANG", 
        "Date": "2013-02-11", 
        "High": 22.129999, 
        "Low": 21.299999, 
        "Open": 22.129999, 
        "Volume": 59100, 
        "day": 42, 
        "year": 2013
    }
}