{
    "day": {
        "Adj Close": 24.549999, 
        "Close": 24.549999, 
        "Company": "FANG", 
        "Date": "2013-03-22", 
        "High": 24.620001, 
        "Low": 24.24, 
        "Open": 24.389999, 
        "Volume": 48100, 
        "day": 81, 
        "year": 2013
    }
}