{
    "day": {
        "Adj Close": 26.50961, 
        "Close": 30.959999, 
        "Company": "WBA", 
        "Date": "2008-09-30", 
        "High": 31.59, 
        "Low": 30.65, 
        "Open": 31.5, 
        "Volume": 13120200, 
        "day": 2, 
        "week": 40
    }
}