{
    "day": {
        "Adj Close": 12.701444,
        "Close": 17.360001,
        "Company": "SUNS",
        "Date": "2012-08-30",
        "High": 17.49,
        "Low": 17.360001,
        "Open": 17.450001,
        "Volume": 23500,
        "day": 4,
        "week": 35
    }
}