{
    "day": {
        "Adj Close": 23.338078, 
        "Close": 38.130001, 
        "Company": "MDLZ", 
        "Date": "2012-01-17", 
        "High": 38.529999, 
        "Low": 38.009998, 
        "Open": 38.139999, 
        "Volume": 8495000, 
        "day": 2, 
        "week": 3
    }
}