{
    "day": {
        "Adj Close": 69.767986, 
        "Close": 75.669998, 
        "Company": "TROW", 
        "Date": "2014-02-03", 
        "High": 78.620003, 
        "Low": 75.57, 
        "Open": 78.480003, 
        "Volume": 2122000, 
        "day": 3, 
        "month": 2
    }
}