{
    "day": {
        "Adj Close": 36.4204,
        "Close": 38.68,
        "Company": "LPLA",
        "Date": "2013-10-14",
        "High": 38.790001,
        "Low": 38.290001,
        "Open": 38.52,
        "Volume": 729000,
        "day": 1,
        "week": 42
    }
}