{
    "day": {
        "Adj Close": 37.371396,
        "Close": 39.689999,
        "Company": "LPLA",
        "Date": "2013-10-17",
        "High": 39.91,
        "Low": 39.18,
        "Open": 39.259998,
        "Volume": 823800,
        "day": 4,
        "week": 42
    }
}