{
    "day": {
        "Adj Close": 37.494321, 
        "Close": 44.73, 
        "Company": "TROW", 
        "Date": "2009-08-18", 
        "High": 44.900002, 
        "Low": 43.759998, 
        "Open": 43.759998, 
        "Volume": 1347700, 
        "day": 18, 
        "month": 8
    }
}