{
    "day": {
        "Adj Close": 38.215205, 
        "Close": 45.59, 
        "Company": "TROW", 
        "Date": "2009-08-27", 
        "High": 46.110001, 
        "Low": 45.110001, 
        "Open": 45.720001, 
        "Volume": 1536500, 
        "day": 27, 
        "month": 8
    }
}