{
    "day": {
        "Adj Close": 13.896219, 
        "Close": 25.200001, 
        "Company": "MDLZ", 
        "Date": "2009-05-11", 
        "High": 25.450001, 
        "Low": 25.0, 
        "Open": 25.32, 
        "Volume": 7661800, 
        "day": 11, 
        "month": 5
    }
}