{
    "day": {
        "Adj Close": 14.039592, 
        "Close": 25.459999, 
        "Company": "MDLZ", 
        "Date": "2009-05-22", 
        "High": 25.77, 
        "Low": 24.9, 
        "Open": 24.98, 
        "Volume": 9739300, 
        "day": 22, 
        "month": 5
    }
}