{
    "day": {
        "Adj Close": 14.039592, 
        "Close": 25.459999, 
        "Company": "MDLZ", 
        "Date": "2009-05-27", 
        "High": 25.870001, 
        "Low": 25.360001, 
        "Open": 25.82, 
        "Volume": 8475300, 
        "day": 27, 
        "month": 5
    }
}