{
    "day": {
        "Adj Close": 13.907247, 
        "Close": 25.219999, 
        "Company": "MDLZ", 
        "Date": "2009-05-05", 
        "High": 26.440001, 
        "Low": 25.139999, 
        "Open": 25.58, 
        "Volume": 28944400, 
        "day": 5, 
        "month": 5
    }
}