{
    "day": {
        "Adj Close": 14.078194, 
        "Close": 25.530001, 
        "Company": "MDLZ", 
        "Date": "2009-05-08", 
        "High": 25.690001, 
        "Low": 25.1, 
        "Open": 25.33, 
        "Volume": 13016700, 
        "day": 8, 
        "month": 5
    }
}