{
    "day": {
        "Adj Close": 43.830155, 
        "Close": 54.240002, 
        "Company": "TROW", 
        "Date": "2008-01-07", 
        "High": 56.220001, 
        "Low": 53.25, 
        "Open": 55.59, 
        "Volume": 3398300, 
        "day": 1, 
        "week": 2
    }
}