{
    "day": {
        "Adj Close": 47.409002, 
        "Close": 58.139999, 
        "Company": "TROW", 
        "Date": "2008-08-13", 
        "High": 59.32, 
        "Low": 57.099998, 
        "Open": 59.32, 
        "Volume": 2391500, 
        "day": 3, 
        "week": 33
    }
}