{
    "day": {
        "Adj Close": 2.450589, 
        "Close": 60.24992, 
        "Company": "TROW", 
        "Date": "1993-09-01", 
        "High": 60.5, 
        "Low": 59.75008, 
        "Open": 59.75008, 
        "Volume": 1520000, 
        "day": 1, 
        "month": 9
    }
}