{
    "day": {
        "Adj Close": 2.531936, 
        "Close": 62.24992, 
        "Company": "TROW", 
        "Date": "1993-09-17", 
        "High": 63.0, 
        "Low": 62.24992, 
        "Open": 63.0, 
        "Volume": 958400, 
        "day": 17, 
        "month": 9
    }
}