{
    "day": {
        "Adj Close": 2.379413, 
        "Close": 58.5, 
        "Company": "TROW", 
        "Date": "1993-09-21", 
        "High": 60.5, 
        "Low": 57.75008, 
        "Open": 60.5, 
        "Volume": 1371200, 
        "day": 21, 
        "month": 9
    }
}