{
    "day": {
        "Adj Close": 2.511606, 
        "Close": 61.75008, 
        "Company": "TROW", 
        "Date": "1993-09-03", 
        "High": 63.24992, 
        "Low": 61.5, 
        "Open": 62.24992, 
        "Volume": 1267200, 
        "day": 3, 
        "month": 9
    }
}