{
    "day": {
        "Adj Close": 78.962122, 
        "Close": 81.269997, 
        "Company": "TROW", 
        "Date": "2015-05-27", 
        "High": 81.599998, 
        "Low": 80.650002, 
        "Open": 81.040001, 
        "Volume": 1215800, 
        "day": 3, 
        "week": 22
    }
}