{
    "day": {
        "Adj Close": 69.795865, 
        "Close": 74.489998, 
        "Company": "TROW", 
        "Date": "2014-10-15", 
        "High": 75.010002, 
        "Low": 71.779999, 
        "Open": 73.080002, 
        "Volume": 2558300, 
        "day": 3, 
        "week": 42
    }
}