{
    "day": {
        "Adj Close": 71.576135, 
        "Close": 76.389999, 
        "Company": "TROW", 
        "Date": "2014-10-17", 
        "High": 77.300003, 
        "Low": 75.690002, 
        "Open": 76.190002, 
        "Volume": 2009300, 
        "day": 5, 
        "week": 42
    }
}