{
    "day": {
        "Adj Close": 27.75, 
        "Close": 27.75, 
        "Company": "TSLA", 
        "Date": "2011-03-31", 
        "High": 28.709999, 
        "Low": 26.5, 
        "Open": 26.549999, 
        "Volume": 11517800, 
        "day": 4, 
        "week": 13
    }
}