{
    "day": {
        "Adj Close": 16.780001,
        "Close": 16.780001,
        "Company": "TCBI",
        "Date": "2004-03-04",
        "High": 16.84,
        "Low": 16.309999,
        "Open": 16.5,
        "Volume": 94600,
        "day": 4,
        "month": 3
    }
}