{
    "day": {
        "Adj Close": 36.41359, 
        "Close": 37.150002, 
        "Company": "MDLZ", 
        "Date": "2015-01-21", 
        "High": 37.189999, 
        "Low": 36.689999, 
        "Open": 36.869999, 
        "Volume": 9350800, 
        "day": 3, 
        "week": 4
    }
}