{
    "day": {
        "Adj Close": 36.20775, 
        "Close": 36.939999, 
        "Company": "MDLZ", 
        "Date": "2015-01-23", 
        "High": 37.610001, 
        "Low": 36.919998, 
        "Open": 37.610001, 
        "Volume": 7501900, 
        "day": 5, 
        "week": 4
    }
}