{
    "day": {
        "Adj Close": 52.139999,
        "Close": 52.139999,
        "Company": "TCBI",
        "Date": "2015-05-01",
        "High": 53.200001,
        "Low": 51.950001,
        "Open": 52.950001,
        "Volume": 351000,
        "day": 1,
        "month": 5
    }
}