{
    "day": {
        "Adj Close": 54.779999,
        "Close": 54.779999,
        "Company": "TCBI",
        "Date": "2015-05-20",
        "High": 55.349998,
        "Low": 54.400002,
        "Open": 55.349998,
        "Volume": 413900,
        "day": 20,
        "month": 5
    }
}