{
    "day": {
        "Adj Close": 53.279999,
        "Close": 53.279999,
        "Company": "TCBI",
        "Date": "2015-05-07",
        "High": 54.860001,
        "Low": 53.110001,
        "Open": 54.860001,
        "Volume": 433600,
        "day": 7,
        "month": 5
    }
}