{
    "day": {
        "Adj Close": 86.470314, 
        "Close": 87.260002, 
        "Company": "WBA", 
        "Date": "2015-10-15", 
        "High": 87.32, 
        "Low": 84.370003, 
        "Open": 84.760002, 
        "Volume": 3450900, 
        "day": 15, 
        "month": 10
    }
}