{
    "day": {
        "Adj Close": 94.298822, 
        "Close": 95.160004, 
        "Company": "WBA", 
        "Date": "2015-10-27", 
        "High": 95.739998, 
        "Low": 88.959999, 
        "Open": 89.199997, 
        "Volume": 13905200, 
        "day": 27, 
        "month": 10
    }
}