{
    "day": {
        "Adj Close": 84.597418, 
        "Close": 85.370003, 
        "Company": "WBA", 
        "Date": "2015-10-09", 
        "High": 85.529999, 
        "Low": 83.75, 
        "Open": 84.269997, 
        "Volume": 3568400, 
        "day": 9, 
        "month": 10
    }
}