{
    "day": {
        "Adj Close": 49.490002,
        "Close": 49.490002,
        "Company": "TCBI",
        "Date": "2015-01-06",
        "High": 51.549999,
        "Low": 49.0,
        "Open": 50.880001,
        "Volume": 1048900,
        "day": 2,
        "week": 2
    }
}