{
    "day": {
        "Adj Close": 48.959999,
        "Close": 48.959999,
        "Company": "TCBI",
        "Date": "2015-01-07",
        "High": 50.34,
        "Low": 48.810001,
        "Open": 50.0,
        "Volume": 903400,
        "day": 3,
        "week": 2
    }
}