{
    "day": {
        "Adj Close": 63.299999, 
        "Close": 63.299999, 
        "Company": "FANG", 
        "Date": "2015-07-27", 
        "High": 64.25, 
        "Low": 62.23, 
        "Open": 63.049999, 
        "Volume": 1128300, 
        "day": 1, 
        "week": 31
    }
}