{
    "day": {
        "Adj Close": 67.650002, 
        "Close": 67.650002, 
        "Company": "FANG", 
        "Date": "2015-07-29", 
        "High": 67.910004, 
        "Low": 63.990002, 
        "Open": 64.629997, 
        "Volume": 1386100, 
        "day": 3, 
        "week": 31
    }
}