{
    "day": {
        "Adj Close": 40.415042, 
        "Close": 40.59, 
        "Company": "MDLZ", 
        "Date": "2016-01-13", 
        "High": 42.330002, 
        "Low": 40.52, 
        "Open": 42.110001, 
        "Volume": 14091400, 
        "day": 13, 
        "year": 2016
    }
}