{
    "day": {
        "Adj Close": 40.026724, 
        "Close": 40.200001, 
        "Company": "MDLZ", 
        "Date": "2016-01-25", 
        "High": 41.790001, 
        "Low": 40.16, 
        "Open": 41.73, 
        "Volume": 13465200, 
        "day": 25, 
        "year": 2016
    }
}