{
    "day": {
        "Adj Close": 41.171765, 
        "Close": 41.349998, 
        "Company": "MDLZ", 
        "Date": "2016-01-26", 
        "High": 41.549999, 
        "Low": 40.240002, 
        "Open": 40.240002, 
        "Volume": 8127500, 
        "day": 26, 
        "year": 2016
    }
}