{
    "day": {
        "Adj Close": 42.545817, 
        "Close": 42.73, 
        "Company": "MDLZ", 
        "Date": "2016-02-01", 
        "High": 42.959999, 
        "Low": 42.099998, 
        "Open": 42.82, 
        "Volume": 7960100, 
        "day": 32, 
        "year": 2016
    }
}