{
    "day": {
        "Adj Close": 39.638406, 
        "Close": 39.810001, 
        "Company": "MDLZ", 
        "Date": "2016-02-17", 
        "High": 39.919998, 
        "Low": 39.150002, 
        "Open": 39.48, 
        "Volume": 11097700, 
        "day": 48, 
        "year": 2016
    }
}