{
    "day": {
        "Adj Close": 41.460516, 
        "Close": 41.639999, 
        "Company": "MDLZ", 
        "Date": "2016-03-15", 
        "High": 42.150002, 
        "Low": 41.549999, 
        "Open": 41.93, 
        "Volume": 7375000, 
        "day": 75, 
        "year": 2016
    }
}