{
    "day": {
        "Adj Close": 40.604222, 
        "Close": 40.779999, 
        "Company": "MDLZ", 
        "Date": "2016-03-17", 
        "High": 41.290001, 
        "Low": 40.09, 
        "Open": 40.549999, 
        "Volume": 27291100, 
        "day": 77, 
        "year": 2016
    }
}