{
    "day": {
        "Adj Close": 53.919998,
        "Close": 53.919998,
        "Company": "TCBI",
        "Date": "2014-06-23",
        "High": 54.490002,
        "Low": 53.759998,
        "Open": 54.189999,
        "Volume": 208400,
        "day": 23,
        "month": 6
    }
}