{
    "day": {
        "Adj Close": 46.386492, 
        "Close": 52.759998, 
        "Company": "TROW", 
        "Date": "2011-11-04", 
        "High": 52.919998, 
        "Low": 51.369999, 
        "Open": 52.029999, 
        "Volume": 2704800, 
        "day": 5, 
        "week": 44
    }
}