{
    "day": {
        "Adj Close": 14.38311, 
        "Close": 29.389999, 
        "Company": "MDLZ", 
        "Date": "2005-10-18", 
        "High": 29.790001, 
        "Low": 29.379999, 
        "Open": 29.76, 
        "Volume": 1737100, 
        "day": 18, 
        "month": 10
    }
}