{
    "day": {
        "Adj Close": 13.893722, 
        "Close": 28.389999, 
        "Company": "MDLZ", 
        "Date": "2005-10-19", 
        "High": 28.610001, 
        "Low": 28.1, 
        "Open": 28.6, 
        "Volume": 6498500, 
        "day": 19, 
        "month": 10
    }
}