{
    "day": {
        "Adj Close": 14.818666, 
        "Close": 30.280001, 
        "Company": "MDLZ", 
        "Date": "2005-10-03", 
        "High": 30.799999, 
        "Low": 30.219999, 
        "Open": 30.540001, 
        "Volume": 1537100, 
        "day": 3, 
        "month": 10
    }
}