{
    "day": {
        "Adj Close": 32.001717, 
        "Close": 81.0, 
        "Company": "TROW", 
        "Date": "2006-04-13", 
        "High": 81.029999, 
        "Low": 80.190002, 
        "Open": 80.629997, 
        "Volume": 548000, 
        "day": 103, 
        "year": 2006
    }
}