{
    "day": {
        "Adj Close": 32.590389, 
        "Close": 82.489998, 
        "Company": "TROW", 
        "Date": "2006-05-02", 
        "High": 82.489998, 
        "Low": 81.080002, 
        "Open": 82.07, 
        "Volume": 2125000, 
        "day": 122, 
        "year": 2006
    }
}