{
    "day": {
        "Adj Close": 31.175995, 
        "Close": 78.910004, 
        "Company": "TROW", 
        "Date": "2006-05-12", 
        "High": 81.199997, 
        "Low": 78.82, 
        "Open": 80.440002, 
        "Volume": 1249600, 
        "day": 132, 
        "year": 2006
    }
}