{
    "day": {
        "Adj Close": 30.662386, 
        "Close": 77.610001, 
        "Company": "TROW", 
        "Date": "2006-05-19", 
        "High": 78.410004, 
        "Low": 76.110001, 
        "Open": 76.260002, 
        "Volume": 1796600, 
        "day": 139, 
        "year": 2006
    }
}