{
    "day": {
        "Adj Close": 31.045617, 
        "Close": 78.580002, 
        "Company": "TROW", 
        "Date": "2006-05-25", 
        "High": 78.629997, 
        "Low": 77.610001, 
        "Open": 78.150002, 
        "Volume": 988800, 
        "day": 145, 
        "year": 2006
    }
}