{
    "day": {
        "Adj Close": 30.709797, 
        "Close": 77.730003, 
        "Company": "TROW", 
        "Date": "2006-06-06", 
        "High": 78.529999, 
        "Low": 76.760002, 
        "Open": 78.5, 
        "Volume": 1486600, 
        "day": 157, 
        "year": 2006
    }
}