{
    "day": {
        "Adj Close": 30.121121, 
        "Close": 76.239998, 
        "Company": "TROW", 
        "Date": "2006-06-12", 
        "High": 77.870003, 
        "Low": 76.010002, 
        "Open": 77.870003, 
        "Volume": 1546800, 
        "day": 163, 
        "year": 2006
    }
}