{
    "day": {
        "Adj Close": 29.591287, 
        "Close": 37.380001, 
        "Company": "TROW", 
        "Date": "2006-07-06", 
        "High": 37.470001, 
        "Low": 37.040001, 
        "Open": 37.139999, 
        "Volume": 923500, 
        "day": 187, 
        "year": 2006
    }
}