{
    "day": {
        "Adj Close": 31.997853, 
        "Close": 40.419998, 
        "Company": "TROW", 
        "Date": "2006-07-28", 
        "High": 40.93, 
        "Low": 39.310001, 
        "Open": 39.360001, 
        "Volume": 2003200, 
        "day": 209, 
        "year": 2006
    }
}