{
    "day": {
        "Adj Close": 32.322426, 
        "Close": 40.830002, 
        "Company": "TROW", 
        "Date": "2006-08-02", 
        "High": 41.32, 
        "Low": 40.59, 
        "Open": 40.959999, 
        "Volume": 897700, 
        "day": 214, 
        "year": 2006
    }
}