{
    "day": {
        "Adj Close": 32.559916, 
        "Close": 41.130001, 
        "Company": "TROW", 
        "Date": "2006-08-07", 
        "High": 41.529999, 
        "Low": 40.799999, 
        "Open": 41.490002, 
        "Volume": 1178600, 
        "day": 219, 
        "year": 2006
    }
}