{
    "day": {
        "Adj Close": 32.789487, 
        "Close": 41.419998, 
        "Company": "TROW", 
        "Date": "2006-08-09", 
        "High": 42.299999, 
        "Low": 41.290001, 
        "Open": 41.32, 
        "Volume": 1361900, 
        "day": 221, 
        "year": 2006
    }
}