{
    "day": {
        "Adj Close": 34.950651, 
        "Close": 44.150002, 
        "Company": "TROW", 
        "Date": "2006-09-08", 
        "High": 44.330002, 
        "Low": 43.84, 
        "Open": 44.0, 
        "Volume": 627000, 
        "day": 251, 
        "year": 2006
    }
}