{
    "day": {
        "Adj Close": 37.064313, 
        "Close": 46.82, 
        "Company": "TROW", 
        "Date": "2006-09-14", 
        "High": 47.040001, 
        "Low": 46.169998, 
        "Open": 46.360001, 
        "Volume": 715500, 
        "day": 257, 
        "year": 2006
    }
}