{
    "day": {
        "Adj Close": 37.626864, 
        "Close": 47.389999, 
        "Company": "TROW", 
        "Date": "2006-09-26", 
        "High": 47.490002, 
        "Low": 46.400002, 
        "Open": 47.0, 
        "Volume": 1450100, 
        "day": 269, 
        "year": 2006
    }
}