{
    "day": {
        "Adj Close": 37.896819, 
        "Close": 47.73, 
        "Company": "TROW", 
        "Date": "2006-09-27", 
        "High": 47.900002, 
        "Low": 47.220001, 
        "Open": 47.470001, 
        "Volume": 1054100, 
        "day": 270, 
        "year": 2006
    }
}