{
    "day": {
        "Adj Close": 38.158835, 
        "Close": 48.060001, 
        "Company": "TROW", 
        "Date": "2006-10-18", 
        "High": 48.5, 
        "Low": 47.560001, 
        "Open": 47.669998, 
        "Volume": 2621600, 
        "day": 291, 
        "year": 2006
    }
}