{
    "day": {
        "Adj Close": 37.563347, 
        "Close": 47.310001, 
        "Company": "TROW", 
        "Date": "2006-10-31", 
        "High": 47.599998, 
        "Low": 46.849998, 
        "Open": 47.0, 
        "Volume": 1238100, 
        "day": 304, 
        "year": 2006
    }
}