{
    "day": {
        "Adj Close": 36.562927, 
        "Close": 46.049999, 
        "Company": "TROW", 
        "Date": "2006-11-06", 
        "High": 46.18, 
        "Low": 45.139999, 
        "Open": 45.369999, 
        "Volume": 1155800, 
        "day": 310, 
        "year": 2006
    }
}