{
    "day": {
        "Adj Close": 35.633968, 
        "Close": 44.880001, 
        "Company": "TROW", 
        "Date": "2006-11-13", 
        "High": 45.080002, 
        "Low": 44.720001, 
        "Open": 44.740002, 
        "Volume": 1300200, 
        "day": 317, 
        "year": 2006
    }
}