{
    "day": {
        "Adj Close": 35.792765, 
        "Close": 45.080002, 
        "Company": "TROW", 
        "Date": "2006-11-14", 
        "High": 45.220001, 
        "Low": 44.450001, 
        "Open": 44.959999, 
        "Volume": 1343600, 
        "day": 318, 
        "year": 2006
    }
}