{
    "day": {
        "Adj Close": 29.384011, 
        "Close": 74.650002, 
        "Company": "TROW", 
        "Date": "2006-02-09", 
        "High": 75.470001, 
        "Low": 74.540001, 
        "Open": 74.699997, 
        "Volume": 1159800, 
        "day": 40, 
        "year": 2006
    }
}