{
    "day": {
        "Adj Close": 29.592631, 
        "Close": 75.18, 
        "Company": "TROW", 
        "Date": "2006-02-14", 
        "High": 75.400002, 
        "Low": 73.550003, 
        "Open": 74.080002, 
        "Volume": 2047600, 
        "day": 45, 
        "year": 2006
    }
}