{
    "day": {
        "Adj Close": 30.109269, 
        "Close": 76.209999, 
        "Company": "TROW", 
        "Date": "2006-03-22", 
        "High": 76.269997, 
        "Low": 75.300003, 
        "Open": 75.660004, 
        "Volume": 682600, 
        "day": 81, 
        "year": 2006
    }
}