{
    "day": {
        "Adj Close": 25.431848, 
        "Close": 40.919998, 
        "Company": "MDLZ", 
        "Date": "2012-08-10", 
        "High": 40.970001, 
        "Low": 40.610001, 
        "Open": 40.799999, 
        "Volume": 8036600, 
        "day": 10, 
        "month": 8
    }
}