{
    "day": {
        "Adj Close": 25.232967, 
        "Close": 40.599998, 
        "Company": "MDLZ", 
        "Date": "2012-08-06", 
        "High": 41.5, 
        "Low": 40.549999, 
        "Open": 41.040001, 
        "Volume": 15182600, 
        "day": 6, 
        "month": 8
    }
}