{
    "day": {
        "Adj Close": 16.749447, 
        "Close": 35.119999, 
        "Company": "MDLZ", 
        "Date": "2004-12-13", 
        "High": 35.189999, 
        "Low": 34.93, 
        "Open": 34.98, 
        "Volume": 2082800, 
        "day": 13, 
        "month": 12
    }
}