{
    "day": {
        "Adj Close": 16.903174, 
        "Close": 35.240002, 
        "Company": "MDLZ", 
        "Date": "2004-12-23", 
        "High": 35.439999, 
        "Low": 35.029999, 
        "Open": 35.200001, 
        "Volume": 1333900, 
        "day": 23, 
        "month": 12
    }
}