{
    "day": {
        "Adj Close": 17.051867, 
        "Close": 35.549999, 
        "Company": "MDLZ", 
        "Date": "2004-12-29", 
        "High": 35.700001, 
        "Low": 35.369999, 
        "Open": 35.57, 
        "Volume": 1132900, 
        "day": 29, 
        "month": 12
    }
}