{
    "day": {
        "Adj Close": 29.725647,
        "Close": 34.240002,
        "Company": "LPLA",
        "Date": "2011-01-11",
        "High": 34.509998,
        "Low": 33.73,
        "Open": 34.0,
        "Volume": 117000,
        "day": 11,
        "month": 1
    }
}