{
    "day": {
        "Adj Close": 29.525968,
        "Close": 34.009998,
        "Company": "LPLA",
        "Date": "2011-01-19",
        "High": 34.169998,
        "Low": 33.439999,
        "Open": 33.439999,
        "Volume": 184600,
        "day": 19,
        "month": 1
    }
}