{
    "day": {
        "Adj Close": 29.517288,
        "Close": 34.0,
        "Company": "LPLA",
        "Date": "2011-01-24",
        "High": 35.040001,
        "Low": 33.759998,
        "Open": 34.259998,
        "Volume": 236900,
        "day": 24,
        "month": 1
    }
}