{
    "day": {
        "Adj Close": 17.6,
        "Close": 17.6,
        "Company": "TCBI",
        "Date": "2008-04-17",
        "High": 18.18,
        "Low": 16.190001,
        "Open": 16.389999,
        "Volume": 994000,
        "day": 4,
        "week": 16
    }
}