{
    "day": {
        "Adj Close": 84.800003, 
        "Close": 84.800003, 
        "Company": "FANG", 
        "Date": "2014-07-28", 
        "High": 86.099998, 
        "Low": 83.589996, 
        "Open": 85.900002, 
        "Volume": 569600, 
        "day": 1, 
        "week": 31
    }
}