{
    "day": {
        "Adj Close": 36.402194, 
        "Close": 37.59, 
        "Company": "MDLZ", 
        "Date": "2014-05-12", 
        "High": 38.009998, 
        "Low": 37.459999, 
        "Open": 38.0, 
        "Volume": 10125300, 
        "day": 12, 
        "month": 5
    }
}