{
    "day": {
        "Adj Close": 34.107085, 
        "Close": 35.220001, 
        "Company": "MDLZ", 
        "Date": "2014-05-06", 
        "High": 35.650002, 
        "Low": 35.18, 
        "Open": 35.279999, 
        "Volume": 6523700, 
        "day": 6, 
        "month": 5
    }
}