{
    "day": {
        "Adj Close": 2.014469, 
        "Close": 45.124962, 
        "Company": "WBA", 
        "Date": "1990-01-09", 
        "High": 46.0, 
        "Low": 45.124962, 
        "Open": 45.375038, 
        "Volume": 2086400, 
        "day": 2, 
        "week": 2
    }
}