{
    "day": {
        "Adj Close": 13.858013, 
        "Close": 30.780001, 
        "Company": "MDLZ", 
        "Date": "2001-08-01", 
        "High": 31.01, 
        "Low": 30.58, 
        "Open": 30.9, 
        "Volume": 2302200, 
        "day": 3, 
        "week": 31
    }
}