{
    "day": {
        "Adj Close": 14.222824, 
        "Close": 39.8125, 
        "Company": "TROW", 
        "Date": "2000-04-20", 
        "High": 40.218761, 
        "Low": 38.0625, 
        "Open": 39.0625, 
        "Volume": 834600, 
        "day": 111, 
        "year": 2000
    }
}