{
    "day": {
        "Adj Close": 42.209999,
        "Close": 42.209999,
        "Company": "TCBI",
        "Date": "2012-11-15",
        "High": 43.290001,
        "Low": 41.68,
        "Open": 43.080002,
        "Volume": 691500,
        "day": 15,
        "month": 11
    }
}