{
    "day": {
        "Adj Close": 44.5,
        "Close": 44.5,
        "Company": "TCBI",
        "Date": "2012-11-26",
        "High": 44.919998,
        "Low": 43.630001,
        "Open": 44.84,
        "Volume": 495900,
        "day": 26,
        "month": 11
    }
}