{
    "day": {
        "Adj Close": 44.950001,
        "Close": 44.950001,
        "Company": "TCBI",
        "Date": "2012-11-29",
        "High": 45.48,
        "Low": 44.369999,
        "Open": 45.209999,
        "Volume": 194000,
        "day": 29,
        "month": 11
    }
}