{
    "day": {
        "Adj Close": 10.948046, 
        "Close": 30.219999, 
        "Company": "TROW", 
        "Date": "2001-04-09", 
        "High": 30.219999, 
        "Low": 29.65, 
        "Open": 29.860001, 
        "Volume": 1237600, 
        "day": 9, 
        "month": 4
    }
}