{
    "day": {
        "Adj Close": 43.000815, 
        "Close": 45.330002, 
        "Company": "WBA", 
        "Date": "2013-07-08", 
        "High": 45.369999, 
        "Low": 44.41, 
        "Open": 44.59, 
        "Volume": 6831100, 
        "day": 1, 
        "week": 28
    }
}