{
    "day": {
        "Adj Close": 47.389999,
        "Close": 47.389999,
        "Company": "TCBI",
        "Date": "2016-01-06",
        "High": 48.119999,
        "Low": 46.259998,
        "Open": 46.630001,
        "Volume": 633200,
        "day": 3,
        "week": 1
    }
}