{
    "day": {
        "Adj Close": 16.870001,
        "Close": 16.870001,
        "Company": "TCBI",
        "Date": "2010-09-28",
        "High": 16.92,
        "Low": 16.34,
        "Open": 16.65,
        "Volume": 316200,
        "day": 2,
        "week": 39
    }
}