{
    "day": {
        "Adj Close": 17.120001,
        "Close": 17.120001,
        "Company": "TCBI",
        "Date": "2010-10-01",
        "High": 17.49,
        "Low": 17.02,
        "Open": 17.459999,
        "Volume": 99700,
        "day": 5,
        "week": 39
    }
}