{
    "day": {
        "Adj Close": 22.559404, 
        "Close": 27.34, 
        "Company": "TROW", 
        "Date": "2009-02-11", 
        "High": 27.360001, 
        "Low": 26.26, 
        "Open": 26.540001, 
        "Volume": 3180300, 
        "day": 11, 
        "month": 2
    }
}