{
    "day": {
        "Adj Close": 23.780615, 
        "Close": 28.82, 
        "Company": "TROW", 
        "Date": "2009-02-06", 
        "High": 28.879999, 
        "Low": 27.01, 
        "Open": 27.25, 
        "Volume": 4433400, 
        "day": 6, 
        "month": 2
    }
}