{
    "day": {
        "Adj Close": 204.699997, 
        "Close": 204.699997, 
        "Company": "TSLA", 
        "Date": "2014-06-02", 
        "High": 209.350006, 
        "Low": 201.669998, 
        "Open": 207.330002, 
        "Volume": 4668100, 
        "day": 1, 
        "week": 23
    }
}