{
    "day": {
        "Adj Close": 24.275283, 
        "Close": 62.610001, 
        "Company": "TROW", 
        "Date": "2005-03-01", 
        "High": 62.900002, 
        "Low": 60.919998, 
        "Open": 60.959999, 
        "Volume": 1612400, 
        "day": 1, 
        "month": 3
    }
}