{
    "day": {
        "Adj Close": 22.836747, 
        "Close": 58.68, 
        "Company": "TROW", 
        "Date": "2005-03-29", 
        "High": 60.049999, 
        "Low": 58.560001, 
        "Open": 59.57, 
        "Volume": 1081800, 
        "day": 29, 
        "month": 3
    }
}