{
    "day": {
        "Adj Close": 24.341195, 
        "Close": 62.779999, 
        "Company": "TROW", 
        "Date": "2005-03-09", 
        "High": 63.400002, 
        "Low": 62.57, 
        "Open": 62.919998, 
        "Volume": 1281000, 
        "day": 9, 
        "month": 3
    }
}