{
    "day": {
        "Adj Close": 12.478692, 
        "Close": 33.98, 
        "Company": "TROW", 
        "Date": "2001-12-26", 
        "High": 34.66, 
        "Low": 33.639999, 
        "Open": 33.639999, 
        "Volume": 1640200, 
        "day": 3, 
        "week": 52
    }
}