{
    "day": {
        "Adj Close": 52.84,
        "Close": 52.84,
        "Company": "TCBI",
        "Date": "2014-08-18",
        "High": 52.900002,
        "Low": 51.759998,
        "Open": 51.759998,
        "Volume": 226400,
        "day": 1,
        "week": 34
    }
}