{
    "day": {
        "Adj Close": 53.07,
        "Close": 53.07,
        "Company": "TCBI",
        "Date": "2014-08-20",
        "High": 53.299999,
        "Low": 52.540001,
        "Open": 52.66,
        "Volume": 247600,
        "day": 3,
        "week": 34
    }
}