{
    "day": {
        "Adj Close": 53.98,
        "Close": 53.98,
        "Company": "TCBI",
        "Date": "2014-08-21",
        "High": 54.389999,
        "Low": 52.689999,
        "Open": 53.099998,
        "Volume": 269900,
        "day": 4,
        "week": 34
    }
}