{
    "day": {
        "Adj Close": 42.944343, 
        "Close": 50.150002, 
        "Company": "TROW", 
        "Date": "2010-08-04", 
        "High": 50.240002, 
        "Low": 49.549999, 
        "Open": 49.950001, 
        "Volume": 1361200, 
        "day": 4, 
        "month": 8
    }
}