{
    "day": {
        "Adj Close": 2.429324, 
        "Close": 29.62496, 
        "Company": "TROW", 
        "Date": "1994-01-20", 
        "High": 30.25, 
        "Low": 29.62496, 
        "Open": 30.0, 
        "Volume": 676800, 
        "day": 20, 
        "month": 1
    }
}