{
    "day": {
        "Adj Close": 2.429324, 
        "Close": 29.62496, 
        "Company": "TROW", 
        "Date": "1994-01-27", 
        "High": 29.75, 
        "Low": 28.87504, 
        "Open": 29.0, 
        "Volume": 1655200, 
        "day": 27, 
        "month": 1
    }
}