{
    "day": {
        "Adj Close": 32.029999, 
        "Close": 32.029999, 
        "Company": "FANG", 
        "Date": "2013-05-20", 
        "High": 32.25, 
        "Low": 31.24, 
        "Open": 31.620001, 
        "Volume": 545100, 
        "day": 1, 
        "week": 21
    }
}