{
    "day": {
        "Adj Close": 34.32, 
        "Close": 34.32, 
        "Company": "FANG", 
        "Date": "2013-05-24", 
        "High": 34.669998, 
        "Low": 32.77, 
        "Open": 33.389999, 
        "Volume": 792300, 
        "day": 5, 
        "week": 21
    }
}