{
    "day": {
        "Adj Close": 36.438564, 
        "Close": 43.709999, 
        "Company": "WBA", 
        "Date": "2005-04-01", 
        "High": 44.599998, 
        "Low": 43.400002, 
        "Open": 44.509998, 
        "Volume": 3982600, 
        "day": 5, 
        "week": 13
    }
}