{
    "day": {
        "Adj Close": 38.075061, 
        "Close": 39.0, 
        "Company": "MDLZ", 
        "Date": "2014-11-21", 
        "High": 39.41, 
        "Low": 38.919998, 
        "Open": 39.41, 
        "Volume": 8871000, 
        "day": 5, 
        "week": 47
    }
}