{
    "day": {
        "Adj Close": 20.799999,
        "Close": 20.799999,
        "Company": "TCBI",
        "Date": "2010-12-20",
        "High": 21.02,
        "Low": 20.459999,
        "Open": 20.549999,
        "Volume": 347700,
        "day": 20,
        "month": 12
    }
}