{
    "day": {
        "Adj Close": 21.92,
        "Close": 21.92,
        "Company": "TCBI",
        "Date": "2010-12-30",
        "High": 22.030001,
        "Low": 21.639999,
        "Open": 21.690001,
        "Volume": 131500,
        "day": 30,
        "month": 12
    }
}