{
    "day": {
        "Adj Close": 3.971032, 
        "Close": 41.375038, 
        "Company": "WBA", 
        "Date": "1994-05-20", 
        "High": 41.375038, 
        "Low": 40.75, 
        "Open": 40.75, 
        "Volume": 1648000, 
        "day": 20, 
        "month": 5
    }
}