{
    "day": {
        "Adj Close": 3.923044, 
        "Close": 40.875038, 
        "Company": "WBA", 
        "Date": "1994-05-25", 
        "High": 41.0, 
        "Low": 40.25, 
        "Open": 40.624962, 
        "Volume": 1212000, 
        "day": 25, 
        "month": 5
    }
}