{
    "day": {
        "Adj Close": 1.531747, 
        "Close": 34.75008, 
        "Company": "WBA", 
        "Date": "1989-02-27", 
        "High": 35.0, 
        "Low": 34.24992, 
        "Open": 34.375038, 
        "Volume": 1939200, 
        "day": 1, 
        "week": 9
    }
}