{
    "day": {
        "Adj Close": 38.807079, 
        "Close": 45.990002, 
        "Company": "WBA", 
        "Date": "2007-04-11", 
        "High": 46.669998, 
        "Low": 45.689999, 
        "Open": 46.669998, 
        "Volume": 5061200, 
        "day": 11, 
        "month": 4
    }
}