{
    "day": {
        "Adj Close": 38.705819, 
        "Close": 45.869999, 
        "Company": "WBA", 
        "Date": "2007-04-23", 
        "High": 46.099998, 
        "Low": 45.75, 
        "Open": 45.869999, 
        "Volume": 3771400, 
        "day": 23, 
        "month": 4
    }
}