{
    "day": {
        "Adj Close": 38.672069, 
        "Close": 45.830002, 
        "Company": "WBA", 
        "Date": "2007-04-26", 
        "High": 46.25, 
        "Low": 45.75, 
        "Open": 45.880001, 
        "Volume": 3761700, 
        "day": 26, 
        "month": 4
    }
}