{
    "day": {
        "Adj Close": 11.971979,
        "Close": 17.08,
        "Company": "SUNS",
        "Date": "2012-02-13",
        "High": 17.120001,
        "Low": 16.969999,
        "Open": 17.040001,
        "Volume": 21600,
        "day": 1,
        "week": 7
    }
}