{
    "day": {
        "Adj Close": 12.176574,
        "Close": 17.27,
        "Company": "SUNS",
        "Date": "2012-02-16",
        "High": 17.379999,
        "Low": 16.48,
        "Open": 16.9,
        "Volume": 53800,
        "day": 4,
        "week": 7
    }
}