{
    "day": {
        "Adj Close": 51.939999,
        "Close": 51.939999,
        "Company": "TCBI",
        "Date": "2015-08-20",
        "High": 54.02,
        "Low": 51.869999,
        "Open": 53.860001,
        "Volume": 633100,
        "day": 20,
        "month": 8
    }
}