{
    "day": {
        "Adj Close": 50.040001,
        "Close": 50.040001,
        "Company": "TCBI",
        "Date": "2015-08-26",
        "High": 50.279999,
        "Low": 48.560001,
        "Open": 49.349998,
        "Volume": 362000,
        "day": 26,
        "month": 8
    }
}