{
    "day": {
        "Adj Close": 59.110001,
        "Close": 59.110001,
        "Company": "TCBI",
        "Date": "2015-08-04",
        "High": 59.73,
        "Low": 58.330002,
        "Open": 58.459999,
        "Volume": 552400,
        "day": 4,
        "month": 8
    }
}