{
    "day": {
        "Adj Close": 3.620112, 
        "Close": 43.0, 
        "Company": "TROW", 
        "Date": "1995-08-07", 
        "High": 44.5, 
        "Low": 43.0, 
        "Open": 44.124962, 
        "Volume": 784800, 
        "day": 1, 
        "week": 32
    }
}