{
    "day": {
        "Adj Close": 15.362109, 
        "Close": 31.83, 
        "Company": "MDLZ", 
        "Date": "2005-06-08", 
        "High": 32.099998, 
        "Low": 31.77, 
        "Open": 32.049999, 
        "Volume": 1831000, 
        "day": 3, 
        "week": 23
    }
}