{
    "day": {
        "Adj Close": 15.376588, 
        "Close": 31.860001, 
        "Company": "MDLZ", 
        "Date": "2005-06-09", 
        "High": 31.940001, 
        "Low": 31.65, 
        "Open": 31.83, 
        "Volume": 1277600, 
        "day": 4, 
        "week": 23
    }
}