{
    "day": {
        "Adj Close": 19.799999,
        "Close": 19.799999,
        "Company": "TCBI",
        "Date": "2005-06-29",
        "High": 20.389999,
        "Low": 19.610001,
        "Open": 20.16,
        "Volume": 74700,
        "day": 3,
        "week": 26
    }
}