{
    "day": {
        "Adj Close": 163.520004, 
        "Close": 163.520004, 
        "Company": "TSLA", 
        "Date": "2013-09-11", 
        "High": 167.899994, 
        "Low": 162.130005, 
        "Open": 166.410004, 
        "Volume": 5832500, 
        "day": 11, 
        "month": 9
    }
}