{
    "day": {
        "Adj Close": 181.110001, 
        "Close": 181.110001, 
        "Company": "TSLA", 
        "Date": "2013-09-23", 
        "High": 185.479996, 
        "Low": 177.110001, 
        "Open": 184.479996, 
        "Volume": 8173400, 
        "day": 23, 
        "month": 9
    }
}