{
    "day": {
        "Adj Close": 182.330002, 
        "Close": 182.330002, 
        "Company": "TSLA", 
        "Date": "2013-09-24", 
        "High": 184.960007, 
        "Low": 177.649994, 
        "Open": 179.139999, 
        "Volume": 6273400, 
        "day": 24, 
        "month": 9
    }
}