{
    "day": {
        "Adj Close": 190.899994, 
        "Close": 190.899994, 
        "Company": "TSLA", 
        "Date": "2013-09-27", 
        "High": 191.279999, 
        "Low": 186.429993, 
        "Open": 187.520004, 
        "Volume": 5916400, 
        "day": 27, 
        "month": 9
    }
}