{
    "day": {
        "Adj Close": 19.030001,
        "Close": 19.030001,
        "Company": "TCBI",
        "Date": "2005-10-12",
        "High": 19.139999,
        "Low": 18.540001,
        "Open": 18.92,
        "Volume": 57000,
        "day": 12,
        "month": 10
    }
}