{
    "day": {
        "Adj Close": 19.450001,
        "Close": 19.450001,
        "Company": "TCBI",
        "Date": "2005-10-13",
        "High": 19.65,
        "Low": 18.73,
        "Open": 19.049999,
        "Volume": 45800,
        "day": 13,
        "month": 10
    }
}