{
    "day": {
        "Adj Close": 21.0,
        "Close": 21.0,
        "Company": "TCBI",
        "Date": "2005-10-20",
        "High": 21.219999,
        "Low": 20.219999,
        "Open": 20.32,
        "Volume": 182000,
        "day": 20,
        "month": 10
    }
}