{
    "day": {
        "Adj Close": 41.009998,
        "Close": 41.009998,
        "Company": "TCBI",
        "Date": "2012-07-26",
        "High": 41.759998,
        "Low": 39.759998,
        "Open": 41.200001,
        "Volume": 836700,
        "day": 4,
        "week": 30
    }
}