{
    "day": {
        "Adj Close": 48.815178, 
        "Close": 60.639999, 
        "Company": "TROW", 
        "Date": "2007-12-19", 
        "High": 61.200001, 
        "Low": 59.77, 
        "Open": 60.119999, 
        "Volume": 1509700, 
        "day": 3, 
        "week": 51
    }
}