{
    "day": {
        "Adj Close": 76.769997, 
        "Close": 76.769997, 
        "Company": "FANG", 
        "Date": "2016-04-01", 
        "High": 77.339996, 
        "Low": 75.309998, 
        "Open": 76.0, 
        "Volume": 1090600, 
        "day": 1, 
        "month": 4
    }
}