{
    "day": {
        "Adj Close": 81.050003, 
        "Close": 81.050003, 
        "Company": "FANG", 
        "Date": "2016-04-08", 
        "High": 82.5, 
        "Low": 79.57, 
        "Open": 80.599998, 
        "Volume": 1358200, 
        "day": 8, 
        "month": 4
    }
}