{
    "day": {
        "Adj Close": 18.468475, 
        "Close": 31.209999, 
        "Company": "MDLZ", 
        "Date": "2011-01-10", 
        "High": 31.24, 
        "Low": 30.889999, 
        "Open": 30.91, 
        "Volume": 5462800, 
        "day": 10, 
        "year": 2011
    }
}