{
    "day": {
        "Adj Close": 20.049764, 
        "Close": 33.57, 
        "Company": "MDLZ", 
        "Date": "2011-04-27", 
        "High": 33.66, 
        "Low": 33.369999, 
        "Open": 33.369999, 
        "Volume": 8400800, 
        "day": 117, 
        "year": 2011
    }
}