{
    "day": {
        "Adj Close": 20.061709, 
        "Close": 33.59, 
        "Company": "MDLZ", 
        "Date": "2011-04-29", 
        "High": 33.900002, 
        "Low": 33.459999, 
        "Open": 33.549999, 
        "Volume": 10400000, 
        "day": 119, 
        "year": 2011
    }
}