{
    "day": {
        "Adj Close": 20.629099, 
        "Close": 34.540001, 
        "Company": "MDLZ", 
        "Date": "2011-05-16", 
        "High": 34.900002, 
        "Low": 34.509998, 
        "Open": 34.84, 
        "Volume": 8787900, 
        "day": 136, 
        "year": 2011
    }
}