{
    "day": {
        "Adj Close": 20.378252, 
        "Close": 34.119999, 
        "Company": "MDLZ", 
        "Date": "2011-06-13", 
        "High": 34.349998, 
        "Low": 33.759998, 
        "Open": 33.919998, 
        "Volume": 5932100, 
        "day": 164, 
        "year": 2011
    }
}