{
    "day": {
        "Adj Close": 20.784384, 
        "Close": 34.799999, 
        "Company": "MDLZ", 
        "Date": "2011-06-20", 
        "High": 34.98, 
        "Low": 34.389999, 
        "Open": 34.389999, 
        "Volume": 6981000, 
        "day": 171, 
        "year": 2011
    }
}