{
    "day": {
        "Adj Close": 20.700769, 
        "Close": 34.66, 
        "Company": "MDLZ", 
        "Date": "2011-06-22", 
        "High": 34.84, 
        "Low": 34.630001, 
        "Open": 34.740002, 
        "Volume": 4934700, 
        "day": 173, 
        "year": 2011
    }
}