{
    "day": {
        "Adj Close": 20.461867, 
        "Close": 34.259998, 
        "Company": "MDLZ", 
        "Date": "2011-06-23", 
        "High": 34.459999, 
        "Low": 33.869999, 
        "Open": 34.450001, 
        "Volume": 11113400, 
        "day": 174, 
        "year": 2011
    }
}