{
    "day": {
        "Adj Close": 18.373795, 
        "Close": 31.049999, 
        "Company": "MDLZ", 
        "Date": "2011-01-18", 
        "High": 31.52, 
        "Low": 30.889999, 
        "Open": 31.41, 
        "Volume": 11693500, 
        "day": 18, 
        "year": 2011
    }
}