{
    "day": {
        "Adj Close": 20.978645, 
        "Close": 34.830002, 
        "Company": "MDLZ", 
        "Date": "2011-06-29", 
        "High": 34.950001, 
        "Low": 34.639999, 
        "Open": 34.689999, 
        "Volume": 8743300, 
        "day": 180, 
        "year": 2011
    }
}