{
    "day": {
        "Adj Close": 21.593005, 
        "Close": 35.849998, 
        "Company": "MDLZ", 
        "Date": "2011-07-06", 
        "High": 35.869999, 
        "Low": 35.560001, 
        "Open": 35.610001, 
        "Volume": 9081500, 
        "day": 187, 
        "year": 2011
    }
}