{
    "day": {
        "Adj Close": 21.237639, 
        "Close": 35.259998, 
        "Company": "MDLZ", 
        "Date": "2011-07-20", 
        "High": 35.450001, 
        "Low": 35.200001, 
        "Open": 35.389999, 
        "Volume": 8300200, 
        "day": 201, 
        "year": 2011
    }
}