{
    "day": {
        "Adj Close": 20.797949, 
        "Close": 34.529999, 
        "Company": "MDLZ", 
        "Date": "2011-07-27", 
        "High": 34.900002, 
        "Low": 34.48, 
        "Open": 34.810001, 
        "Volume": 9316000, 
        "day": 208, 
        "year": 2011
    }
}