{
    "day": {
        "Adj Close": 20.68351, 
        "Close": 34.34, 
        "Company": "MDLZ", 
        "Date": "2011-08-01", 
        "High": 34.639999, 
        "Low": 33.939999, 
        "Open": 34.610001, 
        "Volume": 8035600, 
        "day": 213, 
        "year": 2011
    }
}