{
    "day": {
        "Adj Close": 19.755944, 
        "Close": 32.799999, 
        "Company": "MDLZ", 
        "Date": "2011-08-10", 
        "High": 34.0, 
        "Low": 32.650002, 
        "Open": 33.98, 
        "Volume": 23874400, 
        "day": 222, 
        "year": 2011
    }
}