{
    "day": {
        "Adj Close": 21.117178, 
        "Close": 35.060001, 
        "Company": "MDLZ", 
        "Date": "2011-09-08", 
        "High": 35.52, 
        "Low": 34.540001, 
        "Open": 34.57, 
        "Volume": 14627000, 
        "day": 251, 
        "year": 2011
    }
}