{
    "day": {
        "Adj Close": 20.629301, 
        "Close": 34.25, 
        "Company": "MDLZ", 
        "Date": "2011-09-12", 
        "High": 34.290001, 
        "Low": 33.68, 
        "Open": 34.099998, 
        "Volume": 12112400, 
        "day": 255, 
        "year": 2011
    }
}