{
    "day": {
        "Adj Close": 21.050923, 
        "Close": 34.950001, 
        "Company": "MDLZ", 
        "Date": "2011-09-15", 
        "High": 35.060001, 
        "Low": 34.540001, 
        "Open": 34.84, 
        "Volume": 8533300, 
        "day": 258, 
        "year": 2011
    }
}