{
    "day": {
        "Adj Close": 21.002736, 
        "Close": 34.869999, 
        "Company": "MDLZ", 
        "Date": "2011-09-19", 
        "High": 35.049999, 
        "Low": 34.630001, 
        "Open": 34.75, 
        "Volume": 8857200, 
        "day": 262, 
        "year": 2011
    }
}