{
    "day": {
        "Adj Close": 20.382931, 
        "Close": 33.560001, 
        "Company": "MDLZ", 
        "Date": "2011-10-06", 
        "High": 33.580002, 
        "Low": 32.650002, 
        "Open": 32.830002, 
        "Volume": 10060300, 
        "day": 279, 
        "year": 2011
    }
}