{
    "day": {
        "Adj Close": 21.36685, 
        "Close": 35.18, 
        "Company": "MDLZ", 
        "Date": "2011-10-31", 
        "High": 35.459999, 
        "Low": 35.080002, 
        "Open": 35.080002, 
        "Volume": 9504000, 
        "day": 304, 
        "year": 2011
    }
}