{
    "day": {
        "Adj Close": 18.089756, 
        "Close": 30.57, 
        "Company": "MDLZ", 
        "Date": "2011-01-31", 
        "High": 31.0, 
        "Low": 30.209999, 
        "Open": 30.530001, 
        "Volume": 10801100, 
        "day": 31, 
        "year": 2011
    }
}