{
    "day": {
        "Adj Close": 20.789859, 
        "Close": 34.23, 
        "Company": "MDLZ", 
        "Date": "2011-11-23", 
        "High": 34.5, 
        "Low": 34.220001, 
        "Open": 34.400002, 
        "Volume": 7267400, 
        "day": 327, 
        "year": 2011
    }
}