{
    "day": {
        "Adj Close": 22.168562, 
        "Close": 36.5, 
        "Company": "MDLZ", 
        "Date": "2011-12-02", 
        "High": 36.630001, 
        "Low": 36.369999, 
        "Open": 36.630001, 
        "Volume": 9674500, 
        "day": 336, 
        "year": 2011
    }
}