{
    "day": {
        "Adj Close": 18.456641, 
        "Close": 31.190001, 
        "Company": "MDLZ", 
        "Date": "2011-02-04", 
        "High": 31.219999, 
        "Low": 30.719999, 
        "Open": 30.889999, 
        "Volume": 6594900, 
        "day": 35, 
        "year": 2011
    }
}