{
    "day": {
        "Adj Close": 22.866787, 
        "Close": 37.360001, 
        "Company": "MDLZ", 
        "Date": "2011-12-30", 
        "High": 37.57, 
        "Low": 37.32, 
        "Open": 37.400002, 
        "Volume": 4405700, 
        "day": 364, 
        "year": 2011
    }
}