{
    "day": {
        "Adj Close": 18.042416, 
        "Close": 30.49, 
        "Company": "MDLZ", 
        "Date": "2011-02-14", 
        "High": 30.74, 
        "Low": 30.389999, 
        "Open": 30.67, 
        "Volume": 11068800, 
        "day": 45, 
        "year": 2011
    }
}