{
    "day": {
        "Adj Close": 18.62233, 
        "Close": 31.469999, 
        "Company": "MDLZ", 
        "Date": "2011-02-22", 
        "High": 31.530001, 
        "Low": 30.66, 
        "Open": 30.719999, 
        "Volume": 14453400, 
        "day": 53, 
        "year": 2011
    }
}