{
    "day": {
        "Adj Close": 18.980683, 
        "Close": 31.780001, 
        "Company": "MDLZ", 
        "Date": "2011-04-07", 
        "High": 31.82, 
        "Low": 31.610001, 
        "Open": 31.790001, 
        "Volume": 8158500, 
        "day": 97, 
        "year": 2011
    }
}