{
    "day": {
        "Adj Close": 18.914984, 
        "Close": 31.67, 
        "Company": "MDLZ", 
        "Date": "2011-04-08", 
        "High": 31.879999, 
        "Low": 31.6, 
        "Open": 31.85, 
        "Volume": 7839900, 
        "day": 98, 
        "year": 2011
    }
}