{
    "day": {
        "Adj Close": 3.740413, 
        "Close": 39.624962, 
        "Company": "WBA", 
        "Date": "1993-06-24", 
        "High": 40.25, 
        "Low": 39.624962, 
        "Open": 40.0, 
        "Volume": 1271200, 
        "day": 4, 
        "week": 25
    }
}