{
    "day": {
        "Adj Close": 29.69092,
        "Close": 34.200001,
        "Company": "LPLA",
        "Date": "2011-06-14",
        "High": 35.029999,
        "Low": 34.169998,
        "Open": 34.75,
        "Volume": 408100,
        "day": 2,
        "week": 24
    }
}