{
    "day": {
        "Adj Close": 1.999238, 
        "Close": 45.0, 
        "Company": "WBA", 
        "Date": "1989-10-12", 
        "High": 46.375038, 
        "Low": 44.124962, 
        "Open": 46.375038, 
        "Volume": 13641600, 
        "day": 12, 
        "month": 10
    }
}