{
    "day": {
        "Adj Close": 1.888169, 
        "Close": 42.5, 
        "Company": "WBA", 
        "Date": "1989-10-26", 
        "High": 43.624962, 
        "Low": 42.5, 
        "Open": 43.624962, 
        "Volume": 3456000, 
        "day": 26, 
        "month": 10
    }
}