{
    "day": {
        "Adj Close": 1.882617, 
        "Close": 42.375038, 
        "Company": "WBA", 
        "Date": "1989-10-27", 
        "High": 42.75008, 
        "Low": 42.124962, 
        "Open": 42.5, 
        "Volume": 1761600, 
        "day": 27, 
        "month": 10
    }
}