{
    "day": {
        "Adj Close": 43.384038,
        "Close": 45.860001,
        "Company": "LPLA",
        "Date": "2013-12-20",
        "High": 45.939999,
        "Low": 45.169998,
        "Open": 45.27,
        "Volume": 1069000,
        "day": 20,
        "month": 12
    }
}