{
    "day": {
        "Adj Close": 40.905492,
        "Close": 43.240002,
        "Company": "LPLA",
        "Date": "2013-12-04",
        "High": 43.369999,
        "Low": 42.700001,
        "Open": 43.049999,
        "Volume": 357300,
        "day": 4,
        "month": 12
    }
}