{
    "day": {
        "Adj Close": 2.00263, 
        "Close": 44.24992, 
        "Company": "WBA", 
        "Date": "1990-10-12", 
        "High": 44.624962, 
        "Low": 43.75008, 
        "Open": 44.5, 
        "Volume": 2756800, 
        "day": 12, 
        "month": 10
    }
}