{
    "day": {
        "Adj Close": 2.081834, 
        "Close": 46.0, 
        "Company": "WBA", 
        "Date": "1990-10-25", 
        "High": 47.24992, 
        "Low": 46.0, 
        "Open": 47.124962, 
        "Volume": 1361600, 
        "day": 25, 
        "month": 10
    }
}