{
    "day": {
        "Adj Close": 2.144064, 
        "Close": 47.375038, 
        "Company": "WBA", 
        "Date": "1990-10-31", 
        "High": 47.75008, 
        "Low": 46.875038, 
        "Open": 46.875038, 
        "Volume": 2777600, 
        "day": 31, 
        "month": 10
    }
}