{
    "day": {
        "Adj Close": 2.906067, 
        "Close": 31.25, 
        "Company": "WBA", 
        "Date": "1992-05-26", 
        "High": 31.87504, 
        "Low": 31.25, 
        "Open": 31.75, 
        "Volume": 2317600, 
        "day": 2, 
        "week": 22
    }
}