{
    "day": {
        "Adj Close": 3.092056, 
        "Close": 33.25, 
        "Company": "WBA", 
        "Date": "1992-05-29", 
        "High": 33.624962, 
        "Low": 32.624962, 
        "Open": 32.75, 
        "Volume": 1687200, 
        "day": 5, 
        "week": 22
    }
}