{
    "day": {
        "Adj Close": 15.13843, 
        "Close": 30.450001, 
        "Company": "MDLZ", 
        "Date": "2006-03-21", 
        "High": 30.74, 
        "Low": 30.34, 
        "Open": 30.41, 
        "Volume": 1313000, 
        "day": 2, 
        "week": 12
    }
}