{
    "day": {
        "Adj Close": 15.26272, 
        "Close": 30.700001, 
        "Company": "MDLZ", 
        "Date": "2006-03-24", 
        "High": 30.799999, 
        "Low": 30.389999, 
        "Open": 30.459999, 
        "Volume": 1630500, 
        "day": 5, 
        "week": 12
    }
}