{
    "day": {
        "Adj Close": 12.074379,
        "Close": 15.350005,
        "Company": "SONA",
        "Date": "2006-11-01",
        "High": 16.399999,
        "Low": 14.999997,
        "Open": 14.999997,
        "Volume": 320600,
        "day": 1,
        "month": 11
    }
}