{
    "day": {
        "Adj Close": 13.262145,
        "Close": 16.859997,
        "Company": "SONA",
        "Date": "2006-11-21",
        "High": 17.000005,
        "Low": 16.859997,
        "Open": 17.000005,
        "Volume": 3400,
        "day": 21,
        "month": 11
    }
}