{
    "day": {
        "Adj Close": 13.372276,
        "Close": 17.000005,
        "Company": "SONA",
        "Date": "2006-11-24",
        "High": 17.000005,
        "Low": 17.000005,
        "Open": 17.000005,
        "Volume": 200,
        "day": 24,
        "month": 11
    }
}