{
    "day": {
        "Adj Close": 13.372276,
        "Close": 17.000005,
        "Company": "SONA",
        "Date": "2006-11-09",
        "High": 17.000005,
        "Low": 16.800003,
        "Open": 16.800003,
        "Volume": 1300,
        "day": 9,
        "month": 11
    }
}