{
    "day": {
        "Adj Close": 31.307682, 
        "Close": 38.080002, 
        "Company": "WBA", 
        "Date": "2002-05-24", 
        "High": 38.75, 
        "Low": 38.0, 
        "Open": 38.700001, 
        "Volume": 1218200, 
        "day": 24, 
        "month": 5
    }
}