{
    "day": {
        "Adj Close": 31.384688, 
        "Close": 38.209999, 
        "Company": "WBA", 
        "Date": "2002-05-09", 
        "High": 38.779999, 
        "Low": 38.110001, 
        "Open": 38.380001, 
        "Volume": 1091600, 
        "day": 9, 
        "month": 5
    }
}