{
    "day": {
        "Adj Close": 39.838123, 
        "Close": 40.470001, 
        "Company": "MDLZ", 
        "Date": "2015-06-12", 
        "High": 40.790001, 
        "Low": 40.18, 
        "Open": 40.790001, 
        "Volume": 8530100, 
        "day": 12, 
        "month": 6
    }
}