{
    "day": {
        "Adj Close": 40.646076, 
        "Close": 41.139999, 
        "Company": "MDLZ", 
        "Date": "2015-06-30", 
        "High": 41.34, 
        "Low": 40.900002, 
        "Open": 41.299999, 
        "Volume": 11869100, 
        "day": 30, 
        "month": 6
    }
}