{
    "day": {
        "Adj Close": 39.592026, 
        "Close": 40.220001, 
        "Company": "MDLZ", 
        "Date": "2015-06-09", 
        "High": 40.310001, 
        "Low": 39.98, 
        "Open": 40.080002, 
        "Volume": 5773100, 
        "day": 9, 
        "month": 6
    }
}