{
    "day": {
        "Adj Close": 32.429805, 
        "Close": 38.950001, 
        "Company": "WBA", 
        "Date": "2004-12-22", 
        "High": 39.060001, 
        "Low": 38.73, 
        "Open": 38.849998, 
        "Volume": 2544300, 
        "day": 3, 
        "week": 52
    }
}