{
    "day": {
        "Adj Close": 12.697849, 
        "Close": 35.049999, 
        "Company": "TROW", 
        "Date": "2001-05-11", 
        "High": 35.23, 
        "Low": 34.32, 
        "Open": 34.889999, 
        "Volume": 691200, 
        "day": 11, 
        "month": 5
    }
}