{
    "day": {
        "Adj Close": 13.291985, 
        "Close": 36.689999, 
        "Company": "TROW", 
        "Date": "2001-05-25", 
        "High": 36.900002, 
        "Low": 36.5, 
        "Open": 36.5, 
        "Volume": 1150800, 
        "day": 25, 
        "month": 5
    }
}