{
    "day": {
        "Adj Close": 13.230399, 
        "Close": 36.52, 
        "Company": "TROW", 
        "Date": "2001-05-30", 
        "High": 36.990002, 
        "Low": 36.52, 
        "Open": 36.849998, 
        "Volume": 1064800, 
        "day": 30, 
        "month": 5
    }
}