{
    "day": {
        "Adj Close": 12.705095, 
        "Close": 35.07, 
        "Company": "TROW", 
        "Date": "2001-05-08", 
        "High": 35.799999, 
        "Low": 34.950001, 
        "Open": 35.799999, 
        "Volume": 573400, 
        "day": 8, 
        "month": 5
    }
}