{
    "day": {
        "Adj Close": 28.530001, 
        "Close": 28.530001, 
        "Company": "TSLA", 
        "Date": "2011-12-14", 
        "High": 29.68, 
        "Low": 28.0, 
        "Open": 29.5, 
        "Volume": 1163900, 
        "day": 14, 
        "month": 12
    }
}