{
    "day": {
        "Adj Close": 31.040001, 
        "Close": 31.040001, 
        "Company": "TSLA", 
        "Date": "2011-12-09", 
        "High": 31.120001, 
        "Low": 30.280001, 
        "Open": 30.540001, 
        "Volume": 1239500, 
        "day": 9, 
        "month": 12
    }
}