{
    "day": {
        "Adj Close": 23.362559, 
        "Close": 38.169998, 
        "Company": "MDLZ", 
        "Date": "2012-03-14", 
        "High": 38.610001, 
        "Low": 38.09, 
        "Open": 38.560001, 
        "Volume": 8008900, 
        "day": 3, 
        "week": 11
    }
}