{
    "day": {
        "Adj Close": 0.551408, 
        "Close": 14.37504, 
        "Company": "TROW", 
        "Date": "1990-10-17", 
        "High": 14.75008, 
        "Low": 14.24992, 
        "Open": 14.24992, 
        "Volume": 1452800, 
        "day": 3, 
        "week": 42
    }
}