{
    "day": {
        "Adj Close": 40.240002, 
        "Close": 40.240002, 
        "Company": "FANG", 
        "Date": "2013-08-30", 
        "High": 41.009998, 
        "Low": 39.419998, 
        "Open": 40.5, 
        "Volume": 397100, 
        "day": 5, 
        "week": 35
    }
}