{
    "day": {
        "Adj Close": 57.255464, 
        "Close": 63.700001, 
        "Company": "TROW", 
        "Date": "2012-11-12", 
        "High": 63.860001, 
        "Low": 63.18, 
        "Open": 63.380001, 
        "Volume": 1108500, 
        "day": 1, 
        "week": 46
    }
}