{
    "day": {
        "Adj Close": 56.842003, 
        "Close": 63.240002, 
        "Company": "TROW", 
        "Date": "2012-11-14", 
        "High": 64.32, 
        "Low": 63.09, 
        "Open": 64.150002, 
        "Volume": 1226700, 
        "day": 3, 
        "week": 46
    }
}