{
    "day": {
        "Adj Close": 15.059839, 
        "Close": 26.709999, 
        "Company": "MDLZ", 
        "Date": "2009-12-09", 
        "High": 26.77, 
        "Low": 26.48, 
        "Open": 26.73, 
        "Volume": 6770500, 
        "day": 3, 
        "week": 50
    }
}