{
    "day": {
        "Adj Close": 2.964192, 
        "Close": 31.87504, 
        "Company": "WBA", 
        "Date": "1992-05-22", 
        "High": 32.25, 
        "Low": 31.87504, 
        "Open": 32.124962, 
        "Volume": 2066400, 
        "day": 5, 
        "week": 21
    }
}