{
    "day": {
        "Adj Close": 3.230152, 
        "Close": 34.875038, 
        "Company": "WBA", 
        "Date": "1992-04-08", 
        "High": 34.875038, 
        "Low": 33.875038, 
        "Open": 34.624962, 
        "Volume": 2400000, 
        "day": 3, 
        "week": 15
    }
}