{
    "day": {
        "Adj Close": 40.406371, 
        "Close": 50.509998, 
        "Company": "TROW", 
        "Date": "2007-05-09", 
        "High": 50.639999, 
        "Low": 49.549999, 
        "Open": 49.740002, 
        "Volume": 1026100, 
        "day": 3, 
        "week": 19
    }
}