{
    "day": {
        "Adj Close": 1.596259, 
        "Close": 40.0, 
        "Company": "TROW", 
        "Date": "1992-07-21", 
        "High": 40.24992, 
        "Low": 39.5, 
        "Open": 39.5, 
        "Volume": 147200, 
        "day": 2, 
        "week": 30
    }
}