{
    "day": {
        "Adj Close": 35.825481, 
        "Close": 36.549999, 
        "Company": "MDLZ", 
        "Date": "2015-01-14", 
        "High": 36.650002, 
        "Low": 36.07, 
        "Open": 36.189999, 
        "Volume": 7061900, 
        "day": 3, 
        "week": 3
    }
}