{
    "day": {
        "Adj Close": 39.439589, 
        "Close": 41.810001, 
        "Company": "WBA", 
        "Date": "2013-02-22", 
        "High": 41.869999, 
        "Low": 41.450001, 
        "Open": 41.669998, 
        "Volume": 4309700, 
        "day": 5, 
        "week": 8
    }
}