{
    "day": {
        "Adj Close": 2.357029, 
        "Close": 57.75008, 
        "Company": "TROW", 
        "Date": "1993-11-22", 
        "High": 58.5, 
        "Low": 56.5, 
        "Open": 58.24992, 
        "Volume": 3192000, 
        "day": 22, 
        "month": 11
    }
}