{
    "day": {
        "Adj Close": 2.448858, 
        "Close": 60.0, 
        "Company": "TROW", 
        "Date": "1993-11-03", 
        "High": 61.0, 
        "Low": 59.75008, 
        "Open": 60.5, 
        "Volume": 931200, 
        "day": 3, 
        "month": 11
    }
}