{
    "day": {
        "Adj Close": 2.408043, 
        "Close": 59.0, 
        "Company": "TROW", 
        "Date": "1993-11-04", 
        "High": 60.75008, 
        "Low": 58.75008, 
        "Open": 60.0, 
        "Volume": 1582400, 
        "day": 4, 
        "month": 11
    }
}