{
    "day": {
        "Adj Close": 12.310354,
        "Close": 15.649997,
        "Company": "SONA",
        "Date": "2007-04-24",
        "High": 15.690005,
        "Low": 15.600002,
        "Open": 15.690005,
        "Volume": 5100,
        "day": 114,
        "year": 2007
    }
}