{
    "day": {
        "Adj Close": 13.136292,
        "Close": 16.700002,
        "Company": "SONA",
        "Date": "2007-01-12",
        "High": 16.800003,
        "Low": 16.700002,
        "Open": 16.790005,
        "Volume": 3900,
        "day": 12,
        "year": 2007
    }
}