{
    "day": {
        "Adj Close": 12.742987,
        "Close": 16.199997,
        "Company": "SONA",
        "Date": "2007-01-25",
        "High": 16.350004,
        "Low": 16.199997,
        "Open": 16.299998,
        "Volume": 7100,
        "day": 25,
        "year": 2007
    }
}