{
    "day": {
        "Adj Close": 12.585664,
        "Close": 15.999996,
        "Company": "SONA",
        "Date": "2007-02-16",
        "High": 15.999996,
        "Low": 15.999996,
        "Open": 15.999996,
        "Volume": 0,
        "day": 47,
        "year": 2007
    }
}