{
    "day": {
        "Adj Close": 12.389015,
        "Close": 15.749998,
        "Company": "SONA",
        "Date": "2007-03-02",
        "High": 15.749998,
        "Low": 15.749998,
        "Open": 15.749998,
        "Volume": 0,
        "day": 61,
        "year": 2007
    }
}