{
    "day": {
        "Adj Close": 12.389015,
        "Close": 15.749998,
        "Company": "SONA",
        "Date": "2007-03-05",
        "High": 15.790006,
        "Low": 15.749998,
        "Open": 15.749998,
        "Volume": 4900,
        "day": 64,
        "year": 2007
    }
}