{
    "day": {
        "Adj Close": 12.176636,
        "Close": 15.480003,
        "Company": "SONA",
        "Date": "2007-03-16",
        "High": 15.480003,
        "Low": 15.150003,
        "Open": 15.460006,
        "Volume": 7400,
        "day": 75,
        "year": 2007
    }
}