{
    "day": {
        "Adj Close": 12.192367,
        "Close": 15.500001,
        "Company": "SONA",
        "Date": "2007-03-26",
        "High": 15.500001,
        "Low": 15.4,
        "Open": 15.4,
        "Volume": 400,
        "day": 85,
        "year": 2007
    }
}