{
    "day": {
        "Adj Close": 31.022066, 
        "Close": 36.23, 
        "Company": "WBA", 
        "Date": "2008-08-21", 
        "High": 36.369999, 
        "Low": 35.400002, 
        "Open": 35.580002, 
        "Volume": 3927300, 
        "day": 4, 
        "week": 34
    }
}