{
    "day": {
        "Adj Close": 22.450001,
        "Close": 22.450001,
        "Company": "TCBI",
        "Date": "2007-10-05",
        "High": 22.73,
        "Low": 22.290001,
        "Open": 22.43,
        "Volume": 159900,
        "day": 5,
        "week": 40
    }
}