{
    "day": {
        "Adj Close": 46.939999,
        "Close": 46.939999,
        "Company": "TCBI",
        "Date": "2015-02-26",
        "High": 47.0,
        "Low": 46.209999,
        "Open": 46.369999,
        "Volume": 431500,
        "day": 4,
        "week": 9
    }
}