{
    "day": {
        "Adj Close": 72.963281, 
        "Close": 79.519997, 
        "Company": "TROW", 
        "Date": "2013-12-10", 
        "High": 80.120003, 
        "Low": 79.190002, 
        "Open": 79.970001, 
        "Volume": 943900, 
        "day": 10, 
        "month": 12
    }
}