{
    "day": {
        "Adj Close": 73.585079, 
        "Close": 79.809998, 
        "Company": "TROW", 
        "Date": "2013-12-17", 
        "High": 80.360001, 
        "Low": 79.459999, 
        "Open": 80.029999, 
        "Volume": 1201100, 
        "day": 17, 
        "month": 12
    }
}