{
    "day": {
        "Adj Close": 75.724126, 
        "Close": 82.129997, 
        "Company": "TROW", 
        "Date": "2013-12-19", 
        "High": 83.209999, 
        "Low": 82.07, 
        "Open": 82.519997, 
        "Volume": 1807800, 
        "day": 19, 
        "month": 12
    }
}