{
    "day": {
        "Adj Close": 72.990814, 
        "Close": 79.550003, 
        "Company": "TROW", 
        "Date": "2013-12-04", 
        "High": 80.32, 
        "Low": 78.779999, 
        "Open": 79.519997, 
        "Volume": 753800, 
        "day": 4, 
        "month": 12
    }
}