{
    "day": {
        "Adj Close": 10.683336, 
        "Close": 28.66, 
        "Company": "TROW", 
        "Date": "2002-11-15", 
        "High": 28.860001, 
        "Low": 28.040001, 
        "Open": 28.299999, 
        "Volume": 913400, 
        "day": 5, 
        "week": 46
    }
}