{
    "day": {
        "Adj Close": 14.910938, 
        "Close": 39.349998, 
        "Company": "TROW", 
        "Date": "2003-08-01", 
        "High": 40.419998, 
        "Low": 39.139999, 
        "Open": 40.389999, 
        "Volume": 1837000, 
        "day": 1, 
        "month": 8
    }
}