{
    "day": {
        "Adj Close": 14.808628, 
        "Close": 39.080002, 
        "Company": "TROW", 
        "Date": "2003-08-05", 
        "High": 40.040001, 
        "Low": 38.869999, 
        "Open": 39.720001, 
        "Volume": 2327200, 
        "day": 5, 
        "month": 8
    }
}