{
    "day": {
        "Adj Close": 4.84678, 
        "Close": 49.624962, 
        "Company": "WBA", 
        "Date": "1995-07-14", 
        "High": 49.875038, 
        "Low": 49.124962, 
        "Open": 49.375038, 
        "Volume": 2903200, 
        "day": 14, 
        "month": 7
    }
}