{
    "day": {
        "Adj Close": 4.95666, 
        "Close": 50.75, 
        "Company": "WBA", 
        "Date": "1995-07-17", 
        "High": 50.75, 
        "Low": 49.624962, 
        "Open": 49.75, 
        "Volume": 1808800, 
        "day": 17, 
        "month": 7
    }
}