{
    "day": {
        "Adj Close": 5.029911, 
        "Close": 51.5, 
        "Company": "WBA", 
        "Date": "1995-07-26", 
        "High": 52.124962, 
        "Low": 51.5, 
        "Open": 52.0, 
        "Volume": 1359200, 
        "day": 26, 
        "month": 7
    }
}