{
    "day": {
        "Adj Close": 4.944448, 
        "Close": 50.624962, 
        "Company": "WBA", 
        "Date": "1995-07-07", 
        "High": 50.75, 
        "Low": 50.25, 
        "Open": 50.624962, 
        "Volume": 1415200, 
        "day": 7, 
        "month": 7
    }
}