{
    "day": {
        "Adj Close": 1.326712, 
        "Close": 33.75008, 
        "Company": "TROW", 
        "Date": "1991-11-21", 
        "High": 35.24992, 
        "Low": 32.75008, 
        "Open": 35.24992, 
        "Volume": 1204800, 
        "day": 21, 
        "month": 11
    }
}