{
    "day": {
        "Adj Close": 1.434811, 
        "Close": 36.5, 
        "Company": "TROW", 
        "Date": "1991-11-04", 
        "High": 36.75008, 
        "Low": 36.24992, 
        "Open": 36.24992, 
        "Volume": 1928000, 
        "day": 4, 
        "month": 11
    }
}