{
    "day": {
        "Adj Close": 37.844002, 
        "Close": 44.77, 
        "Company": "WBA", 
        "Date": "2007-05-22", 
        "High": 45.25, 
        "Low": 44.689999, 
        "Open": 45.040001, 
        "Volume": 3276600, 
        "day": 2, 
        "week": 21
    }
}