{
    "day": {
        "Adj Close": 139.649994, 
        "Close": 139.649994, 
        "Company": "TSLA", 
        "Date": "2013-12-11", 
        "High": 143.050003, 
        "Low": 139.490005, 
        "Open": 141.880005, 
        "Volume": 7137800, 
        "day": 3, 
        "week": 50
    }
}