{
    "day": {
        "Adj Close": 147.470001, 
        "Close": 147.470001, 
        "Company": "TSLA", 
        "Date": "2013-12-12", 
        "High": 148.240005, 
        "Low": 138.529999, 
        "Open": 139.699997, 
        "Volume": 10767800, 
        "day": 4, 
        "week": 50
    }
}