{
    "day": {
        "Adj Close": 16.949167, 
        "Close": 37.110001, 
        "Company": "MDLZ", 
        "Date": "2002-10-09", 
        "High": 37.349998, 
        "Low": 36.790001, 
        "Open": 37.0, 
        "Volume": 2795300, 
        "day": 3, 
        "week": 41
    }
}