{
    "day": {
        "Adj Close": 14.338684, 
        "Close": 29.059999, 
        "Company": "MDLZ", 
        "Date": "2006-01-18", 
        "High": 29.290001, 
        "Low": 28.719999, 
        "Open": 28.719999, 
        "Volume": 2147900, 
        "day": 18, 
        "month": 1
    }
}