{
    "day": {
        "Adj Close": 13.840333, 
        "Close": 28.049999, 
        "Company": "MDLZ", 
        "Date": "2006-01-03", 
        "High": 28.23, 
        "Low": 27.959999, 
        "Open": 28.15, 
        "Volume": 2016300, 
        "day": 3, 
        "month": 1
    }
}