{
    "day": {
        "Adj Close": 13.578823, 
        "Close": 27.52, 
        "Company": "MDLZ", 
        "Date": "2006-01-09", 
        "High": 27.809999, 
        "Low": 27.5, 
        "Open": 27.790001, 
        "Volume": 2622900, 
        "day": 9, 
        "month": 1
    }
}