{
    "day": {
        "Adj Close": 3.746961, 
        "Close": 40.0, 
        "Company": "WBA", 
        "Date": "1993-01-14", 
        "High": 40.124962, 
        "Low": 39.75, 
        "Open": 40.124962, 
        "Volume": 2240000, 
        "day": 14, 
        "month": 1
    }
}