{
    "day": {
        "Adj Close": 3.805504, 
        "Close": 40.624962, 
        "Company": "WBA", 
        "Date": "1993-01-15", 
        "High": 40.875038, 
        "Low": 40.0, 
        "Open": 40.0, 
        "Volume": 2086400, 
        "day": 15, 
        "month": 1
    }
}