{
    "day": {
        "Adj Close": 3.71183, 
        "Close": 39.624962, 
        "Company": "WBA", 
        "Date": "1993-01-28", 
        "High": 39.624962, 
        "Low": 39.0, 
        "Open": 39.5, 
        "Volume": 3850400, 
        "day": 28, 
        "month": 1
    }
}