{
    "day": {
        "Adj Close": 3.735255, 
        "Close": 39.875038, 
        "Company": "WBA", 
        "Date": "1993-01-29", 
        "High": 39.875038, 
        "Low": 39.5, 
        "Open": 39.624962, 
        "Volume": 2374400, 
        "day": 29, 
        "month": 1
    }
}