{
    "day": {
        "Adj Close": 4.027983, 
        "Close": 43.0, 
        "Company": "WBA", 
        "Date": "1993-01-06", 
        "High": 43.375038, 
        "Low": 42.75, 
        "Open": 42.875038, 
        "Volume": 2238400, 
        "day": 6, 
        "month": 1
    }
}