{
    "day": {
        "Adj Close": 236.910004, 
        "Close": 236.910004, 
        "Company": "TSLA", 
        "Date": "2014-10-10", 
        "High": 245.889999, 
        "Low": 235.199997, 
        "Open": 244.639999, 
        "Volume": 12888300, 
        "day": 5, 
        "week": 41
    }
}