{
    "day": {
        "Adj Close": 24.453168, 
        "Close": 26.040001, 
        "Company": "MDLZ", 
        "Date": "2012-12-14", 
        "High": 26.120001, 
        "Low": 25.98, 
        "Open": 26.1, 
        "Volume": 8553300, 
        "day": 5, 
        "week": 50
    }
}