{
    "day": {
        "Adj Close": 16.751564, 
        "Close": 46.75, 
        "Company": "TROW", 
        "Date": "2000-09-05", 
        "High": 47.25, 
        "Low": 46.625, 
        "Open": 46.843761, 
        "Volume": 954800, 
        "day": 2, 
        "week": 36
    }
}