{
    "day": {
        "Adj Close": 54.669998,
        "Close": 54.669998,
        "Company": "TCBI",
        "Date": "2015-10-26",
        "High": 55.32,
        "Low": 54.099998,
        "Open": 54.630001,
        "Volume": 328000,
        "day": 1,
        "week": 44
    }
}