{
    "day": {
        "Adj Close": 55.200001,
        "Close": 55.200001,
        "Company": "TCBI",
        "Date": "2015-10-30",
        "High": 56.41,
        "Low": 54.77,
        "Open": 55.880001,
        "Volume": 342800,
        "day": 5,
        "week": 44
    }
}