{
    "day": {
        "Adj Close": 22.45793, 
        "Close": 25.99, 
        "Company": "WBA", 
        "Date": "2009-03-30", 
        "High": 26.16, 
        "Low": 25.65, 
        "Open": 25.940001, 
        "Volume": 6432700, 
        "day": 1, 
        "week": 14
    }
}