{
    "day": {
        "Adj Close": 14.703111,
        "Close": 18.860001,
        "Company": "SUNS",
        "Date": "2013-06-18",
        "High": 18.91,
        "Low": 18.74,
        "Open": 18.780001,
        "Volume": 51200,
        "day": 2,
        "week": 25
    }
}