{
    "day": {
        "Adj Close": 15.550335, 
        "Close": 32.220001, 
        "Company": "MDLZ", 
        "Date": "2005-04-28", 
        "High": 32.450001, 
        "Low": 31.450001, 
        "Open": 31.700001, 
        "Volume": 2724700, 
        "day": 4, 
        "week": 17
    }
}