{
    "day": {
        "Adj Close": 28.200001, 
        "Close": 28.200001, 
        "Company": "TSLA", 
        "Date": "2011-05-19", 
        "High": 28.440001, 
        "Low": 26.6, 
        "Open": 27.030001, 
        "Volume": 2655100, 
        "day": 139, 
        "year": 2011
    }
}