{
    "day": {
        "Adj Close": 26.82, 
        "Close": 26.82, 
        "Company": "TSLA", 
        "Date": "2011-05-23", 
        "High": 27.620001, 
        "Low": 26.620001, 
        "Open": 27.620001, 
        "Volume": 863600, 
        "day": 143, 
        "year": 2011
    }
}