{
    "day": {
        "Adj Close": 27.860001, 
        "Close": 27.860001, 
        "Company": "TSLA", 
        "Date": "2011-06-10", 
        "High": 28.299999, 
        "Low": 27.35, 
        "Open": 27.52, 
        "Volume": 1566600, 
        "day": 161, 
        "year": 2011
    }
}