{
    "day": {
        "Adj Close": 28.6, 
        "Close": 28.6, 
        "Company": "TSLA", 
        "Date": "2011-06-14", 
        "High": 29.700001, 
        "Low": 28.52, 
        "Open": 28.540001, 
        "Volume": 1573400, 
        "day": 165, 
        "year": 2011
    }
}