{
    "day": {
        "Adj Close": 27.32, 
        "Close": 27.32, 
        "Company": "TSLA", 
        "Date": "2011-06-15", 
        "High": 28.450001, 
        "Low": 27.07, 
        "Open": 28.440001, 
        "Volume": 1345000, 
        "day": 166, 
        "year": 2011
    }
}