{
    "day": {
        "Adj Close": 27.57, 
        "Close": 27.57, 
        "Company": "TSLA", 
        "Date": "2011-06-24", 
        "High": 27.969999, 
        "Low": 27.26, 
        "Open": 27.639999, 
        "Volume": 3608500, 
        "day": 175, 
        "year": 2011
    }
}