{
    "day": {
        "Adj Close": 25.639999, 
        "Close": 25.639999, 
        "Company": "TSLA", 
        "Date": "2011-01-18", 
        "High": 25.639999, 
        "Low": 24.75, 
        "Open": 25.48, 
        "Volume": 1621700, 
        "day": 18, 
        "year": 2011
    }
}