{
    "day": {
        "Adj Close": 29.139999, 
        "Close": 29.139999, 
        "Company": "TSLA", 
        "Date": "2011-07-05", 
        "High": 29.52, 
        "Low": 28.709999, 
        "Open": 29.02, 
        "Volume": 996000, 
        "day": 186, 
        "year": 2011
    }
}