{
    "day": {
        "Adj Close": 27.23, 
        "Close": 27.23, 
        "Company": "TSLA", 
        "Date": "2011-07-18", 
        "High": 27.450001, 
        "Low": 26.629999, 
        "Open": 27.34, 
        "Volume": 851900, 
        "day": 199, 
        "year": 2011
    }
}