{
    "day": {
        "Adj Close": 23.639999, 
        "Close": 23.639999, 
        "Company": "TSLA", 
        "Date": "2011-08-08", 
        "High": 24.440001, 
        "Low": 23.1, 
        "Open": 23.1, 
        "Volume": 2608500, 
        "day": 220, 
        "year": 2011
    }
}