{
    "day": {
        "Adj Close": 23.110001, 
        "Close": 23.110001, 
        "Company": "TSLA", 
        "Date": "2011-08-25", 
        "High": 23.870001, 
        "Low": 22.9, 
        "Open": 23.870001, 
        "Volume": 679800, 
        "day": 237, 
        "year": 2011
    }
}