{
    "day": {
        "Adj Close": 24.75, 
        "Close": 24.75, 
        "Company": "TSLA", 
        "Date": "2011-01-26", 
        "High": 24.879999, 
        "Low": 24.1, 
        "Open": 24.709999, 
        "Volume": 1079900, 
        "day": 26, 
        "year": 2011
    }
}