{
    "day": {
        "Adj Close": 27.610001, 
        "Close": 27.610001, 
        "Company": "TSLA", 
        "Date": "2011-10-11", 
        "High": 27.77, 
        "Low": 27.09, 
        "Open": 27.51, 
        "Volume": 575700, 
        "day": 284, 
        "year": 2011
    }
}