{
    "day": {
        "Adj Close": 27.57, 
        "Close": 27.57, 
        "Company": "TSLA", 
        "Date": "2011-10-19", 
        "High": 28.059999, 
        "Low": 27.299999, 
        "Open": 28.02, 
        "Volume": 792900, 
        "day": 292, 
        "year": 2011
    }
}