{
    "day": {
        "Adj Close": 26.620001, 
        "Close": 26.620001, 
        "Company": "TSLA", 
        "Date": "2011-01-03", 
        "High": 27.0, 
        "Low": 25.9, 
        "Open": 26.84, 
        "Volume": 1283000, 
        "day": 3, 
        "year": 2011
    }
}