{
    "day": {
        "Adj Close": 23.940001, 
        "Close": 23.940001, 
        "Company": "TSLA", 
        "Date": "2011-02-02", 
        "High": 24.18, 
        "Low": 23.67, 
        "Open": 24.16, 
        "Volume": 569500, 
        "day": 33, 
        "year": 2011
    }
}