{
    "day": {
        "Adj Close": 30.41, 
        "Close": 30.41, 
        "Company": "TSLA", 
        "Date": "2011-12-12", 
        "High": 30.620001, 
        "Low": 30.02, 
        "Open": 30.440001, 
        "Volume": 758700, 
        "day": 346, 
        "year": 2011
    }
}