{
    "day": {
        "Adj Close": 22.209999, 
        "Close": 22.209999, 
        "Company": "TSLA", 
        "Date": "2011-03-23", 
        "High": 22.27, 
        "Low": 21.77, 
        "Open": 22.110001, 
        "Volume": 422800, 
        "day": 82, 
        "year": 2011
    }
}