{
    "day": {
        "Adj Close": 23.25, 
        "Close": 23.25, 
        "Company": "TSLA", 
        "Date": "2011-03-28", 
        "High": 23.540001, 
        "Low": 22.549999, 
        "Open": 22.700001, 
        "Volume": 1058100, 
        "day": 87, 
        "year": 2011
    }
}