{
    "day": {
        "Adj Close": 27.24, 
        "Close": 27.24, 
        "Company": "TSLA", 
        "Date": "2011-04-07", 
        "High": 27.940001, 
        "Low": 26.450001, 
        "Open": 26.85, 
        "Volume": 2810300, 
        "day": 97, 
        "year": 2011
    }
}