{
    "day": {
        "Adj Close": 28.43, 
        "Close": 28.43, 
        "Company": "TSLA", 
        "Date": "2011-06-13", 
        "High": 28.879999, 
        "Low": 27.879999, 
        "Open": 28.07, 
        "Volume": 1713400, 
        "day": 13, 
        "month": 6
    }
}