{
    "day": {
        "Adj Close": 28.110001, 
        "Close": 28.110001, 
        "Company": "TSLA", 
        "Date": "2011-06-28", 
        "High": 28.25, 
        "Low": 27.67, 
        "Open": 27.790001, 
        "Volume": 889200, 
        "day": 28, 
        "month": 6
    }
}