{
    "day": {
        "Adj Close": 28.895725, 
        "Close": 35.290001, 
        "Company": "TROW", 
        "Date": "2008-11-06", 
        "High": 38.75, 
        "Low": 34.880001, 
        "Open": 38.75, 
        "Volume": 4202100, 
        "day": 4, 
        "week": 45
    }
}