{
    "day": {
        "Adj Close": 69.489998, 
        "Close": 69.489998, 
        "Company": "FANG", 
        "Date": "2014-11-07", 
        "High": 69.540001, 
        "Low": 66.089996, 
        "Open": 66.089996, 
        "Volume": 1403800, 
        "day": 5, 
        "week": 45
    }
}