{
    "day": {
        "Adj Close": 42.592909, 
        "Close": 44.900002, 
        "Company": "WBA", 
        "Date": "2013-06-27", 
        "High": 45.169998, 
        "Low": 44.669998, 
        "Open": 45.150002, 
        "Volume": 7470400, 
        "day": 27, 
        "month": 6
    }
}