{
    "day": {
        "Adj Close": 41.928877, 
        "Close": 44.200001, 
        "Company": "WBA", 
        "Date": "2013-06-28", 
        "High": 45.099998, 
        "Low": 44.130001, 
        "Open": 45.099998, 
        "Volume": 15231500, 
        "day": 28, 
        "month": 6
    }
}