{
    "day": {
        "Adj Close": 45.562078, 
        "Close": 48.029999, 
        "Company": "WBA", 
        "Date": "2013-06-04", 
        "High": 48.950001, 
        "Low": 47.950001, 
        "Open": 48.27, 
        "Volume": 6093400, 
        "day": 4, 
        "month": 6
    }
}