{
    "day": {
        "Adj Close": 46.880655, 
        "Close": 49.419998, 
        "Company": "WBA", 
        "Date": "2013-06-07", 
        "High": 49.509998, 
        "Low": 48.549999, 
        "Open": 48.68, 
        "Volume": 4596100, 
        "day": 7, 
        "month": 6
    }
}