{
    "day": {
        "Adj Close": 18.50418, 
        "Close": 48.080002, 
        "Company": "TROW", 
        "Date": "2004-08-17", 
        "High": 48.490002, 
        "Low": 47.23, 
        "Open": 47.299999, 
        "Volume": 1417000, 
        "day": 17, 
        "month": 8
    }
}