{
    "day": {
        "Adj Close": 18.007708, 
        "Close": 46.790001, 
        "Company": "TROW", 
        "Date": "2004-08-02", 
        "High": 46.810001, 
        "Low": 45.77, 
        "Open": 46.150002, 
        "Volume": 848000, 
        "day": 2, 
        "month": 8
    }
}