{
    "day": {
        "Adj Close": 19.093019, 
        "Close": 49.610001, 
        "Company": "TROW", 
        "Date": "2004-08-27", 
        "High": 50.400002, 
        "Low": 49.509998, 
        "Open": 50.009998, 
        "Volume": 742600, 
        "day": 27, 
        "month": 8
    }
}