{
    "day": {
        "Adj Close": 19.062229, 
        "Close": 49.529999, 
        "Company": "TROW", 
        "Date": "2004-08-31", 
        "High": 49.630001, 
        "Low": 48.25, 
        "Open": 48.689999, 
        "Volume": 1041000, 
        "day": 31, 
        "month": 8
    }
}