{
    "day": {
        "Adj Close": 32.993707, 
        "Close": 40.290001, 
        "Company": "WBA", 
        "Date": "2001-05-24", 
        "High": 40.790001, 
        "Low": 40.18, 
        "Open": 40.349998, 
        "Volume": 2568900, 
        "day": 4, 
        "week": 21
    }
}