{
    "day": {
        "Adj Close": 17.923789, 
        "Close": 39.52, 
        "Company": "MDLZ", 
        "Date": "2002-04-10", 
        "High": 39.619999, 
        "Low": 39.099998, 
        "Open": 39.200001, 
        "Volume": 2257100, 
        "day": 3, 
        "week": 15
    }
}