{
    "day": {
        "Adj Close": 69.363359, 
        "Close": 70.919998, 
        "Company": "TROW", 
        "Date": "2015-09-10", 
        "High": 71.5, 
        "Low": 70.419998, 
        "Open": 70.459999, 
        "Volume": 1372400, 
        "day": 10, 
        "month": 9
    }
}