{
    "day": {
        "Adj Close": 63.345883, 
        "Close": 70.110001, 
        "Company": "TROW", 
        "Date": "2013-02-25", 
        "High": 72.610001, 
        "Low": 70.040001, 
        "Open": 72.519997, 
        "Volume": 1948100, 
        "day": 1, 
        "week": 9
    }
}