{
    "day": {
        "Adj Close": 220.539993, 
        "Close": 220.539993, 
        "Company": "TSLA", 
        "Date": "2014-07-21", 
        "High": 223.210007, 
        "Low": 216.720001, 
        "Open": 217.25, 
        "Volume": 3822200, 
        "day": 1, 
        "week": 30
    }
}