{
    "day": {
        "Adj Close": 3.639894, 
        "Close": 37.75, 
        "Company": "WBA", 
        "Date": "1994-08-25", 
        "High": 37.875038, 
        "Low": 37.375038, 
        "Open": 37.875038, 
        "Volume": 1605600, 
        "day": 4, 
        "week": 34
    }
}