{
    "day": {
        "Adj Close": 3.639894, 
        "Close": 37.75, 
        "Company": "WBA", 
        "Date": "1994-08-26", 
        "High": 37.875038, 
        "Low": 37.624962, 
        "Open": 37.875038, 
        "Volume": 1292000, 
        "day": 5, 
        "week": 34
    }
}