{
    "day": {
        "Adj Close": 14.807993, 
        "Close": 32.889999, 
        "Company": "MDLZ", 
        "Date": "2001-08-23", 
        "High": 32.939999, 
        "Low": 32.57, 
        "Open": 32.889999, 
        "Volume": 2358900, 
        "day": 23, 
        "month": 8
    }
}