{
    "day": {
        "Adj Close": 13.673419, 
        "Close": 30.370001, 
        "Company": "MDLZ", 
        "Date": "2001-08-09", 
        "High": 30.370001, 
        "Low": 30.0, 
        "Open": 30.049999, 
        "Volume": 752900, 
        "day": 9, 
        "month": 8
    }
}