{
    "day": {
        "Adj Close": 21.870001, 
        "Close": 21.870001, 
        "Company": "TSLA", 
        "Date": "2011-02-22", 
        "High": 23.0, 
        "Low": 21.780001, 
        "Open": 22.879999, 
        "Volume": 2064600, 
        "day": 2, 
        "week": 8
    }
}