{
    "day": {
        "Adj Close": 22.530001, 
        "Close": 22.530001, 
        "Company": "TSLA", 
        "Date": "2011-02-24", 
        "High": 22.58, 
        "Low": 21.5, 
        "Open": 21.780001, 
        "Volume": 1055300, 
        "day": 4, 
        "week": 8
    }
}