{
    "day": {
        "Adj Close": 2.613313, 
        "Close": 31.62496, 
        "Company": "TROW", 
        "Date": "1994-09-02", 
        "High": 32.0, 
        "Low": 31.5, 
        "Open": 31.75, 
        "Volume": 1256800, 
        "day": 5, 
        "week": 35
    }
}