{
    "day": {
        "Adj Close": 18.545403, 
        "Close": 31.34, 
        "Company": "MDLZ", 
        "Date": "2011-01-14", 
        "High": 31.52, 
        "Low": 31.280001, 
        "Open": 31.51, 
        "Volume": 6005400, 
        "day": 5, 
        "week": 2
    }
}