{
    "day": {
        "Adj Close": 75.452507, 
        "Close": 81.400002, 
        "Company": "TROW", 
        "Date": "2014-05-05", 
        "High": 81.440002, 
        "Low": 80.279999, 
        "Open": 80.82, 
        "Volume": 1192400, 
        "day": 1, 
        "week": 19
    }
}