{
    "day": {
        "Adj Close": 74.442144, 
        "Close": 80.309998, 
        "Company": "TROW", 
        "Date": "2014-05-06", 
        "High": 81.449997, 
        "Low": 80.279999, 
        "Open": 81.040001, 
        "Volume": 781100, 
        "day": 2, 
        "week": 19
    }
}