{
    "day": {
        "Adj Close": 4.073929, 
        "Close": 42.624962, 
        "Company": "WBA", 
        "Date": "1994-05-05", 
        "High": 42.75, 
        "Low": 42.375038, 
        "Open": 42.75, 
        "Volume": 914400, 
        "day": 4, 
        "week": 18
    }
}