{
    "day": {
        "Adj Close": 3.746961, 
        "Close": 40.0, 
        "Company": "WBA", 
        "Date": "1993-01-13", 
        "High": 40.75, 
        "Low": 40.0, 
        "Open": 40.624962, 
        "Volume": 1514400, 
        "day": 3, 
        "week": 2
    }
}