{
    "day": {
        "Adj Close": 30.046864,
        "Close": 34.610001,
        "Company": "LPLA",
        "Date": "2010-12-22",
        "High": 34.66,
        "Low": 33.880001,
        "Open": 34.189999,
        "Volume": 178200,
        "day": 3,
        "week": 51
    }
}