{
    "day": {
        "Adj Close": 18.1,
        "Close": 18.1,
        "Company": "TCBI",
        "Date": "2007-12-27",
        "High": 18.889999,
        "Low": 18.1,
        "Open": 18.860001,
        "Volume": 160600,
        "day": 4,
        "week": 52
    }
}