{
    "day": {
        "Adj Close": 1.419189, 
        "Close": 35.75008, 
        "Company": "TROW", 
        "Date": "1992-05-14", 
        "High": 36.5, 
        "Low": 35.75008, 
        "Open": 36.5, 
        "Volume": 2742400, 
        "day": 4, 
        "week": 20
    }
}