{
    "day": {
        "Adj Close": 48.76688, 
        "Close": 60.580002, 
        "Company": "TROW", 
        "Date": "2007-12-04", 
        "High": 61.049999, 
        "Low": 59.57, 
        "Open": 60.029999, 
        "Volume": 2014500, 
        "day": 2, 
        "week": 49
    }
}