{
    "day": {
        "Adj Close": 215.460007, 
        "Close": 215.460007, 
        "Company": "TSLA", 
        "Date": "2014-04-08", 
        "High": 216.490005, 
        "Low": 206.419998, 
        "Open": 210.050003, 
        "Volume": 6889300, 
        "day": 8, 
        "month": 4
    }
}