{
    "day": {
        "Adj Close": 14.260168, 
        "Close": 25.860001, 
        "Company": "MDLZ", 
        "Date": "2009-05-26", 
        "High": 25.91, 
        "Low": 25.17, 
        "Open": 25.389999, 
        "Volume": 9067000, 
        "day": 2, 
        "week": 22
    }
}