{
    "day": {
        "Adj Close": 1.012779, 
        "Close": 26.75008, 
        "Company": "TROW", 
        "Date": "1990-06-13", 
        "High": 26.75008, 
        "Low": 26.0, 
        "Open": 26.75008, 
        "Volume": 251200, 
        "day": 13, 
        "month": 6
    }
}