{
    "day": {
        "Adj Close": 1.037524, 
        "Close": 27.24992, 
        "Company": "TROW", 
        "Date": "1990-06-29", 
        "High": 28.24992, 
        "Low": 26.75008, 
        "Open": 28.0, 
        "Volume": 1264000, 
        "day": 29, 
        "month": 6
    }
}