{
    "day": {
        "Adj Close": 38.398563,
        "Close": 40.59,
        "Company": "LPLA",
        "Date": "2013-11-06",
        "High": 40.93,
        "Low": 40.439999,
        "Open": 40.610001,
        "Volume": 373400,
        "day": 3,
        "week": 45
    }
}