{
    "day": {
        "Adj Close": 14.670798, 
        "Close": 26.02, 
        "Company": "MDLZ", 
        "Date": "2009-10-05", 
        "High": 26.059999, 
        "Low": 25.719999, 
        "Open": 25.950001, 
        "Volume": 8853000, 
        "day": 1, 
        "week": 41
    }
}