{
    "day": {
        "Adj Close": 20.634681, 
        "Close": 23.879999, 
        "Company": "WBA", 
        "Date": "2009-03-13", 
        "High": 24.1, 
        "Low": 23.48, 
        "Open": 23.48, 
        "Volume": 6638900, 
        "day": 5, 
        "week": 11
    }
}