{
    "day": {
        "Adj Close": 51.369999, 
        "Close": 51.369999, 
        "Company": "FANG", 
        "Date": "2014-01-30", 
        "High": 51.549999, 
        "Low": 49.139999, 
        "Open": 49.139999, 
        "Volume": 1053200, 
        "day": 30, 
        "month": 1
    }
}