{
    "week": {
        "Company": "WBA", 
        "adj close": 12.454121, 
        "close": 30.9375, 
        "days": [
            {
                "Adj Close": 12.454121, 
                "Close": 30.9375, 
                "Company": "WBA", 
                "Date": "1998-01-02", 
                "High": 31.625, 
                "Low": 30.1875, 
                "Open": 31.625, 
                "Volume": 1105400, 
                "day": 5, 
                "week": 1
            }
        ], 
        "first": 0, 
        "high": 31.625, 
        "last": 5, 
        "low": 30.1875, 
        "open": 0, 
        "volume": 1105400, 
        "week": 1, 
        "year": 1998
    }
}