{
    "day": {
        "Adj Close": 22.700001,
        "Close": 22.700001,
        "Company": "TCBI",
        "Date": "2007-06-18",
        "High": 22.879999,
        "Low": 22.469999,
        "Open": 22.709999,
        "Volume": 41900,
        "day": 1,
        "week": 25
    }
}