{
    "day": {
        "Adj Close": 22.49,
        "Close": 22.49,
        "Company": "TCBI",
        "Date": "2007-06-19",
        "High": 22.809999,
        "Low": 22.370001,
        "Open": 22.549999,
        "Volume": 69800,
        "day": 2,
        "week": 25
    }
}