{
    "day": {
        "Adj Close": 22.209999,
        "Close": 22.209999,
        "Company": "TCBI",
        "Date": "2007-06-22",
        "High": 22.209999,
        "Low": 21.879999,
        "Open": 22.1,
        "Volume": 740000,
        "day": 5,
        "week": 25
    }
}