{
    "day": {
        "Adj Close": 259.320007, 
        "Close": 259.320007, 
        "Company": "TSLA", 
        "Date": "2014-08-11", 
        "High": 263.73999, 
        "Low": 255.0, 
        "Open": 255.479996, 
        "Volume": 8101300, 
        "day": 11, 
        "month": 8
    }
}