{
    "day": {
        "Adj Close": 248.929993, 
        "Close": 248.929993, 
        "Company": "TSLA", 
        "Date": "2014-08-06", 
        "High": 251.419998, 
        "Low": 238.580002, 
        "Open": 238.899994, 
        "Volume": 9249300, 
        "day": 6, 
        "month": 8
    }
}