{
    "day": {
        "Adj Close": 38.831246, 
        "Close": 46.07, 
        "Company": "TROW", 
        "Date": "2009-09-16", 
        "High": 46.220001, 
        "Low": 44.630001, 
        "Open": 44.650002, 
        "Volume": 3158700, 
        "day": 16, 
        "month": 9
    }
}