{
    "day": {
        "Adj Close": 39.21054, 
        "Close": 46.52, 
        "Company": "TROW", 
        "Date": "2009-09-18", 
        "High": 46.77, 
        "Low": 45.709999, 
        "Open": 45.709999, 
        "Volume": 1933200, 
        "day": 18, 
        "month": 9
    }
}