{
    "day": {
        "Adj Close": 38.982963, 
        "Close": 46.25, 
        "Company": "TROW", 
        "Date": "2009-09-28", 
        "High": 46.32, 
        "Low": 44.110001, 
        "Open": 44.470001, 
        "Volume": 2075200, 
        "day": 28, 
        "month": 9
    }
}