{
    "day": {
        "Adj Close": 37.058438, 
        "Close": 44.209999, 
        "Company": "TROW", 
        "Date": "2009-09-04", 
        "High": 44.400002, 
        "Low": 42.970001, 
        "Open": 43.799999, 
        "Volume": 2049100, 
        "day": 4, 
        "month": 9
    }
}