{
    "day": {
        "Adj Close": 12.280303, 
        "Close": 34.375, 
        "Company": "TROW", 
        "Date": "2000-04-14", 
        "High": 37.5, 
        "Low": 33.843761, 
        "Open": 37.125, 
        "Volume": 1360800, 
        "day": 5, 
        "week": 15
    }
}