{
    "day": {
        "Adj Close": 1.273646, 
        "Close": 29.62496, 
        "Company": "WBA", 
        "Date": "1987-11-20", 
        "High": 30.12496, 
        "Low": 29.24992, 
        "Open": 29.24992, 
        "Volume": 3113600, 
        "day": 5, 
        "week": 47
    }
}