{
    "day": {
        "Adj Close": 15.262724, 
        "Close": 33.900002, 
        "Company": "MDLZ", 
        "Date": "2001-11-13", 
        "High": 34.490002, 
        "Low": 33.810001, 
        "Open": 34.400002, 
        "Volume": 1366300, 
        "day": 13, 
        "month": 11
    }
}