{
    "day": {
        "Adj Close": 15.613901, 
        "Close": 34.68, 
        "Company": "MDLZ", 
        "Date": "2001-11-06", 
        "High": 34.68, 
        "Low": 34.080002, 
        "Open": 34.099998, 
        "Volume": 735300, 
        "day": 6, 
        "month": 11
    }
}