{
    "day": {
        "Adj Close": 70.599998, 
        "Close": 70.599998, 
        "Company": "TROW", 
        "Date": "2016-03-15", 
        "High": 70.910004, 
        "Low": 69.900002, 
        "Open": 70.790001, 
        "Volume": 1746700, 
        "day": 2, 
        "week": 11
    }
}