{
    "day": {
        "Adj Close": 81.400002, 
        "Close": 81.400002, 
        "Company": "FANG", 
        "Date": "2016-04-13", 
        "High": 82.230003, 
        "Low": 80.220001, 
        "Open": 81.699997, 
        "Volume": 774300, 
        "day": 104, 
        "year": 2016
    }
}