{
    "day": {
        "Adj Close": 58.52, 
        "Close": 58.52, 
        "Company": "FANG", 
        "Date": "2016-01-12", 
        "High": 59.279999, 
        "Low": 55.48, 
        "Open": 58.639999, 
        "Volume": 2440200, 
        "day": 12, 
        "year": 2016
    }
}