{
    "day": {
        "Adj Close": 68.269997, 
        "Close": 68.269997, 
        "Company": "FANG", 
        "Date": "2016-01-27", 
        "High": 69.790001, 
        "Low": 65.489998, 
        "Open": 66.32, 
        "Volume": 2477500, 
        "day": 27, 
        "year": 2016
    }
}