{
    "day": {
        "Adj Close": 75.550003, 
        "Close": 75.550003, 
        "Company": "FANG", 
        "Date": "2016-01-29", 
        "High": 75.660004, 
        "Low": 73.019997, 
        "Open": 73.339996, 
        "Volume": 2541100, 
        "day": 29, 
        "year": 2016
    }
}