{
    "day": {
        "Adj Close": 69.949997, 
        "Close": 69.949997, 
        "Company": "FANG", 
        "Date": "2016-02-08", 
        "High": 70.349998, 
        "Low": 65.019997, 
        "Open": 66.040001, 
        "Volume": 1903600, 
        "day": 39, 
        "year": 2016
    }
}