{
    "day": {
        "Adj Close": 73.699997, 
        "Close": 73.699997, 
        "Company": "FANG", 
        "Date": "2016-02-22", 
        "High": 74.669998, 
        "Low": 72.089996, 
        "Open": 74.129997, 
        "Volume": 1357600, 
        "day": 53, 
        "year": 2016
    }
}