{
    "day": {
        "Adj Close": 75.080002, 
        "Close": 75.080002, 
        "Company": "FANG", 
        "Date": "2016-03-10", 
        "High": 75.379997, 
        "Low": 72.75, 
        "Open": 74.400002, 
        "Volume": 872500, 
        "day": 70, 
        "year": 2016
    }
}