{
    "day": {
        "Adj Close": 79.07, 
        "Close": 79.07, 
        "Company": "FANG", 
        "Date": "2016-04-07", 
        "High": 79.18, 
        "Low": 75.970001, 
        "Open": 76.059998, 
        "Volume": 1276200, 
        "day": 98, 
        "year": 2016
    }
}