{
    "day": {
        "Adj Close": 1.012779, 
        "Close": 26.75008, 
        "Company": "TROW", 
        "Date": "1990-05-17", 
        "High": 26.75008, 
        "Low": 26.24992, 
        "Open": 26.24992, 
        "Volume": 275200, 
        "day": 4, 
        "week": 20
    }
}