{
    "day": {
        "Adj Close": 11.362165,
        "Close": 16.209999,
        "Company": "SUNS",
        "Date": "2012-01-23",
        "High": 16.42,
        "Low": 16.16,
        "Open": 16.35,
        "Volume": 9300,
        "day": 23,
        "month": 1
    }
}