{
    "day": {
        "Adj Close": 1.020346, 
        "Close": 54.49984, 
        "Company": "TROW", 
        "Date": "1989-10-11", 
        "High": 54.49984, 
        "Low": 54.0, 
        "Open": 54.0, 
        "Volume": 124800, 
        "day": 11, 
        "month": 10
    }
}