{
    "day": {
        "Adj Close": 0.973544, 
        "Close": 52.0, 
        "Company": "TROW", 
        "Date": "1989-10-16", 
        "High": 53.50016, 
        "Low": 52.0, 
        "Open": 53.50016, 
        "Volume": 592000, 
        "day": 16, 
        "month": 10
    }
}