{
    "day": {
        "Adj Close": 0.992266, 
        "Close": 53.0, 
        "Company": "TROW", 
        "Date": "1989-10-17", 
        "High": 53.24992, 
        "Low": 52.24992, 
        "Open": 52.75008, 
        "Volume": 502400, 
        "day": 17, 
        "month": 10
    }
}