{
    "day": {
        "Adj Close": 31.179401,
        "Close": 33.41,
        "Company": "LPLA",
        "Date": "2013-04-18",
        "High": 33.799999,
        "Low": 33.310001,
        "Open": 33.700001,
        "Volume": 580500,
        "day": 4,
        "week": 16
    }
}