{
    "day": {
        "Adj Close": 22.299999, 
        "Close": 22.299999, 
        "Company": "TSLA", 
        "Date": "2011-08-19", 
        "High": 24.219999, 
        "Low": 22.0, 
        "Open": 23.860001, 
        "Volume": 1375300, 
        "day": 5, 
        "week": 33
    }
}