{
    "day": {
        "Adj Close": 19.34,
        "Close": 19.34,
        "Company": "TCBI",
        "Date": "2007-01-10",
        "High": 19.389999,
        "Low": 19.040001,
        "Open": 19.040001,
        "Volume": 56200,
        "day": 3,
        "week": 2
    }
}