{
    "day": {
        "Adj Close": 63.119999, 
        "Close": 63.119999, 
        "Company": "FANG", 
        "Date": "2014-10-16", 
        "High": 64.040001, 
        "Low": 57.400002, 
        "Open": 59.139999, 
        "Volume": 2024000, 
        "day": 16, 
        "month": 10
    }
}