{
    "day": {
        "Adj Close": 68.440002, 
        "Close": 68.440002, 
        "Company": "FANG", 
        "Date": "2014-10-31", 
        "High": 68.610001, 
        "Low": 64.07, 
        "Open": 67.959999, 
        "Volume": 1746100, 
        "day": 31, 
        "month": 10
    }
}