{
    "day": {
        "Adj Close": 45.02,
        "Close": 45.02,
        "Company": "TCBI",
        "Date": "2013-08-07",
        "High": 45.630001,
        "Low": 44.919998,
        "Open": 45.459999,
        "Volume": 192200,
        "day": 3,
        "week": 32
    }
}