{
    "day": {
        "Adj Close": 45.646753,
        "Close": 46.73,
        "Company": "LPLA",
        "Date": "2015-06-24",
        "High": 47.580002,
        "Low": 46.439999,
        "Open": 47.580002,
        "Volume": 718000,
        "day": 24,
        "month": 6
    }
}