{
    "day": {
        "Adj Close": 44.826225,
        "Close": 45.889999,
        "Company": "LPLA",
        "Date": "2015-06-29",
        "High": 47.290001,
        "Low": 45.77,
        "Open": 47.220001,
        "Volume": 1176100,
        "day": 29,
        "month": 6
    }
}