{
    "day": {
        "Adj Close": 32.329269, 
        "Close": 39.360001, 
        "Company": "WBA", 
        "Date": "2002-04-01", 
        "High": 39.5, 
        "Low": 38.650002, 
        "Open": 39.040001, 
        "Volume": 1539300, 
        "day": 1, 
        "week": 14
    }
}