{
    "day": {
        "Adj Close": 1.804898, 
        "Close": 44.375038, 
        "Company": "TROW", 
        "Date": "1993-06-29", 
        "High": 44.75008, 
        "Low": 44.0, 
        "Open": 44.75008, 
        "Volume": 1008000, 
        "day": 2, 
        "week": 26
    }
}