{
    "day": {
        "Adj Close": 30.249981, 
        "Close": 76.849998, 
        "Company": "TROW", 
        "Date": "2006-01-24", 
        "High": 77.370003, 
        "Low": 76.290001, 
        "Open": 76.5, 
        "Volume": 1136400, 
        "day": 2, 
        "week": 4
    }
}