{
    "day": {
        "Adj Close": 24.110001,
        "Close": 24.110001,
        "Company": "TCBI",
        "Date": "2005-11-28",
        "High": 24.15,
        "Low": 23.809999,
        "Open": 23.91,
        "Volume": 148300,
        "day": 1,
        "week": 48
    }
}