{
    "day": {
        "Adj Close": 29.604103,
        "Close": 34.099998,
        "Company": "LPLA",
        "Date": "2012-02-29",
        "High": 34.23,
        "Low": 33.639999,
        "Open": 33.990002,
        "Volume": 653300,
        "day": 3,
        "week": 9
    }
}