{
    "day": {
        "Adj Close": 48.82, 
        "Close": 48.82, 
        "Company": "FANG", 
        "Date": "2013-11-19", 
        "High": 50.700001, 
        "Low": 48.5, 
        "Open": 50.380001, 
        "Volume": 908500, 
        "day": 2, 
        "week": 47
    }
}