{
    "day": {
        "Adj Close": 38.925213, 
        "Close": 46.130001, 
        "Company": "WBA", 
        "Date": "2007-04-16", 
        "High": 46.330002, 
        "Low": 45.900002, 
        "Open": 46.02, 
        "Volume": 2875200, 
        "day": 106, 
        "year": 2007
    }
}