{
    "day": {
        "Adj Close": 38.798639, 
        "Close": 45.98, 
        "Company": "WBA", 
        "Date": "2007-04-17", 
        "High": 46.150002, 
        "Low": 45.860001, 
        "Open": 46.130001, 
        "Volume": 2870000, 
        "day": 107, 
        "year": 2007
    }
}