{
    "day": {
        "Adj Close": 38.781763, 
        "Close": 45.959999, 
        "Company": "WBA", 
        "Date": "2007-04-18", 
        "High": 46.169998, 
        "Low": 45.75, 
        "Open": 45.91, 
        "Volume": 3762100, 
        "day": 108, 
        "year": 2007
    }
}