{
    "day": {
        "Adj Close": 37.043505, 
        "Close": 43.900002, 
        "Company": "WBA", 
        "Date": "2007-04-30", 
        "High": 45.119999, 
        "Low": 43.869999, 
        "Open": 45.0, 
        "Volume": 8621800, 
        "day": 120, 
        "year": 2007
    }
}