{
    "day": {
        "Adj Close": 37.404447, 
        "Close": 44.25, 
        "Company": "WBA", 
        "Date": "2007-06-25", 
        "High": 45.5, 
        "Low": 43.970001, 
        "Open": 45.5, 
        "Volume": 9553200, 
        "day": 176, 
        "year": 2007
    }
}