{
    "day": {
        "Adj Close": 37.539694, 
        "Close": 44.41, 
        "Company": "WBA", 
        "Date": "2007-07-06", 
        "High": 44.59, 
        "Low": 43.889999, 
        "Open": 43.91, 
        "Volume": 5601200, 
        "day": 187, 
        "year": 2007
    }
}