{
    "day": {
        "Adj Close": 38.356788, 
        "Close": 45.279999, 
        "Company": "WBA", 
        "Date": "2007-09-14", 
        "High": 45.439999, 
        "Low": 44.959999, 
        "Open": 45.080002, 
        "Volume": 4055500, 
        "day": 257, 
        "year": 2007
    }
}