{
    "day": {
        "Adj Close": 38.066003, 
        "Close": 45.189999, 
        "Company": "WBA", 
        "Date": "2007-01-26", 
        "High": 45.34, 
        "Low": 44.799999, 
        "Open": 45.200001, 
        "Volume": 3438600, 
        "day": 26, 
        "year": 2007
    }
}