{
    "day": {
        "Adj Close": 38.195839, 
        "Close": 45.09, 
        "Company": "WBA", 
        "Date": "2007-09-17", 
        "High": 45.419998, 
        "Low": 45.040001, 
        "Open": 45.040001, 
        "Volume": 2162200, 
        "day": 260, 
        "year": 2007
    }
}