{
    "day": {
        "Adj Close": 39.136123, 
        "Close": 46.200001, 
        "Company": "WBA", 
        "Date": "2007-09-18", 
        "High": 46.439999, 
        "Low": 45.200001, 
        "Open": 45.23, 
        "Volume": 4329700, 
        "day": 261, 
        "year": 2007
    }
}