{
    "day": {
        "Adj Close": 40.415246, 
        "Close": 47.709999, 
        "Company": "WBA", 
        "Date": "2007-09-26", 
        "High": 48.049999, 
        "Low": 46.32, 
        "Open": 46.48, 
        "Volume": 7173600, 
        "day": 269, 
        "year": 2007
    }
}