{
    "day": {
        "Adj Close": 32.867566, 
        "Close": 38.799999, 
        "Company": "WBA", 
        "Date": "2007-10-15", 
        "High": 38.93, 
        "Low": 38.5, 
        "Open": 38.93, 
        "Volume": 7832500, 
        "day": 288, 
        "year": 2007
    }
}