{
    "day": {
        "Adj Close": 33.443595, 
        "Close": 39.48, 
        "Company": "WBA", 
        "Date": "2007-10-30", 
        "High": 39.75, 
        "Low": 39.330002, 
        "Open": 39.68, 
        "Volume": 4908800, 
        "day": 303, 
        "year": 2007
    }
}