{
    "day": {
        "Adj Close": 33.587605, 
        "Close": 39.650002, 
        "Company": "WBA", 
        "Date": "2007-10-31", 
        "High": 39.959999, 
        "Low": 39.0, 
        "Open": 39.419998, 
        "Volume": 7035700, 
        "day": 304, 
        "year": 2007
    }
}