{
    "day": {
        "Adj Close": 33.130169, 
        "Close": 39.110001, 
        "Company": "WBA", 
        "Date": "2007-11-02", 
        "High": 39.279999, 
        "Low": 38.650002, 
        "Open": 39.060001, 
        "Volume": 5680600, 
        "day": 306, 
        "year": 2007
    }
}