{
    "day": {
        "Adj Close": 38.158663, 
        "Close": 45.299999, 
        "Company": "WBA", 
        "Date": "2007-01-31", 
        "High": 45.5, 
        "Low": 44.810001, 
        "Open": 45.290001, 
        "Volume": 4550300, 
        "day": 31, 
        "year": 2007
    }
}