{
    "day": {
        "Adj Close": 32.685451, 
        "Close": 38.490002, 
        "Company": "WBA", 
        "Date": "2007-11-07", 
        "High": 39.240002, 
        "Low": 38.009998, 
        "Open": 38.23, 
        "Volume": 7879600, 
        "day": 311, 
        "year": 2007
    }
}