{
    "day": {
        "Adj Close": 31.122935, 
        "Close": 36.650002, 
        "Company": "WBA", 
        "Date": "2007-12-13", 
        "High": 36.849998, 
        "Low": 36.52, 
        "Open": 36.740002, 
        "Volume": 9308100, 
        "day": 347, 
        "year": 2007
    }
}