{
    "day": {
        "Adj Close": 30.893652, 
        "Close": 36.380001, 
        "Company": "WBA", 
        "Date": "2007-12-19", 
        "High": 37.349998, 
        "Low": 36.369999, 
        "Open": 37.169998, 
        "Volume": 8677200, 
        "day": 353, 
        "year": 2007
    }
}