{
    "day": {
        "Adj Close": 38.26817, 
        "Close": 45.43, 
        "Company": "WBA", 
        "Date": "2007-02-07", 
        "High": 45.75, 
        "Low": 45.07, 
        "Open": 45.369999, 
        "Volume": 3534300, 
        "day": 38, 
        "year": 2007
    }
}