{
    "day": {
        "Adj Close": 38.327134, 
        "Close": 45.5, 
        "Company": "WBA", 
        "Date": "2007-01-05", 
        "High": 46.310001, 
        "Low": 45.389999, 
        "Open": 46.009998, 
        "Volume": 3680900, 
        "day": 5, 
        "year": 2007
    }
}