{
    "day": {
        "Adj Close": 37.246019, 
        "Close": 44.139999, 
        "Company": "WBA", 
        "Date": "2007-03-13", 
        "High": 45.419998, 
        "Low": 44.110001, 
        "Open": 44.459999, 
        "Volume": 6790100, 
        "day": 72, 
        "year": 2007
    }
}