{
    "day": {
        "Adj Close": 38.98428, 
        "Close": 46.200001, 
        "Company": "WBA", 
        "Date": "2007-04-03", 
        "High": 46.470001, 
        "Low": 45.860001, 
        "Open": 45.91, 
        "Volume": 4259100, 
        "day": 93, 
        "year": 2007
    }
}