{
    "day": {
        "Adj Close": 38.815516, 
        "Close": 46.0, 
        "Company": "WBA", 
        "Date": "2007-04-04", 
        "High": 46.369999, 
        "Low": 45.830002, 
        "Open": 46.299999, 
        "Volume": 3658500, 
        "day": 94, 
        "year": 2007
    }
}