{
    "day": {
        "Adj Close": 39.018033, 
        "Close": 46.240002, 
        "Company": "WBA", 
        "Date": "2007-04-05", 
        "High": 46.439999, 
        "Low": 45.950001, 
        "Open": 46.0, 
        "Volume": 2889600, 
        "day": 95, 
        "year": 2007
    }
}