{
    "day": {
        "Adj Close": 21.129999,
        "Close": 21.129999,
        "Company": "TCBI",
        "Date": "2005-04-12",
        "High": 21.219999,
        "Low": 20.66,
        "Open": 21.059999,
        "Volume": 61400,
        "day": 2,
        "week": 15
    }
}