{
    "day": {
        "Adj Close": 30.506145, 
        "Close": 34.75, 
        "Company": "WBA", 
        "Date": "2010-02-22", 
        "High": 35.310001, 
        "Low": 34.709999, 
        "Open": 35.299999, 
        "Volume": 5983800, 
        "day": 1, 
        "week": 8
    }
}