{
    "day": {
        "Adj Close": 47.52,
        "Close": 47.52,
        "Company": "TCBI",
        "Date": "2013-07-15",
        "High": 47.669998,
        "Low": 46.700001,
        "Open": 47.5,
        "Volume": 369800,
        "day": 15,
        "month": 7
    }
}