{
    "day": {
        "Adj Close": 49.220001,
        "Close": 49.220001,
        "Company": "TCBI",
        "Date": "2013-07-22",
        "High": 50.040001,
        "Low": 48.529999,
        "Open": 49.099998,
        "Volume": 277800,
        "day": 22,
        "month": 7
    }
}