{
    "day": {
        "Adj Close": 45.490002,
        "Close": 45.490002,
        "Company": "TCBI",
        "Date": "2013-07-31",
        "High": 46.099998,
        "Low": 45.349998,
        "Open": 45.950001,
        "Volume": 516200,
        "day": 31,
        "month": 7
    }
}