{
    "day": {
        "Adj Close": 4.504496, 
        "Close": 46.5, 
        "Company": "WBA", 
        "Date": "1995-01-12", 
        "High": 46.5, 
        "Low": 45.375038, 
        "Open": 45.5, 
        "Volume": 3053600, 
        "day": 12, 
        "month": 1
    }
}