{
    "day": {
        "Adj Close": 3.735255, 
        "Close": 39.875038, 
        "Company": "WBA", 
        "Date": "1993-01-27", 
        "High": 40.124962, 
        "Low": 39.875038, 
        "Open": 40.0, 
        "Volume": 1332800, 
        "day": 3, 
        "week": 4
    }
}