{
    "day": {
        "Adj Close": 54.59647, 
        "Close": 61.07, 
        "Company": "TROW", 
        "Date": "2012-08-13", 
        "High": 61.139999, 
        "Low": 60.18, 
        "Open": 60.900002, 
        "Volume": 612700, 
        "day": 13, 
        "month": 8
    }
}