{
    "day": {
        "Adj Close": 54.33721, 
        "Close": 60.779999, 
        "Company": "TROW", 
        "Date": "2012-08-08", 
        "High": 61.650002, 
        "Low": 60.720001, 
        "Open": 61.419998, 
        "Volume": 1056900, 
        "day": 8, 
        "month": 8
    }
}