{
    "day": {
        "Adj Close": 17.434467, 
        "Close": 34.310001, 
        "Company": "MDLZ", 
        "Date": "2007-02-12", 
        "High": 34.75, 
        "Low": 33.610001, 
        "Open": 33.740002, 
        "Volume": 5600700, 
        "day": 12, 
        "month": 2
    }
}