{
    "day": {
        "Adj Close": 17.556421, 
        "Close": 34.549999, 
        "Company": "MDLZ", 
        "Date": "2007-02-13", 
        "High": 34.77, 
        "Low": 34.02, 
        "Open": 34.189999, 
        "Volume": 4269300, 
        "day": 13, 
        "month": 2
    }
}