{
    "day": {
        "Adj Close": 16.905995, 
        "Close": 33.27, 
        "Company": "MDLZ", 
        "Date": "2007-02-22", 
        "High": 33.75, 
        "Low": 33.259998, 
        "Open": 33.630001, 
        "Volume": 2706000, 
        "day": 22, 
        "month": 2
    }
}