{
    "day": {
        "Adj Close": 17.058439, 
        "Close": 33.57, 
        "Company": "MDLZ", 
        "Date": "2007-02-09", 
        "High": 33.950001, 
        "Low": 33.049999, 
        "Open": 33.099998, 
        "Volume": 5324500, 
        "day": 9, 
        "month": 2
    }
}