{
    "day": {
        "Adj Close": 37.950001, 
        "Close": 37.950001, 
        "Company": "TSLA", 
        "Date": "2013-01-29", 
        "High": 38.439999, 
        "Low": 37.130001, 
        "Open": 38.099998, 
        "Volume": 1426600, 
        "day": 2, 
        "week": 5
    }
}