{
    "day": {
        "Adj Close": 17.788336, 
        "Close": 46.220001, 
        "Company": "TROW", 
        "Date": "2004-07-30", 
        "High": 46.919998, 
        "Low": 45.900002, 
        "Open": 46.869999, 
        "Volume": 1332600, 
        "day": 5, 
        "week": 31
    }
}