{
    "day": {
        "Adj Close": 32.417463, 
        "Close": 37.080002, 
        "Company": "WBA", 
        "Date": "2009-12-08", 
        "High": 37.619999, 
        "Low": 36.900002, 
        "Open": 37.400002, 
        "Volume": 7220300, 
        "day": 2, 
        "week": 50
    }
}