{
    "day": {
        "Adj Close": 33.422857, 
        "Close": 38.23, 
        "Company": "WBA", 
        "Date": "2009-12-09", 
        "High": 38.290001, 
        "Low": 36.91, 
        "Open": 36.91, 
        "Volume": 9244200, 
        "day": 3, 
        "week": 50
    }
}