{
    "day": {
        "Adj Close": 13.301302, 
        "Close": 36.220001, 
        "Company": "TROW", 
        "Date": "2002-01-04", 
        "High": 36.439999, 
        "Low": 35.099998, 
        "Open": 35.099998, 
        "Volume": 1507400, 
        "day": 5, 
        "week": 1
    }
}