{
    "day": {
        "Adj Close": 11.678214, 
        "Close": 31.950001, 
        "Company": "TROW", 
        "Date": "2001-11-27", 
        "High": 32.25, 
        "Low": 31.5, 
        "Open": 31.65, 
        "Volume": 746400, 
        "day": 27, 
        "month": 11
    }
}