{
    "day": {
        "Adj Close": 17.608243, 
        "Close": 38.700001, 
        "Company": "MDLZ", 
        "Date": "2002-08-14", 
        "High": 38.889999, 
        "Low": 38.16, 
        "Open": 38.34, 
        "Volume": 2084100, 
        "day": 3, 
        "week": 33
    }
}