{
    "day": {
        "Adj Close": 22.897392, 
        "Close": 37.700001, 
        "Company": "MDLZ", 
        "Date": "2011-12-27", 
        "High": 37.93, 
        "Low": 37.610001, 
        "Open": 37.700001, 
        "Volume": 4950900, 
        "day": 2, 
        "week": 52
    }
}