{
    "day": {
        "Adj Close": 34.259998,
        "Close": 34.259998,
        "Company": "TCBI",
        "Date": "2016-03-01",
        "High": 34.279999,
        "Low": 32.119999,
        "Open": 32.709999,
        "Volume": 568000,
        "day": 1,
        "month": 3
    }
}