{
    "day": {
        "Adj Close": 38.959999,
        "Close": 38.959999,
        "Company": "TCBI",
        "Date": "2016-03-11",
        "High": 39.07,
        "Low": 37.700001,
        "Open": 37.73,
        "Volume": 471300,
        "day": 11,
        "month": 3
    }
}