{
    "day": {
        "Adj Close": 37.59,
        "Close": 37.59,
        "Company": "TCBI",
        "Date": "2016-03-14",
        "High": 39.07,
        "Low": 37.330002,
        "Open": 38.959999,
        "Volume": 600000,
        "day": 14,
        "month": 3
    }
}