{
    "day": {
        "Adj Close": 36.799999,
        "Close": 36.799999,
        "Company": "TCBI",
        "Date": "2016-03-15",
        "High": 37.200001,
        "Low": 36.240002,
        "Open": 37.080002,
        "Volume": 322000,
        "day": 15,
        "month": 3
    }
}