{
    "day": {
        "Adj Close": 38.59,
        "Close": 38.59,
        "Company": "TCBI",
        "Date": "2016-03-17",
        "High": 38.790001,
        "Low": 36.150002,
        "Open": 36.560001,
        "Volume": 787300,
        "day": 17,
        "month": 3
    }
}