{
    "day": {
        "Adj Close": 38.610001,
        "Close": 38.610001,
        "Company": "TCBI",
        "Date": "2016-03-30",
        "High": 39.060001,
        "Low": 37.810001,
        "Open": 37.810001,
        "Volume": 551500,
        "day": 30,
        "month": 3
    }
}