{
    "day": {
        "Adj Close": 38.939999,
        "Close": 38.939999,
        "Company": "TCBI",
        "Date": "2016-03-07",
        "High": 39.290001,
        "Low": 38.029999,
        "Open": 38.279999,
        "Volume": 500200,
        "day": 7,
        "month": 3
    }
}