{
    "day": {
        "Adj Close": 36.650002,
        "Close": 36.650002,
        "Company": "TCBI",
        "Date": "2016-03-09",
        "High": 37.450001,
        "Low": 36.110001,
        "Open": 37.240002,
        "Volume": 385300,
        "day": 9,
        "month": 3
    }
}