{
    "day": {
        "Adj Close": 135.550003, 
        "Close": 135.550003, 
        "Company": "TSLA", 
        "Date": "2013-08-01", 
        "High": 136.520004, 
        "Low": 132.630005, 
        "Open": 135.0, 
        "Volume": 5323600, 
        "day": 1, 
        "month": 8
    }
}