{
    "day": {
        "Adj Close": 139.360001, 
        "Close": 139.360001, 
        "Company": "TSLA", 
        "Date": "2013-08-14", 
        "High": 144.839996, 
        "Low": 138.050003, 
        "Open": 142.720001, 
        "Volume": 11693800, 
        "day": 14, 
        "month": 8
    }
}