{
    "day": {
        "Adj Close": 0.932823, 
        "Close": 24.5, 
        "Company": "TROW", 
        "Date": "1990-08-07", 
        "High": 25.24992, 
        "Low": 24.5, 
        "Open": 25.24992, 
        "Volume": 19200, 
        "day": 2, 
        "week": 32
    }
}