{
    "day": {
        "Adj Close": 3.930565, 
        "Close": 41.124962, 
        "Company": "WBA", 
        "Date": "1994-04-11", 
        "High": 41.25, 
        "Low": 40.124962, 
        "Open": 40.375038, 
        "Volume": 1331200, 
        "day": 11, 
        "month": 4
    }
}