{
    "day": {
        "Adj Close": 3.966409, 
        "Close": 41.5, 
        "Company": "WBA", 
        "Date": "1994-04-12", 
        "High": 41.75, 
        "Low": 40.875038, 
        "Open": 41.0, 
        "Volume": 1070400, 
        "day": 12, 
        "month": 4
    }
}