{
    "day": {
        "Adj Close": 3.811102, 
        "Close": 39.875038, 
        "Company": "WBA", 
        "Date": "1994-04-04", 
        "High": 40.124962, 
        "Low": 39.375038, 
        "Open": 39.875038, 
        "Volume": 2299200, 
        "day": 4, 
        "month": 4
    }
}