{
    "day": {
        "Adj Close": 39.739682, 
        "Close": 40.369999, 
        "Company": "MDLZ", 
        "Date": "2015-06-10", 
        "High": 40.630001, 
        "Low": 40.259998, 
        "Open": 40.32, 
        "Volume": 6769300, 
        "day": 3, 
        "week": 24
    }
}