{
    "day": {
        "Adj Close": 45.189999,
        "Close": 45.189999,
        "Company": "TCBI",
        "Date": "2012-11-23",
        "High": 45.189999,
        "Low": 43.880001,
        "Open": 44.0,
        "Volume": 121400,
        "day": 5,
        "week": 47
    }
}