{
    "day": {
        "Adj Close": 50.540001,
        "Close": 50.540001,
        "Company": "TCBI",
        "Date": "2015-12-29",
        "High": 51.0,
        "Low": 50.240002,
        "Open": 50.290001,
        "Volume": 238800,
        "day": 2,
        "week": 53
    }
}