{
    "week": {
        "Company": "WBA", 
        "adj close": 21.985293, 
        "close": 25.549999, 
        "days": [
            {
                "Adj Close": 21.985293, 
                "Close": 25.549999, 
                "Company": "WBA", 
                "Date": "2009-01-02", 
                "High": 25.67, 
                "Low": 24.610001, 
                "Open": 24.65, 
                "Volume": 5266700, 
                "day": 5, 
                "week": 1
            }
        ], 
        "first": 0, 
        "high": 25.67, 
        "last": 5, 
        "low": 24.610001, 
        "open": 0, 
        "volume": 5266700, 
        "week": 1, 
        "year": 2009
    }
}