{
    "day": {
        "Adj Close": 25.31525, 
        "Close": 26.82, 
        "Company": "MDLZ", 
        "Date": "2013-02-21", 
        "High": 27.049999, 
        "Low": 26.639999, 
        "Open": 26.99, 
        "Volume": 16936600, 
        "day": 21, 
        "month": 2
    }
}