{
    "day": {
        "Adj Close": 26.315778, 
        "Close": 27.879999, 
        "Company": "MDLZ", 
        "Date": "2013-02-04", 
        "High": 28.15, 
        "Low": 27.83, 
        "Open": 28.01, 
        "Volume": 8954300, 
        "day": 4, 
        "month": 2
    }
}