{
    "day": {
        "Adj Close": 12.085173,
        "Close": 17.83,
        "Company": "SUNS",
        "Date": "2011-08-03",
        "High": 18.110001,
        "Low": 17.549999,
        "Open": 17.82,
        "Volume": 17700,
        "day": 3,
        "month": 8
    }
}