{
    "day": {
        "Adj Close": 70.690002, 
        "Close": 70.690002, 
        "Company": "FANG", 
        "Date": "2015-07-15", 
        "High": 72.949997, 
        "Low": 69.980003, 
        "Open": 72.709999, 
        "Volume": 962800, 
        "day": 15, 
        "month": 7
    }
}