{
    "day": {
        "Adj Close": 66.239998, 
        "Close": 66.239998, 
        "Company": "FANG", 
        "Date": "2015-07-22", 
        "High": 66.440002, 
        "Low": 64.389999, 
        "Open": 65.339996, 
        "Volume": 1337200, 
        "day": 22, 
        "month": 7
    }
}