{
    "day": {
        "Adj Close": 64.989998, 
        "Close": 64.989998, 
        "Company": "FANG", 
        "Date": "2015-07-28", 
        "High": 65.599998, 
        "Low": 62.580002, 
        "Open": 63.5, 
        "Volume": 725800, 
        "day": 28, 
        "month": 7
    }
}