{
    "day": {
        "Adj Close": 67.300003, 
        "Close": 67.300003, 
        "Company": "FANG", 
        "Date": "2015-07-31", 
        "High": 68.57, 
        "Low": 66.510002, 
        "Open": 67.239998, 
        "Volume": 1275700, 
        "day": 31, 
        "month": 7
    }
}