{
    "day": {
        "Adj Close": 33.880543, 
        "Close": 35.130001, 
        "Company": "MDLZ", 
        "Date": "2013-12-30", 
        "High": 35.150002, 
        "Low": 34.529999, 
        "Open": 34.529999, 
        "Volume": 3981800, 
        "day": 1, 
        "week": 53
    }
}