{
    "day": {
        "Adj Close": 21.17,
        "Close": 21.17,
        "Company": "TCBI",
        "Date": "2005-01-10",
        "High": 21.440001,
        "Low": 21.0,
        "Open": 21.290001,
        "Volume": 79200,
        "day": 1,
        "week": 2
    }
}