{
    "day": {
        "Adj Close": 21.309999,
        "Close": 21.309999,
        "Company": "TCBI",
        "Date": "2005-01-14",
        "High": 21.48,
        "Low": 21.139999,
        "Open": 21.15,
        "Volume": 68500,
        "day": 5,
        "week": 2
    }
}