{
    "day": {
        "Adj Close": 16.6,
        "Close": 16.6,
        "Company": "TCBI",
        "Date": "2008-08-01",
        "High": 16.719999,
        "Low": 15.85,
        "Open": 16.200001,
        "Volume": 232700,
        "day": 5,
        "week": 31
    }
}