{
    "day": {
        "Adj Close": 3.407167, 
        "Close": 35.5, 
        "Company": "WBA", 
        "Date": "1994-07-11", 
        "High": 36.124962, 
        "Low": 35.124962, 
        "Open": 36.124962, 
        "Volume": 3012800, 
        "day": 11, 
        "month": 7
    }
}