{
    "day": {
        "Adj Close": 3.383172, 
        "Close": 35.25, 
        "Company": "WBA", 
        "Date": "1994-07-14", 
        "High": 35.5, 
        "Low": 34.25, 
        "Open": 34.375038, 
        "Volume": 6220800, 
        "day": 14, 
        "month": 7
    }
}