{
    "day": {
        "Adj Close": 3.395173, 
        "Close": 35.375038, 
        "Company": "WBA", 
        "Date": "1994-07-15", 
        "High": 36.0, 
        "Low": 35.375038, 
        "Open": 35.375038, 
        "Volume": 1965600, 
        "day": 15, 
        "month": 7
    }
}