{
    "day": {
        "Adj Close": 3.479149, 
        "Close": 36.25, 
        "Company": "WBA", 
        "Date": "1994-07-20", 
        "High": 36.25, 
        "Low": 35.875038, 
        "Open": 36.124962, 
        "Volume": 4458400, 
        "day": 20, 
        "month": 7
    }
}