{
    "day": {
        "Adj Close": 3.431161, 
        "Close": 35.75, 
        "Company": "WBA", 
        "Date": "1994-07-22", 
        "High": 36.0, 
        "Low": 35.624962, 
        "Open": 35.875038, 
        "Volume": 2331200, 
        "day": 22, 
        "month": 7
    }
}