{
    "day": {
        "Adj Close": 3.49115, 
        "Close": 36.375038, 
        "Company": "WBA", 
        "Date": "1994-07-28", 
        "High": 36.624962, 
        "Low": 36.25, 
        "Open": 36.25, 
        "Volume": 1296800, 
        "day": 28, 
        "month": 7
    }
}