{
    "day": {
        "Adj Close": 3.984752, 
        "Close": 41.875038, 
        "Company": "WBA", 
        "Date": "1993-11-15", 
        "High": 41.875038, 
        "Low": 41.375038, 
        "Open": 41.875038, 
        "Volume": 860800, 
        "day": 15, 
        "month": 11
    }
}