{
    "day": {
        "Adj Close": 3.877696, 
        "Close": 40.75, 
        "Company": "WBA", 
        "Date": "1993-11-18", 
        "High": 41.124962, 
        "Low": 40.624962, 
        "Open": 41.124962, 
        "Volume": 2254400, 
        "day": 18, 
        "month": 11
    }
}