{
    "day": {
        "Adj Close": 3.865797, 
        "Close": 40.624962, 
        "Company": "WBA", 
        "Date": "1993-11-29", 
        "High": 41.25, 
        "Low": 40.624962, 
        "Open": 41.0, 
        "Volume": 1372000, 
        "day": 29, 
        "month": 11
    }
}