{
    "day": {
        "Adj Close": 67.996625, 
        "Close": 74.5, 
        "Company": "TROW", 
        "Date": "2013-06-17", 
        "High": 75.050003, 
        "Low": 72.660004, 
        "Open": 73.510002, 
        "Volume": 1016000, 
        "day": 1, 
        "week": 25
    }
}