{
    "day": {
        "Adj Close": 14.47697, 
        "Close": 25.959999, 
        "Company": "MDLZ", 
        "Date": "2009-07-02", 
        "High": 26.389999, 
        "Low": 25.870001, 
        "Open": 26.26, 
        "Volume": 10720000, 
        "day": 4, 
        "week": 27
    }
}