{
    "day": {
        "Adj Close": 15.531184, 
        "Close": 31.24, 
        "Company": "MDLZ", 
        "Date": "2006-04-28", 
        "High": 31.370001, 
        "Low": 31.030001, 
        "Open": 31.209999, 
        "Volume": 1720900, 
        "day": 28, 
        "month": 4
    }
}