{
    "day": {
        "Adj Close": 24.453168, 
        "Close": 26.040001, 
        "Company": "MDLZ", 
        "Date": "2012-12-12", 
        "High": 26.200001, 
        "Low": 25.809999, 
        "Open": 26.07, 
        "Volume": 10581600, 
        "day": 12, 
        "month": 12
    }
}