{
    "day": {
        "Adj Close": 24.105714, 
        "Close": 25.67, 
        "Company": "MDLZ", 
        "Date": "2012-12-24", 
        "High": 25.799999, 
        "Low": 25.6, 
        "Open": 25.690001, 
        "Volume": 2637100, 
        "day": 24, 
        "month": 12
    }
}