{
    "day": {
        "Adj Close": 23.842776, 
        "Close": 25.389999, 
        "Company": "MDLZ", 
        "Date": "2012-12-26", 
        "High": 25.74, 
        "Low": 25.35, 
        "Open": 25.610001, 
        "Volume": 5194700, 
        "day": 26, 
        "month": 12
    }
}