{
    "day": {
        "Adj Close": 46.561381, 
        "Close": 46.939999, 
        "Company": "MDLZ", 
        "Date": "2015-10-22", 
        "High": 47.419998, 
        "Low": 45.59, 
        "Open": 45.59, 
        "Volume": 11052100, 
        "day": 4, 
        "week": 43
    }
}