{
    "day": {
        "Adj Close": 23.219999,
        "Close": 23.219999,
        "Company": "TCBI",
        "Date": "2006-03-21",
        "High": 23.48,
        "Low": 23.219999,
        "Open": 23.459999,
        "Volume": 64800,
        "day": 21,
        "month": 3
    }
}