{
    "day": {
        "Adj Close": 87.690002, 
        "Close": 87.690002, 
        "Company": "FANG", 
        "Date": "2014-06-24", 
        "High": 90.540001, 
        "Low": 87.150002, 
        "Open": 90.190002, 
        "Volume": 2265700, 
        "day": 2, 
        "week": 26
    }
}