{
    "day": {
        "Adj Close": 89.290001, 
        "Close": 89.290001, 
        "Company": "FANG", 
        "Date": "2014-06-26", 
        "High": 91.010002, 
        "Low": 87.699997, 
        "Open": 90.449997, 
        "Volume": 939200, 
        "day": 4, 
        "week": 26
    }
}