{
    "day": {
        "Adj Close": 43.709999,
        "Close": 43.709999,
        "Company": "TCBI",
        "Date": "2013-02-20",
        "High": 44.52,
        "Low": 43.68,
        "Open": 44.169998,
        "Volume": 413400,
        "day": 3,
        "week": 8
    }
}