{
    "day": {
        "Adj Close": 40.288991,
        "Close": 41.73,
        "Company": "LPLA",
        "Date": "2015-01-21",
        "High": 41.84,
        "Low": 40.560001,
        "Open": 41.02,
        "Volume": 614600,
        "day": 3,
        "week": 4
    }
}