{
    "day": {
        "Adj Close": 31.805482, 
        "Close": 36.380001, 
        "Company": "WBA", 
        "Date": "2010-02-01", 
        "High": 36.41, 
        "Low": 36.009998, 
        "Open": 36.290001, 
        "Volume": 6073200, 
        "day": 1, 
        "week": 5
    }
}