{
    "day": {
        "Adj Close": 14.975303, 
        "Close": 31.4, 
        "Company": "MDLZ", 
        "Date": "2004-09-22", 
        "High": 32.049999, 
        "Low": 31.16, 
        "Open": 32.0, 
        "Volume": 2270700, 
        "day": 3, 
        "week": 39
    }
}