{
    "day": {
        "Adj Close": 38.44886, 
        "Close": 45.939999, 
        "Company": "WBA", 
        "Date": "2005-11-15", 
        "High": 46.889999, 
        "Low": 45.790001, 
        "Open": 46.799999, 
        "Volume": 4066900, 
        "day": 2, 
        "week": 46
    }
}