{
    "day": {
        "Adj Close": 38.74179, 
        "Close": 46.290001, 
        "Company": "WBA", 
        "Date": "2005-11-16", 
        "High": 46.349998, 
        "Low": 45.700001, 
        "Open": 45.889999, 
        "Volume": 2370500, 
        "day": 3, 
        "week": 46
    }
}