{
    "day": {
        "Adj Close": 82.15291, 
        "Close": 87.220001, 
        "Company": "TROW", 
        "Date": "2014-12-22", 
        "High": 87.449997, 
        "Low": 86.540001, 
        "Open": 87.040001, 
        "Volume": 987400, 
        "day": 1, 
        "week": 52
    }
}