{
    "day": {
        "Adj Close": 82.50141, 
        "Close": 87.589996, 
        "Company": "TROW", 
        "Date": "2014-12-23", 
        "High": 88.529999, 
        "Low": 87.220001, 
        "Open": 87.650002, 
        "Volume": 1103300, 
        "day": 2, 
        "week": 52
    }
}