{
    "day": {
        "Adj Close": 3.651951, 
        "Close": 37.875038, 
        "Company": "WBA", 
        "Date": "1994-08-22", 
        "High": 38.124962, 
        "Low": 37.75, 
        "Open": 37.75, 
        "Volume": 1212000, 
        "day": 22, 
        "month": 8
    }
}