{
    "day": {
        "Adj Close": 3.455155, 
        "Close": 36.0, 
        "Company": "WBA", 
        "Date": "1994-08-09", 
        "High": 36.124962, 
        "Low": 35.875038, 
        "Open": 36.0, 
        "Volume": 1212000, 
        "day": 9, 
        "month": 8
    }
}