{
    "day": {
        "Adj Close": 16.992379, 
        "Close": 33.439999, 
        "Company": "MDLZ", 
        "Date": "2007-02-21", 
        "High": 33.810001, 
        "Low": 33.209999, 
        "Open": 33.799999, 
        "Volume": 4062700, 
        "day": 3, 
        "week": 8
    }
}