{
    "day": {
        "Adj Close": 11.265418, 
        "Close": 31.96876, 
        "Company": "TROW", 
        "Date": "1999-04-01", 
        "High": 34.5625, 
        "Low": 31.75, 
        "Open": 34.5625, 
        "Volume": 1675800, 
        "day": 1, 
        "month": 4
    }
}