{
    "day": {
        "Adj Close": 38.817008, 
        "Close": 41.150002, 
        "Company": "WBA", 
        "Date": "2013-02-15", 
        "High": 41.970001, 
        "Low": 41.009998, 
        "Open": 41.919998, 
        "Volume": 7522500, 
        "day": 5, 
        "week": 7
    }
}