{
    "day": {
        "Adj Close": 17.96922, 
        "Close": 46.689999, 
        "Company": "TROW", 
        "Date": "2004-07-13", 
        "High": 47.619999, 
        "Low": 46.529999, 
        "Open": 47.310001, 
        "Volume": 1563800, 
        "day": 2, 
        "week": 29
    }
}