{
    "day": {
        "Adj Close": 17.592056, 
        "Close": 45.709999, 
        "Company": "TROW", 
        "Date": "2004-07-15", 
        "High": 46.869999, 
        "Low": 45.610001, 
        "Open": 46.470001, 
        "Volume": 2194600, 
        "day": 4, 
        "week": 29
    }
}