{
    "day": {
        "Adj Close": 27.541971, 
        "Close": 29.860001, 
        "Company": "WBA", 
        "Date": "2012-07-02", 
        "High": 29.870001, 
        "Low": 29.35, 
        "Open": 29.690001, 
        "Volume": 8855400, 
        "day": 1, 
        "week": 27
    }
}