{
    "day": {
        "Adj Close": 27.320602, 
        "Close": 29.620001, 
        "Company": "WBA", 
        "Date": "2012-07-06", 
        "High": 29.76, 
        "Low": 29.41, 
        "Open": 29.639999, 
        "Volume": 7801000, 
        "day": 5, 
        "week": 27
    }
}