{
    "day": {
        "Adj Close": 16.891716, 
        "Close": 32.75, 
        "Company": "MDLZ", 
        "Date": "2007-07-31", 
        "High": 33.240002, 
        "Low": 32.57, 
        "Open": 33.240002, 
        "Volume": 21629200, 
        "day": 2, 
        "week": 31
    }
}