{
    "day": {
        "Adj Close": 0.872663, 
        "Close": 22.75008, 
        "Company": "TROW", 
        "Date": "1990-12-18", 
        "High": 23.24992, 
        "Low": 22.75008, 
        "Open": 23.0, 
        "Volume": 126400, 
        "day": 18, 
        "month": 12
    }
}