{
    "day": {
        "Adj Close": 0.93205, 
        "Close": 24.12496, 
        "Company": "TROW", 
        "Date": "1990-12-28", 
        "High": 24.24992, 
        "Low": 23.0, 
        "Open": 23.0, 
        "Volume": 804800, 
        "day": 28, 
        "month": 12
    }
}