{
    "day": {
        "Adj Close": 0.930195, 
        "Close": 24.24992, 
        "Company": "TROW", 
        "Date": "1990-12-05", 
        "High": 24.24992, 
        "Low": 22.75008, 
        "Open": 23.5, 
        "Volume": 528000, 
        "day": 5, 
        "month": 12
    }
}