{
    "day": {
        "Adj Close": 19.23,
        "Close": 19.23,
        "Company": "TCBI",
        "Date": "2010-05-05",
        "High": 19.469999,
        "Low": 18.91,
        "Open": 19.129999,
        "Volume": 196100,
        "day": 3,
        "week": 18
    }
}