{
    "day": {
        "Adj Close": 15.202841, 
        "Close": 31.5, 
        "Company": "MDLZ", 
        "Date": "2005-06-15", 
        "High": 31.879999, 
        "Low": 31.5, 
        "Open": 31.84, 
        "Volume": 1259900, 
        "day": 15, 
        "month": 6
    }
}