{
    "day": {
        "Adj Close": 15.2478, 
        "Close": 31.389999, 
        "Company": "MDLZ", 
        "Date": "2005-06-24", 
        "High": 31.709999, 
        "Low": 31.360001, 
        "Open": 31.639999, 
        "Volume": 1358700, 
        "day": 24, 
        "month": 6
    }
}