{
    "day": {
        "Adj Close": 15.296376, 
        "Close": 31.49, 
        "Company": "MDLZ", 
        "Date": "2005-06-27", 
        "High": 31.5, 
        "Low": 31.200001, 
        "Open": 31.299999, 
        "Volume": 1010100, 
        "day": 27, 
        "month": 6
    }
}