{
    "day": {
        "Adj Close": 15.50525, 
        "Close": 31.92, 
        "Company": "MDLZ", 
        "Date": "2005-06-28", 
        "High": 31.940001, 
        "Low": 31.530001, 
        "Open": 31.57, 
        "Volume": 1013500, 
        "day": 28, 
        "month": 6
    }
}