{
    "day": {
        "Adj Close": 62.975436, 
        "Close": 69.699997, 
        "Company": "TROW", 
        "Date": "2013-01-15", 
        "High": 69.739998, 
        "Low": 68.730003, 
        "Open": 69.330002, 
        "Volume": 1343800, 
        "day": 15, 
        "month": 1
    }
}