{
    "day": {
        "Adj Close": 62.821839, 
        "Close": 69.529999, 
        "Company": "TROW", 
        "Date": "2013-01-17", 
        "High": 69.949997, 
        "Low": 69.209999, 
        "Open": 69.269997, 
        "Volume": 1139900, 
        "day": 17, 
        "month": 1
    }
}