{
    "day": {
        "Adj Close": 36.058079, 
        "Close": 36.630001, 
        "Company": "MDLZ", 
        "Date": "2015-04-02", 
        "High": 36.669998, 
        "Low": 36.099998, 
        "Open": 36.299999, 
        "Volume": 11212700, 
        "day": 4, 
        "week": 14
    }
}