{
    "day": {
        "Adj Close": 1.037369, 
        "Close": 25.0, 
        "Company": "WBA", 
        "Date": "1985-08-12", 
        "High": 25.5, 
        "Low": 24.87504, 
        "Open": 25.5, 
        "Volume": 1548800, 
        "day": 12, 
        "month": 8
    }
}