{
    "day": {
        "Adj Close": 1.04774, 
        "Close": 25.24992, 
        "Company": "WBA", 
        "Date": "1985-08-29", 
        "High": 25.5, 
        "Low": 25.24992, 
        "Open": 25.37504, 
        "Volume": 958400, 
        "day": 29, 
        "month": 8
    }
}