{
    "day": {
        "Adj Close": 48.509998,
        "Close": 48.509998,
        "Company": "TCBI",
        "Date": "2015-02-13",
        "High": 48.700001,
        "Low": 47.639999,
        "Open": 47.860001,
        "Volume": 475500,
        "day": 5,
        "week": 7
    }
}