{
    "day": {
        "Adj Close": 45.406258, 
        "Close": 53.330002, 
        "Company": "TROW", 
        "Date": "2010-03-12", 
        "High": 53.73, 
        "Low": 52.830002, 
        "Open": 53.400002, 
        "Volume": 1320700, 
        "day": 12, 
        "month": 3
    }
}