{
    "day": {
        "Adj Close": 36.87382, 
        "Close": 44.119999, 
        "Company": "WBA", 
        "Date": "2005-10-11", 
        "High": 44.419998, 
        "Low": 43.860001, 
        "Open": 43.860001, 
        "Volume": 4264100, 
        "day": 2, 
        "week": 41
    }
}