{
    "day": {
        "Adj Close": 36.773529, 
        "Close": 44.0, 
        "Company": "WBA", 
        "Date": "2005-10-14", 
        "High": 44.080002, 
        "Low": 43.200001, 
        "Open": 43.209999, 
        "Volume": 2971300, 
        "day": 5, 
        "week": 41
    }
}