{
    "day": {
        "Adj Close": 81.527443, 
        "Close": 81.910004, 
        "Company": "WBA", 
        "Date": "2015-11-23", 
        "High": 82.400002, 
        "Low": 80.599998, 
        "Open": 81.620003, 
        "Volume": 4275900, 
        "day": 1, 
        "week": 48
    }
}