{
    "day": {
        "Adj Close": 17.885726, 
        "Close": 34.389999, 
        "Company": "MDLZ", 
        "Date": "2007-09-18", 
        "High": 34.400002, 
        "Low": 33.799999, 
        "Open": 33.919998, 
        "Volume": 7836800, 
        "day": 2, 
        "week": 38
    }
}