{
    "day": {
        "Adj Close": 33.700001,
        "Close": 33.700001,
        "Company": "TCBI",
        "Date": "2016-01-21",
        "High": 36.439999,
        "Low": 32.5,
        "Open": 32.740002,
        "Volume": 3439200,
        "day": 4,
        "week": 3
    }
}