{
    "day": {
        "Adj Close": 120.5, 
        "Close": 120.5, 
        "Company": "TSLA", 
        "Date": "2013-11-26", 
        "High": 122.720001, 
        "Low": 116.099998, 
        "Open": 119.379997, 
        "Volume": 13885500, 
        "day": 2, 
        "week": 48
    }
}