{
    "day": {
        "Adj Close": 259.940002, 
        "Close": 259.940002, 
        "Company": "TSLA", 
        "Date": "2014-08-18", 
        "High": 267.26001, 
        "Low": 259.75, 
        "Open": 263.25, 
        "Volume": 5849200, 
        "day": 1, 
        "week": 34
    }
}