{
    "day": {
        "Adj Close": 33.490002,
        "Close": 33.490002,
        "Company": "TCBI",
        "Date": "2012-02-21",
        "High": 33.580002,
        "Low": 32.599998,
        "Open": 33.0,
        "Volume": 478400,
        "day": 21,
        "month": 2
    }
}