{
    "day": {
        "Adj Close": 32.799999,
        "Close": 32.799999,
        "Company": "TCBI",
        "Date": "2012-02-24",
        "High": 33.84,
        "Low": 32.509998,
        "Open": 33.639999,
        "Volume": 599800,
        "day": 24,
        "month": 2
    }
}