{
    "day": {
        "Adj Close": 33.970001,
        "Close": 33.970001,
        "Company": "TCBI",
        "Date": "2012-02-28",
        "High": 34.18,
        "Low": 33.169998,
        "Open": 33.360001,
        "Volume": 661300,
        "day": 28,
        "month": 2
    }
}