{
    "day": {
        "Adj Close": 10.593873, 
        "Close": 28.42, 
        "Company": "TROW", 
        "Date": "2002-10-18", 
        "High": 28.620001, 
        "Low": 27.889999, 
        "Open": 28.01, 
        "Volume": 1443600, 
        "day": 5, 
        "week": 42
    }
}