{
    "day": {
        "Adj Close": 74.627096, 
        "Close": 79.230003, 
        "Company": "TROW", 
        "Date": "2015-01-28", 
        "High": 80.989998, 
        "Low": 79.199997, 
        "Open": 80.970001, 
        "Volume": 2831700, 
        "day": 3, 
        "week": 5
    }
}