{
    "day": {
        "Adj Close": 74.146722, 
        "Close": 78.720001, 
        "Company": "TROW", 
        "Date": "2015-01-30", 
        "High": 79.82, 
        "Low": 78.0, 
        "Open": 78.199997, 
        "Volume": 2856200, 
        "day": 5, 
        "week": 5
    }
}