{
    "day": {
        "Adj Close": 1.465851, 
        "Close": 34.875038, 
        "Company": "WBA", 
        "Date": "1986-06-10", 
        "High": 35.0, 
        "Low": 34.624962, 
        "Open": 35.0, 
        "Volume": 1209600, 
        "day": 2, 
        "week": 24
    }
}