{
    "day": {
        "Adj Close": 1.612961, 
        "Close": 38.375038, 
        "Company": "WBA", 
        "Date": "1986-06-13", 
        "High": 38.75008, 
        "Low": 38.0, 
        "Open": 38.0, 
        "Volume": 3134400, 
        "day": 5, 
        "week": 24
    }
}