{
    "day": {
        "Adj Close": 74.58004, 
        "Close": 74.93, 
        "Company": "WBA", 
        "Date": "2016-02-09", 
        "High": 75.690002, 
        "Low": 72.139999, 
        "Open": 72.550003, 
        "Volume": 7227400, 
        "day": 2, 
        "week": 6
    }
}