{
    "day": {
        "Adj Close": 76.72, 
        "Close": 77.080002, 
        "Company": "WBA", 
        "Date": "2016-02-12", 
        "High": 77.110001, 
        "Low": 75.839996, 
        "Open": 76.589996, 
        "Volume": 4213500, 
        "day": 5, 
        "week": 6
    }
}