{
    "day": {
        "Adj Close": 15.820606, 
        "Close": 32.779999, 
        "Company": "MDLZ", 
        "Date": "2005-04-01", 
        "High": 33.099998, 
        "Low": 32.630001, 
        "Open": 32.900002, 
        "Volume": 1544100, 
        "day": 5, 
        "week": 13
    }
}