{
    "day": {
        "Adj Close": 25.804173, 
        "Close": 31.48, 
        "Company": "WBA", 
        "Date": "2001-11-05", 
        "High": 31.889999, 
        "Low": 31.209999, 
        "Open": 31.65, 
        "Volume": 3070900, 
        "day": 1, 
        "week": 45
    }
}