{
    "day": {
        "Adj Close": 29.840245,
        "Close": 32.380001,
        "Company": "LPLA",
        "Date": "2012-05-31",
        "High": 32.470001,
        "Low": 31.4,
        "Open": 31.639999,
        "Volume": 537500,
        "day": 4,
        "week": 22
    }
}