{
    "day": {
        "Adj Close": 29.104027, 
        "Close": 33.290001, 
        "Company": "WBA", 
        "Date": "2010-02-08", 
        "High": 33.900002, 
        "Low": 33.27, 
        "Open": 33.900002, 
        "Volume": 11686000, 
        "day": 1, 
        "week": 6
    }
}