{
    "day": {
        "Adj Close": 29.475602, 
        "Close": 35.450001, 
        "Company": "WBA", 
        "Date": "2004-10-25", 
        "High": 35.650002, 
        "Low": 35.119999, 
        "Open": 35.5, 
        "Volume": 2821100, 
        "day": 25, 
        "month": 10
    }
}