{
    "day": {
        "Adj Close": 30.074258, 
        "Close": 36.169998, 
        "Company": "WBA", 
        "Date": "2004-10-27", 
        "High": 36.169998, 
        "Low": 35.389999, 
        "Open": 35.549999, 
        "Volume": 3353400, 
        "day": 27, 
        "month": 10
    }
}