{
    "day": {
        "Adj Close": 26.770673, 
        "Close": 32.529999, 
        "Company": "WBA", 
        "Date": "2002-10-09", 
        "High": 33.080002, 
        "Low": 32.209999, 
        "Open": 32.349998, 
        "Volume": 3274400, 
        "day": 3, 
        "week": 41
    }
}