{
    "day": {
        "Adj Close": 25.030001,
        "Close": 25.030001,
        "Company": "TCBI",
        "Date": "2011-09-14",
        "High": 25.34,
        "Low": 24.120001,
        "Open": 24.700001,
        "Volume": 225600,
        "day": 3,
        "week": 37
    }
}