{
    "day": {
        "Adj Close": 14.739718, 
        "Close": 31.290001, 
        "Company": "MDLZ", 
        "Date": "2004-04-15", 
        "High": 31.43, 
        "Low": 30.83, 
        "Open": 31.09, 
        "Volume": 1266400, 
        "day": 15, 
        "month": 4
    }
}