{
    "day": {
        "Adj Close": 15.521691, 
        "Close": 32.950001, 
        "Company": "MDLZ", 
        "Date": "2004-04-22", 
        "High": 33.110001, 
        "Low": 32.119999, 
        "Open": 32.200001, 
        "Volume": 2222500, 
        "day": 22, 
        "month": 4
    }
}