{
    "day": {
        "Adj Close": 15.502848, 
        "Close": 32.91, 
        "Company": "MDLZ", 
        "Date": "2004-04-30", 
        "High": 33.0, 
        "Low": 32.779999, 
        "Open": 32.959999, 
        "Volume": 1177500, 
        "day": 30, 
        "month": 4
    }
}