{
    "day": {
        "Adj Close": 51.681934, 
        "Close": 58.150002, 
        "Company": "TROW", 
        "Date": "2012-05-21", 
        "High": 58.18, 
        "Low": 56.630001, 
        "Open": 56.889999, 
        "Volume": 2241800, 
        "day": 21, 
        "month": 5
    }
}