{
    "day": {
        "Adj Close": 51.193109, 
        "Close": 57.599998, 
        "Company": "TROW", 
        "Date": "2012-05-23", 
        "High": 57.779999, 
        "Low": 56.82, 
        "Open": 57.48, 
        "Volume": 3126500, 
        "day": 23, 
        "month": 5
    }
}