{
    "day": {
        "Adj Close": 53.548348, 
        "Close": 60.25, 
        "Company": "TROW", 
        "Date": "2012-05-07", 
        "High": 60.57, 
        "Low": 59.720001, 
        "Open": 59.950001, 
        "Volume": 2270300, 
        "day": 7, 
        "month": 5
    }
}