{
    "day": {
        "Adj Close": 14.950743,
        "Close": 16.559999,
        "Company": "SUNS",
        "Date": "2015-04-13",
        "High": 16.700001,
        "Low": 16.52,
        "Open": 16.690001,
        "Volume": 28100,
        "day": 103,
        "year": 2015
    }
}