{
    "day": {
        "Adj Close": 14.887546,
        "Close": 16.49,
        "Company": "SUNS",
        "Date": "2015-04-14",
        "High": 16.700001,
        "Low": 16.43,
        "Open": 16.57,
        "Volume": 40700,
        "day": 104,
        "year": 2015
    }
}