{
    "day": {
        "Adj Close": 14.923294,
        "Close": 16.290001,
        "Company": "SUNS",
        "Date": "2015-06-01",
        "High": 16.290001,
        "Low": 16.1,
        "Open": 16.25,
        "Volume": 25000,
        "day": 152,
        "year": 2015
    }
}