{
    "day": {
        "Adj Close": 14.694268,
        "Close": 16.040001,
        "Company": "SUNS",
        "Date": "2015-06-09",
        "High": 16.200001,
        "Low": 15.8,
        "Open": 16.16,
        "Volume": 29500,
        "day": 160,
        "year": 2015
    }
}