{
    "day": {
        "Adj Close": 15.08819,
        "Close": 16.469999,
        "Company": "SUNS",
        "Date": "2015-06-18",
        "High": 16.48,
        "Low": 16.34,
        "Open": 16.41,
        "Volume": 39200,
        "day": 169,
        "year": 2015
    }
}