{
    "day": {
        "Adj Close": 14.996582,
        "Close": 16.370001,
        "Company": "SUNS",
        "Date": "2015-06-22",
        "High": 16.450001,
        "Low": 16.35,
        "Open": 16.4,
        "Volume": 32700,
        "day": 173,
        "year": 2015
    }
}