{
    "day": {
        "Adj Close": 14.869489,
        "Close": 16.469999,
        "Company": "SUNS",
        "Date": "2015-03-18",
        "High": 16.58,
        "Low": 16.219999,
        "Open": 16.219999,
        "Volume": 22500,
        "day": 77,
        "year": 2015
    }
}