{
    "day": {
        "Adj Close": 14.878517,
        "Close": 16.48,
        "Company": "SUNS",
        "Date": "2015-03-25",
        "High": 16.5,
        "Low": 16.379999,
        "Open": 16.5,
        "Volume": 28500,
        "day": 84,
        "year": 2015
    }
}