{
    "day": {
        "Adj Close": 1.458887, 
        "Close": 36.75008, 
        "Company": "TROW", 
        "Date": "1992-06-12", 
        "High": 37.0, 
        "Low": 36.5, 
        "Open": 37.0, 
        "Volume": 44800, 
        "day": 12, 
        "month": 6
    }
}