{
    "day": {
        "Adj Close": 1.436633, 
        "Close": 36.0, 
        "Company": "TROW", 
        "Date": "1992-06-26", 
        "High": 36.0, 
        "Low": 35.24992, 
        "Open": 36.0, 
        "Volume": 30400, 
        "day": 26, 
        "month": 6
    }
}