{
    "day": {
        "Adj Close": 1.448959, 
        "Close": 36.5, 
        "Company": "TROW", 
        "Date": "1992-06-08", 
        "High": 36.5, 
        "Low": 35.75008, 
        "Open": 35.75008, 
        "Volume": 84800, 
        "day": 8, 
        "month": 6
    }
}