{
    "day": {
        "Adj Close": 24.860001, 
        "Close": 24.860001, 
        "Company": "FANG", 
        "Date": "2013-03-14", 
        "High": 25.860001, 
        "Low": 24.219999, 
        "Open": 25.860001, 
        "Volume": 153000, 
        "day": 14, 
        "month": 3
    }
}