{
    "day": {
        "Adj Close": 12.274994, 
        "Close": 22.26, 
        "Company": "MDLZ", 
        "Date": "2009-04-24", 
        "High": 22.389999, 
        "Low": 22.16, 
        "Open": 22.370001, 
        "Volume": 9030000, 
        "day": 5, 
        "week": 17
    }
}