{
    "day": {
        "Adj Close": 50.383422, 
        "Close": 62.049999, 
        "Company": "TROW", 
        "Date": "2008-05-16", 
        "High": 63.700001, 
        "Low": 61.369999, 
        "Open": 63.439999, 
        "Volume": 2301800, 
        "day": 16, 
        "month": 5
    }
}