{
    "day": {
        "Adj Close": 47.362855, 
        "Close": 58.330002, 
        "Company": "TROW", 
        "Date": "2008-05-28", 
        "High": 59.060001, 
        "Low": 57.279999, 
        "Open": 58.209999, 
        "Volume": 1405900, 
        "day": 28, 
        "month": 5
    }
}