{
    "day": {
        "Adj Close": 49.977431, 
        "Close": 61.549999, 
        "Company": "TROW", 
        "Date": "2008-05-05", 
        "High": 62.450001, 
        "Low": 61.07, 
        "Open": 61.919998, 
        "Volume": 1214800, 
        "day": 5, 
        "month": 5
    }
}