{
    "day": {
        "Adj Close": 30.08, 
        "Close": 30.08, 
        "Company": "TSLA", 
        "Date": "2012-06-08", 
        "High": 30.190001, 
        "Low": 28.15, 
        "Open": 28.860001, 
        "Volume": 881100, 
        "day": 5, 
        "week": 23
    }
}