{
    "day": {
        "Adj Close": 30.649955, 
        "Close": 37.279999, 
        "Company": "WBA", 
        "Date": "2002-06-07", 
        "High": 37.52, 
        "Low": 36.650002, 
        "Open": 37.099998, 
        "Volume": 1478200, 
        "day": 5, 
        "week": 23
    }
}