{
    "day": {
        "Adj Close": 59.487843, 
        "Close": 65.839996, 
        "Company": "TROW", 
        "Date": "2012-12-17", 
        "High": 65.870003, 
        "Low": 64.010002, 
        "Open": 64.160004, 
        "Volume": 1767800, 
        "day": 1, 
        "week": 51
    }
}