{
    "day": {
        "Adj Close": 35.009998, 
        "Close": 35.009998, 
        "Company": "FANG", 
        "Date": "2013-06-18", 
        "High": 35.470001, 
        "Low": 33.200001, 
        "Open": 33.849998, 
        "Volume": 611200, 
        "day": 2, 
        "week": 25
    }
}