{
    "day": {
        "Adj Close": 166.580002, 
        "Close": 166.580002, 
        "Company": "TSLA", 
        "Date": "2016-02-19", 
        "High": 167.490005, 
        "Low": 162.5, 
        "Open": 163.660004, 
        "Volume": 2952900, 
        "day": 5, 
        "week": 7
    }
}