{
    "day": {
        "Adj Close": 25.98,
        "Close": 25.98,
        "Company": "LPLA",
        "Date": "2016-04-19",
        "High": 26.08,
        "Low": 25.440001,
        "Open": 25.690001,
        "Volume": 656500,
        "day": 19,
        "month": 4
    }
}