{
    "day": {
        "Adj Close": 29.621466,
        "Close": 34.119999,
        "Company": "LPLA",
        "Date": "2011-05-17",
        "High": 35.540001,
        "Low": 33.119999,
        "Open": 35.25,
        "Volume": 1614900,
        "day": 2,
        "week": 20
    }
}