{
    "day": {
        "Adj Close": 30.203132,
        "Close": 34.790001,
        "Company": "LPLA",
        "Date": "2011-05-19",
        "High": 35.07,
        "Low": 34.66,
        "Open": 34.950001,
        "Volume": 373100,
        "day": 4,
        "week": 20
    }
}