{
    "day": {
        "Adj Close": 22.040001,
        "Close": 22.040001,
        "Company": "TCBI",
        "Date": "2007-09-04",
        "High": 22.27,
        "Low": 21.65,
        "Open": 21.690001,
        "Volume": 47500,
        "day": 4,
        "month": 9
    }
}