{
    "day": {
        "Adj Close": 14.560712, 
        "Close": 30.91, 
        "Company": "MDLZ", 
        "Date": "2004-05-17", 
        "High": 31.030001, 
        "Low": 30.709999, 
        "Open": 30.950001, 
        "Volume": 1232000, 
        "day": 138, 
        "year": 2004
    }
}