{
    "day": {
        "Adj Close": 14.793231, 
        "Close": 31.57, 
        "Company": "MDLZ", 
        "Date": "2004-01-14", 
        "High": 31.59, 
        "Low": 31.209999, 
        "Open": 31.299999, 
        "Volume": 1006100, 
        "day": 14, 
        "year": 2004
    }
}