{
    "day": {
        "Adj Close": 14.358152, 
        "Close": 30.48, 
        "Company": "MDLZ", 
        "Date": "2004-05-19", 
        "High": 30.790001, 
        "Low": 30.450001, 
        "Open": 30.780001, 
        "Volume": 1473100, 
        "day": 140, 
        "year": 2004
    }
}