{
    "day": {
        "Adj Close": 14.155593, 
        "Close": 30.049999, 
        "Company": "MDLZ", 
        "Date": "2004-06-02", 
        "High": 30.15, 
        "Low": 29.940001, 
        "Open": 30.02, 
        "Volume": 1103500, 
        "day": 154, 
        "year": 2004
    }
}