{
    "day": {
        "Adj Close": 14.395838, 
        "Close": 30.559999, 
        "Company": "MDLZ", 
        "Date": "2004-06-08", 
        "High": 30.629999, 
        "Low": 30.49, 
        "Open": 30.540001, 
        "Volume": 653700, 
        "day": 160, 
        "year": 2004
    }
}