{
    "day": {
        "Adj Close": 14.372285, 
        "Close": 30.51, 
        "Company": "MDLZ", 
        "Date": "2004-06-09", 
        "High": 30.73, 
        "Low": 30.459999, 
        "Open": 30.549999, 
        "Volume": 982400, 
        "day": 161, 
        "year": 2004
    }
}