{
    "day": {
        "Adj Close": 14.593686, 
        "Close": 30.98, 
        "Company": "MDLZ", 
        "Date": "2004-06-10", 
        "High": 31.129999, 
        "Low": 30.379999, 
        "Open": 30.379999, 
        "Volume": 2377700, 
        "day": 162, 
        "year": 2004
    }
}