{
    "day": {
        "Adj Close": 14.584321, 
        "Close": 30.780001, 
        "Company": "MDLZ", 
        "Date": "2004-06-23", 
        "High": 30.82, 
        "Low": 30.200001, 
        "Open": 30.709999, 
        "Volume": 2149100, 
        "day": 175, 
        "year": 2004
    }
}