{
    "day": {
        "Adj Close": 14.773851, 
        "Close": 31.18, 
        "Company": "MDLZ", 
        "Date": "2004-07-01", 
        "High": 31.610001, 
        "Low": 31.059999, 
        "Open": 31.6, 
        "Volume": 1994300, 
        "day": 183, 
        "year": 2004
    }
}