{
    "day": {
        "Adj Close": 14.726468, 
        "Close": 31.08, 
        "Company": "MDLZ", 
        "Date": "2004-07-13", 
        "High": 31.299999, 
        "Low": 30.799999, 
        "Open": 31.299999, 
        "Volume": 1089200, 
        "day": 195, 
        "year": 2004
    }
}