{
    "day": {
        "Adj Close": 14.754897, 
        "Close": 31.139999, 
        "Company": "MDLZ", 
        "Date": "2004-07-22", 
        "High": 31.41, 
        "Low": 30.950001, 
        "Open": 31.309999, 
        "Volume": 1460100, 
        "day": 204, 
        "year": 2004
    }
}