{
    "day": {
        "Adj Close": 14.456388, 
        "Close": 30.51, 
        "Company": "MDLZ", 
        "Date": "2004-07-23", 
        "High": 31.110001, 
        "Low": 30.51, 
        "Open": 31.07, 
        "Volume": 1092200, 
        "day": 205, 
        "year": 2004
    }
}