{
    "day": {
        "Adj Close": 14.499033, 
        "Close": 30.6, 
        "Company": "MDLZ", 
        "Date": "2004-07-27", 
        "High": 30.799999, 
        "Low": 30.41, 
        "Open": 30.6, 
        "Volume": 1132400, 
        "day": 209, 
        "year": 2004
    }
}