{
    "day": {
        "Adj Close": 14.238429, 
        "Close": 30.049999, 
        "Company": "MDLZ", 
        "Date": "2004-08-04", 
        "High": 30.18, 
        "Low": 29.98, 
        "Open": 30.15, 
        "Volume": 2175700, 
        "day": 217, 
        "year": 2004
    }
}