{
    "day": {
        "Adj Close": 14.063114, 
        "Close": 29.68, 
        "Company": "MDLZ", 
        "Date": "2004-08-06", 
        "High": 29.889999, 
        "Low": 29.65, 
        "Open": 29.790001, 
        "Volume": 2673900, 
        "day": 219, 
        "year": 2004
    }
}