{
    "day": {
        "Adj Close": 14.148403, 
        "Close": 29.860001, 
        "Company": "MDLZ", 
        "Date": "2004-08-13", 
        "High": 29.950001, 
        "Low": 29.75, 
        "Open": 29.879999, 
        "Volume": 1281500, 
        "day": 226, 
        "year": 2004
    }
}