{
    "day": {
        "Adj Close": 14.873354, 
        "Close": 31.389999, 
        "Company": "MDLZ", 
        "Date": "2004-08-20", 
        "High": 31.389999, 
        "Low": 30.85, 
        "Open": 30.879999, 
        "Volume": 2157700, 
        "day": 233, 
        "year": 2004
    }
}