{
    "day": {
        "Adj Close": 14.778589, 
        "Close": 31.190001, 
        "Company": "MDLZ", 
        "Date": "2004-08-30", 
        "High": 31.4, 
        "Low": 31.049999, 
        "Open": 31.4, 
        "Volume": 811800, 
        "day": 243, 
        "year": 2004
    }
}