{
    "day": {
        "Adj Close": 15.509454, 
        "Close": 32.52, 
        "Company": "MDLZ", 
        "Date": "2004-09-17", 
        "High": 32.549999, 
        "Low": 32.029999, 
        "Open": 32.029999, 
        "Volume": 2747800, 
        "day": 261, 
        "year": 2004
    }
}