{
    "day": {
        "Adj Close": 15.003918, 
        "Close": 31.459999, 
        "Company": "MDLZ", 
        "Date": "2004-09-24", 
        "High": 31.549999, 
        "Low": 31.219999, 
        "Open": 31.549999, 
        "Volume": 1178500, 
        "day": 268, 
        "year": 2004
    }
}