{
    "day": {
        "Adj Close": 15.061149, 
        "Close": 31.58, 
        "Company": "MDLZ", 
        "Date": "2004-10-07", 
        "High": 31.92, 
        "Low": 31.549999, 
        "Open": 31.799999, 
        "Volume": 771800, 
        "day": 281, 
        "year": 2004
    }
}