{
    "day": {
        "Adj Close": 14.937149, 
        "Close": 31.32, 
        "Company": "MDLZ", 
        "Date": "2004-10-13", 
        "High": 31.32, 
        "Low": 31.059999, 
        "Open": 31.16, 
        "Volume": 1009800, 
        "day": 287, 
        "year": 2004
    }
}