{
    "day": {
        "Adj Close": 15.093125, 
        "Close": 32.209999, 
        "Company": "MDLZ", 
        "Date": "2004-01-30", 
        "High": 32.610001, 
        "Low": 32.060001, 
        "Open": 32.34, 
        "Volume": 1200900, 
        "day": 30, 
        "year": 2004
    }
}