{
    "day": {
        "Adj Close": 16.634987, 
        "Close": 34.880001, 
        "Company": "MDLZ", 
        "Date": "2004-11-12", 
        "High": 34.990002, 
        "Low": 34.689999, 
        "Open": 34.900002, 
        "Volume": 2879700, 
        "day": 317, 
        "year": 2004
    }
}