{
    "day": {
        "Adj Close": 16.601603, 
        "Close": 34.810001, 
        "Company": "MDLZ", 
        "Date": "2004-11-26", 
        "High": 34.950001, 
        "Low": 34.459999, 
        "Open": 34.459999, 
        "Volume": 471300, 
        "day": 331, 
        "year": 2004
    }
}