{
    "day": {
        "Adj Close": 16.477602, 
        "Close": 34.549999, 
        "Company": "MDLZ", 
        "Date": "2004-12-09", 
        "High": 34.66, 
        "Low": 34.139999, 
        "Open": 34.330002, 
        "Volume": 1066300, 
        "day": 344, 
        "year": 2004
    }
}