{
    "day": {
        "Adj Close": 17.126215, 
        "Close": 35.91, 
        "Company": "MDLZ", 
        "Date": "2004-12-17", 
        "High": 35.98, 
        "Low": 35.599998, 
        "Open": 35.66, 
        "Volume": 2928000, 
        "day": 352, 
        "year": 2004
    }
}