{
    "day": {
        "Adj Close": 15.791317, 
        "Close": 33.700001, 
        "Company": "MDLZ", 
        "Date": "2004-02-05", 
        "High": 33.709999, 
        "Low": 33.299999, 
        "Open": 33.34, 
        "Volume": 1822100, 
        "day": 36, 
        "year": 2004
    }
}