{
    "day": {
        "Adj Close": 15.557025, 
        "Close": 33.200001, 
        "Company": "MDLZ", 
        "Date": "2004-02-20", 
        "High": 33.299999, 
        "Low": 33.049999, 
        "Open": 33.25, 
        "Volume": 1197900, 
        "day": 51, 
        "year": 2004
    }
}