{
    "day": {
        "Adj Close": 15.580454, 
        "Close": 33.25, 
        "Company": "MDLZ", 
        "Date": "2004-02-24", 
        "High": 33.349998, 
        "Low": 33.02, 
        "Open": 33.049999, 
        "Volume": 1160200, 
        "day": 55, 
        "year": 2004
    }
}