{
    "day": {
        "Adj Close": 16.034982, 
        "Close": 34.220001, 
        "Company": "MDLZ", 
        "Date": "2004-03-01", 
        "High": 34.48, 
        "Low": 33.709999, 
        "Open": 33.709999, 
        "Volume": 1339400, 
        "day": 61, 
        "year": 2004
    }
}