{
    "day": {
        "Adj Close": 15.931893, 
        "Close": 34.0, 
        "Company": "MDLZ", 
        "Date": "2004-03-02", 
        "High": 34.700001, 
        "Low": 33.98, 
        "Open": 34.34, 
        "Volume": 1348200, 
        "day": 62, 
        "year": 2004
    }
}