{
    "day": {
        "Adj Close": 15.706972, 
        "Close": 33.52, 
        "Company": "MDLZ", 
        "Date": "2004-03-04", 
        "High": 33.830002, 
        "Low": 33.419998, 
        "Open": 33.599998, 
        "Volume": 1133200, 
        "day": 64, 
        "year": 2004
    }
}