{
    "day": {
        "Adj Close": 15.488716, 
        "Close": 32.880001, 
        "Company": "MDLZ", 
        "Date": "2004-03-17", 
        "High": 32.880001, 
        "Low": 32.299999, 
        "Open": 32.380001, 
        "Volume": 689400, 
        "day": 77, 
        "year": 2004
    }
}