{
    "day": {
        "Adj Close": 14.838642, 
        "Close": 31.5, 
        "Company": "MDLZ", 
        "Date": "2004-04-07", 
        "High": 32.080002, 
        "Low": 31.5, 
        "Open": 31.950001, 
        "Volume": 1486400, 
        "day": 98, 
        "year": 2004
    }
}