{
    "day": {
        "Adj Close": 187.589996, 
        "Close": 187.589996, 
        "Company": "TSLA", 
        "Date": "2015-04-01", 
        "High": 192.300003, 
        "Low": 186.050003, 
        "Open": 188.699997, 
        "Volume": 3794600, 
        "day": 1, 
        "month": 4
    }
}