{
    "day": {
        "Adj Close": 32.427833, 
        "Close": 39.48, 
        "Company": "WBA", 
        "Date": "2002-04-09", 
        "High": 39.939999, 
        "Low": 39.18, 
        "Open": 39.900002, 
        "Volume": 2099800, 
        "day": 2, 
        "week": 15
    }
}