{
    "day": {
        "Adj Close": 12.250594,
        "Close": 16.959999,
        "Company": "SUNS",
        "Date": "2012-07-12",
        "High": 17.049999,
        "Low": 16.75,
        "Open": 16.75,
        "Volume": 22200,
        "day": 4,
        "week": 28
    }
}