{
    "day": {
        "Adj Close": 10.007568, 
        "Close": 28.21876, 
        "Company": "TROW", 
        "Date": "1999-10-04", 
        "High": 28.21876, 
        "Low": 26.625, 
        "Open": 26.875, 
        "Volume": 747200, 
        "day": 4, 
        "month": 10
    }
}