{
    "day": {
        "Adj Close": 20.809999,
        "Close": 20.809999,
        "Company": "TCBI",
        "Date": "2010-04-22",
        "High": 21.17,
        "Low": 19.719999,
        "Open": 20.209999,
        "Volume": 593700,
        "day": 112,
        "year": 2010
    }
}