{
    "day": {
        "Adj Close": 19.99,
        "Close": 19.99,
        "Company": "TCBI",
        "Date": "2010-05-03",
        "High": 20.129999,
        "Low": 19.709999,
        "Open": 20.129999,
        "Volume": 222100,
        "day": 123,
        "year": 2010
    }
}