{
    "day": {
        "Adj Close": 17.469999,
        "Close": 17.469999,
        "Company": "TCBI",
        "Date": "2010-06-24",
        "High": 18.040001,
        "Low": 17.459999,
        "Open": 17.9,
        "Volume": 129300,
        "day": 175,
        "year": 2010
    }
}