{
    "day": {
        "Adj Close": 18.790001,
        "Close": 18.790001,
        "Company": "TCBI",
        "Date": "2010-07-13",
        "High": 18.84,
        "Low": 18.15,
        "Open": 18.15,
        "Volume": 228600,
        "day": 194,
        "year": 2010
    }
}