{
    "day": {
        "Adj Close": 16.84,
        "Close": 16.84,
        "Company": "TCBI",
        "Date": "2010-08-06",
        "High": 16.889999,
        "Low": 16.4,
        "Open": 16.709999,
        "Volume": 192500,
        "day": 218,
        "year": 2010
    }
}