{
    "day": {
        "Adj Close": 16.110001,
        "Close": 16.110001,
        "Company": "TCBI",
        "Date": "2010-08-13",
        "High": 16.389999,
        "Low": 16.08,
        "Open": 16.26,
        "Volume": 260500,
        "day": 225,
        "year": 2010
    }
}