{
    "day": {
        "Adj Close": 16.290001,
        "Close": 16.290001,
        "Company": "TCBI",
        "Date": "2010-08-16",
        "High": 16.370001,
        "Low": 15.76,
        "Open": 16.0,
        "Volume": 127800,
        "day": 228,
        "year": 2010
    }
}