{
    "day": {
        "Adj Close": 16.549999,
        "Close": 16.549999,
        "Company": "TCBI",
        "Date": "2010-08-18",
        "High": 16.719999,
        "Low": 16.24,
        "Open": 16.379999,
        "Volume": 109800,
        "day": 230,
        "year": 2010
    }
}