{
    "day": {
        "Adj Close": 16.85,
        "Close": 16.85,
        "Company": "TCBI",
        "Date": "2010-01-29",
        "High": 17.200001,
        "Low": 16.559999,
        "Open": 16.639999,
        "Volume": 558600,
        "day": 29,
        "year": 2010
    }
}