{
    "day": {
        "Adj Close": 18.540001,
        "Close": 18.540001,
        "Company": "TCBI",
        "Date": "2010-10-21",
        "High": 18.860001,
        "Low": 17.639999,
        "Open": 17.639999,
        "Volume": 627400,
        "day": 294,
        "year": 2010
    }
}