{
    "day": {
        "Adj Close": 18.809999,
        "Close": 18.809999,
        "Company": "TCBI",
        "Date": "2010-11-03",
        "High": 18.809999,
        "Low": 18.23,
        "Open": 18.27,
        "Volume": 175600,
        "day": 307,
        "year": 2010
    }
}