{
    "day": {
        "Adj Close": 19.57,
        "Close": 19.57,
        "Company": "TCBI",
        "Date": "2010-11-08",
        "High": 19.889999,
        "Low": 19.459999,
        "Open": 19.889999,
        "Volume": 113000,
        "day": 312,
        "year": 2010
    }
}