{
    "day": {
        "Adj Close": 19.25,
        "Close": 19.25,
        "Company": "TCBI",
        "Date": "2010-11-15",
        "High": 19.5,
        "Low": 18.870001,
        "Open": 19.049999,
        "Volume": 99600,
        "day": 319,
        "year": 2010
    }
}