{
    "day": {
        "Adj Close": 21.709999,
        "Close": 21.709999,
        "Company": "TCBI",
        "Date": "2010-12-21",
        "High": 21.780001,
        "Low": 20.92,
        "Open": 20.950001,
        "Volume": 396700,
        "day": 355,
        "year": 2010
    }
}