{
    "day": {
        "Adj Close": 16.809999,
        "Close": 16.809999,
        "Company": "TCBI",
        "Date": "2010-02-11",
        "High": 17.08,
        "Low": 16.67,
        "Open": 17.01,
        "Volume": 168600,
        "day": 42,
        "year": 2010
    }
}