{
    "day": {
        "Adj Close": 18.969999,
        "Close": 18.969999,
        "Company": "TCBI",
        "Date": "2010-03-23",
        "High": 19.27,
        "Low": 18.82,
        "Open": 19.200001,
        "Volume": 224400,
        "day": 82,
        "year": 2010
    }
}