{
    "day": {
        "Adj Close": 18.940001,
        "Close": 18.940001,
        "Company": "TCBI",
        "Date": "2010-03-24",
        "High": 19.129999,
        "Low": 18.790001,
        "Open": 18.93,
        "Volume": 238500,
        "day": 83,
        "year": 2010
    }
}