{
    "day": {
        "Adj Close": 19.059999,
        "Close": 19.059999,
        "Company": "TCBI",
        "Date": "2010-04-01",
        "High": 19.09,
        "Low": 18.82,
        "Open": 19.040001,
        "Volume": 114200,
        "day": 91,
        "year": 2010
    }
}