{
    "day": {
        "Adj Close": 19.629999,
        "Close": 19.629999,
        "Company": "TCBI",
        "Date": "2010-04-09",
        "High": 19.959999,
        "Low": 19.450001,
        "Open": 19.48,
        "Volume": 155000,
        "day": 99,
        "year": 2010
    }
}