{
    "day": {
        "Adj Close": 1.947506, 
        "Close": 43.624962, 
        "Company": "WBA", 
        "Date": "1989-11-16", 
        "High": 43.624962, 
        "Low": 42.624962, 
        "Open": 42.624962, 
        "Volume": 2342400, 
        "day": 4, 
        "week": 46
    }
}