{
    "day": {
        "Adj Close": 15.767517, 
        "Close": 32.669998, 
        "Company": "MDLZ", 
        "Date": "2005-05-17", 
        "High": 32.810001, 
        "Low": 32.52, 
        "Open": 32.57, 
        "Volume": 842100, 
        "day": 2, 
        "week": 20
    }
}