{
    "day": {
        "Adj Close": 82.662118, 
        "Close": 83.050003, 
        "Company": "WBA", 
        "Date": "2016-01-04", 
        "High": 83.769997, 
        "Low": 82.120003, 
        "Open": 83.699997, 
        "Volume": 6347600, 
        "day": 1, 
        "week": 1
    }
}