{
    "day": {
        "Adj Close": 80.492299, 
        "Close": 80.870003, 
        "Company": "WBA", 
        "Date": "2016-01-05", 
        "High": 83.080002, 
        "Low": 80.830002, 
        "Open": 82.790001, 
        "Volume": 7603100, 
        "day": 2, 
        "week": 1
    }
}