{
    "day": {
        "Adj Close": 75.255304, 
        "Close": 76.379997, 
        "Company": "TROW", 
        "Date": "2015-11-19", 
        "High": 76.480003, 
        "Low": 76.010002, 
        "Open": 76.379997, 
        "Volume": 716400, 
        "day": 19, 
        "month": 11
    }
}