{
    "day": {
        "Adj Close": 75.797208, 
        "Close": 76.93, 
        "Company": "TROW", 
        "Date": "2015-11-06", 
        "High": 77.709999, 
        "Low": 76.419998, 
        "Open": 77.169998, 
        "Volume": 929900, 
        "day": 6, 
        "month": 11
    }
}