{
    "day": {
        "Adj Close": 17.01,
        "Close": 17.01,
        "Company": "TCBI",
        "Date": "2008-03-26",
        "High": 17.389999,
        "Low": 16.85,
        "Open": 17.299999,
        "Volume": 152500,
        "day": 26,
        "month": 3
    }
}