{
    "day": {
        "Adj Close": 16.700001,
        "Close": 16.700001,
        "Company": "TCBI",
        "Date": "2008-06-16",
        "High": 16.83,
        "Low": 16.25,
        "Open": 16.25,
        "Volume": 116800,
        "day": 1,
        "week": 25
    }
}