{
    "day": {
        "Adj Close": 3.336169, 
        "Close": 35.875038, 
        "Company": "WBA", 
        "Date": "1992-08-04", 
        "High": 35.875038, 
        "Low": 35.624962, 
        "Open": 35.875038, 
        "Volume": 849600, 
        "day": 2, 
        "week": 32
    }
}