{
    "day": {
        "Adj Close": 143.240005, 
        "Close": 143.240005, 
        "Company": "TSLA", 
        "Date": "2013-12-20", 
        "High": 144.350006, 
        "Low": 141.580002, 
        "Open": 141.580002, 
        "Volume": 7412600, 
        "day": 5, 
        "week": 51
    }
}