{
    "day": {
        "Adj Close": 9.378671, 
        "Close": 25.16, 
        "Company": "TROW", 
        "Date": "2002-10-02", 
        "High": 26.17, 
        "Low": 25.120001, 
        "Open": 26.0, 
        "Volume": 3071000, 
        "day": 3, 
        "week": 40
    }
}