{
    "week": {
        "Company": "WBA", 
        "adj close": 29.575008, 
        "close": 35.709999, 
        "days": [
            {
                "Adj Close": 29.575008, 
                "Close": 35.709999, 
                "Company": "WBA", 
                "Date": "2004-01-02", 
                "High": 36.759998, 
                "Low": 35.639999, 
                "Open": 36.43, 
                "Volume": 2254300, 
                "day": 5, 
                "week": 1
            }
        ], 
        "first": 0, 
        "high": 36.759998, 
        "last": 5, 
        "low": 35.639999, 
        "open": 0, 
        "volume": 2254300, 
        "week": 1, 
        "year": 2004
    }
}