{
    "day": {
        "Adj Close": 22.167367, 
        "Close": 56.959999, 
        "Company": "TROW", 
        "Date": "2005-05-12", 
        "High": 58.18, 
        "Low": 56.849998, 
        "Open": 57.669998, 
        "Volume": 1158200, 
        "day": 12, 
        "month": 5
    }
}