{
    "day": {
        "Adj Close": 21.926079, 
        "Close": 56.34, 
        "Company": "TROW", 
        "Date": "2005-05-13", 
        "High": 57.25, 
        "Low": 56.0, 
        "Open": 57.080002, 
        "Volume": 1046000, 
        "day": 13, 
        "month": 5
    }
}