{
    "day": {
        "Adj Close": 23.007983, 
        "Close": 59.119999, 
        "Company": "TROW", 
        "Date": "2005-05-18", 
        "High": 59.900002, 
        "Low": 58.380001, 
        "Open": 58.43, 
        "Volume": 1703000, 
        "day": 18, 
        "month": 5
    }
}