{
    "day": {
        "Adj Close": 23.070251, 
        "Close": 59.279999, 
        "Company": "TROW", 
        "Date": "2005-05-24", 
        "High": 59.759998, 
        "Low": 58.93, 
        "Open": 59.720001, 
        "Volume": 978000, 
        "day": 24, 
        "month": 5
    }
}