{
    "day": {
        "Adj Close": 21.785976, 
        "Close": 55.98, 
        "Company": "TROW", 
        "Date": "2005-05-03", 
        "High": 56.549999, 
        "Low": 54.98, 
        "Open": 55.07, 
        "Volume": 1770000, 
        "day": 3, 
        "month": 5
    }
}