{
    "day": {
        "Adj Close": 23.218138, 
        "Close": 59.66, 
        "Company": "TROW", 
        "Date": "2005-05-31", 
        "High": 59.790001, 
        "Low": 59.07, 
        "Open": 59.48, 
        "Volume": 995000, 
        "day": 31, 
        "month": 5
    }
}