{
    "day": {
        "Adj Close": 29.525968,
        "Close": 34.009998,
        "Company": "LPLA",
        "Date": "2011-01-20",
        "High": 34.299999,
        "Low": 33.68,
        "Open": 34.029999,
        "Volume": 113400,
        "day": 4,
        "week": 3
    }
}