{
    "day": {
        "Adj Close": 29.69092,
        "Close": 34.200001,
        "Company": "LPLA",
        "Date": "2011-01-21",
        "High": 34.400002,
        "Low": 33.66,
        "Open": 34.310001,
        "Volume": 161400,
        "day": 5,
        "week": 3
    }
}