{
    "day": {
        "Adj Close": 14.544474,
        "Close": 16.110001,
        "Company": "SUNS",
        "Date": "2015-03-31",
        "High": 16.6,
        "Low": 16.110001,
        "Open": 16.440001,
        "Volume": 138900,
        "day": 2,
        "week": 14
    }
}