{
    "day": {
        "Adj Close": 3.615789, 
        "Close": 37.5, 
        "Company": "WBA", 
        "Date": "1994-08-18", 
        "High": 37.875038, 
        "Low": 37.375038, 
        "Open": 37.375038, 
        "Volume": 1157600, 
        "day": 4, 
        "week": 33
    }
}