{
    "day": {
        "Adj Close": 14.868326,
        "Close": 16.23,
        "Company": "SUNS",
        "Date": "2015-05-20",
        "High": 16.370001,
        "Low": 16.030001,
        "Open": 16.129999,
        "Volume": 48300,
        "day": 3,
        "week": 21
    }
}