{
    "day": {
        "Adj Close": 44.674036, 
        "Close": 52.470001, 
        "Company": "TROW", 
        "Date": "2010-05-14", 
        "High": 53.240002, 
        "Low": 51.990002, 
        "Open": 53.240002, 
        "Volume": 2448600, 
        "day": 5, 
        "week": 19
    }
}