{
    "day": {
        "Adj Close": 28.540001, 
        "Close": 28.540001, 
        "Company": "FANG", 
        "Date": "2013-05-07", 
        "High": 28.809999, 
        "Low": 27.879999, 
        "Open": 28.709999, 
        "Volume": 264200, 
        "day": 2, 
        "week": 19
    }
}