{
    "day": {
        "Adj Close": 26.796308, 
        "Close": 31.389999, 
        "Company": "WBA", 
        "Date": "2008-07-02", 
        "High": 32.470001, 
        "Low": 31.34, 
        "Open": 32.470001, 
        "Volume": 12544100, 
        "day": 3, 
        "week": 27
    }
}