{
    "day": {
        "Adj Close": 1.799809, 
        "Close": 44.24992, 
        "Company": "TROW", 
        "Date": "1993-06-18", 
        "High": 44.5, 
        "Low": 44.0, 
        "Open": 44.5, 
        "Volume": 206400, 
        "day": 18, 
        "month": 6
    }
}