{
    "day": {
        "Adj Close": 1.862159, 
        "Close": 46.0, 
        "Company": "TROW", 
        "Date": "1993-06-03", 
        "High": 46.0, 
        "Low": 45.24992, 
        "Open": 45.24992, 
        "Volume": 308800, 
        "day": 3, 
        "month": 6
    }
}