{
    "day": {
        "Adj Close": 33.481612, 
        "Close": 36.02, 
        "Company": "WBA", 
        "Date": "2012-09-13", 
        "High": 36.02, 
        "Low": 35.279999, 
        "Open": 35.380001, 
        "Volume": 5766600, 
        "day": 4, 
        "week": 37
    }
}