{
    "day": {
        "Adj Close": 60.669998,
        "Close": 60.669998,
        "Company": "TCBI",
        "Date": "2014-01-03",
        "High": 61.709999,
        "Low": 60.509998,
        "Open": 61.23,
        "Volume": 510200,
        "day": 5,
        "week": 1
    }
}