{
    "day": {
        "Adj Close": 64.646994, 
        "Close": 70.830002, 
        "Company": "TROW", 
        "Date": "2013-09-04", 
        "High": 71.269997, 
        "Low": 70.339996, 
        "Open": 70.879997, 
        "Volume": 1354500, 
        "day": 3, 
        "week": 36
    }
}