{
    "day": {
        "Adj Close": 64.546596, 
        "Close": 70.720001, 
        "Company": "TROW", 
        "Date": "2013-09-06", 
        "High": 71.260002, 
        "Low": 69.900002, 
        "Open": 71.230003, 
        "Volume": 1053500, 
        "day": 5, 
        "week": 36
    }
}