{
    "day": {
        "Adj Close": 37.494225, 
        "Close": 40.009998, 
        "Company": "WBA", 
        "Date": "2013-02-04", 
        "High": 40.330002, 
        "Low": 39.93, 
        "Open": 40.080002, 
        "Volume": 5144700, 
        "day": 1, 
        "week": 6
    }
}