{
    "day": {
        "Adj Close": 38.731229, 
        "Close": 41.330002, 
        "Company": "WBA", 
        "Date": "2013-02-05", 
        "High": 41.610001, 
        "Low": 40.330002, 
        "Open": 40.380001, 
        "Volume": 7892400, 
        "day": 2, 
        "week": 6
    }
}