{
    "day": {
        "Adj Close": 30.99, 
        "Close": 30.99, 
        "Company": "TSLA", 
        "Date": "2010-11-19", 
        "High": 31.370001, 
        "Low": 29.700001, 
        "Open": 30.16, 
        "Volume": 1150500, 
        "day": 5, 
        "week": 46
    }
}