{
    "day": {
        "Adj Close": 51.81783, 
        "Close": 64.370003, 
        "Company": "TROW", 
        "Date": "2007-11-14", 
        "High": 65.279999, 
        "Low": 63.34, 
        "Open": 63.75, 
        "Volume": 2575500, 
        "day": 3, 
        "week": 46
    }
}