{
    "day": {
        "Adj Close": 17.643393, 
        "Close": 38.630001, 
        "Company": "MDLZ", 
        "Date": "2002-10-17", 
        "High": 39.799999, 
        "Low": 38.5, 
        "Open": 39.799999, 
        "Volume": 1860800, 
        "day": 17, 
        "month": 10
    }
}