{
    "day": {
        "Adj Close": 17.337385, 
        "Close": 37.959999, 
        "Company": "MDLZ", 
        "Date": "2002-10-29", 
        "High": 38.450001, 
        "Low": 37.599998, 
        "Open": 37.599998, 
        "Volume": 1810100, 
        "day": 29, 
        "month": 10
    }
}