{
    "day": {
        "Adj Close": 16.880657, 
        "Close": 36.959999, 
        "Company": "MDLZ", 
        "Date": "2002-10-04", 
        "High": 37.759998, 
        "Low": 36.799999, 
        "Open": 37.0, 
        "Volume": 3377400, 
        "day": 4, 
        "month": 10
    }
}