{
    "day": {
        "Adj Close": 23.1,
        "Close": 23.1,
        "Company": "TCBI",
        "Date": "2006-05-26",
        "High": 23.469999,
        "Low": 22.940001,
        "Open": 23.139999,
        "Volume": 51600,
        "day": 5,
        "week": 21
    }
}