{
    "day": {
        "Adj Close": 28.514913, 
        "Close": 34.43, 
        "Company": "WBA", 
        "Date": "2004-01-12", 
        "High": 34.48, 
        "Low": 33.869999, 
        "Open": 34.23, 
        "Volume": 3743500, 
        "day": 1, 
        "week": 3
    }
}