{
    "day": {
        "Adj Close": 4.492736, 
        "Close": 46.0, 
        "Company": "WBA", 
        "Date": "1995-05-18", 
        "High": 46.75, 
        "Low": 45.875038, 
        "Open": 46.624962, 
        "Volume": 1185600, 
        "day": 4, 
        "week": 20
    }
}