{
    "day": {
        "Adj Close": 0.719228, 
        "Close": 18.75008, 
        "Company": "TROW", 
        "Date": "1990-11-14", 
        "High": 19.5, 
        "Low": 18.75008, 
        "Open": 19.5, 
        "Volume": 318400, 
        "day": 14, 
        "month": 11
    }
}