{
    "day": {
        "Adj Close": 0.690456, 
        "Close": 18.0, 
        "Company": "TROW", 
        "Date": "1990-11-16", 
        "High": 18.75008, 
        "Low": 18.0, 
        "Open": 18.75008, 
        "Volume": 9600, 
        "day": 16, 
        "month": 11
    }
}