{
    "day": {
        "Adj Close": 14.133336, 
        "Close": 25.629999, 
        "Company": "MDLZ", 
        "Date": "2009-06-23", 
        "High": 25.719999, 
        "Low": 25.200001, 
        "Open": 25.34, 
        "Volume": 11278800, 
        "day": 23, 
        "month": 6
    }
}