{
    "day": {
        "Adj Close": 14.131219, 
        "Close": 25.34, 
        "Company": "MDLZ", 
        "Date": "2009-06-30", 
        "High": 25.83, 
        "Low": 25.08, 
        "Open": 25.709999, 
        "Volume": 10316400, 
        "day": 30, 
        "month": 6
    }
}