{
    "day": {
        "Adj Close": 22.360001,
        "Close": 22.360001,
        "Company": "TCBI",
        "Date": "2011-08-22",
        "High": 22.950001,
        "Low": 22.040001,
        "Open": 22.84,
        "Volume": 123500,
        "day": 22,
        "month": 8
    }
}