{
    "day": {
        "Adj Close": 24.18,
        "Close": 24.18,
        "Company": "TCBI",
        "Date": "2011-08-24",
        "High": 24.440001,
        "Low": 23.610001,
        "Open": 23.66,
        "Volume": 218200,
        "day": 24,
        "month": 8
    }
}