{
    "day": {
        "Adj Close": 231.960007, 
        "Close": 231.960007, 
        "Company": "TSLA", 
        "Date": "2015-10-07", 
        "High": 237.699997, 
        "Low": 229.119995, 
        "Open": 236.630005, 
        "Volume": 6814000, 
        "day": 3, 
        "week": 41
    }
}