{
    "day": {
        "Adj Close": 38.916783, 
        "Close": 46.200001, 
        "Company": "WBA", 
        "Date": "2007-01-12", 
        "High": 46.389999, 
        "Low": 45.599998, 
        "Open": 46.060001, 
        "Volume": 3305300, 
        "day": 12, 
        "month": 1
    }
}