{
    "day": {
        "Adj Close": 38.2429, 
        "Close": 45.400002, 
        "Company": "WBA", 
        "Date": "2007-01-29", 
        "High": 45.580002, 
        "Low": 44.93, 
        "Open": 45.23, 
        "Volume": 3658100, 
        "day": 29, 
        "month": 1
    }
}