{
    "day": {
        "Adj Close": 38.108123, 
        "Close": 45.240002, 
        "Company": "WBA", 
        "Date": "2007-01-30", 
        "High": 45.84, 
        "Low": 45.049999, 
        "Open": 45.529999, 
        "Volume": 3762100, 
        "day": 30, 
        "month": 1
    }
}