{
    "day": {
        "Adj Close": 38.883088, 
        "Close": 46.16, 
        "Company": "WBA", 
        "Date": "2007-01-04", 
        "High": 46.279999, 
        "Low": 45.720001, 
        "Open": 45.779999, 
        "Volume": 3681800, 
        "day": 4, 
        "month": 1
    }
}