{
    "day": {
        "Adj Close": 38.689347, 
        "Close": 45.93, 
        "Company": "WBA", 
        "Date": "2007-01-09", 
        "High": 46.080002, 
        "Low": 45.599998, 
        "Open": 45.75, 
        "Volume": 3792500, 
        "day": 9, 
        "month": 1
    }
}