{
    "day": {
        "Adj Close": 24.59,
        "Close": 24.59,
        "Company": "LPLA",
        "Date": "2016-04-12",
        "High": 24.719999,
        "Low": 23.459999,
        "Open": 23.459999,
        "Volume": 897400,
        "day": 2,
        "week": 15
    }
}