{
    "day": {
        "Adj Close": 16.867031, 
        "Close": 37.32, 
        "Company": "MDLZ", 
        "Date": "2002-02-06", 
        "High": 37.32, 
        "Low": 36.48, 
        "Open": 37.099998, 
        "Volume": 1655800, 
        "day": 3, 
        "week": 6
    }
}