{
    "day": {
        "Adj Close": 45.752465,
        "Close": 47.66,
        "Company": "LPLA",
        "Date": "2014-09-09",
        "High": 48.23,
        "Low": 47.560001,
        "Open": 48.119999,
        "Volume": 300100,
        "day": 9,
        "month": 9
    }
}