{
    "day": {
        "Adj Close": 26.115789,
        "Close": 28.1,
        "Company": "LPLA",
        "Date": "2012-12-18",
        "High": 28.209999,
        "Low": 27.98,
        "Open": 28.1,
        "Volume": 432700,
        "day": 2,
        "week": 51
    }
}