{
    "day": {
        "Adj Close": 12.446611, 
        "Close": 71.437523, 
        "Company": "TROW", 
        "Date": "1998-04-03", 
        "High": 73.0, 
        "Low": 70.875, 
        "Open": 72.0, 
        "Volume": 870000, 
        "day": 5, 
        "week": 14
    }
}