{
    "day": {
        "Adj Close": 12.487729, 
        "Close": 34.470001, 
        "Company": "TROW", 
        "Date": "2001-04-25", 
        "High": 35.549999, 
        "Low": 33.150002, 
        "Open": 34.549999, 
        "Volume": 814400, 
        "day": 3, 
        "week": 17
    }
}