{
    "day": {
        "Adj Close": 24.163986, 
        "Close": 38.880001, 
        "Company": "MDLZ", 
        "Date": "2012-07-02", 
        "High": 38.900002, 
        "Low": 38.259998, 
        "Open": 38.32, 
        "Volume": 8676100, 
        "day": 1, 
        "week": 27
    }
}