{
    "day": {
        "Adj Close": 21.860001,
        "Close": 21.860001,
        "Company": "TCBI",
        "Date": "2006-06-28",
        "High": 21.950001,
        "Low": 21.450001,
        "Open": 21.629999,
        "Volume": 74700,
        "day": 3,
        "week": 26
    }
}