{
    "day": {
        "Adj Close": 24.002417, 
        "Close": 25.559999, 
        "Company": "MDLZ", 
        "Date": "2012-11-16", 
        "High": 25.6, 
        "Low": 25.030001, 
        "Open": 25.110001, 
        "Volume": 18817800, 
        "day": 16, 
        "month": 11
    }
}