{
    "day": {
        "Adj Close": 23.861558, 
        "Close": 25.41, 
        "Company": "MDLZ", 
        "Date": "2012-11-21", 
        "High": 25.9, 
        "Low": 25.27, 
        "Open": 25.709999, 
        "Volume": 14172400, 
        "day": 21, 
        "month": 11
    }
}