{
    "day": {
        "Adj Close": 24.875744, 
        "Close": 26.49, 
        "Company": "MDLZ", 
        "Date": "2012-11-06", 
        "High": 26.629999, 
        "Low": 26.0, 
        "Open": 26.02, 
        "Volume": 14611800, 
        "day": 6, 
        "month": 11
    }
}