{
    "day": {
        "Adj Close": 18.141487, 
        "Close": 40.0, 
        "Company": "MDLZ", 
        "Date": "2002-04-11", 
        "High": 40.34, 
        "Low": 39.599998, 
        "Open": 39.599998, 
        "Volume": 1436000, 
        "day": 101, 
        "year": 2002
    }
}