{
    "day": {
        "Adj Close": 18.146021, 
        "Close": 40.009998, 
        "Company": "MDLZ", 
        "Date": "2002-04-24", 
        "High": 40.369999, 
        "Low": 40.0, 
        "Open": 40.299999, 
        "Volume": 1708500, 
        "day": 114, 
        "year": 2002
    }
}