{
    "day": {
        "Adj Close": 18.100668, 
        "Close": 39.91, 
        "Company": "MDLZ", 
        "Date": "2002-05-07", 
        "High": 40.509998, 
        "Low": 39.869999, 
        "Open": 40.380001, 
        "Volume": 2927000, 
        "day": 127, 
        "year": 2002
    }
}