{
    "day": {
        "Adj Close": 17.796799, 
        "Close": 39.240002, 
        "Company": "MDLZ", 
        "Date": "2002-05-08", 
        "High": 39.900002, 
        "Low": 39.0, 
        "Open": 39.860001, 
        "Volume": 1828300, 
        "day": 128, 
        "year": 2002
    }
}