{
    "day": {
        "Adj Close": 18.413608, 
        "Close": 40.599998, 
        "Company": "MDLZ", 
        "Date": "2002-05-13", 
        "High": 40.75, 
        "Low": 40.02, 
        "Open": 40.150002, 
        "Volume": 1068200, 
        "day": 133, 
        "year": 2002
    }
}