{
    "day": {
        "Adj Close": 18.821792, 
        "Close": 41.5, 
        "Company": "MDLZ", 
        "Date": "2002-05-22", 
        "High": 41.73, 
        "Low": 40.299999, 
        "Open": 40.32, 
        "Volume": 1039100, 
        "day": 142, 
        "year": 2002
    }
}