{
    "day": {
        "Adj Close": 18.9125, 
        "Close": 41.700001, 
        "Company": "MDLZ", 
        "Date": "2002-05-24", 
        "High": 41.919998, 
        "Low": 41.299999, 
        "Open": 41.540001, 
        "Volume": 863300, 
        "day": 144, 
        "year": 2002
    }
}