{
    "day": {
        "Adj Close": 18.844469, 
        "Close": 41.549999, 
        "Company": "MDLZ", 
        "Date": "2002-06-03", 
        "High": 42.450001, 
        "Low": 41.509998, 
        "Open": 42.209999, 
        "Volume": 3245600, 
        "day": 154, 
        "year": 2002
    }
}