{
    "day": {
        "Adj Close": 19.220906, 
        "Close": 42.380001, 
        "Company": "MDLZ", 
        "Date": "2002-06-19", 
        "High": 43.23, 
        "Low": 41.669998, 
        "Open": 43.099998, 
        "Volume": 2969400, 
        "day": 170, 
        "year": 2002
    }
}