{
    "day": {
        "Adj Close": 18.490929, 
        "Close": 40.639999, 
        "Company": "MDLZ", 
        "Date": "2002-07-02", 
        "High": 41.490002, 
        "Low": 40.419998, 
        "Open": 41.0, 
        "Volume": 1895700, 
        "day": 183, 
        "year": 2002
    }
}