{
    "day": {
        "Adj Close": 16.375211, 
        "Close": 35.990002, 
        "Company": "MDLZ", 
        "Date": "2002-07-12", 
        "High": 37.950001, 
        "Low": 35.5, 
        "Open": 37.75, 
        "Volume": 2730900, 
        "day": 193, 
        "year": 2002
    }
}