{
    "day": {
        "Adj Close": 17.262447, 
        "Close": 37.939999, 
        "Company": "MDLZ", 
        "Date": "2002-07-17", 
        "High": 37.950001, 
        "Low": 36.970001, 
        "Open": 37.0, 
        "Volume": 2430400, 
        "day": 198, 
        "year": 2002
    }
}