{
    "day": {
        "Adj Close": 16.138614, 
        "Close": 35.470001, 
        "Company": "MDLZ", 
        "Date": "2002-07-22", 
        "High": 35.990002, 
        "Low": 34.939999, 
        "Open": 35.0, 
        "Volume": 2108700, 
        "day": 203, 
        "year": 2002
    }
}