{
    "day": {
        "Adj Close": 16.921202, 
        "Close": 37.189999, 
        "Company": "MDLZ", 
        "Date": "2002-07-29", 
        "High": 37.5, 
        "Low": 37.0, 
        "Open": 37.049999, 
        "Volume": 1682800, 
        "day": 210, 
        "year": 2002
    }
}