{
    "day": {
        "Adj Close": 17.107749, 
        "Close": 37.599998, 
        "Company": "MDLZ", 
        "Date": "2002-08-01", 
        "High": 38.119999, 
        "Low": 36.860001, 
        "Open": 37.099998, 
        "Volume": 1292000, 
        "day": 213, 
        "year": 2002
    }
}