{
    "day": {
        "Adj Close": 16.925752, 
        "Close": 37.200001, 
        "Company": "MDLZ", 
        "Date": "2002-08-02", 
        "High": 38.830002, 
        "Low": 36.75, 
        "Open": 37.599998, 
        "Volume": 1632300, 
        "day": 214, 
        "year": 2002
    }
}