{
    "day": {
        "Adj Close": 17.303396, 
        "Close": 38.029999, 
        "Company": "MDLZ", 
        "Date": "2002-08-07", 
        "High": 38.200001, 
        "Low": 37.25, 
        "Open": 37.75, 
        "Volume": 938500, 
        "day": 219, 
        "year": 2002
    }
}