{
    "day": {
        "Adj Close": 17.621892, 
        "Close": 38.73, 
        "Company": "MDLZ", 
        "Date": "2002-08-26", 
        "High": 39.299999, 
        "Low": 38.470001, 
        "Open": 39.290001, 
        "Volume": 1048400, 
        "day": 238, 
        "year": 2002
    }
}