{
    "day": {
        "Adj Close": 18.095085, 
        "Close": 39.77, 
        "Company": "MDLZ", 
        "Date": "2002-08-30", 
        "High": 39.990002, 
        "Low": 39.25, 
        "Open": 39.900002, 
        "Volume": 1013600, 
        "day": 242, 
        "year": 2002
    }
}