{
    "day": {
        "Adj Close": 17.808439, 
        "Close": 39.139999, 
        "Company": "MDLZ", 
        "Date": "2002-09-10", 
        "High": 39.43, 
        "Low": 38.580002, 
        "Open": 39.080002, 
        "Volume": 1549600, 
        "day": 253, 
        "year": 2002
    }
}