{
    "day": {
        "Adj Close": 17.972237, 
        "Close": 39.5, 
        "Company": "MDLZ", 
        "Date": "2002-09-11", 
        "High": 39.900002, 
        "Low": 39.490002, 
        "Open": 39.900002, 
        "Volume": 771000, 
        "day": 254, 
        "year": 2002
    }
}