{
    "day": {
        "Adj Close": 15.239987, 
        "Close": 33.720001, 
        "Company": "MDLZ", 
        "Date": "2002-01-28", 
        "High": 33.900002, 
        "Low": 33.57, 
        "Open": 33.599998, 
        "Volume": 1007900, 
        "day": 28, 
        "year": 2002
    }
}