{
    "day": {
        "Adj Close": 17.309982, 
        "Close": 37.900002, 
        "Company": "MDLZ", 
        "Date": "2002-10-16", 
        "High": 39.09, 
        "Low": 37.75, 
        "Open": 38.98, 
        "Volume": 1714700, 
        "day": 289, 
        "year": 2002
    }
}