{
    "day": {
        "Adj Close": 15.384613, 
        "Close": 34.040001, 
        "Company": "MDLZ", 
        "Date": "2002-01-29", 
        "High": 34.040001, 
        "Low": 33.509998, 
        "Open": 33.970001, 
        "Volume": 886000, 
        "day": 29, 
        "year": 2002
    }
}