{
    "day": {
        "Adj Close": 18.451802, 
        "Close": 40.400002, 
        "Company": "MDLZ", 
        "Date": "2002-10-21", 
        "High": 40.549999, 
        "Low": 39.200001, 
        "Open": 39.549999, 
        "Volume": 1490400, 
        "day": 294, 
        "year": 2002
    }
}