{
    "day": {
        "Adj Close": 17.908294, 
        "Close": 39.209999, 
        "Company": "MDLZ", 
        "Date": "2002-10-24", 
        "High": 39.84, 
        "Low": 39.150002, 
        "Open": 39.75, 
        "Volume": 2238400, 
        "day": 297, 
        "year": 2002
    }
}