{
    "day": {
        "Adj Close": 17.309982, 
        "Close": 37.900002, 
        "Company": "MDLZ", 
        "Date": "2002-10-28", 
        "High": 39.18, 
        "Low": 37.900002, 
        "Open": 38.950001, 
        "Volume": 1589300, 
        "day": 301, 
        "year": 2002
    }
}