{
    "day": {
        "Adj Close": 18.159494, 
        "Close": 39.759998, 
        "Company": "MDLZ", 
        "Date": "2002-11-07", 
        "High": 40.5, 
        "Low": 39.16, 
        "Open": 39.16, 
        "Volume": 1842400, 
        "day": 311, 
        "year": 2002
    }
}