{
    "day": {
        "Adj Close": 17.278011, 
        "Close": 37.830002, 
        "Company": "MDLZ", 
        "Date": "2002-12-02", 
        "High": 37.990002, 
        "Low": 37.200001, 
        "Open": 37.57, 
        "Volume": 1683600, 
        "day": 336, 
        "year": 2002
    }
}