{
    "day": {
        "Adj Close": 17.360221, 
        "Close": 38.009998, 
        "Company": "MDLZ", 
        "Date": "2002-12-05", 
        "High": 39.0, 
        "Low": 37.799999, 
        "Open": 38.52, 
        "Volume": 1323000, 
        "day": 339, 
        "year": 2002
    }
}