{
    "day": {
        "Adj Close": 17.912635, 
        "Close": 39.07, 
        "Company": "MDLZ", 
        "Date": "2002-12-23", 
        "High": 39.349998, 
        "Low": 38.900002, 
        "Open": 39.099998, 
        "Volume": 1190100, 
        "day": 357, 
        "year": 2002
    }
}