{
    "day": {
        "Adj Close": 16.7676, 
        "Close": 37.099998, 
        "Company": "MDLZ", 
        "Date": "2002-02-05", 
        "High": 37.5, 
        "Low": 36.810001, 
        "Open": 37.200001, 
        "Volume": 1636900, 
        "day": 36, 
        "year": 2002
    }
}