{
    "day": {
        "Adj Close": 16.835394, 
        "Close": 37.25, 
        "Company": "MDLZ", 
        "Date": "2002-02-07", 
        "High": 37.619999, 
        "Low": 37.080002, 
        "Open": 37.5, 
        "Volume": 1898500, 
        "day": 38, 
        "year": 2002
    }
}