{
    "day": {
        "Adj Close": 16.948384, 
        "Close": 37.5, 
        "Company": "MDLZ", 
        "Date": "2002-02-12", 
        "High": 37.540001, 
        "Low": 36.900002, 
        "Open": 36.950001, 
        "Volume": 2274900, 
        "day": 43, 
        "year": 2002
    }
}