{
    "day": {
        "Adj Close": 17.680553, 
        "Close": 39.119999, 
        "Company": "MDLZ", 
        "Date": "2002-02-26", 
        "High": 39.310001, 
        "Low": 38.75, 
        "Open": 39.290001, 
        "Volume": 1752900, 
        "day": 57, 
        "year": 2002
    }
}