{
    "day": {
        "Adj Close": 16.862512, 
        "Close": 37.310001, 
        "Company": "MDLZ", 
        "Date": "2002-03-12", 
        "High": 37.52, 
        "Low": 37.099998, 
        "Open": 37.52, 
        "Volume": 2008300, 
        "day": 71, 
        "year": 2002
    }
}