{
    "day": {
        "Adj Close": 17.075675, 
        "Close": 37.650002, 
        "Company": "MDLZ", 
        "Date": "2002-03-15", 
        "High": 37.75, 
        "Low": 37.259998, 
        "Open": 37.299999, 
        "Volume": 1142000, 
        "day": 74, 
        "year": 2002
    }
}