{
    "day": {
        "Adj Close": 17.642596, 
        "Close": 38.900002, 
        "Company": "MDLZ", 
        "Date": "2002-03-25", 
        "High": 39.59, 
        "Low": 38.900002, 
        "Open": 39.490002, 
        "Volume": 1294400, 
        "day": 84, 
        "year": 2002
    }
}