{
    "day": {
        "Adj Close": 17.669808, 
        "Close": 38.959999, 
        "Company": "MDLZ", 
        "Date": "2002-04-01", 
        "High": 39.040001, 
        "Low": 38.419998, 
        "Open": 38.5, 
        "Volume": 860100, 
        "day": 91, 
        "year": 2002
    }
}