{
    "day": {
        "Adj Close": 44.249391,
        "Close": 45.580002,
        "Company": "LPLA",
        "Date": "2015-03-02",
        "High": 45.619999,
        "Low": 44.48,
        "Open": 44.779999,
        "Volume": 423600,
        "day": 1,
        "week": 10
    }
}