{
    "day": {
        "Adj Close": 43.861067,
        "Close": 45.18,
        "Company": "LPLA",
        "Date": "2015-03-04",
        "High": 45.200001,
        "Low": 44.689999,
        "Open": 45.0,
        "Volume": 442500,
        "day": 3,
        "week": 10
    }
}