{
    "day": {
        "Adj Close": 63.09,
        "Close": 63.09,
        "Company": "TCBI",
        "Date": "2014-01-16",
        "High": 63.779999,
        "Low": 62.509998,
        "Open": 63.16,
        "Volume": 408500,
        "day": 4,
        "week": 3
    }
}