{
    "day": {
        "Adj Close": 1.773016, 
        "Close": 44.0, 
        "Company": "TROW", 
        "Date": "1993-02-19", 
        "High": 44.75008, 
        "Low": 43.5, 
        "Open": 44.5, 
        "Volume": 484800, 
        "day": 5, 
        "week": 7
    }
}