{
    "day": {
        "Adj Close": 27.468214, 
        "Close": 33.41, 
        "Company": "WBA", 
        "Date": "2002-07-24", 
        "High": 33.599998, 
        "Low": 30.9, 
        "Open": 31.280001, 
        "Volume": 5232400, 
        "day": 24, 
        "month": 7
    }
}