{
    "day": {
        "Adj Close": 36.762021, 
        "Close": 43.490002, 
        "Company": "WBA", 
        "Date": "2007-06-12", 
        "High": 44.34, 
        "Low": 43.48, 
        "Open": 44.110001, 
        "Volume": 4536500, 
        "day": 2, 
        "week": 24
    }
}