{
    "day": {
        "Adj Close": 20.77, 
        "Close": 20.77, 
        "Company": "TSLA", 
        "Date": "2010-09-21", 
        "High": 21.549999, 
        "Low": 20.67, 
        "Open": 20.889999, 
        "Volume": 796000, 
        "day": 2, 
        "week": 38
    }
}