{
    "day": {
        "Adj Close": 3.565071, 
        "Close": 38.624962, 
        "Company": "WBA", 
        "Date": "1992-01-27", 
        "High": 39.375038, 
        "Low": 38.5, 
        "Open": 39.375038, 
        "Volume": 1028800, 
        "day": 1, 
        "week": 5
    }
}