{
    "day": {
        "Adj Close": 3.530462, 
        "Close": 38.25, 
        "Company": "WBA", 
        "Date": "1992-01-28", 
        "High": 38.875038, 
        "Low": 38.25, 
        "Open": 38.875038, 
        "Volume": 969600, 
        "day": 2, 
        "week": 5
    }
}