{
    "day": {
        "Adj Close": 3.484312, 
        "Close": 37.75, 
        "Company": "WBA", 
        "Date": "1992-01-31", 
        "High": 38.124962, 
        "Low": 37.5, 
        "Open": 38.124962, 
        "Volume": 1025600, 
        "day": 5, 
        "week": 5
    }
}