{
    "day": {
        "Adj Close": 38.655192, 
        "Close": 45.810001, 
        "Company": "WBA", 
        "Date": "2007-04-02", 
        "High": 46.009998, 
        "Low": 45.560001, 
        "Open": 45.740002, 
        "Volume": 3400800, 
        "day": 1, 
        "week": 14
    }
}