{
    "day": {
        "Adj Close": 78.330002, 
        "Close": 78.330002, 
        "Company": "FANG", 
        "Date": "2015-05-11", 
        "High": 78.830002, 
        "Low": 76.5, 
        "Open": 77.010002, 
        "Volume": 1735400, 
        "day": 11, 
        "month": 5
    }
}