{
    "day": {
        "Adj Close": 79.589996, 
        "Close": 79.589996, 
        "Company": "FANG", 
        "Date": "2015-05-12", 
        "High": 80.660004, 
        "Low": 78.220001, 
        "Open": 78.860001, 
        "Volume": 731900, 
        "day": 12, 
        "month": 5
    }
}