{
    "day": {
        "Adj Close": 79.419998, 
        "Close": 79.419998, 
        "Company": "FANG", 
        "Date": "2015-05-13", 
        "High": 80.580002, 
        "Low": 78.650002, 
        "Open": 80.220001, 
        "Volume": 827900, 
        "day": 13, 
        "month": 5
    }
}