{
    "day": {
        "Adj Close": 79.230003, 
        "Close": 79.230003, 
        "Company": "FANG", 
        "Date": "2015-05-26", 
        "High": 81.150002, 
        "Low": 78.879997, 
        "Open": 80.150002, 
        "Volume": 934300, 
        "day": 26, 
        "month": 5
    }
}