{
    "day": {
        "Adj Close": 77.809998, 
        "Close": 77.809998, 
        "Company": "FANG", 
        "Date": "2015-05-29", 
        "High": 78.93, 
        "Low": 77.389999, 
        "Open": 77.589996, 
        "Volume": 1206700, 
        "day": 29, 
        "month": 5
    }
}