{
    "day": {
        "Adj Close": 77.010002, 
        "Close": 77.010002, 
        "Company": "FANG", 
        "Date": "2015-05-08", 
        "High": 77.980003, 
        "Low": 74.25, 
        "Open": 76.779999, 
        "Volume": 4787000, 
        "day": 8, 
        "month": 5
    }
}