{
    "day": {
        "Adj Close": 34.140941, 
        "Close": 35.400002, 
        "Company": "MDLZ", 
        "Date": "2014-01-14", 
        "High": 35.630001, 
        "Low": 34.23, 
        "Open": 34.240002, 
        "Volume": 8904100, 
        "day": 2, 
        "week": 3
    }
}