{
    "day": {
        "Adj Close": 58.689999,
        "Close": 58.689999,
        "Company": "TCBI",
        "Date": "2014-11-17",
        "High": 59.040001,
        "Low": 58.279999,
        "Open": 58.869999,
        "Volume": 307200,
        "day": 17,
        "month": 11
    }
}