{
    "day": {
        "Adj Close": 57.830002,
        "Close": 57.830002,
        "Company": "TCBI",
        "Date": "2014-11-19",
        "High": 58.580002,
        "Low": 57.330002,
        "Open": 58.43,
        "Volume": 548300,
        "day": 19,
        "month": 11
    }
}