{
    "day": {
        "Adj Close": 61.57,
        "Close": 61.57,
        "Company": "TCBI",
        "Date": "2014-11-07",
        "High": 62.07,
        "Low": 60.560001,
        "Open": 61.259998,
        "Volume": 408800,
        "day": 7,
        "month": 11
    }
}