{
    "day": {
        "Adj Close": 27.105774, 
        "Close": 33.099998, 
        "Company": "WBA", 
        "Date": "2001-07-26", 
        "High": 33.52, 
        "Low": 32.459999, 
        "Open": 32.900002, 
        "Volume": 3212100, 
        "day": 26, 
        "month": 7
    }
}