{
    "day": {
        "Adj Close": 42.948608, 
        "Close": 52.669998, 
        "Company": "TROW", 
        "Date": "2008-07-03", 
        "High": 54.540001, 
        "Low": 52.169998, 
        "Open": 53.799999, 
        "Volume": 2219700, 
        "day": 4, 
        "week": 27
    }
}