{
    "day": {
        "Adj Close": 17.180059, 
        "Close": 32.48, 
        "Company": "MDLZ", 
        "Date": "2008-05-30", 
        "High": 32.990002, 
        "Low": 32.41, 
        "Open": 32.970001, 
        "Volume": 6239500, 
        "day": 30, 
        "month": 5
    }
}