{
    "day": {
        "Adj Close": 27.146722, 
        "Close": 33.150002, 
        "Company": "WBA", 
        "Date": "2001-07-25", 
        "High": 33.700001, 
        "Low": 32.610001, 
        "Open": 33.700001, 
        "Volume": 2278900, 
        "day": 3, 
        "week": 30
    }
}