{
    "day": {
        "Adj Close": 33.119096, 
        "Close": 35.630001, 
        "Company": "WBA", 
        "Date": "2012-10-10", 
        "High": 35.959999, 
        "Low": 35.509998, 
        "Open": 35.580002, 
        "Volume": 5886400, 
        "day": 10, 
        "month": 10
    }
}