{
    "day": {
        "Adj Close": 32.710102, 
        "Close": 35.189999, 
        "Company": "WBA", 
        "Date": "2012-10-26", 
        "High": 35.41, 
        "Low": 35.049999, 
        "Open": 35.369999, 
        "Volume": 4444200, 
        "day": 26, 
        "month": 10
    }
}