{
    "day": {
        "Adj Close": 1.954347, 
        "Close": 48.5, 
        "Company": "TROW", 
        "Date": "1993-02-10", 
        "High": 48.875038, 
        "Low": 48.5, 
        "Open": 48.5, 
        "Volume": 152000, 
        "day": 10, 
        "month": 2
    }
}