{
    "day": {
        "Adj Close": 1.83346, 
        "Close": 45.5, 
        "Company": "TROW", 
        "Date": "1993-02-17", 
        "High": 47.0, 
        "Low": 45.5, 
        "Open": 46.24992, 
        "Volume": 534400, 
        "day": 17, 
        "month": 2
    }
}