{
    "day": {
        "Adj Close": 17.794112, 
        "Close": 38.959999, 
        "Company": "MDLZ", 
        "Date": "2002-12-11", 
        "High": 39.25, 
        "Low": 38.619999, 
        "Open": 39.0, 
        "Volume": 1408300, 
        "day": 3, 
        "week": 50
    }
}