{
    "day": {
        "Adj Close": 17.99964, 
        "Close": 39.41, 
        "Company": "MDLZ", 
        "Date": "2002-12-12", 
        "High": 39.48, 
        "Low": 39.029999, 
        "Open": 39.450001, 
        "Volume": 2071900, 
        "day": 4, 
        "week": 50
    }
}