{
    "day": {
        "Adj Close": 23.405406, 
        "Close": 38.240002, 
        "Company": "MDLZ", 
        "Date": "2012-02-16", 
        "High": 38.57, 
        "Low": 38.189999, 
        "Open": 38.52, 
        "Volume": 8225300, 
        "day": 4, 
        "week": 7
    }
}