{
    "day": {
        "Adj Close": 11.835742,
        "Close": 17.58,
        "Company": "SUNS",
        "Date": "2011-06-10",
        "High": 18.02,
        "Low": 17.549999,
        "Open": 17.959999,
        "Volume": 186400,
        "day": 5,
        "week": 23
    }
}