{
    "day": {
        "Adj Close": 15.585139, 
        "Close": 33.259998, 
        "Company": "MDLZ", 
        "Date": "2004-02-26", 
        "High": 33.299999, 
        "Low": 33.02, 
        "Open": 33.18, 
        "Volume": 850100, 
        "day": 4, 
        "week": 9
    }
}