{
    "day": {
        "Adj Close": 15.83349, 
        "Close": 33.790001, 
        "Company": "MDLZ", 
        "Date": "2004-02-27", 
        "High": 33.919998, 
        "Low": 33.099998, 
        "Open": 33.16, 
        "Volume": 1528300, 
        "day": 5, 
        "week": 9
    }
}