{
    "day": {
        "Adj Close": 39.99097,
        "Close": 40.939999,
        "Company": "LPLA",
        "Date": "2015-05-11",
        "High": 41.200001,
        "Low": 40.599998,
        "Open": 40.709999,
        "Volume": 900300,
        "day": 11,
        "month": 5
    }
}