{
    "day": {
        "Adj Close": 40.117958,
        "Close": 41.07,
        "Company": "LPLA",
        "Date": "2015-05-13",
        "High": 41.220001,
        "Low": 40.68,
        "Open": 40.77,
        "Volume": 731600,
        "day": 13,
        "month": 5
    }
}