{
    "day": {
        "Adj Close": 41.856694,
        "Close": 42.849998,
        "Company": "LPLA",
        "Date": "2015-05-18",
        "High": 42.849998,
        "Low": 41.310001,
        "Open": 41.43,
        "Volume": 1356600,
        "day": 18,
        "month": 5
    }
}