{
    "day": {
        "Adj Close": 41.651563,
        "Close": 42.639999,
        "Company": "LPLA",
        "Date": "2015-05-29",
        "High": 43.060001,
        "Low": 42.509998,
        "Open": 42.630001,
        "Volume": 1232400,
        "day": 29,
        "month": 5
    }
}