{
    "day": {
        "Adj Close": 41.693351, 
        "Close": 42.200001, 
        "Company": "MDLZ", 
        "Date": "2015-08-26", 
        "High": 42.330002, 
        "Low": 41.060001, 
        "Open": 42.150002, 
        "Volume": 17749600, 
        "day": 3, 
        "week": 35
    }
}