{
    "day": {
        "Adj Close": 46.273345,
        "Close": 48.450001,
        "Company": "LPLA",
        "Date": "2014-06-12",
        "High": 48.77,
        "Low": 48.169998,
        "Open": 48.299999,
        "Volume": 479200,
        "day": 12,
        "month": 6
    }
}