{
    "day": {
        "Adj Close": 48.193043,
        "Close": 50.459999,
        "Company": "LPLA",
        "Date": "2014-06-17",
        "High": 50.91,
        "Low": 48.779999,
        "Open": 48.93,
        "Volume": 704400,
        "day": 17,
        "month": 6
    }
}