{
    "day": {
        "Adj Close": 47.648651,
        "Close": 49.889999,
        "Company": "LPLA",
        "Date": "2014-06-19",
        "High": 50.869999,
        "Low": 49.34,
        "Open": 50.849998,
        "Volume": 640700,
        "day": 19,
        "month": 6
    }
}