{
    "day": {
        "Adj Close": 46.760432,
        "Close": 48.959999,
        "Company": "LPLA",
        "Date": "2014-06-05",
        "High": 49.040001,
        "Low": 47.790001,
        "Open": 47.970001,
        "Volume": 621900,
        "day": 5,
        "month": 6
    }
}