{
    "day": {
        "Adj Close": 15.333083, 
        "Close": 29.24, 
        "Company": "MDLZ", 
        "Date": "2008-02-12", 
        "High": 29.690001, 
        "Low": 29.09, 
        "Open": 29.290001, 
        "Volume": 9822400, 
        "day": 12, 
        "month": 2
    }
}