{
    "day": {
        "Adj Close": 16.450028, 
        "Close": 31.370001, 
        "Company": "MDLZ", 
        "Date": "2008-02-22", 
        "High": 31.370001, 
        "Low": 30.610001, 
        "Open": 30.99, 
        "Volume": 7091900, 
        "day": 22, 
        "month": 2
    }
}