{
    "day": {
        "Adj Close": 29.031483, 
        "Close": 35.009998, 
        "Company": "WBA", 
        "Date": "2004-05-03", 
        "High": 35.09, 
        "Low": 34.810001, 
        "Open": 34.849998, 
        "Volume": 4605800, 
        "day": 124, 
        "year": 2004
    }
}