{
    "day": {
        "Adj Close": 28.791008, 
        "Close": 34.720001, 
        "Company": "WBA", 
        "Date": "2004-05-06", 
        "High": 35.07, 
        "Low": 34.360001, 
        "Open": 35.07, 
        "Volume": 2415800, 
        "day": 127, 
        "year": 2004
    }
}