{
    "day": {
        "Adj Close": 29.001814, 
        "Close": 34.93, 
        "Company": "WBA", 
        "Date": "2004-06-16", 
        "High": 34.970001, 
        "Low": 34.5, 
        "Open": 34.950001, 
        "Volume": 1979600, 
        "day": 168, 
        "year": 2004
    }
}