{
    "day": {
        "Adj Close": 29.599619, 
        "Close": 35.650002, 
        "Company": "WBA", 
        "Date": "2004-07-01", 
        "High": 36.049999, 
        "Low": 35.349998, 
        "Open": 36.029999, 
        "Volume": 2835700, 
        "day": 183, 
        "year": 2004
    }
}