{
    "day": {
        "Adj Close": 29.575008, 
        "Close": 35.709999, 
        "Company": "WBA", 
        "Date": "2004-01-02", 
        "High": 36.759998, 
        "Low": 35.639999, 
        "Open": 36.43, 
        "Volume": 2254300, 
        "day": 2, 
        "year": 2004
    }
}