{
    "day": {
        "Adj Close": 30.313661, 
        "Close": 36.509998, 
        "Company": "WBA", 
        "Date": "2004-07-22", 
        "High": 36.709999, 
        "Low": 36.110001, 
        "Open": 36.25, 
        "Volume": 2000900, 
        "day": 204, 
        "year": 2004
    }
}