{
    "day": {
        "Adj Close": 30.446506, 
        "Close": 36.669998, 
        "Company": "WBA", 
        "Date": "2004-08-02", 
        "High": 36.799999, 
        "Low": 35.91, 
        "Open": 36.169998, 
        "Volume": 2070200, 
        "day": 215, 
        "year": 2004
    }
}