{
    "day": {
        "Adj Close": 30.429903, 
        "Close": 36.650002, 
        "Company": "WBA", 
        "Date": "2004-08-04", 
        "High": 36.82, 
        "Low": 36.119999, 
        "Open": 36.400002, 
        "Volume": 2268600, 
        "day": 217, 
        "year": 2004
    }
}