{
    "day": {
        "Adj Close": 28.871039, 
        "Close": 34.860001, 
        "Company": "WBA", 
        "Date": "2004-01-23", 
        "High": 35.009998, 
        "Low": 34.459999, 
        "Open": 34.639999, 
        "Volume": 2334500, 
        "day": 23, 
        "year": 2004
    }
}