{
    "day": {
        "Adj Close": 30.864155, 
        "Close": 37.119999, 
        "Company": "WBA", 
        "Date": "2004-08-19", 
        "High": 37.689999, 
        "Low": 36.919998, 
        "Open": 37.509998, 
        "Volume": 2453000, 
        "day": 232, 
        "year": 2004
    }
}