{
    "day": {
        "Adj Close": 30.398534, 
        "Close": 36.560001, 
        "Company": "WBA", 
        "Date": "2004-08-23", 
        "High": 37.049999, 
        "Low": 36.360001, 
        "Open": 36.919998, 
        "Volume": 2488600, 
        "day": 236, 
        "year": 2004
    }
}