{
    "day": {
        "Adj Close": 30.564825, 
        "Close": 36.759998, 
        "Company": "WBA", 
        "Date": "2004-08-26", 
        "High": 36.900002, 
        "Low": 36.650002, 
        "Open": 36.790001, 
        "Volume": 1888600, 
        "day": 239, 
        "year": 2004
    }
}