{
    "day": {
        "Adj Close": 30.18235, 
        "Close": 36.299999, 
        "Company": "WBA", 
        "Date": "2004-09-22", 
        "High": 36.639999, 
        "Low": 36.200001, 
        "Open": 36.619999, 
        "Volume": 2761200, 
        "day": 266, 
        "year": 2004
    }
}