{
    "day": {
        "Adj Close": 30.332015, 
        "Close": 36.48, 
        "Company": "WBA", 
        "Date": "2004-09-27", 
        "High": 36.889999, 
        "Low": 36.299999, 
        "Open": 36.299999, 
        "Volume": 3043500, 
        "day": 271, 
        "year": 2004
    }
}