{
    "day": {
        "Adj Close": 29.766615, 
        "Close": 35.799999, 
        "Company": "WBA", 
        "Date": "2004-10-11", 
        "High": 36.209999, 
        "Low": 35.700001, 
        "Open": 35.939999, 
        "Volume": 2114100, 
        "day": 285, 
        "year": 2004
    }
}