{
    "day": {
        "Adj Close": 29.66684, 
        "Close": 35.68, 
        "Company": "WBA", 
        "Date": "2004-10-26", 
        "High": 35.720001, 
        "Low": 35.049999, 
        "Open": 35.400002, 
        "Volume": 2950300, 
        "day": 300, 
        "year": 2004
    }
}