{
    "day": {
        "Adj Close": 30.706177, 
        "Close": 36.93, 
        "Company": "WBA", 
        "Date": "2004-11-02", 
        "High": 37.07, 
        "Low": 36.189999, 
        "Open": 36.189999, 
        "Volume": 4650200, 
        "day": 307, 
        "year": 2004
    }
}