{
    "day": {
        "Adj Close": 31.822007, 
        "Close": 38.220001, 
        "Company": "WBA", 
        "Date": "2004-11-17", 
        "High": 38.700001, 
        "Low": 38.099998, 
        "Open": 38.700001, 
        "Volume": 2718100, 
        "day": 322, 
        "year": 2004
    }
}