{
    "day": {
        "Adj Close": 32.088439, 
        "Close": 38.540001, 
        "Company": "WBA", 
        "Date": "2004-11-24", 
        "High": 38.720001, 
        "Low": 38.279999, 
        "Open": 38.279999, 
        "Volume": 1975200, 
        "day": 329, 
        "year": 2004
    }
}