{
    "day": {
        "Adj Close": 32.363196, 
        "Close": 38.869999, 
        "Company": "WBA", 
        "Date": "2004-12-10", 
        "High": 39.029999, 
        "Low": 38.650002, 
        "Open": 38.689999, 
        "Volume": 1613300, 
        "day": 345, 
        "year": 2004
    }
}