{
    "day": {
        "Adj Close": 32.621303, 
        "Close": 39.18, 
        "Company": "WBA", 
        "Date": "2004-12-14", 
        "High": 39.369999, 
        "Low": 38.950001, 
        "Open": 39.25, 
        "Volume": 2125200, 
        "day": 349, 
        "year": 2004
    }
}