{
    "day": {
        "Adj Close": 28.572887, 
        "Close": 34.5, 
        "Company": "WBA", 
        "Date": "2004-02-04", 
        "High": 34.900002, 
        "Low": 34.400002, 
        "Open": 34.5, 
        "Volume": 2702800, 
        "day": 35, 
        "year": 2004
    }
}