{
    "day": {
        "Adj Close": 28.956852, 
        "Close": 34.919998, 
        "Company": "WBA", 
        "Date": "2004-02-17", 
        "High": 35.02, 
        "Low": 34.52, 
        "Open": 34.52, 
        "Volume": 2056800, 
        "day": 48, 
        "year": 2004
    }
}