{
    "day": {
        "Adj Close": 29.421224, 
        "Close": 35.48, 
        "Company": "WBA", 
        "Date": "2004-02-24", 
        "High": 35.599998, 
        "Low": 35.080002, 
        "Open": 35.330002, 
        "Volume": 3266300, 
        "day": 55, 
        "year": 2004
    }
}