{
    "day": {
        "Adj Close": 27.787632, 
        "Close": 33.509998, 
        "Company": "WBA", 
        "Date": "2004-03-18", 
        "High": 33.68, 
        "Low": 32.810001, 
        "Open": 33.619999, 
        "Volume": 3762800, 
        "day": 78, 
        "year": 2004
    }
}