{
    "day": {
        "Adj Close": 27.505692, 
        "Close": 33.169998, 
        "Company": "WBA", 
        "Date": "2004-03-29", 
        "High": 33.400002, 
        "Low": 32.919998, 
        "Open": 33.0, 
        "Volume": 4471600, 
        "day": 89, 
        "year": 2004
    }
}