{
    "day": {
        "Adj Close": 45.412319,
        "Close": 46.490002,
        "Company": "LPLA",
        "Date": "2015-06-30",
        "High": 47.16,
        "Low": 45.98,
        "Open": 46.43,
        "Volume": 832500,
        "day": 2,
        "week": 27
    }
}