{
    "day": {
        "Adj Close": 14.811171, 
        "Close": 31.790001, 
        "Company": "MDLZ", 
        "Date": "2003-11-26", 
        "High": 31.809999, 
        "Low": 31.450001, 
        "Open": 31.51, 
        "Volume": 1470000, 
        "day": 3, 
        "week": 48
    }
}