{
    "day": {
        "Adj Close": 44.963874,
        "Close": 47.529999,
        "Company": "LPLA",
        "Date": "2014-01-03",
        "High": 47.639999,
        "Low": 47.029999,
        "Open": 47.029999,
        "Volume": 492700,
        "day": 5,
        "week": 1
    }
}