{
    "day": {
        "Adj Close": 77.629997, 
        "Close": 77.629997, 
        "Company": "FANG", 
        "Date": "2015-03-30", 
        "High": 77.82, 
        "Low": 75.209999, 
        "Open": 76.339996, 
        "Volume": 1079600, 
        "day": 1, 
        "week": 14
    }
}