{
    "day": {
        "Adj Close": 15.965935, 
        "Close": 28.629999, 
        "Company": "MDLZ", 
        "Date": "2009-08-19", 
        "High": 28.639999, 
        "Low": 27.809999, 
        "Open": 27.84, 
        "Volume": 10220800, 
        "day": 19, 
        "month": 8
    }
}