{
    "day": {
        "Adj Close": 15.809789, 
        "Close": 28.35, 
        "Company": "MDLZ", 
        "Date": "2009-08-20", 
        "High": 28.68, 
        "Low": 28.18, 
        "Open": 28.629999, 
        "Volume": 7912100, 
        "day": 20, 
        "month": 8
    }
}