{
    "day": {
        "Adj Close": 15.949205, 
        "Close": 28.6, 
        "Company": "MDLZ", 
        "Date": "2009-08-25", 
        "High": 28.84, 
        "Low": 28.450001, 
        "Open": 28.610001, 
        "Volume": 7665500, 
        "day": 25, 
        "month": 8
    }
}