{
    "day": {
        "Adj Close": 15.804212, 
        "Close": 28.34, 
        "Company": "MDLZ", 
        "Date": "2009-08-28", 
        "High": 28.540001, 
        "Low": 28.09, 
        "Open": 28.540001, 
        "Volume": 5990800, 
        "day": 28, 
        "month": 8
    }
}