{
    "day": {
        "Adj Close": 15.804212, 
        "Close": 28.34, 
        "Company": "MDLZ", 
        "Date": "2009-08-04", 
        "High": 28.35, 
        "Low": 28.040001, 
        "Open": 28.110001, 
        "Volume": 8912500, 
        "day": 4, 
        "month": 8
    }
}