{
    "day": {
        "Adj Close": 15.815366, 
        "Close": 28.360001, 
        "Company": "MDLZ", 
        "Date": "2009-08-06", 
        "High": 28.780001, 
        "Low": 28.280001, 
        "Open": 28.629999, 
        "Volume": 6375500, 
        "day": 6, 
        "month": 8
    }
}