{
    "day": {
        "Adj Close": 1.042555, 
        "Close": 25.12496, 
        "Company": "WBA", 
        "Date": "1985-08-15", 
        "High": 25.24992, 
        "Low": 24.87504, 
        "Open": 25.24992, 
        "Volume": 1401600, 
        "day": 4, 
        "week": 33
    }
}