{
    "day": {
        "Adj Close": 12.824112, 
        "Close": 35.25, 
        "Company": "TROW", 
        "Date": "2001-07-17", 
        "High": 35.330002, 
        "Low": 34.200001, 
        "Open": 34.619999, 
        "Volume": 428000, 
        "day": 2, 
        "week": 29
    }
}