{
    "day": {
        "Adj Close": 1.162365, 
        "Close": 27.87504, 
        "Company": "WBA", 
        "Date": "1985-11-19", 
        "High": 28.24992, 
        "Low": 27.62496, 
        "Open": 27.87504, 
        "Volume": 857600, 
        "day": 19, 
        "month": 11
    }
}