{
    "day": {
        "Adj Close": 1.151936, 
        "Close": 27.62496, 
        "Company": "WBA", 
        "Date": "1985-11-21", 
        "High": 28.12496, 
        "Low": 27.5, 
        "Open": 27.75008, 
        "Volume": 1380800, 
        "day": 21, 
        "month": 11
    }
}