{
    "day": {
        "Adj Close": 86.615986, 
        "Close": 87.75, 
        "Company": "WBA", 
        "Date": "2015-06-22", 
        "High": 89.239998, 
        "Low": 87.620003, 
        "Open": 88.879997, 
        "Volume": 2879200, 
        "day": 1, 
        "week": 26
    }
}