{
    "day": {
        "Adj Close": 74.92847, 
        "Close": 76.610001, 
        "Company": "TROW", 
        "Date": "2015-07-09", 
        "High": 77.169998, 
        "Low": 76.480003, 
        "Open": 76.739998, 
        "Volume": 2030700, 
        "day": 4, 
        "week": 28
    }
}