{
    "day": {
        "Adj Close": 2.067151, 
        "Close": 45.875038, 
        "Company": "WBA", 
        "Date": "1990-06-06", 
        "High": 46.124962, 
        "Low": 45.5, 
        "Open": 45.5, 
        "Volume": 2798400, 
        "day": 3, 
        "week": 23
    }
}