{
    "day": {
        "Adj Close": 66.82, 
        "Close": 66.82, 
        "Company": "FANG", 
        "Date": "2015-08-03", 
        "High": 69.440002, 
        "Low": 66.410004, 
        "Open": 66.800003, 
        "Volume": 1302000, 
        "day": 1, 
        "week": 32
    }
}