{
    "day": {
        "Adj Close": 66.489998, 
        "Close": 66.489998, 
        "Company": "FANG", 
        "Date": "2015-09-23", 
        "High": 70.209999, 
        "Low": 66.400002, 
        "Open": 69.209999, 
        "Volume": 931900, 
        "day": 3, 
        "week": 39
    }
}