{
    "day": {
        "Adj Close": 14.439818,
        "Close": 16.110001,
        "Company": "SUNS",
        "Date": "2015-03-13",
        "High": 16.280001,
        "Low": 15.94,
        "Open": 16.040001,
        "Volume": 31200,
        "day": 5,
        "week": 11
    }
}