{
    "day": {
        "Adj Close": 34.349998, 
        "Close": 34.349998, 
        "Company": "TSLA", 
        "Date": "2010-12-01", 
        "High": 36.419998, 
        "Low": 33.450001, 
        "Open": 35.869999, 
        "Volume": 1299200, 
        "day": 1, 
        "month": 12
    }
}