{
    "day": {
        "Adj Close": 31.360001, 
        "Close": 31.360001, 
        "Company": "TSLA", 
        "Date": "2010-12-17", 
        "High": 31.540001, 
        "Low": 30.709999, 
        "Open": 31.34, 
        "Volume": 813000, 
        "day": 17, 
        "month": 12
    }
}