{
    "day": {
        "Adj Close": 31.700001, 
        "Close": 31.700001, 
        "Company": "TSLA", 
        "Date": "2010-12-20", 
        "High": 32.189999, 
        "Low": 31.26, 
        "Open": 31.639999, 
        "Volume": 523400, 
        "day": 20, 
        "month": 12
    }
}