{
    "day": {
        "Adj Close": 26.629999, 
        "Close": 26.629999, 
        "Company": "TSLA", 
        "Date": "2010-12-31", 
        "High": 27.25, 
        "Low": 26.5, 
        "Open": 26.57, 
        "Volume": 1417900, 
        "day": 31, 
        "month": 12
    }
}