{
    "day": {
        "Adj Close": 26.790909,
        "Close": 28.950001,
        "Company": "LPLA",
        "Date": "2012-08-15",
        "High": 29.219999,
        "Low": 28.799999,
        "Open": 28.879999,
        "Volume": 364500,
        "day": 3,
        "week": 33
    }
}