{
    "day": {
        "Adj Close": 1.387558, 
        "Close": 33.124962, 
        "Company": "WBA", 
        "Date": "1986-03-24", 
        "High": 33.5, 
        "Low": 32.875038, 
        "Open": 33.0, 
        "Volume": 2236800, 
        "day": 1, 
        "week": 13
    }
}