{
    "day": {
        "Adj Close": 1.392793, 
        "Close": 33.24992, 
        "Company": "WBA", 
        "Date": "1986-03-25", 
        "High": 33.375038, 
        "Low": 32.875038, 
        "Open": 33.124962, 
        "Volume": 720000, 
        "day": 2, 
        "week": 13
    }
}