{
    "day": {
        "Adj Close": 1.387558, 
        "Close": 33.124962, 
        "Company": "WBA", 
        "Date": "1986-03-27", 
        "High": 33.5, 
        "Low": 33.124962, 
        "Open": 33.124962, 
        "Volume": 1964800, 
        "day": 4, 
        "week": 13
    }
}