{
    "day": {
        "Adj Close": 85.500244, 
        "Close": 86.959999, 
        "Company": "WBA", 
        "Date": "2015-04-17", 
        "High": 89.589996, 
        "Low": 85.860001, 
        "Open": 88.459999, 
        "Volume": 15435500, 
        "day": 107, 
        "year": 2015
    }
}