{
    "day": {
        "Adj Close": 74.114636, 
        "Close": 75.699997, 
        "Company": "WBA", 
        "Date": "2015-01-12", 
        "High": 76.190002, 
        "Low": 74.839996, 
        "Open": 75.800003, 
        "Volume": 2908700, 
        "day": 12, 
        "year": 2015
    }
}