{
    "day": {
        "Adj Close": 81.537895, 
        "Close": 82.93, 
        "Company": "WBA", 
        "Date": "2015-04-30", 
        "High": 84.5, 
        "Low": 82.639999, 
        "Open": 84.0, 
        "Volume": 4750200, 
        "day": 120, 
        "year": 2015
    }
}