{
    "day": {
        "Adj Close": 81.705039, 
        "Close": 83.099998, 
        "Company": "WBA", 
        "Date": "2015-05-06", 
        "High": 83.739998, 
        "Low": 82.699997, 
        "Open": 83.220001, 
        "Volume": 2418100, 
        "day": 126, 
        "year": 2015
    }
}