{
    "day": {
        "Adj Close": 84.910317, 
        "Close": 86.360001, 
        "Company": "WBA", 
        "Date": "2015-05-18", 
        "High": 86.669998, 
        "Low": 85.660004, 
        "Open": 86.099998, 
        "Volume": 2455700, 
        "day": 138, 
        "year": 2015
    }
}