{
    "day": {
        "Adj Close": 84.730665, 
        "Close": 85.839996, 
        "Company": "WBA", 
        "Date": "2015-05-19", 
        "High": 86.379997, 
        "Low": 85.529999, 
        "Open": 86.07, 
        "Volume": 2297400, 
        "day": 139, 
        "year": 2015
    }
}