{
    "day": {
        "Adj Close": 85.332783, 
        "Close": 86.449997, 
        "Company": "WBA", 
        "Date": "2015-05-22", 
        "High": 86.989998, 
        "Low": 86.059998, 
        "Open": 86.709999, 
        "Volume": 2297800, 
        "day": 142, 
        "year": 2015
    }
}