{
    "day": {
        "Adj Close": 82.184013, 
        "Close": 83.260002, 
        "Company": "WBA", 
        "Date": "2015-06-08", 
        "High": 84.110001, 
        "Low": 82.919998, 
        "Open": 83.730003, 
        "Volume": 2580200, 
        "day": 159, 
        "year": 2015
    }
}