{
    "day": {
        "Adj Close": 88.392727, 
        "Close": 89.550003, 
        "Company": "WBA", 
        "Date": "2015-07-09", 
        "High": 90.239998, 
        "Low": 88.0, 
        "Open": 90.0, 
        "Volume": 10379400, 
        "day": 190, 
        "year": 2015
    }
}