{
    "day": {
        "Adj Close": 74.408356, 
        "Close": 76.0, 
        "Company": "WBA", 
        "Date": "2015-01-02", 
        "High": 77.190002, 
        "Low": 75.089996, 
        "Open": 76.110001, 
        "Volume": 3938500, 
        "day": 2, 
        "year": 2015
    }
}