{
    "day": {
        "Adj Close": 74.006939, 
        "Close": 75.589996, 
        "Company": "WBA", 
        "Date": "2015-01-21", 
        "High": 76.449997, 
        "Low": 75.059998, 
        "Open": 75.519997, 
        "Volume": 2549400, 
        "day": 21, 
        "year": 2015
    }
}