{
    "day": {
        "Adj Close": 88.13511, 
        "Close": 88.940002, 
        "Company": "WBA", 
        "Date": "2015-09-09", 
        "High": 92.07, 
        "Low": 88.690002, 
        "Open": 92.07, 
        "Volume": 3722700, 
        "day": 252, 
        "year": 2015
    }
}