{
    "day": {
        "Adj Close": 82.347957, 
        "Close": 83.099998, 
        "Company": "WBA", 
        "Date": "2015-09-30", 
        "High": 83.279999, 
        "Low": 81.989998, 
        "Open": 82.82, 
        "Volume": 3888300, 
        "day": 273, 
        "year": 2015
    }
}