{
    "day": {
        "Adj Close": 83.338908, 
        "Close": 84.099998, 
        "Company": "WBA", 
        "Date": "2015-10-06", 
        "High": 87.870003, 
        "Low": 83.639999, 
        "Open": 87.080002, 
        "Volume": 5770800, 
        "day": 279, 
        "year": 2015
    }
}