{
    "day": {
        "Adj Close": 87.936916, 
        "Close": 88.739998, 
        "Company": "WBA", 
        "Date": "2015-10-20", 
        "High": 89.559998, 
        "Low": 88.389999, 
        "Open": 88.459999, 
        "Volume": 2705400, 
        "day": 293, 
        "year": 2015
    }
}