{
    "day": {
        "Adj Close": 82.774066, 
        "Close": 83.529999, 
        "Company": "WBA", 
        "Date": "2015-11-10", 
        "High": 84.790001, 
        "Low": 83.260002, 
        "Open": 83.830002, 
        "Volume": 4302600, 
        "day": 314, 
        "year": 2015
    }
}