{
    "day": {
        "Adj Close": 84.184971, 
        "Close": 84.580002, 
        "Company": "WBA", 
        "Date": "2015-11-18", 
        "High": 84.82, 
        "Low": 82.760002, 
        "Open": 82.970001, 
        "Volume": 4606400, 
        "day": 322, 
        "year": 2015
    }
}