{
    "day": {
        "Adj Close": 82.542676, 
        "Close": 82.93, 
        "Company": "WBA", 
        "Date": "2015-11-24", 
        "High": 83.120003, 
        "Low": 80.599998, 
        "Open": 81.129997, 
        "Volume": 5154600, 
        "day": 328, 
        "year": 2015
    }
}