{
    "day": {
        "Adj Close": 83.637537, 
        "Close": 84.029999, 
        "Company": "WBA", 
        "Date": "2015-11-30", 
        "High": 84.519997, 
        "Low": 83.769997, 
        "Open": 84.099998, 
        "Volume": 3861800, 
        "day": 334, 
        "year": 2015
    }
}