{
    "day": {
        "Adj Close": 84.224785, 
        "Close": 84.620003, 
        "Company": "WBA", 
        "Date": "2015-12-04", 
        "High": 84.730003, 
        "Low": 82.0, 
        "Open": 82.019997, 
        "Volume": 4702700, 
        "day": 338, 
        "year": 2015
    }
}