{
    "day": {
        "Adj Close": 82.950757, 
        "Close": 83.339996, 
        "Company": "WBA", 
        "Date": "2015-12-09", 
        "High": 84.0, 
        "Low": 82.360001, 
        "Open": 83.050003, 
        "Volume": 4238400, 
        "day": 343, 
        "year": 2015
    }
}