{
    "day": {
        "Adj Close": 84.493521, 
        "Close": 84.889999, 
        "Company": "WBA", 
        "Date": "2015-12-21", 
        "High": 85.019997, 
        "Low": 82.709999, 
        "Open": 83.010002, 
        "Volume": 4895800, 
        "day": 355, 
        "year": 2015
    }
}