{
    "day": {
        "Adj Close": 78.285422, 
        "Close": 79.959999, 
        "Company": "WBA", 
        "Date": "2015-02-12", 
        "High": 80.620003, 
        "Low": 78.940002, 
        "Open": 79.169998, 
        "Volume": 5921900, 
        "day": 43, 
        "year": 2015
    }
}