{
    "day": {
        "Adj Close": 77.408401, 
        "Close": 78.730003, 
        "Company": "WBA", 
        "Date": "2015-02-13", 
        "High": 79.889999, 
        "Low": 78.57, 
        "Open": 79.650002, 
        "Volume": 3293800, 
        "day": 44, 
        "year": 2015
    }
}