{
    "day": {
        "Adj Close": 76.690652, 
        "Close": 78.0, 
        "Company": "WBA", 
        "Date": "2015-02-17", 
        "High": 78.5, 
        "Low": 77.870003, 
        "Open": 78.379997, 
        "Volume": 3100400, 
        "day": 48, 
        "year": 2015
    }
}