{
    "day": {
        "Adj Close": 75.805758, 
        "Close": 77.099998, 
        "Company": "WBA", 
        "Date": "2015-02-19", 
        "High": 78.330002, 
        "Low": 77.019997, 
        "Open": 77.790001, 
        "Volume": 2459400, 
        "day": 50, 
        "year": 2015
    }
}