{
    "day": {
        "Adj Close": 77.270744, 
        "Close": 78.589996, 
        "Company": "WBA", 
        "Date": "2015-02-23", 
        "High": 78.870003, 
        "Low": 77.279999, 
        "Open": 77.370003, 
        "Volume": 6041300, 
        "day": 54, 
        "year": 2015
    }
}