{
    "day": {
        "Adj Close": 79.040531, 
        "Close": 80.389999, 
        "Company": "WBA", 
        "Date": "2015-02-24", 
        "High": 80.790001, 
        "Low": 78.239998, 
        "Open": 78.330002, 
        "Volume": 6366200, 
        "day": 55, 
        "year": 2015
    }
}