{
    "day": {
        "Adj Close": 81.803359, 
        "Close": 83.199997, 
        "Company": "WBA", 
        "Date": "2015-03-05", 
        "High": 83.599998, 
        "Low": 82.889999, 
        "Open": 83.449997, 
        "Volume": 3223600, 
        "day": 64, 
        "year": 2015
    }
}