{
    "day": {
        "Adj Close": 81.124947, 
        "Close": 82.510002, 
        "Company": "WBA", 
        "Date": "2015-03-11", 
        "High": 83.089996, 
        "Low": 81.010002, 
        "Open": 82.389999, 
        "Volume": 3291800, 
        "day": 70, 
        "year": 2015
    }
}