{
    "day": {
        "Adj Close": 86.532621, 
        "Close": 88.010002, 
        "Company": "WBA", 
        "Date": "2015-04-06", 
        "High": 88.099998, 
        "Low": 85.239998, 
        "Open": 85.260002, 
        "Volume": 6058200, 
        "day": 96, 
        "year": 2015
    }
}