{
    "day": {
        "Adj Close": 12.153111,
        "Close": 18.0,
        "Company": "SUNS",
        "Date": "2011-06-28",
        "High": 18.200001,
        "Low": 17.959999,
        "Open": 18.030001,
        "Volume": 20900,
        "day": 28,
        "month": 6
    }
}