{
    "day": {
        "Adj Close": 14.526183, 
        "Close": 29.440001, 
        "Company": "MDLZ", 
        "Date": "2006-01-31", 
        "High": 30.059999, 
        "Low": 28.540001, 
        "Open": 30.059999, 
        "Volume": 4353400, 
        "day": 2, 
        "week": 5
    }
}