{
    "day": {
        "Adj Close": 4.608084, 
        "Close": 47.375038, 
        "Company": "WBA", 
        "Date": "1995-03-17", 
        "High": 47.75, 
        "Low": 47.25, 
        "Open": 47.624962, 
        "Volume": 3585600, 
        "day": 17, 
        "month": 3
    }
}