{
    "day": {
        "Adj Close": 4.82693, 
        "Close": 49.624962, 
        "Company": "WBA", 
        "Date": "1995-03-24", 
        "High": 49.75, 
        "Low": 49.124962, 
        "Open": 49.124962, 
        "Volume": 1967200, 
        "day": 24, 
        "month": 3
    }
}