{
    "day": {
        "Adj Close": 12.455132,
        "Close": 18.5,
        "Company": "SUNS",
        "Date": "2011-05-10",
        "High": 18.639999,
        "Low": 18.35,
        "Open": 18.639999,
        "Volume": 35900,
        "day": 2,
        "week": 19
    }
}