{
    "day": {
        "Adj Close": 12.253157,
        "Close": 18.200001,
        "Company": "SUNS",
        "Date": "2011-05-11",
        "High": 18.68,
        "Low": 18.120001,
        "Open": 18.41,
        "Volume": 43800,
        "day": 3,
        "week": 19
    }
}