{
    "day": {
        "Adj Close": 12.36761,
        "Close": 18.370001,
        "Company": "SUNS",
        "Date": "2011-05-13",
        "High": 18.639999,
        "Low": 18.299999,
        "Open": 18.51,
        "Volume": 31400,
        "day": 5,
        "week": 19
    }
}