{
    "day": {
        "Adj Close": 15.799519, 
        "Close": 29.870001, 
        "Company": "MDLZ", 
        "Date": "2008-03-14", 
        "High": 30.549999, 
        "Low": 29.67, 
        "Open": 30.440001, 
        "Volume": 10936400, 
        "day": 14, 
        "month": 3
    }
}