{
    "day": {
        "Adj Close": 23.059999,
        "Close": 23.059999,
        "Company": "TCBI",
        "Date": "2006-04-28",
        "High": 23.389999,
        "Low": 23.0,
        "Open": 23.0,
        "Volume": 111200,
        "day": 118,
        "year": 2006
    }
}