{
    "day": {
        "Adj Close": 23.66,
        "Close": 23.66,
        "Company": "TCBI",
        "Date": "2006-01-13",
        "High": 23.700001,
        "Low": 23.25,
        "Open": 23.700001,
        "Volume": 52300,
        "day": 13,
        "year": 2006
    }
}