{
    "day": {
        "Adj Close": 22.98,
        "Close": 22.98,
        "Company": "TCBI",
        "Date": "2006-05-17",
        "High": 23.23,
        "Low": 22.860001,
        "Open": 22.860001,
        "Volume": 290200,
        "day": 137,
        "year": 2006
    }
}