{
    "day": {
        "Adj Close": 22.540001,
        "Close": 22.540001,
        "Company": "TCBI",
        "Date": "2006-06-05",
        "High": 23.85,
        "Low": 22.530001,
        "Open": 23.75,
        "Volume": 194900,
        "day": 156,
        "year": 2006
    }
}