{
    "day": {
        "Adj Close": 22.66,
        "Close": 22.66,
        "Company": "TCBI",
        "Date": "2006-06-07",
        "High": 23.360001,
        "Low": 22.299999,
        "Open": 22.549999,
        "Volume": 48600,
        "day": 158,
        "year": 2006
    }
}