{
    "day": {
        "Adj Close": 23.92,
        "Close": 23.92,
        "Company": "TCBI",
        "Date": "2006-07-03",
        "High": 23.92,
        "Low": 23.139999,
        "Open": 23.139999,
        "Volume": 102300,
        "day": 184,
        "year": 2006
    }
}