{
    "day": {
        "Adj Close": 22.0,
        "Close": 22.0,
        "Company": "TCBI",
        "Date": "2006-07-13",
        "High": 22.459999,
        "Low": 21.940001,
        "Open": 22.450001,
        "Volume": 48000,
        "day": 194,
        "year": 2006
    }
}