{
    "day": {
        "Adj Close": 22.969999,
        "Close": 22.969999,
        "Company": "TCBI",
        "Date": "2006-01-20",
        "High": 23.91,
        "Low": 22.709999,
        "Open": 23.91,
        "Volume": 408200,
        "day": 20,
        "year": 2006
    }
}