{
    "day": {
        "Adj Close": 18.84,
        "Close": 18.84,
        "Company": "TCBI",
        "Date": "2006-08-10",
        "High": 19.139999,
        "Low": 18.809999,
        "Open": 19.0,
        "Volume": 215800,
        "day": 222,
        "year": 2006
    }
}