{
    "day": {
        "Adj Close": 18.959999,
        "Close": 18.959999,
        "Company": "TCBI",
        "Date": "2006-08-16",
        "High": 19.110001,
        "Low": 18.93,
        "Open": 19.09,
        "Volume": 174400,
        "day": 228,
        "year": 2006
    }
}