{
    "day": {
        "Adj Close": 19.17,
        "Close": 19.17,
        "Company": "TCBI",
        "Date": "2006-08-17",
        "High": 19.370001,
        "Low": 18.870001,
        "Open": 18.91,
        "Volume": 405300,
        "day": 229,
        "year": 2006
    }
}