{
    "day": {
        "Adj Close": 19.879999,
        "Close": 19.879999,
        "Company": "TCBI",
        "Date": "2006-09-12",
        "High": 19.92,
        "Low": 19.52,
        "Open": 19.549999,
        "Volume": 73400,
        "day": 255,
        "year": 2006
    }
}