{
    "day": {
        "Adj Close": 18.73,
        "Close": 18.73,
        "Company": "TCBI",
        "Date": "2006-09-25",
        "High": 19.040001,
        "Low": 18.469999,
        "Open": 18.469999,
        "Volume": 139300,
        "day": 268,
        "year": 2006
    }
}