{
    "day": {
        "Adj Close": 18.719999,
        "Close": 18.719999,
        "Company": "TCBI",
        "Date": "2006-09-29",
        "High": 18.780001,
        "Low": 18.549999,
        "Open": 18.620001,
        "Volume": 240700,
        "day": 272,
        "year": 2006
    }
}