{
    "day": {
        "Adj Close": 18.780001,
        "Close": 18.780001,
        "Company": "TCBI",
        "Date": "2006-10-06",
        "High": 18.93,
        "Low": 18.74,
        "Open": 18.82,
        "Volume": 117100,
        "day": 279,
        "year": 2006
    }
}