{
    "day": {
        "Adj Close": 18.57,
        "Close": 18.57,
        "Company": "TCBI",
        "Date": "2006-10-11",
        "High": 18.620001,
        "Low": 18.379999,
        "Open": 18.51,
        "Volume": 197600,
        "day": 284,
        "year": 2006
    }
}