{
    "day": {
        "Adj Close": 19.82,
        "Close": 19.82,
        "Company": "TCBI",
        "Date": "2006-10-25",
        "High": 20.1,
        "Low": 19.559999,
        "Open": 19.940001,
        "Volume": 184200,
        "day": 298,
        "year": 2006
    }
}