{
    "day": {
        "Adj Close": 20.690001,
        "Close": 20.690001,
        "Company": "TCBI",
        "Date": "2006-11-14",
        "High": 20.700001,
        "Low": 20.18,
        "Open": 20.52,
        "Volume": 88400,
        "day": 318,
        "year": 2006
    }
}