{
    "day": {
        "Adj Close": 19.690001,
        "Close": 19.690001,
        "Company": "TCBI",
        "Date": "2006-11-28",
        "High": 19.690001,
        "Low": 19.469999,
        "Open": 19.530001,
        "Volume": 68300,
        "day": 332,
        "year": 2006
    }
}