{
    "day": {
        "Adj Close": 19.860001,
        "Close": 19.860001,
        "Company": "TCBI",
        "Date": "2006-12-06",
        "High": 19.940001,
        "Low": 19.83,
        "Open": 19.870001,
        "Volume": 30200,
        "day": 340,
        "year": 2006
    }
}