{
    "day": {
        "Adj Close": 19.969999,
        "Close": 19.969999,
        "Company": "TCBI",
        "Date": "2006-12-26",
        "High": 20.01,
        "Low": 19.389999,
        "Open": 19.389999,
        "Volume": 57100,
        "day": 360,
        "year": 2006
    }
}