{
    "day": {
        "Adj Close": 20.34,
        "Close": 20.34,
        "Company": "TCBI",
        "Date": "2006-12-28",
        "High": 20.469999,
        "Low": 20.25,
        "Open": 20.459999,
        "Volume": 44600,
        "day": 362,
        "year": 2006
    }
}