{
    "day": {
        "Adj Close": 21.370001,
        "Close": 21.370001,
        "Company": "TCBI",
        "Date": "2006-02-16",
        "High": 21.780001,
        "Low": 21.27,
        "Open": 21.450001,
        "Volume": 156800,
        "day": 47,
        "year": 2006
    }
}