{
    "day": {
        "Adj Close": 19.0,
        "Close": 19.0,
        "Company": "TCBI",
        "Date": "2005-05-25",
        "High": 19.610001,
        "Low": 18.92,
        "Open": 19.610001,
        "Volume": 57500,
        "day": 25,
        "month": 5
    }
}