{
    "day": {
        "Adj Close": 37.838475, 
        "Close": 47.299999, 
        "Company": "TROW", 
        "Date": "2007-03-29", 
        "High": 48.07, 
        "Low": 46.849998, 
        "Open": 47.490002, 
        "Volume": 1138900, 
        "day": 29, 
        "month": 3
    }
}