{
    "day": {
        "Adj Close": 36.338673, 
        "Close": 45.59, 
        "Company": "TROW", 
        "Date": "2007-03-07", 
        "High": 46.18, 
        "Low": 45.540001, 
        "Open": 45.779999, 
        "Volume": 2069200, 
        "day": 7, 
        "month": 3
    }
}