{
    "day": {
        "Adj Close": 36.888654, 
        "Close": 46.279999, 
        "Company": "TROW", 
        "Date": "2007-03-09", 
        "High": 46.869999, 
        "Low": 45.990002, 
        "Open": 46.73, 
        "Volume": 1093500, 
        "day": 9, 
        "month": 3
    }
}