{
    "day": {
        "Adj Close": 22.744704, 
        "Close": 58.880001, 
        "Company": "TROW", 
        "Date": "2004-11-23", 
        "High": 59.23, 
        "Low": 57.98, 
        "Open": 58.59, 
        "Volume": 1168200, 
        "day": 2, 
        "week": 48
    }
}