{
    "day": {
        "Adj Close": 34.067716,
        "Close": 36.360001,
        "Company": "LPLA",
        "Date": "2013-06-14",
        "High": 36.970001,
        "Low": 36.040001,
        "Open": 36.810001,
        "Volume": 738500,
        "day": 14,
        "month": 6
    }
}