{
    "day": {
        "Adj Close": 34.882867,
        "Close": 37.23,
        "Company": "LPLA",
        "Date": "2013-06-19",
        "High": 37.400002,
        "Low": 36.599998,
        "Open": 36.75,
        "Volume": 1011500,
        "day": 19,
        "month": 6
    }
}