{
    "day": {
        "Adj Close": 34.789172,
        "Close": 37.130001,
        "Company": "LPLA",
        "Date": "2013-06-07",
        "High": 37.189999,
        "Low": 36.380001,
        "Open": 36.759998,
        "Volume": 894900,
        "day": 7,
        "month": 6
    }
}