{
    "day": {
        "Adj Close": 232.360001, 
        "Close": 232.360001, 
        "Company": "TSLA", 
        "Date": "2015-11-06", 
        "High": 233.360001, 
        "Low": 229.5, 
        "Open": 230.699997, 
        "Volume": 2445300, 
        "day": 5, 
        "week": 45
    }
}