{
    "day": {
        "Adj Close": 33.011626, 
        "Close": 35.790001, 
        "Company": "WBA", 
        "Date": "2012-08-06", 
        "High": 36.310001, 
        "Low": 35.779999, 
        "Open": 35.860001, 
        "Volume": 6545200, 
        "day": 1, 
        "week": 32
    }
}