{
    "day": {
        "Adj Close": 16.200001,
        "Close": 16.200001,
        "Company": "TCBI",
        "Date": "2009-07-28",
        "High": 16.34,
        "Low": 15.84,
        "Open": 15.84,
        "Volume": 211200,
        "day": 2,
        "week": 31
    }
}