{
    "day": {
        "Adj Close": 17.574883, 
        "Close": 38.48, 
        "Company": "MDLZ", 
        "Date": "2002-10-25", 
        "High": 39.189999, 
        "Low": 38.380001, 
        "Open": 39.099998, 
        "Volume": 1455500, 
        "day": 5, 
        "week": 43
    }
}