{
    "day": {
        "Adj Close": 3.966409, 
        "Close": 41.5, 
        "Company": "WBA", 
        "Date": "1994-03-15", 
        "High": 41.75, 
        "Low": 41.375038, 
        "Open": 41.375038, 
        "Volume": 1544000, 
        "day": 2, 
        "week": 11
    }
}