{
    "day": {
        "Adj Close": 34.610001, 
        "Close": 34.610001, 
        "Company": "TSLA", 
        "Date": "2012-12-19", 
        "High": 35.259998, 
        "Low": 34.52, 
        "Open": 34.75, 
        "Volume": 1298800, 
        "day": 3, 
        "week": 51
    }
}