{
    "day": {
        "Adj Close": 1.085521, 
        "Close": 27.75008, 
        "Company": "TROW", 
        "Date": "1991-07-29", 
        "High": 28.24992, 
        "Low": 27.5, 
        "Open": 27.5, 
        "Volume": 16000, 
        "day": 1, 
        "week": 31
    }
}