{
    "day": {
        "Adj Close": 21.364127, 
        "Close": 35.470001, 
        "Company": "MDLZ", 
        "Date": "2011-07-01", 
        "High": 35.5, 
        "Low": 34.98, 
        "Open": 35.040001, 
        "Volume": 5831400, 
        "day": 1, 
        "month": 7
    }
}