{
    "day": {
        "Adj Close": 21.303894, 
        "Close": 35.369999, 
        "Company": "MDLZ", 
        "Date": "2011-07-15", 
        "High": 35.459999, 
        "Low": 35.16, 
        "Open": 35.389999, 
        "Volume": 12177800, 
        "day": 15, 
        "month": 7
    }
}