{
    "day": {
        "Adj Close": 21.508681, 
        "Close": 35.709999, 
        "Company": "MDLZ", 
        "Date": "2011-07-08", 
        "High": 35.93, 
        "Low": 35.619999, 
        "Open": 35.75, 
        "Volume": 9296800, 
        "day": 8, 
        "month": 7
    }
}