{
    "day": {
        "Adj Close": 27.060943, 
        "Close": 31.700001, 
        "Company": "WBA", 
        "Date": "2008-07-07", 
        "High": 31.950001, 
        "Low": 31.34, 
        "Open": 31.459999, 
        "Volume": 10331300, 
        "day": 1, 
        "week": 28
    }
}