{
    "day": {
        "Adj Close": 27.393869, 
        "Close": 32.09, 
        "Company": "WBA", 
        "Date": "2008-07-09", 
        "High": 32.330002, 
        "Low": 31.790001, 
        "Open": 31.99, 
        "Volume": 7835500, 
        "day": 3, 
        "week": 28
    }
}