{
    "day": {
        "Adj Close": 2.504979, 
        "Close": 61.375038, 
        "Company": "TROW", 
        "Date": "1993-10-21", 
        "High": 62.624962, 
        "Low": 61.0, 
        "Open": 62.624962, 
        "Volume": 1260800, 
        "day": 21, 
        "month": 10
    }
}