{
    "day": {
        "Adj Close": 2.357029, 
        "Close": 57.75008, 
        "Company": "TROW", 
        "Date": "1993-10-25", 
        "High": 60.0, 
        "Low": 57.5, 
        "Open": 60.0, 
        "Volume": 1254400, 
        "day": 25, 
        "month": 10
    }
}