{
    "day": {
        "Adj Close": 2.489672, 
        "Close": 61.0, 
        "Company": "TROW", 
        "Date": "1993-10-06", 
        "High": 61.75008, 
        "Low": 60.875038, 
        "Open": 60.875038, 
        "Volume": 596800, 
        "day": 6, 
        "month": 10
    }
}