{
    "day": {
        "Adj Close": 2.479471, 
        "Close": 60.75008, 
        "Company": "TROW", 
        "Date": "1993-10-07", 
        "High": 61.75008, 
        "Low": 60.75008, 
        "Open": 61.0, 
        "Volume": 275200, 
        "day": 7, 
        "month": 10
    }
}