{
    "day": {
        "Adj Close": 180.979996, 
        "Close": 180.979996, 
        "Company": "TSLA", 
        "Date": "2013-10-04", 
        "High": 181.179993, 
        "Low": 172.649994, 
        "Open": 176.399994, 
        "Volume": 14414000, 
        "day": 5, 
        "week": 40
    }
}