{
    "day": {
        "Adj Close": 4.814776, 
        "Close": 49.5, 
        "Company": "WBA", 
        "Date": "1995-03-27", 
        "High": 50.124962, 
        "Low": 49.25, 
        "Open": 49.75, 
        "Volume": 2215200, 
        "day": 1, 
        "week": 13
    }
}