{
    "day": {
        "Adj Close": 4.729662, 
        "Close": 48.624962, 
        "Company": "WBA", 
        "Date": "1995-03-28", 
        "High": 49.25, 
        "Low": 48.375038, 
        "Open": 49.124962, 
        "Volume": 4116000, 
        "day": 2, 
        "week": 13
    }
}