{
    "day": {
        "Adj Close": 2.149719, 
        "Close": 47.5, 
        "Company": "WBA", 
        "Date": "1990-08-16", 
        "High": 47.5, 
        "Low": 47.124962, 
        "Open": 47.5, 
        "Volume": 932800, 
        "day": 16, 
        "month": 8
    }
}