{
    "day": {
        "Adj Close": 2.093144, 
        "Close": 46.24992, 
        "Company": "WBA", 
        "Date": "1990-08-29", 
        "High": 46.375038, 
        "Low": 45.75008, 
        "Open": 45.75008, 
        "Volume": 1992000, 
        "day": 29, 
        "month": 8
    }
}