{
    "day": {
        "Adj Close": 2.070523, 
        "Close": 45.75008, 
        "Company": "WBA", 
        "Date": "1990-08-30", 
        "High": 46.5, 
        "Low": 45.624962, 
        "Open": 46.5, 
        "Volume": 966400, 
        "day": 30, 
        "month": 8
    }
}