{
    "day": {
        "Adj Close": 2.061521, 
        "Close": 45.75008, 
        "Company": "WBA", 
        "Date": "1990-08-07", 
        "High": 46.624962, 
        "Low": 45.124962, 
        "Open": 46.24992, 
        "Volume": 2929600, 
        "day": 7, 
        "month": 8
    }
}