{
    "day": {
        "Adj Close": 15.139114, 
        "Close": 42.25, 
        "Company": "TROW", 
        "Date": "2000-07-10", 
        "High": 43.5, 
        "Low": 42.031239, 
        "Open": 43.4375, 
        "Volume": 629400, 
        "day": 1, 
        "week": 28
    }
}