{
    "day": {
        "Adj Close": 30.05317, 
        "Close": 76.349998, 
        "Company": "TROW", 
        "Date": "2006-02-16", 
        "High": 76.5, 
        "Low": 75.620003, 
        "Open": 75.889999, 
        "Volume": 827000, 
        "day": 4, 
        "week": 7
    }
}