{
    "day": {
        "Adj Close": 1.012779, 
        "Close": 26.75008, 
        "Company": "TROW", 
        "Date": "1990-06-14", 
        "High": 26.75008, 
        "Low": 26.75008, 
        "Open": 26.75008, 
        "Volume": 83200, 
        "day": 4, 
        "week": 24
    }
}