{
    "day": {
        "Adj Close": 16.389999,
        "Close": 16.389999,
        "Company": "TCBI",
        "Date": "2008-01-11",
        "High": 16.9,
        "Low": 16.27,
        "Open": 16.719999,
        "Volume": 104000,
        "day": 11,
        "month": 1
    }
}