{
    "day": {
        "Adj Close": 16.48,
        "Close": 16.48,
        "Company": "TCBI",
        "Date": "2008-01-14",
        "High": 16.59,
        "Low": 16.110001,
        "Open": 16.530001,
        "Volume": 306500,
        "day": 14,
        "month": 1
    }
}