{
    "day": {
        "Adj Close": 16.629999,
        "Close": 16.629999,
        "Company": "TCBI",
        "Date": "2008-01-08",
        "High": 17.74,
        "Low": 16.629999,
        "Open": 17.540001,
        "Volume": 171900,
        "day": 8,
        "month": 1
    }
}