{
    "day": {
        "Adj Close": 15.500887, 
        "Close": 29.559999, 
        "Company": "MDLZ", 
        "Date": "2008-02-13", 
        "High": 29.65, 
        "Low": 29.24, 
        "Open": 29.4, 
        "Volume": 9227400, 
        "day": 3, 
        "week": 7
    }
}