{
    "day": {
        "Adj Close": 215.649994, 
        "Close": 215.649994, 
        "Company": "TSLA", 
        "Date": "2016-01-07", 
        "High": 218.440002, 
        "Low": 213.669998, 
        "Open": 214.190002, 
        "Volume": 3554300, 
        "day": 4, 
        "week": 1
    }
}