{
    "day": {
        "Adj Close": 17.365641, 
        "Close": 33.389999, 
        "Company": "MDLZ", 
        "Date": "2007-11-06", 
        "High": 33.439999, 
        "Low": 33.009998, 
        "Open": 33.009998, 
        "Volume": 8399500, 
        "day": 2, 
        "week": 45
    }
}