{
    "day": {
        "Adj Close": 23.26,
        "Close": 23.26,
        "Company": "TCBI",
        "Date": "2005-02-14",
        "High": 23.290001,
        "Low": 22.91,
        "Open": 22.950001,
        "Volume": 68600,
        "day": 1,
        "week": 7
    }
}