{
    "day": {
        "Adj Close": 12.908762, 
        "Close": 23.719999, 
        "Company": "MDLZ", 
        "Date": "2009-02-24", 
        "High": 23.75, 
        "Low": 22.91, 
        "Open": 23.15, 
        "Volume": 15885500, 
        "day": 2, 
        "week": 9
    }
}