{
    "day": {
        "Adj Close": 16.148996, 
        "Close": 31.309999, 
        "Company": "MDLZ", 
        "Date": "2007-08-17", 
        "High": 31.889999, 
        "Low": 30.85, 
        "Open": 31.889999, 
        "Volume": 17115300, 
        "day": 5, 
        "week": 33
    }
}