{
    "day": {
        "Adj Close": 15.759599, 
        "Close": 28.26, 
        "Company": "MDLZ", 
        "Date": "2009-07-27", 
        "High": 28.290001, 
        "Low": 27.790001, 
        "Open": 28.139999, 
        "Volume": 7648500, 
        "day": 1, 
        "week": 31
    }
}