{
    "day": {
        "Adj Close": 15.876708, 
        "Close": 28.469999, 
        "Company": "MDLZ", 
        "Date": "2009-07-28", 
        "High": 28.530001, 
        "Low": 28.129999, 
        "Open": 28.200001, 
        "Volume": 7325300, 
        "day": 2, 
        "week": 31
    }
}