{
    "day": {
        "Adj Close": 22.540001, 
        "Close": 22.540001, 
        "Company": "FANG", 
        "Date": "2013-02-04", 
        "High": 22.709999, 
        "Low": 21.85, 
        "Open": 22.65, 
        "Volume": 80100, 
        "day": 1, 
        "week": 6
    }
}