{
    "day": {
        "Adj Close": 3.515137, 
        "Close": 36.624962, 
        "Company": "WBA", 
        "Date": "1994-07-29", 
        "High": 36.75, 
        "Low": 36.25, 
        "Open": 36.5, 
        "Volume": 1482400, 
        "day": 5, 
        "week": 30
    }
}