{
    "day": {
        "Adj Close": 12.929647, 
        "Close": 35.07, 
        "Company": "TROW", 
        "Date": "2002-04-30", 
        "High": 35.599998, 
        "Low": 34.080002, 
        "Open": 34.25, 
        "Volume": 1451000, 
        "day": 2, 
        "week": 18
    }
}