{
    "day": {
        "Adj Close": 80.650002, 
        "Close": 80.650002, 
        "Company": "FANG", 
        "Date": "2015-06-12", 
        "High": 80.800003, 
        "Low": 79.879997, 
        "Open": 80.800003, 
        "Volume": 433900, 
        "day": 12, 
        "month": 6
    }
}