{
    "day": {
        "Adj Close": 79.889999, 
        "Close": 79.889999, 
        "Company": "FANG", 
        "Date": "2015-06-15", 
        "High": 80.220001, 
        "Low": 79.07, 
        "Open": 80.029999, 
        "Volume": 856400, 
        "day": 15, 
        "month": 6
    }
}