{
    "day": {
        "Adj Close": 78.57, 
        "Close": 78.57, 
        "Company": "FANG", 
        "Date": "2015-06-18", 
        "High": 80.639999, 
        "Low": 78.480003, 
        "Open": 79.849998, 
        "Volume": 655900, 
        "day": 18, 
        "month": 6
    }
}