{
    "day": {
        "Adj Close": 76.389999, 
        "Close": 76.389999, 
        "Company": "FANG", 
        "Date": "2015-06-25", 
        "High": 78.800003, 
        "Low": 76.160004, 
        "Open": 77.870003, 
        "Volume": 742000, 
        "day": 25, 
        "month": 6
    }
}