{
    "day": {
        "Adj Close": 18.950001,
        "Close": 18.950001,
        "Company": "TCBI",
        "Date": "2005-10-11",
        "High": 19.84,
        "Low": 18.940001,
        "Open": 19.75,
        "Volume": 63600,
        "day": 2,
        "week": 41
    }
}