{
    "day": {
        "Adj Close": 31.224884, 
        "Close": 33.32, 
        "Company": "WBA", 
        "Date": "2012-11-28", 
        "High": 33.43, 
        "Low": 32.669998, 
        "Open": 32.869999, 
        "Volume": 5630400, 
        "day": 28, 
        "month": 11
    }
}