{
    "day": {
        "Adj Close": 31.678328, 
        "Close": 34.080002, 
        "Company": "WBA", 
        "Date": "2012-11-05", 
        "High": 34.759998, 
        "Low": 33.950001, 
        "Open": 34.759998, 
        "Volume": 10376500, 
        "day": 5, 
        "month": 11
    }
}