{
    "day": {
        "Adj Close": 30.606384, 
        "Close": 32.66, 
        "Company": "WBA", 
        "Date": "2012-11-09", 
        "High": 32.900002, 
        "Low": 32.599998, 
        "Open": 32.709999, 
        "Volume": 5495200, 
        "day": 9, 
        "month": 11
    }
}