{
    "day": {
        "Adj Close": 3.639962, 
        "Close": 39.0, 
        "Company": "WBA", 
        "Date": "1992-10-16", 
        "High": 39.0, 
        "Low": 38.875038, 
        "Open": 38.875038, 
        "Volume": 762400, 
        "day": 5, 
        "week": 42
    }
}