{
    "day": {
        "Adj Close": 1.046403, 
        "Close": 26.75008, 
        "Company": "TROW", 
        "Date": "1991-06-26", 
        "High": 27.0, 
        "Low": 26.5, 
        "Open": 26.5, 
        "Volume": 171200, 
        "day": 3, 
        "week": 26
    }
}