{
    "day": {
        "Adj Close": 32.873623, 
        "Close": 38.610001, 
        "Company": "WBA", 
        "Date": "2008-03-24", 
        "High": 38.889999, 
        "Low": 37.790001, 
        "Open": 38.25, 
        "Volume": 9976500, 
        "day": 1, 
        "week": 13
    }
}