{
    "day": {
        "Adj Close": 15.857606, 
        "Close": 33.25, 
        "Company": "MDLZ", 
        "Date": "2004-10-27", 
        "High": 33.27, 
        "Low": 32.700001, 
        "Open": 32.720001, 
        "Volume": 1291400, 
        "day": 3, 
        "week": 44
    }
}