{
    "day": {
        "Adj Close": 28.095629, 
        "Close": 34.139999, 
        "Company": "WBA", 
        "Date": "2002-10-17", 
        "High": 35.040001, 
        "Low": 33.849998, 
        "Open": 35.0, 
        "Volume": 3298300, 
        "day": 17, 
        "month": 10
    }
}