{
    "day": {
        "Adj Close": 28.844516, 
        "Close": 35.049999, 
        "Company": "WBA", 
        "Date": "2002-10-28", 
        "High": 35.98, 
        "Low": 34.849998, 
        "Open": 35.959999, 
        "Volume": 2908900, 
        "day": 28, 
        "month": 10
    }
}