{
    "day": {
        "Adj Close": 10.429858, 
        "Close": 27.98, 
        "Company": "TROW", 
        "Date": "2002-11-18", 
        "High": 28.879999, 
        "Low": 27.940001, 
        "Open": 28.6, 
        "Volume": 856600, 
        "day": 18, 
        "month": 11
    }
}