{
    "day": {
        "Adj Close": 2.871198, 
        "Close": 30.87504, 
        "Company": "WBA", 
        "Date": "1992-06-09", 
        "High": 31.37504, 
        "Low": 30.87504, 
        "Open": 31.25, 
        "Volume": 1376000, 
        "day": 2, 
        "week": 24
    }
}