{
    "day": {
        "Adj Close": 2.836322, 
        "Close": 30.5, 
        "Company": "WBA", 
        "Date": "1992-06-10", 
        "High": 31.0, 
        "Low": 30.37504, 
        "Open": 30.87504, 
        "Volume": 2320000, 
        "day": 3, 
        "week": 24
    }
}