{
    "day": {
        "Adj Close": 1.818256, 
        "Close": 42.5, 
        "Company": "WBA", 
        "Date": "1987-09-14", 
        "High": 42.5, 
        "Low": 41.875038, 
        "Open": 41.875038, 
        "Volume": 1582400, 
        "day": 14, 
        "month": 9
    }
}