{
    "day": {
        "Adj Close": 1.721992, 
        "Close": 40.24992, 
        "Company": "WBA", 
        "Date": "1987-09-29", 
        "High": 41.124962, 
        "Low": 40.24992, 
        "Open": 41.124962, 
        "Volume": 1668800, 
        "day": 29, 
        "month": 9
    }
}