{
    "day": {
        "Adj Close": 41.705449, 
        "Close": 49.48, 
        "Company": "TROW", 
        "Date": "2009-11-23", 
        "High": 49.830002, 
        "Low": 48.880001, 
        "Open": 48.880001, 
        "Volume": 1607400, 
        "day": 1, 
        "week": 48
    }
}