{
    "day": {
        "Adj Close": 13.656967, 
        "Close": 37.875, 
        "Company": "TROW", 
        "Date": "2001-02-06", 
        "High": 38.75, 
        "Low": 37.6875, 
        "Open": 38.718761, 
        "Volume": 630600, 
        "day": 6, 
        "month": 2
    }
}