{
    "day": {
        "Adj Close": 15.909449, 
        "Close": 29.799999, 
        "Company": "MDLZ", 
        "Date": "2008-07-23", 
        "High": 29.92, 
        "Low": 29.17, 
        "Open": 29.290001, 
        "Volume": 16518900, 
        "day": 3, 
        "week": 30
    }
}