{
    "day": {
        "Adj Close": 74.006939, 
        "Close": 75.589996, 
        "Company": "WBA", 
        "Date": "2015-01-23", 
        "High": 75.949997, 
        "Low": 75.199997, 
        "Open": 75.949997, 
        "Volume": 3265500, 
        "day": 5, 
        "week": 4
    }
}