{
    "day": {
        "Adj Close": 13.622669, 
        "Close": 78.187523, 
        "Company": "TROW", 
        "Date": "1998-04-23", 
        "High": 79.25, 
        "Low": 76.812477, 
        "Open": 77.875, 
        "Volume": 1216400, 
        "day": 23, 
        "month": 4
    }
}