{
    "day": {
        "Adj Close": 29.860001,
        "Close": 29.860001,
        "Company": "TCBI",
        "Date": "2011-12-05",
        "High": 30.200001,
        "Low": 29.280001,
        "Open": 29.440001,
        "Volume": 530600,
        "day": 1,
        "week": 49
    }
}