{
    "day": {
        "Adj Close": 35.975381, 
        "Close": 45.310001, 
        "Company": "TROW", 
        "Date": "2006-11-03", 
        "High": 46.439999, 
        "Low": 45.200001, 
        "Open": 46.049999, 
        "Volume": 1058600, 
        "day": 3, 
        "month": 11
    }
}