{
    "day": {
        "Adj Close": 34.403294, 
        "Close": 43.330002, 
        "Company": "TROW", 
        "Date": "2006-11-30", 
        "High": 44.130001, 
        "Low": 43.240002, 
        "Open": 44.110001, 
        "Volume": 1590200, 
        "day": 30, 
        "month": 11
    }
}