{
    "day": {
        "Adj Close": 1.195593, 
        "Close": 30.75008, 
        "Company": "TROW", 
        "Date": "1991-04-03", 
        "High": 30.75008, 
        "Low": 29.0, 
        "Open": 29.24992, 
        "Volume": 734400, 
        "day": 3, 
        "week": 14
    }
}