{
    "day": {
        "Adj Close": 13.238849, 
        "Close": 36.389999, 
        "Company": "TROW", 
        "Date": "2001-06-25", 
        "High": 36.610001, 
        "Low": 35.970001, 
        "Open": 36.25, 
        "Volume": 578000, 
        "day": 25, 
        "month": 6
    }
}