{
    "day": {
        "Adj Close": 13.331836, 
        "Close": 36.799999, 
        "Company": "TROW", 
        "Date": "2001-06-08", 
        "High": 36.799999, 
        "Low": 35.75, 
        "Open": 36.529999, 
        "Volume": 218400, 
        "day": 8, 
        "month": 6
    }
}