{
    "day": {
        "Adj Close": 41.87119, 
        "Close": 42.380001, 
        "Company": "MDLZ", 
        "Date": "2015-09-10", 
        "High": 42.73, 
        "Low": 41.759998, 
        "Open": 41.779999, 
        "Volume": 12386900, 
        "day": 4, 
        "week": 37
    }
}