{
    "day": {
        "Adj Close": 3.565071, 
        "Close": 38.624962, 
        "Company": "WBA", 
        "Date": "1992-02-10", 
        "High": 39.0, 
        "Low": 38.0, 
        "Open": 38.124962, 
        "Volume": 1823200, 
        "day": 1, 
        "week": 7
    }
}