{
    "day": {
        "Adj Close": 3.553537, 
        "Close": 38.5, 
        "Company": "WBA", 
        "Date": "1992-02-11", 
        "High": 38.624962, 
        "Low": 38.124962, 
        "Open": 38.375038, 
        "Volume": 710400, 
        "day": 2, 
        "week": 7
    }
}