{
    "day": {
        "Adj Close": 3.403812, 
        "Close": 36.75, 
        "Company": "WBA", 
        "Date": "1992-02-14", 
        "High": 37.375038, 
        "Low": 36.75, 
        "Open": 37.25, 
        "Volume": 1582400, 
        "day": 5, 
        "week": 7
    }
}