{
    "day": {
        "Adj Close": 36.209999,
        "Close": 36.209999,
        "Company": "TCBI",
        "Date": "2016-04-11",
        "High": 36.970001,
        "Low": 35.549999,
        "Open": 35.59,
        "Volume": 459700,
        "day": 11,
        "month": 4
    }
}