{
    "day": {
        "Adj Close": 37.779999,
        "Close": 37.779999,
        "Company": "TCBI",
        "Date": "2016-04-12",
        "High": 37.799999,
        "Low": 35.900002,
        "Open": 36.459999,
        "Volume": 508700,
        "day": 12,
        "month": 4
    }
}