{
    "day": {
        "Adj Close": 57.770002, 
        "Close": 65.0, 
        "Company": "TROW", 
        "Date": "2012-03-26", 
        "High": 65.150002, 
        "Low": 64.449997, 
        "Open": 64.809998, 
        "Volume": 1195100, 
        "day": 1, 
        "week": 13
    }
}