{
    "day": {
        "Adj Close": 77.18, 
        "Close": 77.18, 
        "Company": "FANG", 
        "Date": "2014-08-13", 
        "High": 77.959999, 
        "Low": 76.160004, 
        "Open": 76.160004, 
        "Volume": 605800, 
        "day": 13, 
        "month": 8
    }
}