{
    "day": {
        "Adj Close": 83.879997, 
        "Close": 83.879997, 
        "Company": "FANG", 
        "Date": "2014-08-26", 
        "High": 85.5, 
        "Low": 81.540001, 
        "Open": 81.760002, 
        "Volume": 1391500, 
        "day": 26, 
        "month": 8
    }
}