{
    "day": {
        "Adj Close": 86.349998, 
        "Close": 86.349998, 
        "Company": "FANG", 
        "Date": "2014-08-29", 
        "High": 86.82, 
        "Low": 83.510002, 
        "Open": 83.510002, 
        "Volume": 1062000, 
        "day": 29, 
        "month": 8
    }
}