{
    "day": {
        "Adj Close": 30.889795, 
        "Close": 36.279999, 
        "Company": "WBA", 
        "Date": "2008-03-05", 
        "High": 37.150002, 
        "Low": 36.0, 
        "Open": 37.0, 
        "Volume": 6320300, 
        "day": 3, 
        "week": 10
    }
}