{
    "day": {
        "Adj Close": 30.251224, 
        "Close": 35.529999, 
        "Company": "WBA", 
        "Date": "2008-03-07", 
        "High": 36.09, 
        "Low": 34.759998, 
        "Open": 35.419998, 
        "Volume": 5038800, 
        "day": 5, 
        "week": 10
    }
}