{
    "day": {
        "Adj Close": 44.768632, 
        "Close": 51.990002, 
        "Company": "TROW", 
        "Date": "2010-10-06", 
        "High": 52.220001, 
        "Low": 51.369999, 
        "Open": 51.849998, 
        "Volume": 2519800, 
        "day": 3, 
        "week": 40
    }
}