{
    "day": {
        "Adj Close": 3.581633, 
        "Close": 38.375038, 
        "Company": "WBA", 
        "Date": "1992-09-22", 
        "High": 38.5, 
        "Low": 38.124962, 
        "Open": 38.25, 
        "Volume": 1124000, 
        "day": 2, 
        "week": 39
    }
}