{
    "day": {
        "Adj Close": 3.558293, 
        "Close": 38.124962, 
        "Company": "WBA", 
        "Date": "1992-09-23", 
        "High": 38.5, 
        "Low": 38.0, 
        "Open": 38.375038, 
        "Volume": 1919200, 
        "day": 3, 
        "week": 39
    }
}