{
    "day": {
        "Adj Close": 3.558293, 
        "Close": 38.124962, 
        "Company": "WBA", 
        "Date": "1992-09-24", 
        "High": 38.5, 
        "Low": 38.124962, 
        "Open": 38.25, 
        "Volume": 778400, 
        "day": 4, 
        "week": 39
    }
}