{
    "day": {
        "Adj Close": 31.294337, 
        "Close": 38.099998, 
        "Company": "WBA", 
        "Date": "2002-05-06", 
        "High": 38.439999, 
        "Low": 38.0, 
        "Open": 38.209999, 
        "Volume": 1575400, 
        "day": 1, 
        "week": 19
    }
}