{
    "day": {
        "Adj Close": 3.901485, 
        "Close": 41.0, 
        "Company": "WBA", 
        "Date": "1993-12-15", 
        "High": 41.25, 
        "Low": 40.25, 
        "Open": 40.624962, 
        "Volume": 1481600, 
        "day": 15, 
        "month": 12
    }
}