{
    "day": {
        "Adj Close": 3.913376, 
        "Close": 41.124962, 
        "Company": "WBA", 
        "Date": "1993-12-16", 
        "High": 41.624962, 
        "Low": 41.0, 
        "Open": 41.0, 
        "Volume": 750400, 
        "day": 16, 
        "month": 12
    }
}