{
    "day": {
        "Adj Close": 3.984752, 
        "Close": 41.875038, 
        "Company": "WBA", 
        "Date": "1993-12-23", 
        "High": 42.124962, 
        "Low": 41.375038, 
        "Open": 42.0, 
        "Volume": 948000, 
        "day": 23, 
        "month": 12
    }
}