{
    "day": {
        "Adj Close": 19.799999,
        "Close": 19.799999,
        "Company": "TCBI",
        "Date": "2007-02-12",
        "High": 19.82,
        "Low": 19.48,
        "Open": 19.48,
        "Volume": 118300,
        "day": 1,
        "week": 7
    }
}