{
    "day": {
        "Adj Close": 24.4,
        "Close": 24.4,
        "Company": "TCBI",
        "Date": "2011-05-16",
        "High": 24.57,
        "Low": 24.219999,
        "Open": 24.379999,
        "Volume": 127500,
        "day": 16,
        "month": 5
    }
}