{
    "day": {
        "Adj Close": 24.559999,
        "Close": 24.559999,
        "Company": "TCBI",
        "Date": "2011-05-26",
        "High": 24.620001,
        "Low": 24.17,
        "Open": 24.17,
        "Volume": 94600,
        "day": 26,
        "month": 5
    }
}