{
    "day": {
        "Adj Close": 14.497867, 
        "Close": 26.639999, 
        "Company": "MDLZ", 
        "Date": "2008-12-26", 
        "High": 26.780001, 
        "Low": 26.360001, 
        "Open": 26.540001, 
        "Volume": 2736300, 
        "day": 26, 
        "month": 12
    }
}