{
    "day": {
        "Adj Close": 25.604361, 
        "Close": 65.300003, 
        "Company": "TROW", 
        "Date": "2005-09-30", 
        "High": 65.550003, 
        "Low": 64.349998, 
        "Open": 64.349998, 
        "Volume": 1386400, 
        "day": 5, 
        "week": 39
    }
}