{
    "day": {
        "Adj Close": 44.301686, 
        "Close": 54.560001, 
        "Company": "TROW", 
        "Date": "2008-04-08", 
        "High": 55.060001, 
        "Low": 53.68, 
        "Open": 53.860001, 
        "Volume": 1472300, 
        "day": 2, 
        "week": 15
    }
}