{
    "day": {
        "Adj Close": 41.687106, 
        "Close": 51.34, 
        "Company": "TROW", 
        "Date": "2008-04-11", 
        "High": 53.27, 
        "Low": 51.330002, 
        "Open": 52.84, 
        "Volume": 2120200, 
        "day": 5, 
        "week": 15
    }
}