{
    "day": {
        "Adj Close": 13.747331, 
        "Close": 24.93, 
        "Company": "MDLZ", 
        "Date": "2009-05-21", 
        "High": 24.93, 
        "Low": 24.4, 
        "Open": 24.639999, 
        "Volume": 8898000, 
        "day": 4, 
        "week": 21
    }
}