{
    "day": {
        "Adj Close": 59.689999,
        "Close": 59.689999,
        "Company": "TCBI",
        "Date": "2015-06-15",
        "High": 59.970001,
        "Low": 58.619999,
        "Open": 59.150002,
        "Volume": 276000,
        "day": 1,
        "week": 25
    }
}