{
    "day": {
        "Adj Close": 14.876092,
        "Close": 18.719999,
        "Company": "SUNS",
        "Date": "2013-10-21",
        "High": 18.85,
        "Low": 18.700001,
        "Open": 18.84,
        "Volume": 29100,
        "day": 1,
        "week": 43
    }
}