{
    "day": {
        "Adj Close": 14.993643,
        "Close": 18.75,
        "Company": "SUNS",
        "Date": "2013-10-24",
        "High": 18.75,
        "Low": 18.690001,
        "Open": 18.73,
        "Volume": 26500,
        "day": 4,
        "week": 43
    }
}