{
    "day": {
        "Adj Close": 25.487783, 
        "Close": 41.009998, 
        "Company": "MDLZ", 
        "Date": "2012-08-22", 
        "High": 41.599998, 
        "Low": 40.75, 
        "Open": 41.18, 
        "Volume": 9655300, 
        "day": 3, 
        "week": 34
    }
}