{
    "day": {
        "Adj Close": 83.329018, 
        "Close": 84.419998, 
        "Company": "WBA", 
        "Date": "2015-06-15", 
        "High": 84.949997, 
        "Low": 83.889999, 
        "Open": 84.68, 
        "Volume": 2631400, 
        "day": 1, 
        "week": 25
    }
}