{
    "day": {
        "Adj Close": 20.25,
        "Close": 20.25,
        "Company": "TCBI",
        "Date": "2006-11-08",
        "High": 20.280001,
        "Low": 19.799999,
        "Open": 19.799999,
        "Volume": 49900,
        "day": 3,
        "week": 45
    }
}