{
    "day": {
        "Adj Close": 25.11649, 
        "Close": 28.5, 
        "Company": "WBA", 
        "Date": "2010-08-04", 
        "High": 28.93, 
        "Low": 28.33, 
        "Open": 28.780001, 
        "Volume": 8404700, 
        "day": 3, 
        "week": 31
    }
}