{
    "day": {
        "Adj Close": 30.715446, 
        "Close": 33.75, 
        "Company": "WBA", 
        "Date": "2012-01-18", 
        "High": 33.759998, 
        "Low": 32.93, 
        "Open": 33.189999, 
        "Volume": 5444800, 
        "day": 18, 
        "month": 1
    }
}