{
    "day": {
        "Adj Close": 11.483126,
        "Close": 16.190001,
        "Company": "SUNS",
        "Date": "2012-04-12",
        "High": 16.4,
        "Low": 16.09,
        "Open": 16.32,
        "Volume": 18900,
        "day": 103,
        "year": 2012
    }
}