{
    "day": {
        "Adj Close": 11.577032,
        "Close": 16.219999,
        "Company": "SUNS",
        "Date": "2012-04-26",
        "High": 16.25,
        "Low": 16.139999,
        "Open": 16.17,
        "Volume": 15300,
        "day": 117,
        "year": 2012
    }
}