{
    "day": {
        "Adj Close": 12.226545,
        "Close": 17.129999,
        "Company": "SUNS",
        "Date": "2012-05-08",
        "High": 17.309999,
        "Low": 16.719999,
        "Open": 16.76,
        "Volume": 73500,
        "day": 129,
        "year": 2012
    }
}