{
    "day": {
        "Adj Close": 12.098071,
        "Close": 16.950001,
        "Company": "SUNS",
        "Date": "2012-05-14",
        "High": 17.219999,
        "Low": 16.950001,
        "Open": 17.219999,
        "Volume": 19000,
        "day": 135,
        "year": 2012
    }
}