{
    "day": {
        "Adj Close": 11.939821,
        "Close": 16.629999,
        "Company": "SUNS",
        "Date": "2012-05-23",
        "High": 16.700001,
        "Low": 16.43,
        "Open": 16.43,
        "Volume": 11900,
        "day": 144,
        "year": 2012
    }
}