{
    "day": {
        "Adj Close": 11.99008,
        "Close": 16.700001,
        "Company": "SUNS",
        "Date": "2012-05-24",
        "High": 16.85,
        "Low": 16.51,
        "Open": 16.709999,
        "Volume": 13800,
        "day": 145,
        "year": 2012
    }
}