{
    "day": {
        "Adj Close": 11.710071,
        "Close": 16.309999,
        "Company": "SUNS",
        "Date": "2012-06-04",
        "High": 16.459999,
        "Low": 16.209999,
        "Open": 16.450001,
        "Volume": 35700,
        "day": 156,
        "year": 2012
    }
}