{
    "day": {
        "Adj Close": 11.75315,
        "Close": 16.370001,
        "Company": "SUNS",
        "Date": "2012-06-06",
        "High": 16.49,
        "Low": 16.280001,
        "Open": 16.35,
        "Volume": 28800,
        "day": 158,
        "year": 2012
    }
}