{
    "day": {
        "Adj Close": 11.875205,
        "Close": 16.540001,
        "Company": "SUNS",
        "Date": "2012-06-07",
        "High": 17.139999,
        "Low": 16.440001,
        "Open": 16.51,
        "Volume": 10000,
        "day": 159,
        "year": 2012
    }
}