{
    "day": {
        "Adj Close": 12.040337,
        "Close": 16.77,
        "Company": "SUNS",
        "Date": "2012-06-15",
        "High": 16.969999,
        "Low": 16.530001,
        "Open": 16.690001,
        "Volume": 40900,
        "day": 167,
        "year": 2012
    }
}