{
    "day": {
        "Adj Close": 12.363207,
        "Close": 17.01,
        "Company": "SUNS",
        "Date": "2012-07-17",
        "High": 17.049999,
        "Low": 16.959999,
        "Open": 16.959999,
        "Volume": 60700,
        "day": 199,
        "year": 2012
    }
}