{
    "day": {
        "Adj Close": 12.559449,
        "Close": 17.280001,
        "Company": "SUNS",
        "Date": "2012-07-27",
        "High": 17.280001,
        "Low": 16.93,
        "Open": 17.0,
        "Volume": 77500,
        "day": 209,
        "year": 2012
    }
}