{
    "day": {
        "Adj Close": 12.661203,
        "Close": 17.42,
        "Company": "SUNS",
        "Date": "2012-08-16",
        "High": 17.5,
        "Low": 17.209999,
        "Open": 17.4,
        "Volume": 112800,
        "day": 229,
        "year": 2012
    }
}