{
    "day": {
        "Adj Close": 12.767293,
        "Close": 17.450001,
        "Company": "SUNS",
        "Date": "2012-08-29",
        "High": 17.6,
        "Low": 17.4,
        "Open": 17.4,
        "Volume": 68500,
        "day": 242,
        "year": 2012
    }
}