{
    "day": {
        "Adj Close": 12.869724,
        "Close": 17.59,
        "Company": "SUNS",
        "Date": "2012-09-05",
        "High": 17.73,
        "Low": 17.469999,
        "Open": 17.73,
        "Volume": 50700,
        "day": 249,
        "year": 2012
    }
}