{
    "day": {
        "Adj Close": 13.052636,
        "Close": 17.84,
        "Company": "SUNS",
        "Date": "2012-09-10",
        "High": 17.98,
        "Low": 17.709999,
        "Open": 17.73,
        "Volume": 20400,
        "day": 254,
        "year": 2012
    }
}