{
    "day": {
        "Adj Close": 13.125801,
        "Close": 17.940001,
        "Company": "SUNS",
        "Date": "2012-09-11",
        "High": 17.98,
        "Low": 17.860001,
        "Open": 17.889999,
        "Volume": 38200,
        "day": 255,
        "year": 2012
    }
}