{
    "day": {
        "Adj Close": 13.381879,
        "Close": 18.290001,
        "Company": "SUNS",
        "Date": "2012-09-13",
        "High": 18.360001,
        "Low": 17.99,
        "Open": 18.1,
        "Volume": 47800,
        "day": 257,
        "year": 2012
    }
}