{
    "day": {
        "Adj Close": 13.446397,
        "Close": 18.26,
        "Company": "SUNS",
        "Date": "2012-09-27",
        "High": 18.309999,
        "Low": 18.17,
        "Open": 18.24,
        "Volume": 28000,
        "day": 271,
        "year": 2012
    }
}