{
    "day": {
        "Adj Close": 13.402214,
        "Close": 18.200001,
        "Company": "SUNS",
        "Date": "2012-10-01",
        "High": 18.25,
        "Low": 18.07,
        "Open": 18.110001,
        "Volume": 9600,
        "day": 275,
        "year": 2012
    }
}