{
    "day": {
        "Adj Close": 13.092932,
        "Close": 17.780001,
        "Company": "SUNS",
        "Date": "2012-10-10",
        "High": 17.99,
        "Low": 17.75,
        "Open": 17.93,
        "Volume": 36200,
        "day": 284,
        "year": 2012
    }
}