{
    "day": {
        "Adj Close": 12.894108,
        "Close": 17.51,
        "Company": "SUNS",
        "Date": "2012-10-11",
        "High": 17.92,
        "Low": 17.42,
        "Open": 17.879999,
        "Volume": 37400,
        "day": 285,
        "year": 2012
    }
}