{
    "day": {
        "Adj Close": 12.967746,
        "Close": 17.610001,
        "Company": "SUNS",
        "Date": "2012-10-12",
        "High": 17.77,
        "Low": 17.469999,
        "Open": 17.469999,
        "Volume": 26900,
        "day": 286,
        "year": 2012
    }
}