{
    "day": {
        "Adj Close": 13.232844,
        "Close": 17.969999,
        "Company": "SUNS",
        "Date": "2012-10-16",
        "High": 18.129999,
        "Low": 17.41,
        "Open": 17.57,
        "Volume": 48800,
        "day": 290,
        "year": 2012
    }
}