{
    "day": {
        "Adj Close": 13.016976,
        "Close": 17.559999,
        "Company": "SUNS",
        "Date": "2012-10-31",
        "High": 17.91,
        "Low": 17.450001,
        "Open": 17.889999,
        "Volume": 53700,
        "day": 305,
        "year": 2012
    }
}