{
    "day": {
        "Adj Close": 11.782726,
        "Close": 16.809999,
        "Company": "SUNS",
        "Date": "2012-02-01",
        "High": 16.9,
        "Low": 16.26,
        "Open": 16.299999,
        "Volume": 25700,
        "day": 32,
        "year": 2012
    }
}