{
    "day": {
        "Adj Close": 12.861101,
        "Close": 17.23,
        "Company": "SUNS",
        "Date": "2012-11-20",
        "High": 17.32,
        "Low": 16.959999,
        "Open": 17.290001,
        "Volume": 39300,
        "day": 325,
        "year": 2012
    }
}