{
    "day": {
        "Adj Close": 13.510502,
        "Close": 18.1,
        "Company": "SUNS",
        "Date": "2012-11-29",
        "High": 18.35,
        "Low": 17.879999,
        "Open": 18.15,
        "Volume": 117200,
        "day": 334,
        "year": 2012
    }
}