{
    "day": {
        "Adj Close": 13.398536,
        "Close": 17.950001,
        "Company": "SUNS",
        "Date": "2012-12-13",
        "High": 18.15,
        "Low": 17.889999,
        "Open": 18.129999,
        "Volume": 13200,
        "day": 348,
        "year": 2012
    }
}