{
    "day": {
        "Adj Close": 13.450787,
        "Close": 18.02,
        "Company": "SUNS",
        "Date": "2012-12-14",
        "High": 18.290001,
        "Low": 17.92,
        "Open": 17.92,
        "Volume": 56100,
        "day": 349,
        "year": 2012
    }
}