{
    "day": {
        "Adj Close": 13.64486,
        "Close": 18.280001,
        "Company": "SUNS",
        "Date": "2012-12-17",
        "High": 18.43,
        "Low": 18.129999,
        "Open": 18.139999,
        "Volume": 24100,
        "day": 352,
        "year": 2012
    }
}