{
    "day": {
        "Adj Close": 13.680921,
        "Close": 18.209999,
        "Company": "SUNS",
        "Date": "2012-12-21",
        "High": 18.780001,
        "Low": 18.0,
        "Open": 18.6,
        "Volume": 68300,
        "day": 356,
        "year": 2012
    }
}