{
    "day": {
        "Adj Close": 11.873848,
        "Close": 16.940001,
        "Company": "SUNS",
        "Date": "2012-02-07",
        "High": 16.950001,
        "Low": 16.700001,
        "Open": 16.82,
        "Volume": 22100,
        "day": 38,
        "year": 2012
    }
}