{
    "day": {
        "Adj Close": 11.950952,
        "Close": 16.950001,
        "Company": "SUNS",
        "Date": "2012-03-05",
        "High": 17.219999,
        "Low": 16.92,
        "Open": 16.92,
        "Volume": 32500,
        "day": 65,
        "year": 2012
    }
}