{
    "day": {
        "Adj Close": 11.901595,
        "Close": 16.879999,
        "Company": "SUNS",
        "Date": "2012-03-15",
        "High": 16.969999,
        "Low": 16.68,
        "Open": 16.790001,
        "Volume": 16000,
        "day": 75,
        "year": 2012
    }
}