{
    "day": {
        "Adj Close": 11.539868,
        "Close": 16.27,
        "Company": "SUNS",
        "Date": "2012-04-02",
        "High": 16.299999,
        "Low": 16.09,
        "Open": 16.09,
        "Volume": 23100,
        "day": 93,
        "year": 2012
    }
}