{
    "day": {
        "Adj Close": 14.992586, 
        "Close": 33.299999, 
        "Company": "MDLZ", 
        "Date": "2001-09-26", 
        "High": 33.419998, 
        "Low": 32.959999, 
        "Open": 33.400002, 
        "Volume": 1247200, 
        "day": 3, 
        "week": 39
    }
}