{
    "day": {
        "Adj Close": 3.784526, 
        "Close": 39.25, 
        "Company": "WBA", 
        "Date": "1994-10-11", 
        "High": 39.624962, 
        "Low": 38.875038, 
        "Open": 39.124962, 
        "Volume": 2314400, 
        "day": 2, 
        "week": 41
    }
}