{
    "day": {
        "Adj Close": 14.277413,
        "Close": 16.92,
        "Company": "SUNS",
        "Date": "2014-06-18",
        "High": 16.959999,
        "Low": 16.4,
        "Open": 16.469999,
        "Volume": 81800,
        "day": 3,
        "week": 25
    }
}