{
    "day": {
        "Adj Close": 14.252098,
        "Close": 16.889999,
        "Company": "SUNS",
        "Date": "2014-06-19",
        "High": 16.959999,
        "Low": 16.719999,
        "Open": 16.91,
        "Volume": 41700,
        "day": 4,
        "week": 25
    }
}