{
    "day": {
        "Adj Close": 18.024974, 
        "Close": 35.720001, 
        "Company": "MDLZ", 
        "Date": "2006-10-09", 
        "High": 35.830002, 
        "Low": 35.25, 
        "Open": 35.490002, 
        "Volume": 1973300, 
        "day": 1, 
        "week": 41
    }
}