{
    "day": {
        "Adj Close": 4.086526, 
        "Close": 43.624962, 
        "Company": "WBA", 
        "Date": "1992-12-01", 
        "High": 44.124962, 
        "Low": 43.375038, 
        "Open": 44.0, 
        "Volume": 1744000, 
        "day": 2, 
        "week": 49
    }
}