{
    "day": {
        "Adj Close": 4.039689, 
        "Close": 43.124962, 
        "Company": "WBA", 
        "Date": "1992-12-02", 
        "High": 43.624962, 
        "Low": 42.75, 
        "Open": 43.375038, 
        "Volume": 1204000, 
        "day": 3, 
        "week": 49
    }
}