{
    "day": {
        "Adj Close": 4.027983, 
        "Close": 43.0, 
        "Company": "WBA", 
        "Date": "1992-12-03", 
        "High": 43.624962, 
        "Low": 42.875038, 
        "Open": 43.375038, 
        "Volume": 1133600, 
        "day": 4, 
        "week": 49
    }
}