{
    "day": {
        "Adj Close": 21.959999,
        "Close": 21.959999,
        "Company": "TCBI",
        "Date": "2007-06-28",
        "High": 22.200001,
        "Low": 21.92,
        "Open": 22.049999,
        "Volume": 158600,
        "day": 4,
        "week": 26
    }
}