{
    "day": {
        "Adj Close": 190.880005, 
        "Close": 190.880005, 
        "Company": "TSLA", 
        "Date": "2015-03-09", 
        "High": 194.490005, 
        "Low": 188.25, 
        "Open": 194.389999, 
        "Volume": 6736700, 
        "day": 1, 
        "week": 11
    }
}