{
    "day": {
        "Adj Close": 9.768108, 
        "Close": 26.049999, 
        "Company": "TROW", 
        "Date": "2003-01-29", 
        "High": 26.42, 
        "Low": 25.540001, 
        "Open": 26.42, 
        "Volume": 1431400, 
        "day": 3, 
        "week": 5
    }
}