{
    "day": {
        "Adj Close": 16.257678, 
        "Close": 32.459999, 
        "Company": "MDLZ", 
        "Date": "2006-08-01", 
        "High": 32.66, 
        "Low": 32.0, 
        "Open": 32.41, 
        "Volume": 2486500, 
        "day": 1, 
        "month": 8
    }
}