{
    "day": {
        "Adj Close": 16.483062, 
        "Close": 32.91, 
        "Company": "MDLZ", 
        "Date": "2006-08-17", 
        "High": 33.32, 
        "Low": 32.720001, 
        "Open": 33.259998, 
        "Volume": 3753700, 
        "day": 17, 
        "month": 8
    }
}