{
    "day": {
        "Adj Close": 16.748514, 
        "Close": 33.439999, 
        "Company": "MDLZ", 
        "Date": "2006-08-29", 
        "High": 33.599998, 
        "Low": 32.900002, 
        "Open": 33.0, 
        "Volume": 2710600, 
        "day": 29, 
        "month": 8
    }
}