{
    "day": {
        "Adj Close": 16.553181, 
        "Close": 33.049999, 
        "Company": "MDLZ", 
        "Date": "2006-08-08", 
        "High": 33.119999, 
        "Low": 32.77, 
        "Open": 32.77, 
        "Volume": 2762700, 
        "day": 8, 
        "month": 8
    }
}