{
    "day": {
        "Adj Close": 42.905077, 
        "Close": 52.84, 
        "Company": "TROW", 
        "Date": "2008-04-09", 
        "High": 55.369999, 
        "Low": 52.73, 
        "Open": 54.560001, 
        "Volume": 2018000, 
        "day": 100, 
        "year": 2008
    }
}