{
    "day": {
        "Adj Close": 48.361591, 
        "Close": 59.560001, 
        "Company": "TROW", 
        "Date": "2008-04-25", 
        "High": 60.049999, 
        "Low": 58.540001, 
        "Open": 60.0, 
        "Volume": 3888400, 
        "day": 116, 
        "year": 2008
    }
}