{
    "day": {
        "Adj Close": 49.173572, 
        "Close": 60.560001, 
        "Company": "TROW", 
        "Date": "2008-04-28", 
        "High": 61.220001, 
        "Low": 58.73, 
        "Open": 59.779999, 
        "Volume": 2551500, 
        "day": 119, 
        "year": 2008
    }
}