{
    "day": {
        "Adj Close": 50.147947, 
        "Close": 61.759998, 
        "Company": "TROW", 
        "Date": "2008-05-01", 
        "High": 62.09, 
        "Low": 57.990002, 
        "Open": 58.549999, 
        "Volume": 2943100, 
        "day": 122, 
        "year": 2008
    }
}