{
    "day": {
        "Adj Close": 48.873137, 
        "Close": 60.189999, 
        "Company": "TROW", 
        "Date": "2008-05-07", 
        "High": 62.779999, 
        "Low": 60.02, 
        "Open": 62.700001, 
        "Volume": 2463400, 
        "day": 128, 
        "year": 2008
    }
}