{
    "day": {
        "Adj Close": 47.021821, 
        "Close": 57.91, 
        "Company": "TROW", 
        "Date": "2008-05-21", 
        "High": 60.990002, 
        "Low": 57.650002, 
        "Open": 59.360001, 
        "Volume": 2525800, 
        "day": 142, 
        "year": 2008
    }
}