{
    "day": {
        "Adj Close": 46.656429, 
        "Close": 57.459999, 
        "Company": "TROW", 
        "Date": "2008-05-23", 
        "High": 58.790001, 
        "Low": 57.27, 
        "Open": 58.259998, 
        "Volume": 1319000, 
        "day": 144, 
        "year": 2008
    }
}