{
    "day": {
        "Adj Close": 41.96194, 
        "Close": 51.459999, 
        "Company": "TROW", 
        "Date": "2008-07-09", 
        "High": 54.709999, 
        "Low": 51.23, 
        "Open": 54.32, 
        "Volume": 3103100, 
        "day": 191, 
        "year": 2008
    }
}