{
    "day": {
        "Adj Close": 47.523071, 
        "Close": 58.810001, 
        "Company": "TROW", 
        "Date": "2008-01-02", 
        "High": 60.419998, 
        "Low": 58.5, 
        "Open": 59.799999, 
        "Volume": 1761100, 
        "day": 2, 
        "year": 2008
    }
}