{
    "day": {
        "Adj Close": 44.636547, 
        "Close": 54.740002, 
        "Company": "TROW", 
        "Date": "2008-07-18", 
        "High": 55.0, 
        "Low": 52.630001, 
        "Open": 54.869999, 
        "Volume": 3268100, 
        "day": 200, 
        "year": 2008
    }
}