{
    "day": {
        "Adj Close": 48.314128, 
        "Close": 59.25, 
        "Company": "TROW", 
        "Date": "2008-07-23", 
        "High": 60.16, 
        "Low": 55.720001, 
        "Open": 57.279999, 
        "Volume": 5157500, 
        "day": 205, 
        "year": 2008
    }
}