{
    "day": {
        "Adj Close": 48.354899, 
        "Close": 59.299999, 
        "Company": "TROW", 
        "Date": "2008-07-29", 
        "High": 59.330002, 
        "Low": 54.529999, 
        "Open": 55.080002, 
        "Volume": 4169200, 
        "day": 211, 
        "year": 2008
    }
}