{
    "day": {
        "Adj Close": 49.341566, 
        "Close": 60.509998, 
        "Company": "TROW", 
        "Date": "2008-08-08", 
        "High": 61.02, 
        "Low": 58.02, 
        "Open": 58.860001, 
        "Volume": 2840900, 
        "day": 221, 
        "year": 2008
    }
}