{
    "day": {
        "Adj Close": 47.351922, 
        "Close": 58.07, 
        "Company": "TROW", 
        "Date": "2008-08-20", 
        "High": 58.73, 
        "Low": 56.0, 
        "Open": 56.689999, 
        "Volume": 2247700, 
        "day": 233, 
        "year": 2008
    }
}