{
    "day": {
        "Adj Close": 48.403825, 
        "Close": 59.360001, 
        "Company": "TROW", 
        "Date": "2008-08-29", 
        "High": 59.830002, 
        "Low": 58.5, 
        "Open": 59.5, 
        "Volume": 2140800, 
        "day": 242, 
        "year": 2008
    }
}