{
    "day": {
        "Adj Close": 48.827848, 
        "Close": 59.880001, 
        "Company": "TROW", 
        "Date": "2008-09-03", 
        "High": 60.02, 
        "Low": 58.490002, 
        "Open": 59.610001, 
        "Volume": 1635900, 
        "day": 247, 
        "year": 2008
    }
}