{
    "day": {
        "Adj Close": 30.1485, 
        "Close": 36.82, 
        "Company": "TROW", 
        "Date": "2008-10-21", 
        "High": 39.75, 
        "Low": 36.299999, 
        "Open": 39.139999, 
        "Volume": 4236400, 
        "day": 295, 
        "year": 2008
    }
}