{
    "day": {
        "Adj Close": 47.628119, 
        "Close": 58.939999, 
        "Company": "TROW", 
        "Date": "2008-01-03", 
        "High": 59.799999, 
        "Low": 58.599998, 
        "Open": 59.07, 
        "Volume": 1235800, 
        "day": 3, 
        "year": 2008
    }
}