{
    "day": {
        "Adj Close": 40.880669, 
        "Close": 50.59, 
        "Company": "TROW", 
        "Date": "2008-01-31", 
        "High": 50.889999, 
        "Low": 49.189999, 
        "Open": 50.200001, 
        "Volume": 8646700, 
        "day": 31, 
        "year": 2008
    }
}