{
    "day": {
        "Adj Close": 23.933749, 
        "Close": 29.23, 
        "Company": "TROW", 
        "Date": "2008-11-18", 
        "High": 30.08, 
        "Low": 27.709999, 
        "Open": 29.33, 
        "Volume": 4960100, 
        "day": 323, 
        "year": 2008
    }
}