{
    "day": {
        "Adj Close": 27.452501, 
        "Close": 33.27, 
        "Company": "TROW", 
        "Date": "2008-12-19", 
        "High": 33.93, 
        "Low": 32.369999, 
        "Open": 32.400002, 
        "Volume": 2493200, 
        "day": 354, 
        "year": 2008
    }
}