{
    "day": {
        "Adj Close": 40.185721, 
        "Close": 49.73, 
        "Company": "TROW", 
        "Date": "2008-02-08", 
        "High": 50.91, 
        "Low": 49.529999, 
        "Open": 50.41, 
        "Volume": 2665100, 
        "day": 39, 
        "year": 2008
    }
}