{
    "day": {
        "Adj Close": 44.468534, 
        "Close": 55.029999, 
        "Company": "TROW", 
        "Date": "2008-01-04", 
        "High": 58.0, 
        "Low": 54.950001, 
        "Open": 58.0, 
        "Volume": 2555700, 
        "day": 4, 
        "year": 2008
    }
}