{
    "day": {
        "Adj Close": 39.781682, 
        "Close": 49.23, 
        "Company": "TROW", 
        "Date": "2008-02-15", 
        "High": 49.639999, 
        "Low": 48.369999, 
        "Open": 49.5, 
        "Volume": 2546400, 
        "day": 46, 
        "year": 2008
    }
}