{
    "day": {
        "Adj Close": 41.470565, 
        "Close": 51.32, 
        "Company": "TROW", 
        "Date": "2008-01-08", 
        "High": 54.970001, 
        "Low": 51.259998, 
        "Open": 54.779999, 
        "Volume": 3073700, 
        "day": 8, 
        "year": 2008
    }
}