{
    "day": {
        "Adj Close": 41.857621, 
        "Close": 51.549999, 
        "Company": "TROW", 
        "Date": "2008-03-26", 
        "High": 53.610001, 
        "Low": 51.5, 
        "Open": 53.16, 
        "Volume": 3195700, 
        "day": 86, 
        "year": 2008
    }
}