{
    "day": {
        "Adj Close": 12.572769, 
        "Close": 22.799999, 
        "Company": "MDLZ", 
        "Date": "2009-04-28", 
        "High": 23.0, 
        "Low": 22.16, 
        "Open": 22.32, 
        "Volume": 7935400, 
        "day": 118, 
        "year": 2009
    }
}