{
    "day": {
        "Adj Close": 13.703216, 
        "Close": 24.85, 
        "Company": "MDLZ", 
        "Date": "2009-05-20", 
        "High": 25.33, 
        "Low": 24.790001, 
        "Open": 25.129999, 
        "Volume": 8923000, 
        "day": 140, 
        "year": 2009
    }
}