{
    "day": {
        "Adj Close": 14.784033, 
        "Close": 26.809999, 
        "Company": "MDLZ", 
        "Date": "2009-06-03", 
        "High": 26.91, 
        "Low": 26.43, 
        "Open": 26.9, 
        "Volume": 10994400, 
        "day": 154, 
        "year": 2009
    }
}