{
    "day": {
        "Adj Close": 15.586296, 
        "Close": 28.639999, 
        "Company": "MDLZ", 
        "Date": "2009-01-16", 
        "High": 28.790001, 
        "Low": 28.17, 
        "Open": 28.4, 
        "Volume": 12432800, 
        "day": 16, 
        "year": 2009
    }
}