{
    "day": {
        "Adj Close": 14.304283, 
        "Close": 25.940001, 
        "Company": "MDLZ", 
        "Date": "2009-06-12", 
        "High": 26.18, 
        "Low": 25.709999, 
        "Open": 25.9, 
        "Volume": 6588500, 
        "day": 163, 
        "year": 2009
    }
}