{
    "day": {
        "Adj Close": 13.681158, 
        "Close": 24.809999, 
        "Company": "MDLZ", 
        "Date": "2009-06-16", 
        "High": 25.389999, 
        "Low": 24.809999, 
        "Open": 25.389999, 
        "Volume": 11823300, 
        "day": 167, 
        "year": 2009
    }
}