{
    "day": {
        "Adj Close": 14.74465, 
        "Close": 26.440001, 
        "Company": "MDLZ", 
        "Date": "2009-07-06", 
        "High": 26.48, 
        "Low": 25.799999, 
        "Open": 25.959999, 
        "Volume": 11413000, 
        "day": 187, 
        "year": 2009
    }
}