{
    "day": {
        "Adj Close": 15.056942, 
        "Close": 27.0, 
        "Company": "MDLZ", 
        "Date": "2009-07-14", 
        "High": 27.09, 
        "Low": 26.709999, 
        "Open": 27.01, 
        "Volume": 7946000, 
        "day": 195, 
        "year": 2009
    }
}