{
    "day": {
        "Adj Close": 15.380387, 
        "Close": 27.58, 
        "Company": "MDLZ", 
        "Date": "2009-07-21", 
        "High": 27.92, 
        "Low": 27.23, 
        "Open": 27.799999, 
        "Volume": 6511100, 
        "day": 202, 
        "year": 2009
    }
}