{
    "day": {
        "Adj Close": 15.681527, 
        "Close": 28.120001, 
        "Company": "MDLZ", 
        "Date": "2009-07-24", 
        "High": 28.450001, 
        "Low": 27.959999, 
        "Open": 28.4, 
        "Volume": 12195200, 
        "day": 205, 
        "year": 2009
    }
}