{
    "day": {
        "Adj Close": 15.915746, 
        "Close": 28.540001, 
        "Company": "MDLZ", 
        "Date": "2009-07-29", 
        "High": 28.65, 
        "Low": 28.26, 
        "Open": 28.360001, 
        "Volume": 6515500, 
        "day": 210, 
        "year": 2009
    }
}