{
    "day": {
        "Adj Close": 15.72614, 
        "Close": 28.200001, 
        "Company": "MDLZ", 
        "Date": "2009-08-03", 
        "High": 28.59, 
        "Low": 28.049999, 
        "Open": 28.549999, 
        "Volume": 10950000, 
        "day": 215, 
        "year": 2009
    }
}