{
    "day": {
        "Adj Close": 16.004972, 
        "Close": 28.700001, 
        "Company": "MDLZ", 
        "Date": "2009-08-07", 
        "High": 28.879999, 
        "Low": 28.6, 
        "Open": 28.799999, 
        "Volume": 8123700, 
        "day": 219, 
        "year": 2009
    }
}