{
    "day": {
        "Adj Close": 15.602623, 
        "Close": 28.67, 
        "Company": "MDLZ", 
        "Date": "2009-01-23", 
        "High": 28.77, 
        "Low": 28.110001, 
        "Open": 28.5, 
        "Volume": 11483400, 
        "day": 23, 
        "year": 2009
    }
}