{
    "day": {
        "Adj Close": 16.066314, 
        "Close": 28.809999, 
        "Company": "MDLZ", 
        "Date": "2009-08-21", 
        "High": 29.02, 
        "Low": 28.4, 
        "Open": 28.59, 
        "Volume": 11596600, 
        "day": 233, 
        "year": 2009
    }
}