{
    "day": {
        "Adj Close": 14.789263, 
        "Close": 26.52, 
        "Company": "MDLZ", 
        "Date": "2009-09-17", 
        "High": 26.780001, 
        "Low": 26.42, 
        "Open": 26.450001, 
        "Volume": 13075100, 
        "day": 260, 
        "year": 2009
    }
}