{
    "day": {
        "Adj Close": 14.917526, 
        "Close": 26.75, 
        "Company": "MDLZ", 
        "Date": "2009-09-21", 
        "High": 26.959999, 
        "Low": 26.549999, 
        "Open": 26.559999, 
        "Volume": 10658000, 
        "day": 264, 
        "year": 2009
    }
}