{
    "day": {
        "Adj Close": 15.584199, 
        "Close": 27.639999, 
        "Company": "MDLZ", 
        "Date": "2009-11-02", 
        "High": 27.65, 
        "Low": 27.32, 
        "Open": 27.629999, 
        "Volume": 12116000, 
        "day": 306, 
        "year": 2009
    }
}