{
    "day": {
        "Adj Close": 14.209434, 
        "Close": 26.110001, 
        "Company": "MDLZ", 
        "Date": "2009-02-04", 
        "High": 26.790001, 
        "Low": 25.9, 
        "Open": 26.09, 
        "Volume": 26372300, 
        "day": 35, 
        "year": 2009
    }
}