{
    "day": {
        "Adj Close": 15.307923, 
        "Close": 27.15, 
        "Company": "MDLZ", 
        "Date": "2009-12-16", 
        "High": 27.35, 
        "Low": 26.860001, 
        "Open": 26.99, 
        "Volume": 9948000, 
        "day": 350, 
        "year": 2009
    }
}