{
    "day": {
        "Adj Close": 15.15569, 
        "Close": 26.879999, 
        "Company": "MDLZ", 
        "Date": "2009-12-17", 
        "High": 27.040001, 
        "Low": 26.76, 
        "Open": 26.92, 
        "Volume": 9557000, 
        "day": 351, 
        "year": 2009
    }
}