{
    "day": {
        "Adj Close": 15.217711, 
        "Close": 26.99, 
        "Company": "MDLZ", 
        "Date": "2009-12-21", 
        "High": 27.200001, 
        "Low": 26.93, 
        "Open": 27.07, 
        "Volume": 6472000, 
        "day": 355, 
        "year": 2009
    }
}