{
    "day": {
        "Adj Close": 13.452976, 
        "Close": 24.719999, 
        "Company": "MDLZ", 
        "Date": "2009-02-17", 
        "High": 25.030001, 
        "Low": 24.309999, 
        "Open": 24.49, 
        "Volume": 13847400, 
        "day": 48, 
        "year": 2009
    }
}