{
    "day": {
        "Adj Close": 11.553668, 
        "Close": 21.23, 
        "Company": "MDLZ", 
        "Date": "2009-03-09", 
        "High": 21.620001, 
        "Low": 21.16, 
        "Open": 21.440001, 
        "Volume": 10011900, 
        "day": 68, 
        "year": 2009
    }
}