{
    "day": {
        "Adj Close": 12.685634, 
        "Close": 23.309999, 
        "Company": "MDLZ", 
        "Date": "2009-03-17", 
        "High": 23.309999, 
        "Low": 22.66, 
        "Open": 22.93, 
        "Volume": 7721900, 
        "day": 76, 
        "year": 2009
    }
}