{
    "day": {
        "Adj Close": 15.118272, 
        "Close": 27.780001, 
        "Company": "MDLZ", 
        "Date": "2009-01-09", 
        "High": 28.25, 
        "Low": 27.719999, 
        "Open": 28.08, 
        "Volume": 8161500, 
        "day": 9, 
        "year": 2009
    }
}