{
    "day": {
        "Adj Close": 1.534824, 
        "Close": 35.875038, 
        "Company": "WBA", 
        "Date": "1987-10-14", 
        "High": 38.5, 
        "Low": 35.375038, 
        "Open": 38.5, 
        "Volume": 8307200, 
        "day": 3, 
        "week": 42
    }
}