{
    "day": {
        "Adj Close": 217.479996, 
        "Close": 217.479996, 
        "Company": "TSLA", 
        "Date": "2015-02-09", 
        "High": 217.929993, 
        "Low": 211.990005, 
        "Open": 215.380005, 
        "Volume": 3472400, 
        "day": 1, 
        "week": 7
    }
}