{
    "day": {
        "Adj Close": 33.037438, 
        "Close": 33.84, 
        "Company": "MDLZ", 
        "Date": "2014-10-02", 
        "High": 34.169998, 
        "Low": 33.380001, 
        "Open": 33.669998, 
        "Volume": 11709800, 
        "day": 2, 
        "month": 10
    }
}