{
    "day": {
        "Adj Close": 33.60368, 
        "Close": 34.419998, 
        "Company": "MDLZ", 
        "Date": "2014-10-06", 
        "High": 34.490002, 
        "Low": 34.040001, 
        "Open": 34.450001, 
        "Volume": 5672500, 
        "day": 6, 
        "month": 10
    }
}