{
    "day": {
        "Adj Close": 32.851945, 
        "Close": 33.650002, 
        "Company": "MDLZ", 
        "Date": "2014-10-09", 
        "High": 34.450001, 
        "Low": 33.650002, 
        "Open": 34.290001, 
        "Volume": 9103300, 
        "day": 9, 
        "month": 10
    }
}