{
    "day": {
        "Adj Close": 40.137701, 
        "Close": 47.619999, 
        "Company": "TROW", 
        "Date": "2009-10-16", 
        "High": 47.939999, 
        "Low": 47.150002, 
        "Open": 47.41, 
        "Volume": 2765100, 
        "day": 16, 
        "month": 10
    }
}