{
    "day": {
        "Adj Close": 45.74282, 
        "Close": 54.27, 
        "Company": "TROW", 
        "Date": "2009-10-23", 
        "High": 55.48, 
        "Low": 50.209999, 
        "Open": 50.889999, 
        "Volume": 8883500, 
        "day": 23, 
        "month": 10
    }
}