{
    "day": {
        "Adj Close": 13.508333, 
        "Close": 37.8125, 
        "Company": "TROW", 
        "Date": "2000-05-01", 
        "High": 39.609379, 
        "Low": 37.5, 
        "Open": 38.218761, 
        "Volume": 683200, 
        "day": 1, 
        "week": 18
    }
}