{
    "day": {
        "Adj Close": 27.34, 
        "Close": 27.34, 
        "Company": "TSLA", 
        "Date": "2011-08-02", 
        "High": 29.200001, 
        "Low": 27.27, 
        "Open": 28.690001, 
        "Volume": 1549400, 
        "day": 2, 
        "week": 31
    }
}