{
    "day": {
        "Adj Close": 27.200001, 
        "Close": 27.200001, 
        "Company": "TSLA", 
        "Date": "2011-08-03", 
        "High": 27.83, 
        "Low": 26.34, 
        "Open": 27.5, 
        "Volume": 1794500, 
        "day": 3, 
        "week": 31
    }
}