{
    "day": {
        "Adj Close": 61.629191, 
        "Close": 68.209999, 
        "Company": "TROW", 
        "Date": "2013-01-10", 
        "High": 68.25, 
        "Low": 67.32, 
        "Open": 67.849998, 
        "Volume": 1647200, 
        "day": 4, 
        "week": 2
    }
}