{
    "day": {
        "Adj Close": 64.809998, 
        "Close": 64.809998, 
        "Company": "FANG", 
        "Date": "2014-11-12", 
        "High": 65.940002, 
        "Low": 64.25, 
        "Open": 64.779999, 
        "Volume": 3320300, 
        "day": 3, 
        "week": 46
    }
}