{
    "day": {
        "Adj Close": 46.34, 
        "Close": 46.34, 
        "Company": "FANG", 
        "Date": "2013-12-18", 
        "High": 47.919998, 
        "Low": 45.380001, 
        "Open": 46.02, 
        "Volume": 751100, 
        "day": 18, 
        "month": 12
    }
}