{
    "day": {
        "Adj Close": 46.18, 
        "Close": 46.18, 
        "Company": "FANG", 
        "Date": "2013-12-06", 
        "High": 50.810001, 
        "Low": 45.84, 
        "Open": 50.529999, 
        "Volume": 1472900, 
        "day": 6, 
        "month": 12
    }
}