{
    "day": {
        "Adj Close": 18.48,
        "Close": 18.48,
        "Company": "TCBI",
        "Date": "2010-10-26",
        "High": 18.6,
        "Low": 17.940001,
        "Open": 18.049999,
        "Volume": 194700,
        "day": 26,
        "month": 10
    }
}