{
    "day": {
        "Adj Close": 18.23,
        "Close": 18.23,
        "Company": "TCBI",
        "Date": "2010-10-28",
        "High": 18.459999,
        "Low": 18.110001,
        "Open": 18.459999,
        "Volume": 149500,
        "day": 28,
        "month": 10
    }
}