{
    "day": {
        "Adj Close": 14.124171, 
        "Close": 30.639999, 
        "Company": "MDLZ", 
        "Date": "2003-04-22", 
        "High": 30.75, 
        "Low": 30.0, 
        "Open": 30.040001, 
        "Volume": 2369800, 
        "day": 22, 
        "month": 4
    }
}