{
    "day": {
        "Adj Close": 14.329278, 
        "Close": 29.280001, 
        "Company": "MDLZ", 
        "Date": "2005-11-18", 
        "High": 29.35, 
        "Low": 29.0, 
        "Open": 29.110001, 
        "Volume": 968200, 
        "day": 18, 
        "month": 11
    }
}