{
    "day": {
        "Adj Close": 13.800739, 
        "Close": 28.200001, 
        "Company": "MDLZ", 
        "Date": "2005-11-03", 
        "High": 28.48, 
        "Low": 28.1, 
        "Open": 28.360001, 
        "Volume": 1260200, 
        "day": 3, 
        "month": 11
    }
}