{
    "day": {
        "Adj Close": 41.959999,
        "Close": 41.959999,
        "Company": "TCBI",
        "Date": "2013-04-09",
        "High": 42.34,
        "Low": 41.48,
        "Open": 42.310001,
        "Volume": 378200,
        "day": 2,
        "week": 15
    }
}