{
    "day": {
        "Adj Close": 33.469034, 
        "Close": 40.939999, 
        "Company": "WBA", 
        "Date": "2001-01-31", 
        "High": 40.939999, 
        "Low": 39.93, 
        "Open": 40.0, 
        "Volume": 2478100, 
        "day": 3, 
        "week": 5
    }
}