{
    "day": {
        "Adj Close": 53.263259, 
        "Close": 55.790001, 
        "Company": "WBA", 
        "Date": "2013-10-04", 
        "High": 56.009998, 
        "Low": 55.040001, 
        "Open": 55.66, 
        "Volume": 6139500, 
        "day": 5, 
        "week": 40
    }
}