{
    "day": {
        "Adj Close": 131.740005, 
        "Close": 131.740005, 
        "Company": "TSLA", 
        "Date": "2013-07-30", 
        "High": 137.490005, 
        "Low": 128.179993, 
        "Open": 134.800003, 
        "Volume": 13127000, 
        "day": 2, 
        "week": 31
    }
}