{
    "day": {
        "Adj Close": 44.990002,
        "Close": 44.990002,
        "Company": "TCBI",
        "Date": "2013-08-13",
        "High": 45.279999,
        "Low": 44.450001,
        "Open": 45.029999,
        "Volume": 139000,
        "day": 13,
        "month": 8
    }
}