{
    "day": {
        "Adj Close": 44.310001,
        "Close": 44.310001,
        "Company": "TCBI",
        "Date": "2013-08-19",
        "High": 44.950001,
        "Low": 44.310001,
        "Open": 44.900002,
        "Volume": 128900,
        "day": 19,
        "month": 8
    }
}