{
    "day": {
        "Adj Close": 45.970001,
        "Close": 45.970001,
        "Company": "TCBI",
        "Date": "2013-08-02",
        "High": 46.07,
        "Low": 45.099998,
        "Open": 45.540001,
        "Volume": 379400,
        "day": 2,
        "month": 8
    }
}