{
    "day": {
        "Adj Close": 45.139999,
        "Close": 45.139999,
        "Company": "TCBI",
        "Date": "2013-08-08",
        "High": 45.849998,
        "Low": 44.91,
        "Open": 45.419998,
        "Volume": 286600,
        "day": 8,
        "month": 8
    }
}