{
    "day": {
        "Adj Close": 20.605209, 
        "Close": 34.5, 
        "Company": "MDLZ", 
        "Date": "2011-06-27", 
        "High": 34.810001, 
        "Low": 34.450001, 
        "Open": 34.610001, 
        "Volume": 9548400, 
        "day": 27, 
        "month": 6
    }
}