{
    "day": {
        "Adj Close": 20.342419, 
        "Close": 34.060001, 
        "Company": "MDLZ", 
        "Date": "2011-06-08", 
        "High": 34.18, 
        "Low": 33.830002, 
        "Open": 33.919998, 
        "Volume": 6618300, 
        "day": 8, 
        "month": 6
    }
}