{
    "day": {
        "Adj Close": 31.226002, 
        "Close": 35.57, 
        "Company": "WBA", 
        "Date": "2010-05-10", 
        "High": 36.0, 
        "Low": 35.200001, 
        "Open": 35.669998, 
        "Volume": 7740400, 
        "day": 130, 
        "year": 2010
    }
}