{
    "day": {
        "Adj Close": 32.103877, 
        "Close": 36.57, 
        "Company": "WBA", 
        "Date": "2010-05-12", 
        "High": 36.610001, 
        "Low": 36.0, 
        "Open": 36.279999, 
        "Volume": 5432200, 
        "day": 132, 
        "year": 2010
    }
}