{
    "day": {
        "Adj Close": 31.059207, 
        "Close": 35.380001, 
        "Company": "WBA", 
        "Date": "2010-05-14", 
        "High": 35.849998, 
        "Low": 35.150002, 
        "Open": 35.709999, 
        "Volume": 6152800, 
        "day": 134, 
        "year": 2010
    }
}