{
    "day": {
        "Adj Close": 31.021069, 
        "Close": 35.200001, 
        "Company": "WBA", 
        "Date": "2010-05-18", 
        "High": 35.970001, 
        "Low": 35.130001, 
        "Open": 35.380001, 
        "Volume": 5511800, 
        "day": 138, 
        "year": 2010
    }
}