{
    "day": {
        "Adj Close": 32.44369, 
        "Close": 37.110001, 
        "Company": "WBA", 
        "Date": "2010-01-14", 
        "High": 37.25, 
        "Low": 36.880001, 
        "Open": 37.16, 
        "Volume": 5686500, 
        "day": 14, 
        "year": 2010
    }
}