{
    "day": {
        "Adj Close": 28.218598, 
        "Close": 32.02, 
        "Company": "WBA", 
        "Date": "2010-06-01", 
        "High": 32.720001, 
        "Low": 31.540001, 
        "Open": 31.84, 
        "Volume": 7923500, 
        "day": 152, 
        "year": 2010
    }
}