{
    "day": {
        "Adj Close": 26.438411, 
        "Close": 30.0, 
        "Company": "WBA", 
        "Date": "2010-06-07", 
        "High": 30.610001, 
        "Low": 29.52, 
        "Open": 30.07, 
        "Volume": 18641500, 
        "day": 158, 
        "year": 2010
    }
}