{
    "day": {
        "Adj Close": 26.288593, 
        "Close": 29.83, 
        "Company": "WBA", 
        "Date": "2010-06-09", 
        "High": 30.620001, 
        "Low": 29.35, 
        "Open": 30.57, 
        "Volume": 18879200, 
        "day": 160, 
        "year": 2010
    }
}