{
    "day": {
        "Adj Close": 26.191652, 
        "Close": 29.719999, 
        "Company": "WBA", 
        "Date": "2010-07-15", 
        "High": 29.959999, 
        "Low": 29.360001, 
        "Open": 29.6, 
        "Volume": 15238800, 
        "day": 196, 
        "year": 2010
    }
}