{
    "day": {
        "Adj Close": 24.984299, 
        "Close": 28.35, 
        "Company": "WBA", 
        "Date": "2010-08-09", 
        "High": 28.559999, 
        "Low": 27.85, 
        "Open": 28.07, 
        "Volume": 6185300, 
        "day": 221, 
        "year": 2010
    }
}