{
    "day": {
        "Adj Close": 25.468477, 
        "Close": 28.719999, 
        "Company": "WBA", 
        "Date": "2010-09-09", 
        "High": 28.959999, 
        "Low": 28.700001, 
        "Open": 28.85, 
        "Volume": 5409600, 
        "day": 252, 
        "year": 2010
    }
}