{
    "day": {
        "Adj Close": 25.929606, 
        "Close": 29.24, 
        "Company": "WBA", 
        "Date": "2010-09-20", 
        "High": 29.34, 
        "Low": 29.190001, 
        "Open": 29.25, 
        "Volume": 10141600, 
        "day": 263, 
        "year": 2010
    }
}