{
    "day": {
        "Adj Close": 26.355263, 
        "Close": 29.719999, 
        "Company": "WBA", 
        "Date": "2010-09-21", 
        "High": 29.940001, 
        "Low": 29.15, 
        "Open": 29.209999, 
        "Volume": 8589700, 
        "day": 264, 
        "year": 2010
    }
}