{
    "day": {
        "Adj Close": 30.186177, 
        "Close": 34.040001, 
        "Company": "WBA", 
        "Date": "2010-10-12", 
        "High": 34.139999, 
        "Low": 33.5, 
        "Open": 33.619999, 
        "Volume": 6875500, 
        "day": 285, 
        "year": 2010
    }
}