{
    "day": {
        "Adj Close": 30.54089, 
        "Close": 34.439999, 
        "Company": "WBA", 
        "Date": "2010-10-25", 
        "High": 34.75, 
        "Low": 34.139999, 
        "Open": 34.349998, 
        "Volume": 9125100, 
        "day": 298, 
        "year": 2010
    }
}