{
    "day": {
        "Adj Close": 31.117301, 
        "Close": 35.09, 
        "Company": "WBA", 
        "Date": "2010-11-08", 
        "High": 35.200001, 
        "Low": 34.830002, 
        "Open": 35.040001, 
        "Volume": 5501500, 
        "day": 312, 
        "year": 2010
    }
}