{
    "day": {
        "Adj Close": 31.058707, 
        "Close": 34.849998, 
        "Company": "WBA", 
        "Date": "2010-11-30", 
        "High": 35.0, 
        "Low": 34.360001, 
        "Open": 34.459999, 
        "Volume": 6333800, 
        "day": 334, 
        "year": 2010
    }
}