{
    "day": {
        "Adj Close": 32.181635, 
        "Close": 36.110001, 
        "Company": "WBA", 
        "Date": "2010-12-02", 
        "High": 36.369999, 
        "Low": 35.610001, 
        "Open": 35.619999, 
        "Volume": 7137400, 
        "day": 336, 
        "year": 2010
    }
}