{
    "day": {
        "Adj Close": 32.279669, 
        "Close": 36.220001, 
        "Company": "WBA", 
        "Date": "2010-12-07", 
        "High": 36.650002, 
        "Low": 36.110001, 
        "Open": 36.529999, 
        "Volume": 9965200, 
        "day": 341, 
        "year": 2010
    }
}