{
    "day": {
        "Adj Close": 29.112768, 
        "Close": 33.299999, 
        "Company": "WBA", 
        "Date": "2010-02-10", 
        "High": 33.610001, 
        "Low": 33.029999, 
        "Open": 33.549999, 
        "Volume": 6630100, 
        "day": 41, 
        "year": 2010
    }
}