{
    "day": {
        "Adj Close": 29.375045, 
        "Close": 33.599998, 
        "Company": "WBA", 
        "Date": "2010-02-11", 
        "High": 33.599998, 
        "Low": 33.040001, 
        "Open": 33.25, 
        "Volume": 5881800, 
        "day": 42, 
        "year": 2010
    }
}