{
    "day": {
        "Adj Close": 29.278879, 
        "Close": 33.490002, 
        "Company": "WBA", 
        "Date": "2010-02-12", 
        "High": 33.630001, 
        "Low": 33.23, 
        "Open": 33.380001, 
        "Volume": 5645700, 
        "day": 43, 
        "year": 2010
    }
}