{
    "day": {
        "Adj Close": 32.347521, 
        "Close": 37.0, 
        "Company": "WBA", 
        "Date": "2010-01-05", 
        "High": 37.16, 
        "Low": 36.619999, 
        "Open": 37.099998, 
        "Volume": 10843200, 
        "day": 5, 
        "year": 2010
    }
}