{
    "day": {
        "Adj Close": 30.602712, 
        "Close": 34.860001, 
        "Company": "WBA", 
        "Date": "2010-02-19", 
        "High": 34.950001, 
        "Low": 34.52, 
        "Open": 34.650002, 
        "Volume": 4701500, 
        "day": 50, 
        "year": 2010
    }
}