{
    "day": {
        "Adj Close": 31.621046, 
        "Close": 36.02, 
        "Company": "WBA", 
        "Date": "2010-02-25", 
        "High": 36.130001, 
        "Low": 34.959999, 
        "Open": 35.240002, 
        "Volume": 11441400, 
        "day": 56, 
        "year": 2010
    }
}