{
    "day": {
        "Adj Close": 30.190109, 
        "Close": 34.389999, 
        "Company": "WBA", 
        "Date": "2010-03-09", 
        "High": 34.790001, 
        "Low": 34.259998, 
        "Open": 34.68, 
        "Volume": 7297400, 
        "day": 68, 
        "year": 2010
    }
}