{
    "day": {
        "Adj Close": 32.295064, 
        "Close": 36.939999, 
        "Company": "WBA", 
        "Date": "2010-01-07", 
        "High": 37.0, 
        "Low": 36.470001, 
        "Open": 36.689999, 
        "Volume": 5040700, 
        "day": 7, 
        "year": 2010
    }
}