{
    "day": {
        "Adj Close": 32.832514, 
        "Close": 37.400002, 
        "Company": "WBA", 
        "Date": "2010-04-06", 
        "High": 37.77, 
        "Low": 37.299999, 
        "Open": 37.59, 
        "Volume": 5647200, 
        "day": 96, 
        "year": 2010
    }
}