{
    "day": {
        "Adj Close": 74.410004, 
        "Close": 74.410004, 
        "Company": "FANG", 
        "Date": "2014-10-01", 
        "High": 76.699997, 
        "Low": 73.290001, 
        "Open": 75.300003, 
        "Volume": 1983600, 
        "day": 3, 
        "week": 40
    }
}