{
    "day": {
        "Adj Close": 29.877105,
        "Close": 32.419998,
        "Company": "LPLA",
        "Date": "2012-07-20",
        "High": 33.0,
        "Low": 32.389999,
        "Open": 32.880001,
        "Volume": 135500,
        "day": 5,
        "week": 29
    }
}