{
    "day": {
        "Adj Close": 41.420687, 
        "Close": 41.599998, 
        "Company": "MDLZ", 
        "Date": "2016-01-22", 
        "High": 41.740002, 
        "Low": 40.400002, 
        "Open": 41.09, 
        "Volume": 9510700, 
        "day": 22, 
        "month": 1
    }
}