{
    "day": {
        "Adj Close": 55.84, 
        "Close": 55.84, 
        "Company": "FANG", 
        "Date": "2014-12-16", 
        "High": 58.959999, 
        "Low": 51.950001, 
        "Open": 52.080002, 
        "Volume": 2552400, 
        "day": 2, 
        "week": 51
    }
}