{
    "day": {
        "Adj Close": 29.91, 
        "Close": 29.91, 
        "Company": "TSLA", 
        "Date": "2012-06-15", 
        "High": 29.950001, 
        "Low": 28.809999, 
        "Open": 29.389999, 
        "Volume": 646800, 
        "day": 5, 
        "week": 24
    }
}