{
    "day": {
        "Adj Close": 31.49, 
        "Close": 31.49, 
        "Company": "TSLA", 
        "Date": "2012-02-13", 
        "High": 32.060001, 
        "Low": 30.9, 
        "Open": 31.549999, 
        "Volume": 1157900, 
        "day": 13, 
        "month": 2
    }
}