{
    "day": {
        "Adj Close": 30.25, 
        "Close": 30.25, 
        "Company": "TSLA", 
        "Date": "2012-02-02", 
        "High": 30.879999, 
        "Low": 29.610001, 
        "Open": 29.719999, 
        "Volume": 805700, 
        "day": 2, 
        "month": 2
    }
}