{
    "day": {
        "Adj Close": 31.799999, 
        "Close": 31.799999, 
        "Company": "TSLA", 
        "Date": "2012-02-06", 
        "High": 31.9, 
        "Low": 31.049999, 
        "Open": 31.1, 
        "Volume": 652100, 
        "day": 6, 
        "month": 2
    }
}