{
    "day": {
        "Adj Close": 12.385012,
        "Close": 17.040001,
        "Company": "SUNS",
        "Date": "2012-08-01",
        "High": 17.280001,
        "Low": 16.99,
        "Open": 17.190001,
        "Volume": 47600,
        "day": 3,
        "week": 31
    }
}