{
    "day": {
        "Adj Close": 23.799999,
        "Close": 23.799999,
        "Company": "TCBI",
        "Date": "2006-03-17",
        "High": 23.83,
        "Low": 23.42,
        "Open": 23.83,
        "Volume": 252400,
        "day": 5,
        "week": 11
    }
}