{
    "day": {
        "Adj Close": 46.66636, 
        "Close": 54.810001, 
        "Company": "TROW", 
        "Date": "2010-03-19", 
        "High": 55.59, 
        "Low": 54.439999, 
        "Open": 55.59, 
        "Volume": 1518200, 
        "day": 5, 
        "week": 11
    }
}