{
    "day": {
        "Adj Close": 14.101135, 
        "Close": 31.32, 
        "Company": "MDLZ", 
        "Date": "2001-07-19", 
        "High": 31.74, 
        "Low": 30.190001, 
        "Open": 31.74, 
        "Volume": 3326000, 
        "day": 19, 
        "month": 7
    }
}