{
    "day": {
        "Adj Close": 13.916542, 
        "Close": 30.91, 
        "Company": "MDLZ", 
        "Date": "2001-07-27", 
        "High": 31.200001, 
        "Low": 30.809999, 
        "Open": 31.200001, 
        "Volume": 1541800, 
        "day": 27, 
        "month": 7
    }
}