{
    "day": {
        "Adj Close": 45.595928, 
        "Close": 46.150002, 
        "Company": "MDLZ", 
        "Date": "2015-08-18", 
        "High": 46.439999, 
        "Low": 45.950001, 
        "Open": 46.16, 
        "Volume": 10319200, 
        "day": 2, 
        "week": 34
    }
}