{
    "day": {
        "Adj Close": 42.681345, 
        "Close": 43.200001, 
        "Company": "MDLZ", 
        "Date": "2015-08-21", 
        "High": 44.07, 
        "Low": 43.18, 
        "Open": 43.599998, 
        "Volume": 18153100, 
        "day": 5, 
        "week": 34
    }
}