{
    "day": {
        "Adj Close": 26.74997, 
        "Close": 28.34, 
        "Company": "MDLZ", 
        "Date": "2013-03-19", 
        "High": 28.540001, 
        "Low": 28.17, 
        "Open": 28.290001, 
        "Volume": 7797700, 
        "day": 19, 
        "month": 3
    }
}