{
    "day": {
        "Adj Close": 27.080334, 
        "Close": 28.690001, 
        "Company": "MDLZ", 
        "Date": "2013-03-20", 
        "High": 28.719999, 
        "Low": 28.42, 
        "Open": 28.59, 
        "Volume": 10066500, 
        "day": 20, 
        "month": 3
    }
}