{
    "day": {
        "Adj Close": 26.957627, 
        "Close": 28.559999, 
        "Company": "MDLZ", 
        "Date": "2013-03-21", 
        "High": 28.74, 
        "Low": 28.41, 
        "Open": 28.58, 
        "Volume": 11615300, 
        "day": 21, 
        "month": 3
    }
}