{
    "day": {
        "Adj Close": 29.152286, 
        "Close": 30.620001, 
        "Company": "MDLZ", 
        "Date": "2013-03-28", 
        "High": 30.66, 
        "Low": 30.219999, 
        "Open": 30.440001, 
        "Volume": 14551800, 
        "day": 28, 
        "month": 3
    }
}