{
    "day": {
        "Adj Close": 24.799229, 
        "Close": 28.139999, 
        "Company": "WBA", 
        "Date": "2010-07-12", 
        "High": 28.469999, 
        "Low": 27.98, 
        "Open": 28.35, 
        "Volume": 11137200, 
        "day": 12, 
        "month": 7
    }
}