{
    "day": {
        "Adj Close": 26.015397, 
        "Close": 29.52, 
        "Company": "WBA", 
        "Date": "2010-07-20", 
        "High": 29.799999, 
        "Low": 29.0, 
        "Open": 29.0, 
        "Volume": 10533100, 
        "day": 20, 
        "month": 7
    }
}