{
    "day": {
        "Adj Close": 22.129999,
        "Close": 22.129999,
        "Company": "TCBI",
        "Date": "2007-05-10",
        "High": 22.610001,
        "Low": 22.040001,
        "Open": 22.530001,
        "Volume": 239000,
        "day": 10,
        "month": 5
    }
}