{
    "day": {
        "Adj Close": 34.189999,
        "Close": 34.189999,
        "Company": "TCBI",
        "Date": "2012-03-01",
        "High": 34.91,
        "Low": 34.119999,
        "Open": 34.119999,
        "Volume": 329700,
        "day": 4,
        "week": 9
    }
}