{
    "day": {
        "Adj Close": 21.629999,
        "Close": 21.629999,
        "Company": "TCBI",
        "Date": "2005-09-15",
        "High": 21.780001,
        "Low": 21.549999,
        "Open": 21.75,
        "Volume": 40700,
        "day": 4,
        "week": 37
    }
}