{
    "day": {
        "Adj Close": 17.227771, 
        "Close": 37.720001, 
        "Company": "MDLZ", 
        "Date": "2002-12-03", 
        "High": 38.439999, 
        "Low": 37.630001, 
        "Open": 37.650002, 
        "Volume": 1130300, 
        "day": 2, 
        "week": 49
    }
}