{
    "day": {
        "Adj Close": 20.549999,
        "Close": 20.549999,
        "Company": "TCBI",
        "Date": "2010-12-15",
        "High": 21.120001,
        "Low": 20.299999,
        "Open": 20.82,
        "Volume": 362900,
        "day": 3,
        "week": 50
    }
}