{
    "day": {
        "Adj Close": 3.842015, 
        "Close": 40.375038, 
        "Company": "WBA", 
        "Date": "1993-12-02", 
        "High": 40.5, 
        "Low": 39.624962, 
        "Open": 40.124962, 
        "Volume": 1136000, 
        "day": 4, 
        "week": 48
    }
}