{
    "day": {
        "Adj Close": 30.049315, 
        "Close": 36.139999, 
        "Company": "WBA", 
        "Date": "2004-10-19", 
        "High": 36.639999, 
        "Low": 36.139999, 
        "Open": 36.43, 
        "Volume": 2779500, 
        "day": 2, 
        "week": 43
    }
}