{
    "day": {
        "Adj Close": 1.090409, 
        "Close": 27.87504, 
        "Company": "TROW", 
        "Date": "1991-07-22", 
        "High": 28.5, 
        "Low": 27.75008, 
        "Open": 28.5, 
        "Volume": 91200, 
        "day": 1, 
        "week": 30
    }
}