{
    "day": {
        "Adj Close": 36.812224, 
        "Close": 37.869999, 
        "Company": "MDLZ", 
        "Date": "2014-07-01", 
        "High": 38.07, 
        "Low": 37.549999, 
        "Open": 37.810001, 
        "Volume": 5801500, 
        "day": 1, 
        "month": 7
    }
}