{
    "day": {
        "Adj Close": 36.948313, 
        "Close": 38.009998, 
        "Company": "MDLZ", 
        "Date": "2014-07-29", 
        "High": 38.389999, 
        "Low": 37.98, 
        "Open": 38.299999, 
        "Volume": 4310200, 
        "day": 29, 
        "month": 7
    }
}