{
    "day": {
        "Adj Close": 35.937364, 
        "Close": 36.970001, 
        "Company": "MDLZ", 
        "Date": "2014-07-30", 
        "High": 38.18, 
        "Low": 36.959999, 
        "Open": 38.169998, 
        "Volume": 9331900, 
        "day": 30, 
        "month": 7
    }
}