{
    "day": {
        "Adj Close": 30.619989, 
        "Close": 77.790001, 
        "Company": "TROW", 
        "Date": "2006-03-17", 
        "High": 77.940002, 
        "Low": 77.449997, 
        "Open": 77.75, 
        "Volume": 1343600, 
        "day": 5, 
        "week": 11
    }
}