{
    "day": {
        "Adj Close": 17.860403, 
        "Close": 30.74, 
        "Company": "MDLZ", 
        "Date": "2010-09-09", 
        "High": 30.799999, 
        "Low": 30.379999, 
        "Open": 30.700001, 
        "Volume": 7479000, 
        "day": 4, 
        "week": 36
    }
}