{
    "day": {
        "Adj Close": 34.804688, 
        "Close": 37.139999, 
        "Company": "WBA", 
        "Date": "2012-12-17", 
        "High": 37.349998, 
        "Low": 36.75, 
        "Open": 36.869999, 
        "Volume": 7247700, 
        "day": 1, 
        "week": 51
    }
}