{
    "day": {
        "Adj Close": 34.898402, 
        "Close": 37.240002, 
        "Company": "WBA", 
        "Date": "2012-12-19", 
        "High": 37.75, 
        "Low": 37.240002, 
        "Open": 37.509998, 
        "Volume": 9257800, 
        "day": 3, 
        "week": 51
    }
}