{
    "day": {
        "Adj Close": 35.188908, 
        "Close": 37.549999, 
        "Company": "WBA", 
        "Date": "2012-12-20", 
        "High": 37.59, 
        "Low": 37.09, 
        "Open": 37.450001, 
        "Volume": 7907500, 
        "day": 4, 
        "week": 51
    }
}