{
    "day": {
        "Adj Close": 34.026879, 
        "Close": 36.310001, 
        "Company": "WBA", 
        "Date": "2012-12-21", 
        "High": 36.970001, 
        "Low": 35.77, 
        "Open": 36.779999, 
        "Volume": 15309600, 
        "day": 5, 
        "week": 51
    }
}