{
    "day": {
        "Adj Close": 263.820007, 
        "Close": 263.820007, 
        "Company": "TSLA", 
        "Date": "2015-07-29", 
        "High": 267.890015, 
        "Low": 262.0, 
        "Open": 264.269989, 
        "Volume": 2790100, 
        "day": 3, 
        "week": 31
    }
}