{
    "day": {
        "Adj Close": 30.472597, 
        "Close": 35.790001, 
        "Company": "WBA", 
        "Date": "2008-04-21", 
        "High": 36.080002, 
        "Low": 35.630001, 
        "Open": 35.689999, 
        "Volume": 2653600, 
        "day": 1, 
        "week": 17
    }
}