{
    "day": {
        "Adj Close": 30.370424, 
        "Close": 35.669998, 
        "Company": "WBA", 
        "Date": "2008-04-23", 
        "High": 35.900002, 
        "Low": 35.060001, 
        "Open": 35.34, 
        "Volume": 4482200, 
        "day": 3, 
        "week": 17
    }
}