{
    "day": {
        "Adj Close": 26.466803, 
        "Close": 28.040001, 
        "Company": "MDLZ", 
        "Date": "2013-02-07", 
        "High": 28.08, 
        "Low": 27.58, 
        "Open": 27.639999, 
        "Volume": 14464700, 
        "day": 4, 
        "week": 6
    }
}