{
    "day": {
        "Adj Close": 12.790187,
        "Close": 16.260003,
        "Company": "SONA",
        "Date": "2007-01-23",
        "High": 16.350004,
        "Low": 16.250003,
        "Open": 16.350004,
        "Volume": 3900,
        "day": 23,
        "month": 1
    }
}