{
    "day": {
        "Adj Close": 12.742987,
        "Close": 16.199997,
        "Company": "SONA",
        "Date": "2007-01-24",
        "High": 16.350004,
        "Low": 16.199997,
        "Open": 16.250003,
        "Volume": 2400,
        "day": 24,
        "month": 1
    }
}