{
    "day": {
        "Adj Close": 1.447873, 
        "Close": 33.0, 
        "Company": "WBA", 
        "Date": "1989-01-11", 
        "High": 33.24992, 
        "Low": 32.75008, 
        "Open": 33.24992, 
        "Volume": 2425600, 
        "day": 11, 
        "year": 1989
    }
}