{
    "day": {
        "Adj Close": 1.741118, 
        "Close": 39.5, 
        "Company": "WBA", 
        "Date": "1989-05-12", 
        "High": 39.624962, 
        "Low": 38.875038, 
        "Open": 39.0, 
        "Volume": 2251200, 
        "day": 132, 
        "year": 1989
    }
}