{
    "day": {
        "Adj Close": 1.78175, 
        "Close": 40.24992, 
        "Company": "WBA", 
        "Date": "1989-05-18", 
        "High": 40.375038, 
        "Low": 40.0, 
        "Open": 40.0, 
        "Volume": 2088000, 
        "day": 138, 
        "year": 1989
    }
}