{
    "day": {
        "Adj Close": 1.78175, 
        "Close": 40.24992, 
        "Company": "WBA", 
        "Date": "1989-05-19", 
        "High": 40.375038, 
        "Low": 40.124962, 
        "Open": 40.375038, 
        "Volume": 3881600, 
        "day": 139, 
        "year": 1989
    }
}