{
    "day": {
        "Adj Close": 1.78175, 
        "Close": 40.24992, 
        "Company": "WBA", 
        "Date": "1989-05-22", 
        "High": 40.5, 
        "Low": 40.0, 
        "Open": 40.375038, 
        "Volume": 1870400, 
        "day": 142, 
        "year": 1989
    }
}