{
    "day": {
        "Adj Close": 1.881354, 
        "Close": 42.5, 
        "Company": "WBA", 
        "Date": "1989-06-09", 
        "High": 42.75008, 
        "Low": 42.24992, 
        "Open": 42.375038, 
        "Volume": 1505600, 
        "day": 160, 
        "year": 1989
    }
}