{
    "day": {
        "Adj Close": 1.897956, 
        "Close": 42.875038, 
        "Company": "WBA", 
        "Date": "1989-06-13", 
        "High": 43.24992, 
        "Low": 42.875038, 
        "Open": 43.0, 
        "Volume": 1928000, 
        "day": 164, 
        "year": 1989
    }
}