{
    "day": {
        "Adj Close": 1.914551, 
        "Close": 43.24992, 
        "Company": "WBA", 
        "Date": "1989-06-14", 
        "High": 43.624962, 
        "Low": 43.0, 
        "Open": 43.124962, 
        "Volume": 2233600, 
        "day": 165, 
        "year": 1989
    }
}