{
    "day": {
        "Adj Close": 1.931153, 
        "Close": 43.624962, 
        "Company": "WBA", 
        "Date": "1989-06-22", 
        "High": 43.75008, 
        "Low": 43.24992, 
        "Open": 43.5, 
        "Volume": 1771200, 
        "day": 173, 
        "year": 1989
    }
}