{
    "day": {
        "Adj Close": 1.513685, 
        "Close": 34.5, 
        "Company": "WBA", 
        "Date": "1989-01-18", 
        "High": 34.5, 
        "Low": 32.875038, 
        "Open": 33.0, 
        "Volume": 7891200, 
        "day": 18, 
        "year": 1989
    }
}