{
    "day": {
        "Adj Close": 2.019688, 
        "Close": 45.624962, 
        "Company": "WBA", 
        "Date": "1989-07-18", 
        "High": 45.624962, 
        "Low": 45.0, 
        "Open": 45.5, 
        "Volume": 1678400, 
        "day": 199, 
        "year": 1989
    }
}