{
    "day": {
        "Adj Close": 2.030758, 
        "Close": 45.875038, 
        "Company": "WBA", 
        "Date": "1989-07-19", 
        "High": 46.0, 
        "Low": 45.5, 
        "Open": 45.5, 
        "Volume": 3089600, 
        "day": 200, 
        "year": 1989
    }
}