{
    "day": {
        "Adj Close": 2.09162, 
        "Close": 47.24992, 
        "Company": "WBA", 
        "Date": "1989-08-09", 
        "High": 48.0, 
        "Low": 47.124962, 
        "Open": 47.875038, 
        "Volume": 1401600, 
        "day": 221, 
        "year": 1989
    }
}