{
    "day": {
        "Adj Close": 1.552078, 
        "Close": 35.375038, 
        "Company": "WBA", 
        "Date": "1989-01-23", 
        "High": 35.875038, 
        "Low": 34.5, 
        "Open": 35.75008, 
        "Volume": 8404800, 
        "day": 23, 
        "year": 1989
    }
}