{
    "day": {
        "Adj Close": 2.115858, 
        "Close": 47.624962, 
        "Company": "WBA", 
        "Date": "1989-08-18", 
        "High": 47.75008, 
        "Low": 47.24992, 
        "Open": 47.24992, 
        "Volume": 1296000, 
        "day": 230, 
        "year": 1989
    }
}