{
    "day": {
        "Adj Close": 2.071431, 
        "Close": 46.624962, 
        "Company": "WBA", 
        "Date": "1989-09-06", 
        "High": 47.24992, 
        "Low": 46.5, 
        "Open": 47.24992, 
        "Volume": 1940800, 
        "day": 249, 
        "year": 1989
    }
}