{
    "day": {
        "Adj Close": 2.038114, 
        "Close": 45.875038, 
        "Company": "WBA", 
        "Date": "1989-09-11", 
        "High": 46.0, 
        "Low": 45.5, 
        "Open": 46.0, 
        "Volume": 902400, 
        "day": 254, 
        "year": 1989
    }
}