{
    "day": {
        "Adj Close": 1.999238, 
        "Close": 45.0, 
        "Company": "WBA", 
        "Date": "1989-09-14", 
        "High": 45.124962, 
        "Low": 44.5, 
        "Open": 44.75008, 
        "Volume": 1784000, 
        "day": 257, 
        "year": 1989
    }
}