{
    "day": {
        "Adj Close": 2.0159, 
        "Close": 45.375038, 
        "Company": "WBA", 
        "Date": "1989-09-15", 
        "High": 45.5, 
        "Low": 44.875038, 
        "Open": 44.875038, 
        "Volume": 2505600, 
        "day": 258, 
        "year": 1989
    }
}