{
    "day": {
        "Adj Close": 2.010341, 
        "Close": 45.24992, 
        "Company": "WBA", 
        "Date": "1989-09-21", 
        "High": 46.5, 
        "Low": 45.24992, 
        "Open": 46.24992, 
        "Volume": 1137600, 
        "day": 264, 
        "year": 1989
    }
}