{
    "day": {
        "Adj Close": 2.099196, 
        "Close": 47.24992, 
        "Company": "WBA", 
        "Date": "1989-10-02", 
        "High": 47.375038, 
        "Low": 46.375038, 
        "Open": 46.75008, 
        "Volume": 1088000, 
        "day": 275, 
        "year": 1989
    }
}