{
    "day": {
        "Adj Close": 2.115858, 
        "Close": 47.624962, 
        "Company": "WBA", 
        "Date": "1989-10-03", 
        "High": 47.75008, 
        "Low": 46.875038, 
        "Open": 47.124962, 
        "Volume": 1996800, 
        "day": 276, 
        "year": 1989
    }
}