{
    "day": {
        "Adj Close": 1.877059, 
        "Close": 42.24992, 
        "Company": "WBA", 
        "Date": "1989-11-02", 
        "High": 43.24992, 
        "Low": 41.624962, 
        "Open": 43.24992, 
        "Volume": 2782400, 
        "day": 306, 
        "year": 1989
    }
}