{
    "day": {
        "Adj Close": 1.858222, 
        "Close": 41.624962, 
        "Company": "WBA", 
        "Date": "1989-11-07", 
        "High": 42.24992, 
        "Low": 41.124962, 
        "Open": 41.5, 
        "Volume": 1726400, 
        "day": 311, 
        "year": 1989
    }
}