{
    "day": {
        "Adj Close": 1.863807, 
        "Close": 41.75008, 
        "Company": "WBA", 
        "Date": "1989-11-10", 
        "High": 42.0, 
        "Low": 41.75008, 
        "Open": 41.875038, 
        "Volume": 1846400, 
        "day": 314, 
        "year": 1989
    }
}