{
    "day": {
        "Adj Close": 1.902864, 
        "Close": 42.624962, 
        "Company": "WBA", 
        "Date": "1989-11-15", 
        "High": 42.75008, 
        "Low": 41.75008, 
        "Open": 41.875038, 
        "Volume": 2665600, 
        "day": 319, 
        "year": 1989
    }
}