{
    "day": {
        "Adj Close": 2.00889, 
        "Close": 45.0, 
        "Company": "WBA", 
        "Date": "1989-11-27", 
        "High": 45.24992, 
        "Low": 44.24992, 
        "Open": 44.24992, 
        "Volume": 1987200, 
        "day": 331, 
        "year": 1989
    }
}