{
    "day": {
        "Adj Close": 1.947506, 
        "Close": 43.624962, 
        "Company": "WBA", 
        "Date": "1989-12-05", 
        "High": 44.375038, 
        "Low": 43.624962, 
        "Open": 43.875038, 
        "Volume": 2156800, 
        "day": 339, 
        "year": 1989
    }
}