{
    "day": {
        "Adj Close": 1.575826, 
        "Close": 35.75008, 
        "Company": "WBA", 
        "Date": "1989-02-16", 
        "High": 36.375038, 
        "Low": 35.624962, 
        "Open": 36.375038, 
        "Volume": 1632000, 
        "day": 47, 
        "year": 1989
    }
}