{
    "day": {
        "Adj Close": 1.548271, 
        "Close": 35.124962, 
        "Company": "WBA", 
        "Date": "1989-03-21", 
        "High": 35.375038, 
        "Low": 35.0, 
        "Open": 35.124962, 
        "Volume": 1960000, 
        "day": 80, 
        "year": 1989
    }
}