{
    "day": {
        "Adj Close": 1.570311, 
        "Close": 35.624962, 
        "Company": "WBA", 
        "Date": "1989-03-28", 
        "High": 35.875038, 
        "Low": 35.124962, 
        "Open": 35.124962, 
        "Volume": 3160000, 
        "day": 87, 
        "year": 1989
    }
}