{
    "day": {
        "Adj Close": 1.553779, 
        "Close": 35.24992, 
        "Company": "WBA", 
        "Date": "1989-03-29", 
        "High": 35.875038, 
        "Low": 35.124962, 
        "Open": 35.624962, 
        "Volume": 1729600, 
        "day": 88, 
        "year": 1989
    }
}