{
    "day": {
        "Adj Close": 1.553779, 
        "Close": 35.24992, 
        "Company": "WBA", 
        "Date": "1989-03-30", 
        "High": 35.624962, 
        "Low": 35.124962, 
        "Open": 35.124962, 
        "Volume": 974400, 
        "day": 89, 
        "year": 1989
    }
}