{
    "day": {
        "Adj Close": 33.571925, 
        "Close": 34.810001, 
        "Company": "MDLZ", 
        "Date": "2014-01-07", 
        "High": 34.93, 
        "Low": 34.5, 
        "Open": 34.52, 
        "Volume": 6846400, 
        "day": 2, 
        "week": 2
    }
}