{
    "day": {
        "Adj Close": 31.393289, 
        "Close": 79.459999, 
        "Company": "TROW", 
        "Date": "2006-05-26", 
        "High": 79.769997, 
        "Low": 78.470001, 
        "Open": 78.650002, 
        "Volume": 1185000, 
        "day": 5, 
        "week": 21
    }
}