{
    "day": {
        "Adj Close": 21.530001,
        "Close": 21.530001,
        "Company": "TCBI",
        "Date": "2005-08-29",
        "High": 21.65,
        "Low": 20.98,
        "Open": 21.120001,
        "Volume": 118300,
        "day": 29,
        "month": 8
    }
}