{
    "day": {
        "Adj Close": 22.92,
        "Close": 22.92,
        "Company": "TCBI",
        "Date": "2005-08-03",
        "High": 23.620001,
        "Low": 22.77,
        "Open": 23.620001,
        "Volume": 219500,
        "day": 3,
        "month": 8
    }
}