{
    "day": {
        "Adj Close": 21.940001,
        "Close": 21.940001,
        "Company": "TCBI",
        "Date": "2005-08-31",
        "High": 22.0,
        "Low": 20.82,
        "Open": 20.860001,
        "Volume": 83500,
        "day": 31,
        "month": 8
    }
}