{
    "day": {
        "Adj Close": 21.879999,
        "Close": 21.879999,
        "Company": "TCBI",
        "Date": "2005-08-08",
        "High": 22.16,
        "Low": 21.76,
        "Open": 21.99,
        "Volume": 50300,
        "day": 8,
        "month": 8
    }
}