{
    "day": {
        "Adj Close": 1.447873, 
        "Close": 33.0, 
        "Company": "WBA", 
        "Date": "1989-01-13", 
        "High": 33.5, 
        "Low": 32.75008, 
        "Open": 33.5, 
        "Volume": 2979200, 
        "day": 5, 
        "week": 2
    }
}