{
    "day": {
        "Adj Close": 79.175876, 
        "Close": 81.489998, 
        "Company": "TROW", 
        "Date": "2015-05-01", 
        "High": 81.589996, 
        "Low": 80.959999, 
        "Open": 81.449997, 
        "Volume": 904700, 
        "day": 1, 
        "month": 5
    }
}