{
    "day": {
        "Adj Close": 79.651966, 
        "Close": 81.980003, 
        "Company": "TROW", 
        "Date": "2015-05-14", 
        "High": 82.099998, 
        "Low": 81.220001, 
        "Open": 81.68, 
        "Volume": 799400, 
        "day": 14, 
        "month": 5
    }
}