{
    "day": {
        "Adj Close": 39.227375, 
        "Close": 48.880001, 
        "Company": "TROW", 
        "Date": "2007-08-28", 
        "High": 51.5, 
        "Low": 48.689999, 
        "Open": 51.299999, 
        "Volume": 2140600, 
        "day": 28, 
        "month": 8
    }
}