{
    "day": {
        "Adj Close": 42.116461, 
        "Close": 52.48, 
        "Company": "TROW", 
        "Date": "2007-08-06", 
        "High": 52.48, 
        "Low": 48.330002, 
        "Open": 48.779999, 
        "Volume": 3789400, 
        "day": 6, 
        "month": 8
    }
}