{
    "day": {
        "Adj Close": 22.530001,
        "Close": 22.530001,
        "Company": "TCBI",
        "Date": "2006-06-06",
        "High": 22.709999,
        "Low": 22.24,
        "Open": 22.51,
        "Volume": 53000,
        "day": 2,
        "week": 23
    }
}