{
    "day": {
        "Adj Close": 26.201847, 
        "Close": 32.0, 
        "Company": "TROW", 
        "Date": "2008-10-27", 
        "High": 33.689999, 
        "Low": 30.9, 
        "Open": 30.92, 
        "Volume": 4881300, 
        "day": 1, 
        "week": 44
    }
}