{
    "day": {
        "Adj Close": 32.375658, 
        "Close": 39.540001, 
        "Company": "TROW", 
        "Date": "2008-10-31", 
        "High": 39.990002, 
        "Low": 37.07, 
        "Open": 38.470001, 
        "Volume": 3715900, 
        "day": 5, 
        "week": 44
    }
}