{
    "day": {
        "Adj Close": 31.45004,
        "Close": 33.700001,
        "Company": "LPLA",
        "Date": "2013-04-17",
        "High": 33.849998,
        "Low": 33.380001,
        "Open": 33.68,
        "Volume": 522000,
        "day": 107,
        "year": 2013
    }
}