{
    "day": {
        "Adj Close": 34.264476,
        "Close": 36.57,
        "Company": "LPLA",
        "Date": "2013-06-12",
        "High": 36.849998,
        "Low": 36.279999,
        "Open": 36.84,
        "Volume": 640800,
        "day": 163,
        "year": 2013
    }
}