{
    "day": {
        "Adj Close": 34.42376,
        "Close": 36.740002,
        "Company": "LPLA",
        "Date": "2013-06-17",
        "High": 36.91,
        "Low": 36.59,
        "Open": 36.599998,
        "Volume": 863400,
        "day": 168,
        "year": 2013
    }
}