{
    "day": {
        "Adj Close": 36.250821,
        "Close": 38.689999,
        "Company": "LPLA",
        "Date": "2013-07-11",
        "High": 39.41,
        "Low": 38.619999,
        "Open": 39.099998,
        "Volume": 347600,
        "day": 192,
        "year": 2013
    }
}