{
    "day": {
        "Adj Close": 35.435671,
        "Close": 37.82,
        "Company": "LPLA",
        "Date": "2013-07-26",
        "High": 38.049999,
        "Low": 37.669998,
        "Open": 37.900002,
        "Volume": 238800,
        "day": 207,
        "year": 2013
    }
}