{
    "day": {
        "Adj Close": 27.565633,
        "Close": 29.66,
        "Company": "LPLA",
        "Date": "2013-01-22",
        "High": 29.75,
        "Low": 29.4,
        "Open": 29.459999,
        "Volume": 228400,
        "day": 22,
        "year": 2013
    }
}