{
    "day": {
        "Adj Close": 27.658573,
        "Close": 29.76,
        "Company": "LPLA",
        "Date": "2013-01-23",
        "High": 29.84,
        "Low": 29.639999,
        "Open": 29.690001,
        "Volume": 237700,
        "day": 23,
        "year": 2013
    }
}