{
    "day": {
        "Adj Close": 34.631392,
        "Close": 36.779999,
        "Company": "LPLA",
        "Date": "2013-08-30",
        "High": 37.32,
        "Low": 36.689999,
        "Open": 37.040001,
        "Volume": 351700,
        "day": 242,
        "year": 2013
    }
}