{
    "day": {
        "Adj Close": 35.4694,
        "Close": 37.669998,
        "Company": "LPLA",
        "Date": "2013-09-05",
        "High": 37.860001,
        "Low": 36.810001,
        "Open": 37.099998,
        "Volume": 834000,
        "day": 248,
        "year": 2013
    }
}