{
    "day": {
        "Adj Close": 36.241501,
        "Close": 38.490002,
        "Company": "LPLA",
        "Date": "2013-09-16",
        "High": 38.689999,
        "Low": 38.439999,
        "Open": 38.619999,
        "Volume": 475600,
        "day": 259,
        "year": 2013
    }
}