{
    "day": {
        "Adj Close": 36.392154,
        "Close": 38.650002,
        "Company": "LPLA",
        "Date": "2013-10-01",
        "High": 38.650002,
        "Low": 38.220001,
        "Open": 38.290001,
        "Volume": 421700,
        "day": 274,
        "year": 2013
    }
}