{
    "day": {
        "Adj Close": 37.079508,
        "Close": 39.380001,
        "Company": "LPLA",
        "Date": "2013-10-16",
        "High": 39.400002,
        "Low": 38.790001,
        "Open": 38.790001,
        "Volume": 918400,
        "day": 289,
        "year": 2013
    }
}