{
    "day": {
        "Adj Close": 38.482464,
        "Close": 40.869999,
        "Company": "LPLA",
        "Date": "2013-10-29",
        "High": 41.060001,
        "Low": 40.549999,
        "Open": 41.060001,
        "Volume": 470600,
        "day": 302,
        "year": 2013
    }
}