{
    "day": {
        "Adj Close": 30.948603,
        "Close": 33.299999,
        "Company": "LPLA",
        "Date": "2013-01-31",
        "High": 33.57,
        "Low": 33.189999,
        "Open": 33.540001,
        "Volume": 279100,
        "day": 31,
        "year": 2013
    }
}