{
    "day": {
        "Adj Close": 39.722979,
        "Close": 41.990002,
        "Company": "LPLA",
        "Date": "2013-11-12",
        "High": 42.07,
        "Low": 41.41,
        "Open": 41.709999,
        "Volume": 661900,
        "day": 316,
        "year": 2013
    }
}