{
    "day": {
        "Adj Close": 30.706964,
        "Close": 33.040001,
        "Company": "LPLA",
        "Date": "2013-02-04",
        "High": 33.310001,
        "Low": 32.41,
        "Open": 33.310001,
        "Volume": 263500,
        "day": 35,
        "year": 2013
    }
}