{
    "day": {
        "Adj Close": 44.216528,
        "Close": 46.740002,
        "Company": "LPLA",
        "Date": "2013-12-24",
        "High": 47.139999,
        "Low": 46.380001,
        "Open": 46.790001,
        "Volume": 161300,
        "day": 358,
        "year": 2013
    }
}