{
    "day": {
        "Adj Close": 44.509789,
        "Close": 47.049999,
        "Company": "LPLA",
        "Date": "2013-12-31",
        "High": 47.529999,
        "Low": 46.82,
        "Open": 47.110001,
        "Volume": 494500,
        "day": 365,
        "year": 2013
    }
}