{
    "day": {
        "Adj Close": 27.519165,
        "Close": 29.610001,
        "Company": "LPLA",
        "Date": "2013-01-08",
        "High": 29.68,
        "Low": 29.5,
        "Open": 29.610001,
        "Volume": 296800,
        "day": 8,
        "year": 2013
    }
}