{
    "day": {
        "Adj Close": 33.291117, 
        "Close": 39.299999, 
        "Company": "WBA", 
        "Date": "2007-10-05", 
        "High": 39.790001, 
        "Low": 39.119999, 
        "Open": 39.599998, 
        "Volume": 14619200, 
        "day": 5, 
        "week": 40
    }
}