{
    "day": {
        "Adj Close": 28.25817, 
        "Close": 34.119999, 
        "Company": "WBA", 
        "Date": "2004-02-09", 
        "High": 35.009998, 
        "Low": 34.029999, 
        "Open": 34.98, 
        "Volume": 5369200, 
        "day": 1, 
        "week": 7
    }
}