{
    "day": {
        "Adj Close": 28.970423, 
        "Close": 34.98, 
        "Company": "WBA", 
        "Date": "2004-02-12", 
        "High": 35.25, 
        "Low": 34.830002, 
        "Open": 34.900002, 
        "Volume": 2184500, 
        "day": 4, 
        "week": 7
    }
}