{
    "day": {
        "Adj Close": 44.311587, 
        "Close": 50.400002, 
        "Company": "TROW", 
        "Date": "2011-10-06", 
        "High": 50.459999, 
        "Low": 47.740002, 
        "Open": 48.75, 
        "Volume": 2567100, 
        "day": 4, 
        "week": 40
    }
}