{
    "day": {
        "Adj Close": 41.209999,
        "Close": 41.209999,
        "Company": "TCBI",
        "Date": "2013-03-22",
        "High": 43.07,
        "Low": 41.009998,
        "Open": 41.580002,
        "Volume": 1433800,
        "day": 5,
        "week": 12
    }
}