{
    "day": {
        "Adj Close": 29.491245,
        "Close": 33.970001,
        "Company": "LPLA",
        "Date": "2011-06-15",
        "High": 34.459999,
        "Low": 33.860001,
        "Open": 34.099998,
        "Volume": 329800,
        "day": 15,
        "month": 6
    }
}