{
    "day": {
        "Adj Close": 39.234923, 
        "Close": 48.32, 
        "Company": "TROW", 
        "Date": "2008-03-12", 
        "High": 50.310001, 
        "Low": 48.169998, 
        "Open": 49.650002, 
        "Volume": 2756600, 
        "day": 12, 
        "month": 3
    }
}