{
    "day": {
        "Adj Close": 38.625937, 
        "Close": 47.57, 
        "Company": "TROW", 
        "Date": "2008-03-13", 
        "High": 48.189999, 
        "Low": 44.619999, 
        "Open": 46.959999, 
        "Volume": 5009800, 
        "day": 13, 
        "month": 3
    }
}