{
    "day": {
        "Adj Close": 37.586602, 
        "Close": 46.290001, 
        "Company": "TROW", 
        "Date": "2008-03-14", 
        "High": 48.689999, 
        "Low": 44.950001, 
        "Open": 48.310001, 
        "Volume": 2815900, 
        "day": 14, 
        "month": 3
    }
}