{
    "day": {
        "Adj Close": 41.1106, 
        "Close": 50.630001, 
        "Company": "TROW", 
        "Date": "2008-03-20", 
        "High": 50.669998, 
        "Low": 47.689999, 
        "Open": 48.470001, 
        "Volume": 3362500, 
        "day": 20, 
        "month": 3
    }
}