{
    "day": {
        "Adj Close": 38.424111, 
        "Close": 47.549999, 
        "Company": "TROW", 
        "Date": "2008-03-06", 
        "High": 49.07, 
        "Low": 47.5, 
        "Open": 49.02, 
        "Volume": 3642900, 
        "day": 6, 
        "month": 3
    }
}