{
    "day": {
        "Adj Close": 38.262494, 
        "Close": 47.349998, 
        "Company": "TROW", 
        "Date": "2008-03-07", 
        "High": 48.599998, 
        "Low": 46.369999, 
        "Open": 47.080002, 
        "Volume": 2912200, 
        "day": 7, 
        "month": 3
    }
}