{
    "day": {
        "Adj Close": 78.479481, 
        "Close": 83.32, 
        "Company": "TROW", 
        "Date": "2015-02-26", 
        "High": 83.830002, 
        "Low": 82.980003, 
        "Open": 83.690002, 
        "Volume": 757400, 
        "day": 26, 
        "month": 2
    }
}