{
    "day": {
        "Adj Close": 76.350775, 
        "Close": 81.059998, 
        "Company": "TROW", 
        "Date": "2015-02-04", 
        "High": 81.75, 
        "Low": 80.489998, 
        "Open": 81.080002, 
        "Volume": 1116900, 
        "day": 4, 
        "month": 2
    }
}