{
    "day": {
        "Adj Close": 76.910004, 
        "Close": 76.910004, 
        "Company": "FANG", 
        "Date": "2015-10-12", 
        "High": 77.919998, 
        "Low": 75.089996, 
        "Open": 76.449997, 
        "Volume": 1085900, 
        "day": 12, 
        "month": 10
    }
}