{
    "day": {
        "Adj Close": 76.43, 
        "Close": 76.43, 
        "Company": "FANG", 
        "Date": "2015-10-14", 
        "High": 76.610001, 
        "Low": 74.870003, 
        "Open": 76.419998, 
        "Volume": 706300, 
        "day": 14, 
        "month": 10
    }
}