{
    "day": {
        "Adj Close": 73.309998, 
        "Close": 73.309998, 
        "Company": "FANG", 
        "Date": "2015-10-19", 
        "High": 76.43, 
        "Low": 71.849998, 
        "Open": 76.120003, 
        "Volume": 1295900, 
        "day": 19, 
        "month": 10
    }
}