{
    "day": {
        "Adj Close": 69.360001, 
        "Close": 69.360001, 
        "Company": "FANG", 
        "Date": "2015-10-02", 
        "High": 69.519997, 
        "Low": 63.360001, 
        "Open": 65.110001, 
        "Volume": 1442900, 
        "day": 2, 
        "month": 10
    }
}