{
    "day": {
        "Adj Close": 75.5, 
        "Close": 75.5, 
        "Company": "FANG", 
        "Date": "2015-10-28", 
        "High": 76.360001, 
        "Low": 71.75, 
        "Open": 72.900002, 
        "Volume": 1395000, 
        "day": 28, 
        "month": 10
    }
}