{
    "day": {
        "Adj Close": 26.235559, 
        "Close": 30.25, 
        "Company": "WBA", 
        "Date": "2009-07-28", 
        "High": 30.59, 
        "Low": 30.030001, 
        "Open": 30.059999, 
        "Volume": 4901500, 
        "day": 2, 
        "week": 31
    }
}