{
    "day": {
        "Adj Close": 1.275701, 
        "Close": 30.24992, 
        "Company": "WBA", 
        "Date": "1986-09-30", 
        "High": 30.75008, 
        "Low": 30.24992, 
        "Open": 30.24992, 
        "Volume": 2745600, 
        "day": 2, 
        "week": 40
    }
}