{
    "day": {
        "Adj Close": 33.224351, 
        "Close": 37.279999, 
        "Company": "WBA", 
        "Date": "2010-12-20", 
        "High": 37.759998, 
        "Low": 37.220001, 
        "Open": 37.580002, 
        "Volume": 6026200, 
        "day": 20, 
        "month": 12
    }
}