{
    "day": {
        "Adj Close": 32.502472, 
        "Close": 36.470001, 
        "Company": "WBA", 
        "Date": "2010-12-08", 
        "High": 36.560001, 
        "Low": 35.919998, 
        "Open": 36.290001, 
        "Volume": 5407300, 
        "day": 8, 
        "month": 12
    }
}