{
    "day": {
        "Adj Close": 17.318833, 
        "Close": 33.299999, 
        "Company": "MDLZ", 
        "Date": "2007-10-26", 
        "High": 33.580002, 
        "Low": 32.549999, 
        "Open": 32.950001, 
        "Volume": 9869400, 
        "day": 5, 
        "week": 43
    }
}