{
    "day": {
        "Adj Close": 83.86411, 
        "Close": 84.629997, 
        "Company": "WBA", 
        "Date": "2015-10-01", 
        "High": 84.769997, 
        "Low": 82.599998, 
        "Open": 83.57, 
        "Volume": 4312700, 
        "day": 4, 
        "week": 40
    }
}