{
    "day": {
        "Adj Close": 3.199169, 
        "Close": 38.0, 
        "Company": "TROW", 
        "Date": "1995-07-25", 
        "High": 38.437519, 
        "Low": 37.25, 
        "Open": 37.25, 
        "Volume": 1439200, 
        "day": 2, 
        "week": 30
    }
}