{
    "day": {
        "Adj Close": 75.974984, 
        "Close": 77.68, 
        "Company": "TROW", 
        "Date": "2015-07-01", 
        "High": 78.800003, 
        "Low": 77.470001, 
        "Open": 78.459999, 
        "Volume": 1581500, 
        "day": 1, 
        "month": 7
    }
}