{
    "day": {
        "Adj Close": 76.375981, 
        "Close": 78.089996, 
        "Company": "TROW", 
        "Date": "2015-07-14", 
        "High": 78.459999, 
        "Low": 77.910004, 
        "Open": 78.339996, 
        "Volume": 1077600, 
        "day": 14, 
        "month": 7
    }
}