{
    "day": {
        "Adj Close": 76.473792, 
        "Close": 78.190002, 
        "Company": "TROW", 
        "Date": "2015-07-15", 
        "High": 78.529999, 
        "Low": 77.870003, 
        "Open": 78.379997, 
        "Volume": 1113600, 
        "day": 15, 
        "month": 7
    }
}