{
    "day": {
        "Adj Close": 77.67679, 
        "Close": 79.419998, 
        "Company": "TROW", 
        "Date": "2015-07-17", 
        "High": 79.5, 
        "Low": 79.019997, 
        "Open": 79.160004, 
        "Volume": 1180900, 
        "day": 17, 
        "month": 7
    }
}