{
    "day": {
        "Adj Close": 75.642443, 
        "Close": 77.339996, 
        "Company": "TROW", 
        "Date": "2015-07-02", 
        "High": 77.980003, 
        "Low": 76.919998, 
        "Open": 77.910004, 
        "Volume": 1132600, 
        "day": 2, 
        "month": 7
    }
}