{
    "day": {
        "Adj Close": 74.948028, 
        "Close": 76.629997, 
        "Company": "TROW", 
        "Date": "2015-07-27", 
        "High": 76.900002, 
        "Low": 75.550003, 
        "Open": 76.580002, 
        "Volume": 1427900, 
        "day": 27, 
        "month": 7
    }
}