{
    "day": {
        "Adj Close": 75.466401, 
        "Close": 77.160004, 
        "Company": "TROW", 
        "Date": "2015-07-28", 
        "High": 77.379997, 
        "Low": 76.650002, 
        "Open": 77.370003, 
        "Volume": 1042700, 
        "day": 28, 
        "month": 7
    }
}