{
    "day": {
        "Adj Close": 75.525082, 
        "Close": 77.220001, 
        "Company": "TROW", 
        "Date": "2015-07-07", 
        "High": 77.300003, 
        "Low": 75.879997, 
        "Open": 77.120003, 
        "Volume": 1514200, 
        "day": 7, 
        "month": 7
    }
}