{
    "day": {
        "Adj Close": 16.690136, 
        "Close": 29.290001, 
        "Company": "MDLZ", 
        "Date": "2010-01-12", 
        "High": 29.34, 
        "Low": 28.639999, 
        "Open": 28.75, 
        "Volume": 19561000, 
        "day": 2, 
        "week": 2
    }
}