{
    "day": {
        "Adj Close": 48.208721, 
        "Close": 50.82, 
        "Company": "WBA", 
        "Date": "2013-07-26", 
        "High": 51.220001, 
        "Low": 50.419998, 
        "Open": 50.810001, 
        "Volume": 4028800, 
        "day": 26, 
        "month": 7
    }
}