{
    "day": {
        "Adj Close": 16.809999,
        "Close": 16.809999,
        "Company": "TCBI",
        "Date": "2010-03-04",
        "High": 16.889999,
        "Low": 16.559999,
        "Open": 16.889999,
        "Volume": 65400,
        "day": 4,
        "week": 9
    }
}