{
    "day": {
        "Adj Close": 20.352224, 
        "Close": 53.279999, 
        "Company": "TROW", 
        "Date": "2004-02-11", 
        "High": 53.299999, 
        "Low": 51.34, 
        "Open": 51.5, 
        "Volume": 2297400, 
        "day": 3, 
        "week": 7
    }
}