{
    "day": {
        "Adj Close": 22.905296, 
        "Close": 37.139999, 
        "Company": "MDLZ", 
        "Date": "2012-04-12", 
        "High": 37.16, 
        "Low": 36.849998, 
        "Open": 36.91, 
        "Volume": 10981000, 
        "day": 103, 
        "year": 2012
    }
}