{
    "day": {
        "Adj Close": 23.176658, 
        "Close": 37.580002, 
        "Company": "MDLZ", 
        "Date": "2012-04-16", 
        "High": 37.720001, 
        "Low": 37.299999, 
        "Open": 37.439999, 
        "Volume": 7513700, 
        "day": 107, 
        "year": 2012
    }
}