{
    "day": {
        "Adj Close": 23.215665, 
        "Close": 37.93, 
        "Company": "MDLZ", 
        "Date": "2012-01-11", 
        "High": 38.07, 
        "Low": 37.73, 
        "Open": 37.959999, 
        "Volume": 5576500, 
        "day": 11, 
        "year": 2012
    }
}