{
    "day": {
        "Adj Close": 23.559029, 
        "Close": 38.200001, 
        "Company": "MDLZ", 
        "Date": "2012-04-19", 
        "High": 38.369999, 
        "Low": 38.049999, 
        "Open": 38.34, 
        "Volume": 8440300, 
        "day": 110, 
        "year": 2012
    }
}