{
    "day": {
        "Adj Close": 23.799552, 
        "Close": 38.59, 
        "Company": "MDLZ", 
        "Date": "2012-05-21", 
        "High": 38.75, 
        "Low": 38.369999, 
        "Open": 38.630001, 
        "Volume": 7679400, 
        "day": 142, 
        "year": 2012
    }
}