{
    "day": {
        "Adj Close": 23.935233, 
        "Close": 38.810001, 
        "Company": "MDLZ", 
        "Date": "2012-05-22", 
        "High": 38.889999, 
        "Low": 38.52, 
        "Open": 38.59, 
        "Volume": 9781600, 
        "day": 143, 
        "year": 2012
    }
}