{
    "day": {
        "Adj Close": 23.836557, 
        "Close": 38.650002, 
        "Company": "MDLZ", 
        "Date": "2012-05-29", 
        "High": 38.830002, 
        "Low": 38.470001, 
        "Open": 38.73, 
        "Volume": 6341100, 
        "day": 150, 
        "year": 2012
    }
}