{
    "day": {
        "Adj Close": 24.36908, 
        "Close": 39.209999, 
        "Company": "MDLZ", 
        "Date": "2012-07-03", 
        "High": 39.299999, 
        "Low": 38.77, 
        "Open": 38.849998, 
        "Volume": 8443900, 
        "day": 185, 
        "year": 2012
    }
}