{
    "day": {
        "Adj Close": 24.25721, 
        "Close": 39.029999, 
        "Company": "MDLZ", 
        "Date": "2012-07-09", 
        "High": 39.049999, 
        "Low": 38.790001, 
        "Open": 38.919998, 
        "Volume": 7043700, 
        "day": 191, 
        "year": 2012
    }
}