{
    "day": {
        "Adj Close": 24.841423, 
        "Close": 39.970001, 
        "Company": "MDLZ", 
        "Date": "2012-07-18", 
        "High": 40.009998, 
        "Low": 39.689999, 
        "Open": 39.75, 
        "Volume": 9725000, 
        "day": 200, 
        "year": 2012
    }
}