{
    "day": {
        "Adj Close": 24.362866, 
        "Close": 39.200001, 
        "Company": "MDLZ", 
        "Date": "2012-07-23", 
        "High": 39.619999, 
        "Low": 39.029999, 
        "Open": 39.610001, 
        "Volume": 15557800, 
        "day": 205, 
        "year": 2012
    }
}