{
    "day": {
        "Adj Close": 25.41942, 
        "Close": 40.900002, 
        "Company": "MDLZ", 
        "Date": "2012-08-14", 
        "High": 41.139999, 
        "Low": 40.779999, 
        "Open": 41.029999, 
        "Volume": 7012500, 
        "day": 227, 
        "year": 2012
    }
}