{
    "day": {
        "Adj Close": 25.295119, 
        "Close": 40.700001, 
        "Company": "MDLZ", 
        "Date": "2012-08-15", 
        "High": 40.939999, 
        "Low": 40.549999, 
        "Open": 40.889999, 
        "Volume": 8592600, 
        "day": 228, 
        "year": 2012
    }
}