{
    "day": {
        "Adj Close": 25.549935, 
        "Close": 41.110001, 
        "Company": "MDLZ", 
        "Date": "2012-08-21", 
        "High": 41.400002, 
        "Low": 40.68, 
        "Open": 40.709999, 
        "Volume": 10521400, 
        "day": 234, 
        "year": 2012
    }
}