{
    "day": {
        "Adj Close": 25.655589, 
        "Close": 41.279999, 
        "Company": "MDLZ", 
        "Date": "2012-08-23", 
        "High": 41.389999, 
        "Low": 40.810001, 
        "Open": 40.93, 
        "Volume": 14286500, 
        "day": 236, 
        "year": 2012
    }
}