{
    "day": {
        "Adj Close": 23.617401, 
        "Close": 25.15, 
        "Company": "MDLZ", 
        "Date": "2012-11-14", 
        "High": 25.809999, 
        "Low": 25.1, 
        "Open": 25.76, 
        "Volume": 18479200, 
        "day": 319, 
        "year": 2012
    }
}