{
    "day": {
        "Adj Close": 23.983637, 
        "Close": 25.540001, 
        "Company": "MDLZ", 
        "Date": "2012-11-20", 
        "High": 26.040001, 
        "Low": 25.5, 
        "Open": 26.01, 
        "Volume": 11552900, 
        "day": 325, 
        "year": 2012
    }
}