{
    "day": {
        "Adj Close": 24.096323, 
        "Close": 25.66, 
        "Company": "MDLZ", 
        "Date": "2012-11-28", 
        "High": 25.700001, 
        "Low": 25.16, 
        "Open": 25.16, 
        "Volume": 14792600, 
        "day": 333, 
        "year": 2012
    }
}