{
    "day": {
        "Adj Close": 24.209011, 
        "Close": 25.780001, 
        "Company": "MDLZ", 
        "Date": "2012-11-29", 
        "High": 25.799999, 
        "Low": 25.530001, 
        "Open": 25.77, 
        "Volume": 13019600, 
        "day": 334, 
        "year": 2012
    }
}