{
    "day": {
        "Adj Close": 24.021198, 
        "Close": 25.58, 
        "Company": "MDLZ", 
        "Date": "2012-12-07", 
        "High": 25.74, 
        "Low": 25.299999, 
        "Open": 25.66, 
        "Volume": 10690300, 
        "day": 342, 
        "year": 2012
    }
}