{
    "day": {
        "Adj Close": 23.937165, 
        "Close": 25.360001, 
        "Company": "MDLZ", 
        "Date": "2012-12-27", 
        "High": 25.43, 
        "Low": 25.059999, 
        "Open": 25.219999, 
        "Volume": 9139400, 
        "day": 362, 
        "year": 2012
    }
}