{
    "day": {
        "Adj Close": 23.570662, 
        "Close": 38.509998, 
        "Company": "MDLZ", 
        "Date": "2012-02-07", 
        "High": 38.619999, 
        "Low": 38.360001, 
        "Open": 38.529999, 
        "Volume": 5800100, 
        "day": 38, 
        "year": 2012
    }
}