{
    "day": {
        "Adj Close": 23.25239, 
        "Close": 37.990002, 
        "Company": "MDLZ", 
        "Date": "2012-02-22", 
        "High": 38.599998, 
        "Low": 37.869999, 
        "Open": 38.439999, 
        "Volume": 12134000, 
        "day": 53, 
        "year": 2012
    }
}