{
    "day": {
        "Adj Close": 23.491095, 
        "Close": 38.380001, 
        "Company": "MDLZ", 
        "Date": "2012-03-16", 
        "High": 38.560001, 
        "Low": 38.110001, 
        "Open": 38.450001, 
        "Volume": 13560700, 
        "day": 76, 
        "year": 2012
    }
}