{
    "day": {
        "Adj Close": 23.318505, 
        "Close": 37.810001, 
        "Company": "MDLZ", 
        "Date": "2012-03-29", 
        "High": 38.009998, 
        "Low": 37.689999, 
        "Open": 37.919998, 
        "Volume": 8310100, 
        "day": 89, 
        "year": 2012
    }
}