{
    "day": {
        "Adj Close": 23.441849, 
        "Close": 38.009998, 
        "Company": "MDLZ", 
        "Date": "2012-03-30", 
        "High": 38.259998, 
        "Low": 37.84, 
        "Open": 37.869999, 
        "Volume": 8396300, 
        "day": 90, 
        "year": 2012
    }
}