{
    "day": {
        "Adj Close": 23.614534, 
        "Close": 38.290001, 
        "Company": "MDLZ", 
        "Date": "2012-04-03", 
        "High": 38.470001, 
        "Low": 38.220001, 
        "Open": 38.439999, 
        "Volume": 9606900, 
        "day": 94, 
        "year": 2012
    }
}