{
    "day": {
        "Adj Close": 23.571363, 
        "Close": 38.220001, 
        "Company": "MDLZ", 
        "Date": "2012-04-04", 
        "High": 38.369999, 
        "Low": 38.119999, 
        "Open": 38.139999, 
        "Volume": 6919700, 
        "day": 95, 
        "year": 2012
    }
}