{
    "day": {
        "Adj Close": 22.983079, 
        "Close": 37.549999, 
        "Company": "MDLZ", 
        "Date": "2012-01-06", 
        "High": 37.959999, 
        "Low": 37.5, 
        "Open": 37.919998, 
        "Volume": 7954400, 
        "day": 5, 
        "week": 1
    }
}