{
    "day": {
        "Adj Close": 1.403268, 
        "Close": 33.5, 
        "Company": "WBA", 
        "Date": "1986-03-31", 
        "High": 33.5, 
        "Low": 33.124962, 
        "Open": 33.24992, 
        "Volume": 1123200, 
        "day": 1, 
        "week": 14
    }
}