{
    "day": {
        "Adj Close": 39.223348,
        "Close": 39.919998,
        "Company": "LPLA",
        "Date": "2015-09-17",
        "High": 41.279999,
        "Low": 39.52,
        "Open": 40.82,
        "Volume": 761900,
        "day": 4,
        "week": 38
    }
}