{
    "day": {
        "Adj Close": 89.581897, 
        "Close": 90.400002, 
        "Company": "WBA", 
        "Date": "2015-09-11", 
        "High": 90.459999, 
        "Low": 88.75, 
        "Open": 89.010002, 
        "Volume": 3286200, 
        "day": 11, 
        "month": 9
    }
}