{
    "day": {
        "Adj Close": 90.097187, 
        "Close": 90.919998, 
        "Company": "WBA", 
        "Date": "2015-09-15", 
        "High": 91.239998, 
        "Low": 89.419998, 
        "Open": 90.449997, 
        "Volume": 2711400, 
        "day": 15, 
        "month": 9
    }
}