{
    "day": {
        "Adj Close": 87.451352, 
        "Close": 88.25, 
        "Company": "WBA", 
        "Date": "2015-09-21", 
        "High": 88.440002, 
        "Low": 87.019997, 
        "Open": 87.080002, 
        "Volume": 3945700, 
        "day": 21, 
        "month": 9
    }
}