{
    "day": {
        "Adj Close": 84.973977, 
        "Close": 85.75, 
        "Company": "WBA", 
        "Date": "2015-09-24", 
        "High": 86.830002, 
        "Low": 85.029999, 
        "Open": 86.519997, 
        "Volume": 4286500, 
        "day": 24, 
        "month": 9
    }
}