{
    "day": {
        "Adj Close": 84.547868, 
        "Close": 85.32, 
        "Company": "WBA", 
        "Date": "2015-09-25", 
        "High": 87.82, 
        "Low": 84.809998, 
        "Open": 87.129997, 
        "Volume": 5285900, 
        "day": 25, 
        "month": 9
    }
}