{
    "day": {
        "Adj Close": 14.896865,
        "Close": 18.389999,
        "Company": "SUNS",
        "Date": "2014-01-10",
        "High": 18.4,
        "Low": 18.24,
        "Open": 18.360001,
        "Volume": 11200,
        "day": 10,
        "month": 1
    }
}