{
    "day": {
        "Adj Close": 14.848263,
        "Close": 18.33,
        "Company": "SUNS",
        "Date": "2014-01-06",
        "High": 18.49,
        "Low": 18.219999,
        "Open": 18.49,
        "Volume": 24100,
        "day": 6,
        "month": 1
    }
}