{
    "day": {
        "Adj Close": 25.2286,
        "Close": 29.059999,
        "Company": "LPLA",
        "Date": "2011-08-30",
        "High": 29.549999,
        "Low": 28.15,
        "Open": 28.440001,
        "Volume": 423500,
        "day": 2,
        "week": 35
    }
}