{
    "day": {
        "Adj Close": 3.322773, 
        "Close": 35.875038, 
        "Company": "WBA", 
        "Date": "1992-03-20", 
        "High": 36.124962, 
        "Low": 35.75, 
        "Open": 36.0, 
        "Volume": 1898400, 
        "day": 5, 
        "week": 12
    }
}