{
    "day": {
        "Adj Close": 2.054769, 
        "Close": 46.24992, 
        "Company": "WBA", 
        "Date": "1989-10-11", 
        "High": 48.24992, 
        "Low": 45.75008, 
        "Open": 48.124962, 
        "Volume": 6281600, 
        "day": 3, 
        "week": 41
    }
}