{
    "day": {
        "Adj Close": 15.809789, 
        "Close": 28.35, 
        "Company": "MDLZ", 
        "Date": "2009-08-13", 
        "High": 28.57, 
        "Low": 28.129999, 
        "Open": 28.41, 
        "Volume": 7914700, 
        "day": 4, 
        "week": 33
    }
}