{
    "day": {
        "Adj Close": 53.830002,
        "Close": 53.830002,
        "Company": "TCBI",
        "Date": "2014-07-01",
        "High": 54.650002,
        "Low": 53.68,
        "Open": 54.049999,
        "Volume": 383700,
        "day": 1,
        "month": 7
    }
}