{
    "day": {
        "Adj Close": 52.290001,
        "Close": 52.290001,
        "Company": "TCBI",
        "Date": "2014-07-14",
        "High": 53.200001,
        "Low": 52.220001,
        "Open": 52.84,
        "Volume": 151900,
        "day": 14,
        "month": 7
    }
}