{
    "day": {
        "Adj Close": 53.400002,
        "Close": 53.400002,
        "Company": "TCBI",
        "Date": "2014-07-02",
        "High": 54.07,
        "Low": 53.220001,
        "Open": 53.700001,
        "Volume": 220600,
        "day": 2,
        "month": 7
    }
}