{
    "day": {
        "Adj Close": 52.869999,
        "Close": 52.869999,
        "Company": "TCBI",
        "Date": "2014-07-28",
        "High": 53.639999,
        "Low": 52.599998,
        "Open": 53.639999,
        "Volume": 489000,
        "day": 28,
        "month": 7
    }
}