{
    "day": {
        "Adj Close": 37.529999,
        "Close": 37.529999,
        "Company": "TCBI",
        "Date": "2012-05-02",
        "High": 37.779999,
        "Low": 37.16,
        "Open": 37.5,
        "Volume": 313900,
        "day": 2,
        "month": 5
    }
}