{
    "day": {
        "Adj Close": 36.959999,
        "Close": 36.959999,
        "Company": "TCBI",
        "Date": "2012-05-23",
        "High": 37.029999,
        "Low": 36.169998,
        "Open": 36.529999,
        "Volume": 227000,
        "day": 23,
        "month": 5
    }
}