{
    "day": {
        "Adj Close": 37.919998,
        "Close": 37.919998,
        "Company": "TCBI",
        "Date": "2012-05-24",
        "High": 37.990002,
        "Low": 37.119999,
        "Open": 37.330002,
        "Volume": 594900,
        "day": 24,
        "month": 5
    }
}