{
    "day": {
        "Adj Close": 0.828121, 
        "Close": 21.75008, 
        "Company": "TROW", 
        "Date": "1990-08-22", 
        "High": 22.75008, 
        "Low": 21.75008, 
        "Open": 22.75008, 
        "Volume": 265600, 
        "day": 22, 
        "month": 8
    }
}