{
    "day": {
        "Adj Close": 19.243115, 
        "Close": 50.0, 
        "Company": "TROW", 
        "Date": "2004-06-29", 
        "High": 50.110001, 
        "Low": 48.869999, 
        "Open": 49.209999, 
        "Volume": 1261600, 
        "day": 2, 
        "week": 27
    }
}