{
    "day": {
        "Adj Close": 19.220023, 
        "Close": 49.939999, 
        "Company": "TROW", 
        "Date": "2004-07-01", 
        "High": 50.799999, 
        "Low": 49.25, 
        "Open": 50.459999, 
        "Volume": 1129600, 
        "day": 4, 
        "week": 27
    }
}