{
    "day": {
        "Adj Close": 65.737586, 
        "Close": 66.230003, 
        "Company": "TROW", 
        "Date": "2016-01-27", 
        "High": 67.57, 
        "Low": 65.5, 
        "Open": 66.669998, 
        "Volume": 2232000, 
        "day": 27, 
        "month": 1
    }
}