{
    "day": {
        "Adj Close": 69.955987, 
        "Close": 70.480003, 
        "Company": "TROW", 
        "Date": "2016-01-05", 
        "High": 70.809998, 
        "Low": 69.5, 
        "Open": 70.389999, 
        "Volume": 1403700, 
        "day": 5, 
        "month": 1
    }
}