{
    "day": {
        "Adj Close": 0.671277, 
        "Close": 17.5, 
        "Company": "TROW", 
        "Date": "1990-10-10", 
        "High": 17.75008, 
        "Low": 17.0, 
        "Open": 17.75008, 
        "Volume": 1875200, 
        "day": 10, 
        "month": 10
    }
}