{
    "day": {
        "Adj Close": 0.604152, 
        "Close": 15.75008, 
        "Company": "TROW", 
        "Date": "1990-10-18", 
        "High": 16.0, 
        "Low": 14.5, 
        "Open": 14.62496, 
        "Volume": 2646400, 
        "day": 18, 
        "month": 10
    }
}