{
    "day": {
        "Adj Close": 0.642511, 
        "Close": 16.75008, 
        "Company": "TROW", 
        "Date": "1990-10-22", 
        "High": 16.75008, 
        "Low": 15.75008, 
        "Open": 15.75008, 
        "Volume": 278400, 
        "day": 22, 
        "month": 10
    }
}