{
    "day": {
        "Adj Close": 0.632918, 
        "Close": 16.5, 
        "Company": "TROW", 
        "Date": "1990-10-23", 
        "High": 16.5, 
        "Low": 16.24992, 
        "Open": 16.24992, 
        "Volume": 1502400, 
        "day": 23, 
        "month": 10
    }
}