{
    "day": {
        "Adj Close": 0.642511, 
        "Close": 16.75008, 
        "Company": "TROW", 
        "Date": "1990-10-26", 
        "High": 16.75008, 
        "Low": 16.0, 
        "Open": 16.0, 
        "Volume": 804800, 
        "day": 26, 
        "month": 10
    }
}