{
    "day": {
        "Adj Close": 0.68087, 
        "Close": 17.75008, 
        "Company": "TROW", 
        "Date": "1990-10-09", 
        "High": 19.5, 
        "Low": 17.0, 
        "Open": 19.0, 
        "Volume": 1976000, 
        "day": 9, 
        "month": 10
    }
}