{
    "day": {
        "Adj Close": 43.330218,
        "Close": 44.880001,
        "Company": "LPLA",
        "Date": "2014-12-26",
        "High": 45.169998,
        "Low": 44.810001,
        "Open": 45.130001,
        "Volume": 200500,
        "day": 5,
        "week": 52
    }
}