{
    "day": {
        "Adj Close": 15.923579, 
        "Close": 41.860001, 
        "Company": "TROW", 
        "Date": "2003-11-25", 
        "High": 42.349998, 
        "Low": 40.959999, 
        "Open": 41.16, 
        "Volume": 2716400, 
        "day": 2, 
        "week": 48
    }
}