{
    "day": {
        "Adj Close": 35.290001, 
        "Close": 35.290001, 
        "Company": "TSLA", 
        "Date": "2013-03-15", 
        "High": 36.650002, 
        "Low": 35.209999, 
        "Open": 36.639999, 
        "Volume": 3279600, 
        "day": 5, 
        "week": 11
    }
}