{
    "day": {
        "Adj Close": 1.576182, 
        "Close": 37.5, 
        "Company": "WBA", 
        "Date": "1986-05-27", 
        "High": 37.5, 
        "Low": 36.375038, 
        "Open": 36.5, 
        "Volume": 1283200, 
        "day": 2, 
        "week": 22
    }
}