{
    "day": {
        "Adj Close": 230.259995, 
        "Close": 230.259995, 
        "Company": "TSLA", 
        "Date": "2016-03-28", 
        "High": 234.809998, 
        "Low": 225.0, 
        "Open": 231.610001, 
        "Volume": 3875500, 
        "day": 1, 
        "week": 13
    }
}