{
    "day": {
        "Adj Close": 230.130005, 
        "Close": 230.130005, 
        "Company": "TSLA", 
        "Date": "2016-03-29", 
        "High": 232.380005, 
        "Low": 225.330002, 
        "Open": 229.889999, 
        "Volume": 4004900, 
        "day": 2, 
        "week": 13
    }
}