{
    "day": {
        "Adj Close": 13.095554, 
        "Close": 35.52, 
        "Company": "TROW", 
        "Date": "2002-05-02", 
        "High": 35.84, 
        "Low": 34.779999, 
        "Open": 34.799999, 
        "Volume": 608200, 
        "day": 2, 
        "month": 5
    }
}