{
    "day": {
        "Adj Close": 13.397872, 
        "Close": 36.34, 
        "Company": "TROW", 
        "Date": "2002-05-28", 
        "High": 36.799999, 
        "Low": 36.119999, 
        "Open": 36.540001, 
        "Volume": 1016800, 
        "day": 28, 
        "month": 5
    }
}