{
    "day": {
        "Adj Close": 12.468796, 
        "Close": 33.82, 
        "Company": "TROW", 
        "Date": "2002-05-06", 
        "High": 35.599998, 
        "Low": 33.73, 
        "Open": 35.299999, 
        "Volume": 1027600, 
        "day": 6, 
        "month": 5
    }
}