{
    "day": {
        "Adj Close": 13.552718, 
        "Close": 36.759998, 
        "Company": "TROW", 
        "Date": "2002-05-09", 
        "High": 37.040001, 
        "Low": 36.009998, 
        "Open": 36.18, 
        "Volume": 1549200, 
        "day": 9, 
        "month": 5
    }
}