{
    "day": {
        "Adj Close": 24.854124, 
        "Close": 39.700001, 
        "Company": "MDLZ", 
        "Date": "2012-09-17", 
        "High": 39.709999, 
        "Low": 39.330002, 
        "Open": 39.48, 
        "Volume": 17594400, 
        "day": 1, 
        "week": 38
    }
}