{
    "day": {
        "Adj Close": 25.311139, 
        "Close": 40.43, 
        "Company": "MDLZ", 
        "Date": "2012-09-18", 
        "High": 40.43, 
        "Low": 39.439999, 
        "Open": 39.5, 
        "Volume": 22574300, 
        "day": 2, 
        "week": 38
    }
}