{
    "day": {
        "Adj Close": 1.697039, 
        "Close": 38.5, 
        "Company": "WBA", 
        "Date": "1989-04-28", 
        "High": 38.5, 
        "Low": 38.0, 
        "Open": 38.124962, 
        "Volume": 4545600, 
        "day": 5, 
        "week": 17
    }
}