{
    "day": {
        "Adj Close": 26.77, 
        "Close": 26.77, 
        "Company": "TSLA", 
        "Date": "2012-01-23", 
        "High": 27.209999, 
        "Low": 26.6, 
        "Open": 26.809999, 
        "Volume": 594600, 
        "day": 1, 
        "week": 4
    }
}