{
    "day": {
        "Adj Close": 71.059998, 
        "Close": 71.059998, 
        "Company": "FANG", 
        "Date": "2015-07-07", 
        "High": 71.169998, 
        "Low": 67.559998, 
        "Open": 70.059998, 
        "Volume": 1859400, 
        "day": 2, 
        "week": 28
    }
}