{
    "day": {
        "Adj Close": 11.383827,
        "Close": 16.049999,
        "Company": "SUNS",
        "Date": "2012-04-10",
        "High": 16.25,
        "Low": 15.95,
        "Open": 16.129999,
        "Volume": 32800,
        "day": 2,
        "week": 15
    }
}