{
    "day": {
        "Adj Close": 3.880706, 
        "Close": 45.75, 
        "Company": "TROW", 
        "Date": "1996-01-22", 
        "High": 46.124962, 
        "Low": 45.624962, 
        "Open": 46.0, 
        "Volume": 377600, 
        "day": 1, 
        "week": 4
    }
}