{
    "week": {
        "Company": "MDLZ", 
        "adj close": 14.878818, 
        "close": 27.34, 
        "days": [
            {
                "Adj Close": 14.878818, 
                "Close": 27.34, 
                "Company": "MDLZ", 
                "Date": "2009-01-02", 
                "High": 27.440001, 
                "Low": 26.559999, 
                "Open": 26.93, 
                "Volume": 7794200, 
                "day": 5, 
                "week": 1
            }
        ], 
        "first": 0, 
        "high": 27.440001, 
        "last": 5, 
        "low": 26.559999, 
        "open": 0, 
        "volume": 7794200, 
        "week": 1, 
        "year": 2009
    }
}