{
    "day": {
        "Adj Close": 32.049999, 
        "Close": 32.049999, 
        "Company": "TSLA", 
        "Date": "2010-12-09", 
        "High": 32.720001, 
        "Low": 31.65, 
        "Open": 32.509998, 
        "Volume": 406000, 
        "day": 4, 
        "week": 49
    }
}