{
    "day": {
        "Adj Close": 1.841479, 
        "Close": 41.24992, 
        "Company": "WBA", 
        "Date": "1990-01-29", 
        "High": 41.5, 
        "Low": 40.24992, 
        "Open": 41.0, 
        "Volume": 1204800, 
        "day": 1, 
        "week": 5
    }
}