{
    "day": {
        "Adj Close": 14.079932, 
        "Close": 38.189999, 
        "Company": "TROW", 
        "Date": "2002-05-17", 
        "High": 38.299999, 
        "Low": 37.360001, 
        "Open": 37.41, 
        "Volume": 818800, 
        "day": 5, 
        "week": 20
    }
}