{
    "day": {
        "Adj Close": 10.007803, 
        "Close": 27.02, 
        "Company": "TROW", 
        "Date": "2002-07-29", 
        "High": 27.139999, 
        "Low": 25.0, 
        "Open": 25.16, 
        "Volume": 1518600, 
        "day": 29, 
        "month": 7
    }
}