{
    "day": {
        "Adj Close": 12.11159, 
        "Close": 32.700001, 
        "Company": "TROW", 
        "Date": "2002-07-05", 
        "High": 32.889999, 
        "Low": 30.950001, 
        "Open": 31.02, 
        "Volume": 641400, 
        "day": 5, 
        "month": 7
    }
}