{
    "day": {
        "Adj Close": 14.219602,
        "Close": 17.209999,
        "Company": "SUNS",
        "Date": "2014-04-16",
        "High": 17.690001,
        "Low": 17.15,
        "Open": 17.34,
        "Volume": 34200,
        "day": 106,
        "year": 2014
    }
}