{
    "day": {
        "Adj Close": 14.136979,
        "Close": 17.110001,
        "Company": "SUNS",
        "Date": "2014-04-21",
        "High": 17.24,
        "Low": 17.1,
        "Open": 17.110001,
        "Volume": 31900,
        "day": 111,
        "year": 2014
    }
}