{
    "day": {
        "Adj Close": 14.444644,
        "Close": 17.24,
        "Company": "SUNS",
        "Date": "2014-05-27",
        "High": 17.48,
        "Low": 17.049999,
        "Open": 17.48,
        "Volume": 47300,
        "day": 147,
        "year": 2014
    }
}