{
    "day": {
        "Adj Close": 14.209907,
        "Close": 16.84,
        "Company": "SUNS",
        "Date": "2014-07-10",
        "High": 16.85,
        "Low": 16.719999,
        "Open": 16.719999,
        "Volume": 64500,
        "day": 191,
        "year": 2014
    }
}