{
    "day": {
        "Adj Close": 14.201469,
        "Close": 16.83,
        "Company": "SUNS",
        "Date": "2014-07-11",
        "High": 16.889999,
        "Low": 16.790001,
        "Open": 16.83,
        "Volume": 31300,
        "day": 192,
        "year": 2014
    }
}