{
    "day": {
        "Adj Close": 14.193031,
        "Close": 16.82,
        "Company": "SUNS",
        "Date": "2014-07-17",
        "High": 16.959999,
        "Low": 16.82,
        "Open": 16.950001,
        "Volume": 35200,
        "day": 198,
        "year": 2014
    }
}