{
    "day": {
        "Adj Close": 14.11587,
        "Close": 16.610001,
        "Company": "SUNS",
        "Date": "2014-07-23",
        "High": 16.68,
        "Low": 16.5,
        "Open": 16.6,
        "Volume": 15600,
        "day": 204,
        "year": 2014
    }
}