{
    "day": {
        "Adj Close": 14.158362,
        "Close": 16.66,
        "Company": "SUNS",
        "Date": "2014-07-24",
        "High": 16.719999,
        "Low": 16.549999,
        "Open": 16.6,
        "Volume": 11100,
        "day": 205,
        "year": 2014
    }
}