{
    "day": {
        "Adj Close": 13.510327,
        "Close": 15.78,
        "Company": "SUNS",
        "Date": "2014-09-08",
        "High": 16.120001,
        "Low": 15.7,
        "Open": 15.87,
        "Volume": 102500,
        "day": 251,
        "year": 2014
    }
}