{
    "day": {
        "Adj Close": 13.458957,
        "Close": 15.72,
        "Company": "SUNS",
        "Date": "2014-09-16",
        "High": 16.219999,
        "Low": 15.69,
        "Open": 15.75,
        "Volume": 42200,
        "day": 259,
        "year": 2014
    }
}