{
    "day": {
        "Adj Close": 13.518888,
        "Close": 15.79,
        "Company": "SUNS",
        "Date": "2014-09-22",
        "High": 16.030001,
        "Low": 15.7,
        "Open": 15.85,
        "Volume": 56100,
        "day": 265,
        "year": 2014
    }
}