{
    "day": {
        "Adj Close": 14.667577,
        "Close": 17.99,
        "Company": "SUNS",
        "Date": "2014-02-11",
        "High": 18.129999,
        "Low": 17.860001,
        "Open": 17.860001,
        "Volume": 40200,
        "day": 42,
        "year": 2014
    }
}