{
    "day": {
        "Adj Close": 14.755407,
        "Close": 17.98,
        "Company": "SUNS",
        "Date": "2014-03-10",
        "High": 18.27,
        "Low": 17.870001,
        "Open": 18.030001,
        "Volume": 45900,
        "day": 69,
        "year": 2014
    }
}