{
    "day": {
        "Adj Close": 14.136979,
        "Close": 17.110001,
        "Company": "SUNS",
        "Date": "2014-03-19",
        "High": 17.25,
        "Low": 17.030001,
        "Open": 17.25,
        "Volume": 58900,
        "day": 78,
        "year": 2014
    }
}