{
    "day": {
        "Adj Close": 14.27744,
        "Close": 17.280001,
        "Company": "SUNS",
        "Date": "2014-03-24",
        "High": 17.49,
        "Low": 17.16,
        "Open": 17.49,
        "Volume": 33100,
        "day": 83,
        "year": 2014
    }
}