{
    "day": {
        "Adj Close": 16.743685, 
        "Close": 31.93, 
        "Company": "MDLZ", 
        "Date": "2008-01-11", 
        "High": 32.509998, 
        "Low": 31.719999, 
        "Open": 32.459999, 
        "Volume": 9798800, 
        "day": 11, 
        "month": 1
    }
}