{
    "day": {
        "Adj Close": 15.831251, 
        "Close": 30.190001, 
        "Company": "MDLZ", 
        "Date": "2008-01-29", 
        "High": 30.67, 
        "Low": 29.85, 
        "Open": 30.57, 
        "Volume": 10241200, 
        "day": 29, 
        "month": 1
    }
}