{
    "day": {
        "Adj Close": 20.859347, 
        "Close": 24.139999, 
        "Company": "WBA", 
        "Date": "2009-02-23", 
        "High": 25.25, 
        "Low": 23.76, 
        "Open": 24.709999, 
        "Volume": 14846000, 
        "day": 1, 
        "week": 9
    }
}