{
    "day": {
        "Adj Close": 21.058091, 
        "Close": 24.370001, 
        "Company": "WBA", 
        "Date": "2009-02-24", 
        "High": 24.780001, 
        "Low": 24.1, 
        "Open": 24.26, 
        "Volume": 11577700, 
        "day": 2, 
        "week": 9
    }
}