{
    "day": {
        "Adj Close": 36.384182, 
        "Close": 37.119999, 
        "Company": "MDLZ", 
        "Date": "2015-01-07", 
        "High": 37.200001, 
        "Low": 35.970001, 
        "Open": 36.189999, 
        "Volume": 10418800, 
        "day": 3, 
        "week": 2
    }
}