{
    "day": {
        "Adj Close": 36.482202, 
        "Close": 37.220001, 
        "Company": "MDLZ", 
        "Date": "2015-01-09", 
        "High": 37.740002, 
        "Low": 37.060001, 
        "Open": 37.310001, 
        "Volume": 5642500, 
        "day": 5, 
        "week": 2
    }
}