{
    "day": {
        "Adj Close": 3.908747, 
        "Close": 41.25, 
        "Company": "WBA", 
        "Date": "1993-10-13", 
        "High": 41.375038, 
        "Low": 40.624962, 
        "Open": 40.75, 
        "Volume": 1492800, 
        "day": 13, 
        "month": 10
    }
}