{
    "day": {
        "Adj Close": 4.027194, 
        "Close": 42.5, 
        "Company": "WBA", 
        "Date": "1993-10-27", 
        "High": 42.75, 
        "Low": 42.124962, 
        "Open": 42.124962, 
        "Volume": 868800, 
        "day": 27, 
        "month": 10
    }
}