{
    "day": {
        "Adj Close": 4.110111, 
        "Close": 43.375038, 
        "Company": "WBA", 
        "Date": "1993-10-28", 
        "High": 43.624962, 
        "Low": 42.624962, 
        "Open": 42.75, 
        "Volume": 1145600, 
        "day": 28, 
        "month": 10
    }
}