{
    "day": {
        "Adj Close": 26.230829, 
        "Close": 27.790001, 
        "Company": "MDLZ", 
        "Date": "2013-01-23", 
        "High": 27.889999, 
        "Low": 27.35, 
        "Open": 27.5, 
        "Volume": 15212300, 
        "day": 3, 
        "week": 4
    }
}