{
    "day": {
        "Adj Close": 38.18212, 
        "Close": 45.169998, 
        "Company": "WBA", 
        "Date": "2007-07-19", 
        "High": 45.27, 
        "Low": 44.68, 
        "Open": 44.82, 
        "Volume": 5443700, 
        "day": 4, 
        "week": 29
    }
}