{
    "day": {
        "Adj Close": 47.556354, 
        "Close": 58.080002, 
        "Company": "TROW", 
        "Date": "2008-09-11", 
        "High": 58.200001, 
        "Low": 55.419998, 
        "Open": 56.240002, 
        "Volume": 4934200, 
        "day": 11, 
        "month": 9
    }
}