{
    "day": {
        "Adj Close": 44.19924, 
        "Close": 53.98, 
        "Company": "TROW", 
        "Date": "2008-09-15", 
        "High": 56.880001, 
        "Low": 53.779999, 
        "Open": 55.189999, 
        "Volume": 6254100, 
        "day": 15, 
        "month": 9
    }
}