{
    "day": {
        "Adj Close": 48.522544, 
        "Close": 59.259998, 
        "Company": "TROW", 
        "Date": "2008-09-18", 
        "High": 60.380001, 
        "Low": 49.77, 
        "Open": 54.349998, 
        "Volume": 8982600, 
        "day": 18, 
        "month": 9
    }
}