{
    "day": {
        "Adj Close": 237.190002, 
        "Close": 237.190002, 
        "Company": "TSLA", 
        "Date": "2015-12-01", 
        "High": 238.0, 
        "Low": 231.050003, 
        "Open": 231.059998, 
        "Volume": 3734000, 
        "day": 1, 
        "month": 12
    }
}