{
    "day": {
        "Adj Close": 227.070007, 
        "Close": 227.070007, 
        "Company": "TSLA", 
        "Date": "2015-12-10", 
        "High": 228.490005, 
        "Low": 223.639999, 
        "Open": 224.710007, 
        "Volume": 2067000, 
        "day": 10, 
        "month": 12
    }
}