{
    "day": {
        "Adj Close": 228.949997, 
        "Close": 228.949997, 
        "Company": "TSLA", 
        "Date": "2015-12-28", 
        "High": 231.979996, 
        "Low": 225.539993, 
        "Open": 231.490005, 
        "Volume": 1901300, 
        "day": 28, 
        "month": 12
    }
}