{
    "day": {
        "Adj Close": 27.394392, 
        "Close": 29.700001, 
        "Company": "WBA", 
        "Date": "2012-07-09", 
        "High": 29.76, 
        "Low": 29.35, 
        "Open": 29.66, 
        "Volume": 5782700, 
        "day": 1, 
        "week": 28
    }
}