{
    "day": {
        "Adj Close": 14.631899,
        "Close": 18.18,
        "Company": "SUNS",
        "Date": "2013-11-19",
        "High": 18.34,
        "Low": 18.049999,
        "Open": 18.129999,
        "Volume": 22000,
        "day": 2,
        "week": 47
    }
}