{
    "day": {
        "Adj Close": 36.373143, 
        "Close": 37.560001, 
        "Company": "MDLZ", 
        "Date": "2014-06-18", 
        "High": 37.630001, 
        "Low": 37.150002, 
        "Open": 37.23, 
        "Volume": 8232600, 
        "day": 3, 
        "week": 25
    }
}