{
    "day": {
        "Adj Close": 36.315038, 
        "Close": 37.5, 
        "Company": "MDLZ", 
        "Date": "2014-06-19", 
        "High": 37.810001, 
        "Low": 37.369999, 
        "Open": 37.799999, 
        "Volume": 7086000, 
        "day": 4, 
        "week": 25
    }
}