{
    "day": {
        "Adj Close": 1.576306, 
        "Close": 39.5, 
        "Company": "TROW", 
        "Date": "1992-09-21", 
        "High": 40.0, 
        "Low": 39.24992, 
        "Open": 39.24992, 
        "Volume": 27200, 
        "day": 1, 
        "week": 39
    }
}