{
    "day": {
        "Adj Close": 3.646018, 
        "Close": 38.624962, 
        "Company": "WBA", 
        "Date": "1993-08-02", 
        "High": 38.624962, 
        "Low": 37.5, 
        "Open": 37.624962, 
        "Volume": 1640000, 
        "day": 1, 
        "week": 31
    }
}