{
    "day": {
        "Adj Close": 75.619356, 
        "Close": 81.580002, 
        "Company": "TROW", 
        "Date": "2014-04-04", 
        "High": 83.910004, 
        "Low": 81.43, 
        "Open": 83.910004, 
        "Volume": 1199700, 
        "day": 5, 
        "week": 14
    }
}