{
    "day": {
        "Adj Close": 45.109283,
        "Close": 46.990002,
        "Company": "LPLA",
        "Date": "2014-08-15",
        "High": 47.369999,
        "Low": 46.439999,
        "Open": 47.259998,
        "Volume": 362100,
        "day": 15,
        "month": 8
    }
}