{
    "day": {
        "Adj Close": 44.687922,
        "Close": 46.790001,
        "Company": "LPLA",
        "Date": "2014-08-04",
        "High": 47.25,
        "Low": 46.360001,
        "Open": 47.099998,
        "Volume": 911500,
        "day": 4,
        "month": 8
    }
}