{
    "day": {
        "Adj Close": 16.789311, 
        "Close": 36.759998, 
        "Company": "MDLZ", 
        "Date": "2002-10-03", 
        "High": 37.299999, 
        "Low": 36.75, 
        "Open": 37.02, 
        "Volume": 1803000, 
        "day": 4, 
        "week": 40
    }
}