{
    "day": {
        "Adj Close": 17.207848, 
        "Close": 37.82, 
        "Company": "MDLZ", 
        "Date": "2002-07-10", 
        "High": 38.66, 
        "Low": 37.720001, 
        "Open": 38.439999, 
        "Volume": 1898100, 
        "day": 10, 
        "month": 7
    }
}