{
    "day": {
        "Adj Close": 15.838319, 
        "Close": 34.810001, 
        "Company": "MDLZ", 
        "Date": "2002-07-19", 
        "High": 35.25, 
        "Low": 33.869999, 
        "Open": 35.0, 
        "Volume": 2642100, 
        "day": 19, 
        "month": 7
    }
}