{
    "day": {
        "Adj Close": 16.848403, 
        "Close": 37.029999, 
        "Company": "MDLZ", 
        "Date": "2002-07-26", 
        "High": 37.439999, 
        "Low": 36.549999, 
        "Open": 36.709999, 
        "Volume": 1620800, 
        "day": 26, 
        "month": 7
    }
}