{
    "day": {
        "Adj Close": 16.816553, 
        "Close": 36.959999, 
        "Company": "MDLZ", 
        "Date": "2002-07-30", 
        "High": 37.32, 
        "Low": 36.700001, 
        "Open": 37.200001, 
        "Volume": 1398000, 
        "day": 30, 
        "month": 7
    }
}