{
    "day": {
        "Adj Close": 18.172433, 
        "Close": 39.939999, 
        "Company": "MDLZ", 
        "Date": "2002-07-08", 
        "High": 40.700001, 
        "Low": 39.470001, 
        "Open": 40.200001, 
        "Volume": 1653400, 
        "day": 8, 
        "month": 7
    }
}