{
    "day": {
        "Adj Close": 71.690002, 
        "Close": 71.690002, 
        "Company": "FANG", 
        "Date": "2015-03-03", 
        "High": 72.0, 
        "Low": 70.480003, 
        "Open": 71.230003, 
        "Volume": 1694900, 
        "day": 2, 
        "week": 10
    }
}