{
    "day": {
        "Adj Close": 69.860001, 
        "Close": 69.860001, 
        "Company": "FANG", 
        "Date": "2015-03-06", 
        "High": 71.349998, 
        "Low": 69.57, 
        "Open": 70.18, 
        "Volume": 740700, 
        "day": 5, 
        "week": 10
    }
}