{
    "day": {
        "Adj Close": 182.800003, 
        "Close": 182.800003, 
        "Company": "TSLA", 
        "Date": "2013-10-17", 
        "High": 184.800003, 
        "Low": 180.990005, 
        "Open": 183.539993, 
        "Volume": 6705000, 
        "day": 4, 
        "week": 42
    }
}