{
    "day": {
        "Adj Close": 18.669778, 
        "Close": 31.84, 
        "Company": "MDLZ", 
        "Date": "2010-12-21", 
        "High": 31.98, 
        "Low": 31.809999, 
        "Open": 31.870001, 
        "Volume": 7235900, 
        "day": 2, 
        "week": 51
    }
}