{
    "day": {
        "Adj Close": 18.693232, 
        "Close": 31.879999, 
        "Company": "MDLZ", 
        "Date": "2010-12-22", 
        "High": 31.969999, 
        "Low": 31.74, 
        "Open": 31.780001, 
        "Volume": 5854300, 
        "day": 3, 
        "week": 51
    }
}