{
    "day": {
        "Adj Close": 18.693232, 
        "Close": 31.879999, 
        "Company": "MDLZ", 
        "Date": "2010-12-23", 
        "High": 31.969999, 
        "Low": 31.82, 
        "Open": 31.9, 
        "Volume": 4491200, 
        "day": 4, 
        "week": 51
    }
}