{
    "day": {
        "Adj Close": 30.283355, 
        "Close": 33.98, 
        "Company": "WBA", 
        "Date": "2010-11-23", 
        "High": 34.560001, 
        "Low": 33.830002, 
        "Open": 34.549999, 
        "Volume": 7145800, 
        "day": 2, 
        "week": 47
    }
}