{
    "day": {
        "Adj Close": 30.015992, 
        "Close": 33.68, 
        "Company": "WBA", 
        "Date": "2010-11-26", 
        "High": 34.080002, 
        "Low": 33.630001, 
        "Open": 33.889999, 
        "Volume": 2139100, 
        "day": 5, 
        "week": 47
    }
}