{
    "day": {
        "Adj Close": 17.74474, 
        "Close": 39.0, 
        "Company": "MDLZ", 
        "Date": "2002-08-28", 
        "High": 39.099998, 
        "Low": 38.5, 
        "Open": 38.82, 
        "Volume": 1028300, 
        "day": 3, 
        "week": 35
    }
}