{
    "day": {
        "Adj Close": 68.998216, 
        "Close": 75.980003, 
        "Company": "TROW", 
        "Date": "2013-06-03", 
        "High": 76.57, 
        "Low": 75.029999, 
        "Open": 76.389999, 
        "Volume": 1879900, 
        "day": 3, 
        "month": 6
    }
}