{
    "day": {
        "Adj Close": 32.905305, 
        "Close": 35.400002, 
        "Company": "WBA", 
        "Date": "2012-08-28", 
        "High": 35.5, 
        "Low": 35.34, 
        "Open": 35.470001, 
        "Volume": 5678900, 
        "day": 2, 
        "week": 35
    }
}