{
    "day": {
        "Adj Close": 12.265041,
        "Close": 16.98,
        "Company": "SUNS",
        "Date": "2012-07-06",
        "High": 17.049999,
        "Low": 16.92,
        "Open": 16.99,
        "Volume": 10100,
        "day": 6,
        "month": 7
    }
}