{
    "day": {
        "Adj Close": 12.279488,
        "Close": 17.0,
        "Company": "SUNS",
        "Date": "2012-07-09",
        "High": 17.139999,
        "Low": 16.940001,
        "Open": 17.040001,
        "Volume": 144800,
        "day": 9,
        "month": 7
    }
}