{
    "day": {
        "Adj Close": 46.096163, 
        "Close": 56.77, 
        "Company": "TROW", 
        "Date": "2008-06-11", 
        "High": 59.290001, 
        "Low": 56.700001, 
        "Open": 58.82, 
        "Volume": 2559100, 
        "day": 11, 
        "month": 6
    }
}