{
    "day": {
        "Adj Close": 36.237158, 
        "Close": 36.970001, 
        "Company": "MDLZ", 
        "Date": "2015-02-20", 
        "High": 37.07, 
        "Low": 36.709999, 
        "Open": 37.040001, 
        "Volume": 9729400, 
        "day": 20, 
        "month": 2
    }
}