{
    "day": {
        "Adj Close": 36.276362, 
        "Close": 37.009998, 
        "Company": "MDLZ", 
        "Date": "2015-02-24", 
        "High": 37.110001, 
        "Low": 36.849998, 
        "Open": 36.990002, 
        "Volume": 13505100, 
        "day": 24, 
        "month": 2
    }
}