{
    "day": {
        "Adj Close": 21.985293, 
        "Close": 25.549999, 
        "Company": "WBA", 
        "Date": "2009-01-02", 
        "High": 25.67, 
        "Low": 24.610001, 
        "Open": 24.65, 
        "Volume": 5266700, 
        "day": 5, 
        "week": 1
    }
}