{
    "day": {
        "Adj Close": 22.077457, 
        "Close": 36.349998, 
        "Company": "MDLZ", 
        "Date": "2011-12-07", 
        "High": 36.549999, 
        "Low": 36.23, 
        "Open": 36.360001, 
        "Volume": 8526800, 
        "day": 3, 
        "week": 49
    }
}