{
    "day": {
        "Adj Close": 51.038783, 
        "Close": 53.459999, 
        "Company": "WBA", 
        "Date": "2013-09-13", 
        "High": 53.48, 
        "Low": 52.529999, 
        "Open": 53.139999, 
        "Volume": 6979000, 
        "day": 5, 
        "week": 37
    }
}