{
    "day": {
        "Adj Close": 30.651396, 
        "Close": 36.0, 
        "Company": "WBA", 
        "Date": "2008-02-20", 
        "High": 36.169998, 
        "Low": 35.290001, 
        "Open": 35.419998, 
        "Volume": 5389500, 
        "day": 3, 
        "week": 8
    }
}