{
    "day": {
        "Adj Close": 40.599051, 
        "Close": 50.0, 
        "Company": "TROW", 
        "Date": "2008-03-31", 
        "High": 50.77, 
        "Low": 48.009998, 
        "Open": 48.939999, 
        "Volume": 2719100, 
        "day": 1, 
        "week": 14
    }
}