{
    "day": {
        "Adj Close": 28.918787, 
        "Close": 34.830002, 
        "Company": "WBA", 
        "Date": "2004-06-15", 
        "High": 34.950001, 
        "Low": 34.669998, 
        "Open": 34.93, 
        "Volume": 3258000, 
        "day": 2, 
        "week": 25
    }
}