{
    "day": {
        "Adj Close": 28.960301, 
        "Close": 34.880001, 
        "Company": "WBA", 
        "Date": "2004-06-17", 
        "High": 34.939999, 
        "Low": 34.68, 
        "Open": 34.939999, 
        "Volume": 1201100, 
        "day": 4, 
        "week": 25
    }
}