{
    "day": {
        "Adj Close": 48.173375, 
        "Close": 56.580002, 
        "Company": "TROW", 
        "Date": "2010-05-05", 
        "High": 57.599998, 
        "Low": 56.310001, 
        "Open": 56.790001, 
        "Volume": 1698400, 
        "day": 3, 
        "week": 18
    }
}