{
    "day": {
        "Adj Close": 20.65,
        "Close": 20.65,
        "Company": "TCBI",
        "Date": "2006-11-17",
        "High": 20.700001,
        "Low": 20.209999,
        "Open": 20.49,
        "Volume": 166900,
        "day": 5,
        "week": 46
    }
}