{
    "day": {
        "Adj Close": 23.27,
        "Close": 23.27,
        "Company": "TCBI",
        "Date": "2005-03-03",
        "High": 23.700001,
        "Low": 22.540001,
        "Open": 23.629999,
        "Volume": 68500,
        "day": 4,
        "week": 9
    }
}