{
    "day": {
        "Adj Close": 57.845865, 
        "Close": 60.59, 
        "Company": "WBA", 
        "Date": "2013-11-13", 
        "High": 60.630001, 
        "Low": 59.279999, 
        "Open": 59.330002, 
        "Volume": 4566600, 
        "day": 13, 
        "month": 11
    }
}