{
    "day": {
        "Adj Close": 57.82187, 
        "Close": 60.25, 
        "Company": "WBA", 
        "Date": "2013-11-21", 
        "High": 60.5, 
        "Low": 59.689999, 
        "Open": 59.689999, 
        "Volume": 4837300, 
        "day": 21, 
        "month": 11
    }
}