{
    "day": {
        "Adj Close": 43.200001,
        "Close": 43.200001,
        "Company": "TCBI",
        "Date": "2013-06-14",
        "High": 44.509998,
        "Low": 42.919998,
        "Open": 44.509998,
        "Volume": 148200,
        "day": 14,
        "month": 6
    }
}