{
    "day": {
        "Adj Close": 44.709999,
        "Close": 44.709999,
        "Company": "TCBI",
        "Date": "2013-06-27",
        "High": 44.779999,
        "Low": 43.77,
        "Open": 44.0,
        "Volume": 413000,
        "day": 27,
        "month": 6
    }
}