{
    "day": {
        "Adj Close": 44.360001,
        "Close": 44.360001,
        "Company": "TCBI",
        "Date": "2013-06-28",
        "High": 44.860001,
        "Low": 43.639999,
        "Open": 44.41,
        "Volume": 1387900,
        "day": 28,
        "month": 6
    }
}