{
    "day": {
        "Adj Close": 44.450001,
        "Close": 44.450001,
        "Company": "TCBI",
        "Date": "2013-06-07",
        "High": 44.610001,
        "Low": 44.040001,
        "Open": 44.439999,
        "Volume": 250000,
        "day": 7,
        "month": 6
    }
}