{
    "day": {
        "Adj Close": 34.430656, 
        "Close": 35.419998, 
        "Company": "MDLZ", 
        "Date": "2014-09-17", 
        "High": 35.73, 
        "Low": 35.330002, 
        "Open": 35.73, 
        "Volume": 5927400, 
        "day": 3, 
        "week": 38
    }
}