{
    "day": {
        "Adj Close": 34.809765, 
        "Close": 35.810001, 
        "Company": "MDLZ", 
        "Date": "2014-09-18", 
        "High": 35.830002, 
        "Low": 35.32, 
        "Open": 35.459999, 
        "Volume": 8640800, 
        "day": 4, 
        "week": 38
    }
}