{
    "day": {
        "Adj Close": 29.456708, 
        "Close": 37.209999, 
        "Company": "TROW", 
        "Date": "2006-07-25", 
        "High": 37.439999, 
        "Low": 36.419998, 
        "Open": 36.799999, 
        "Volume": 1182100, 
        "day": 2, 
        "week": 30
    }
}