{
    "day": {
        "Adj Close": 1.903974, 
        "Close": 47.24992, 
        "Company": "TROW", 
        "Date": "1993-03-11", 
        "High": 47.5, 
        "Low": 46.75008, 
        "Open": 47.5, 
        "Volume": 108800, 
        "day": 4, 
        "week": 10
    }
}