{
    "day": {
        "Adj Close": 15.143158,
        "Close": 16.530001,
        "Company": "SUNS",
        "Date": "2015-05-26",
        "High": 16.549999,
        "Low": 16.469999,
        "Open": 16.540001,
        "Volume": 12700,
        "day": 26,
        "month": 5
    }
}