{
    "day": {
        "Adj Close": 29.43, 
        "Close": 29.43, 
        "Company": "TSLA", 
        "Date": "2012-05-15", 
        "High": 30.959999, 
        "Low": 29.219999, 
        "Open": 30.26, 
        "Volume": 1585700, 
        "day": 15, 
        "month": 5
    }
}