{
    "day": {
        "Adj Close": 47.751483, 
        "Close": 58.560001, 
        "Company": "TROW", 
        "Date": "2008-08-18", 
        "High": 60.799999, 
        "Low": 58.09, 
        "Open": 60.669998, 
        "Volume": 2612100, 
        "day": 1, 
        "week": 34
    }
}