{
    "day": {
        "Adj Close": 45.588843, 
        "Close": 52.18, 
        "Company": "TROW", 
        "Date": "2011-09-01", 
        "High": 53.709999, 
        "Low": 52.169998, 
        "Open": 53.34, 
        "Volume": 2036300, 
        "day": 4, 
        "week": 35
    }
}