{
    "day": {
        "Adj Close": 13.953903, 
        "Close": 29.950001, 
        "Company": "MDLZ", 
        "Date": "2003-10-01", 
        "High": 30.0, 
        "Low": 29.4, 
        "Open": 29.4, 
        "Volume": 1926200, 
        "day": 3, 
        "week": 40
    }
}