{
    "day": {
        "Adj Close": 1.008972, 
        "Close": 26.5, 
        "Company": "TROW", 
        "Date": "1990-07-20", 
        "High": 26.5, 
        "Low": 26.24992, 
        "Open": 26.24992, 
        "Volume": 424000, 
        "day": 20, 
        "month": 7
    }
}