{
    "day": {
        "Adj Close": 0.994692, 
        "Close": 26.12496, 
        "Company": "TROW", 
        "Date": "1990-07-30", 
        "High": 26.24992, 
        "Low": 26.0, 
        "Open": 26.0, 
        "Volume": 160000, 
        "day": 30, 
        "month": 7
    }
}