{
    "day": {
        "Adj Close": 0.989934, 
        "Close": 26.0, 
        "Company": "TROW", 
        "Date": "1990-07-31", 
        "High": 26.24992, 
        "Low": 26.0, 
        "Open": 26.24992, 
        "Volume": 1475200, 
        "day": 31, 
        "month": 7
    }
}