{
    "day": {
        "Adj Close": 78.199997, 
        "Close": 78.199997, 
        "Company": "FANG", 
        "Date": "2015-12-01", 
        "High": 79.349998, 
        "Low": 77.470001, 
        "Open": 78.330002, 
        "Volume": 816700, 
        "day": 1, 
        "month": 12
    }
}