{
    "day": {
        "Adj Close": 76.790001, 
        "Close": 76.790001, 
        "Company": "FANG", 
        "Date": "2015-12-02", 
        "High": 78.779999, 
        "Low": 74.870003, 
        "Open": 78.779999, 
        "Volume": 1072500, 
        "day": 2, 
        "month": 12
    }
}