{
    "day": {
        "Adj Close": 63.349998, 
        "Close": 63.349998, 
        "Company": "FANG", 
        "Date": "2015-12-22", 
        "High": 64.82, 
        "Low": 61.869999, 
        "Open": 62.25, 
        "Volume": 1368100, 
        "day": 22, 
        "month": 12
    }
}