{
    "day": {
        "Adj Close": 32.75,
        "Close": 32.75,
        "Company": "TCBI",
        "Date": "2012-02-13",
        "High": 32.880001,
        "Low": 32.43,
        "Open": 32.810001,
        "Volume": 220800,
        "day": 1,
        "week": 7
    }
}