{
    "day": {
        "Adj Close": 33.470001,
        "Close": 33.470001,
        "Company": "TCBI",
        "Date": "2012-02-16",
        "High": 33.5,
        "Low": 32.419998,
        "Open": 32.540001,
        "Volume": 284300,
        "day": 4,
        "week": 7
    }
}