{
    "day": {
        "Adj Close": 14.812496, 
        "Close": 32.900002, 
        "Company": "MDLZ", 
        "Date": "2001-09-18", 
        "High": 33.380001, 
        "Low": 32.900002, 
        "Open": 32.950001, 
        "Volume": 4516300, 
        "day": 2, 
        "week": 38
    }
}