{
    "day": {
        "Adj Close": 14.587382, 
        "Close": 32.400002, 
        "Company": "MDLZ", 
        "Date": "2001-09-19", 
        "High": 33.049999, 
        "Low": 31.93, 
        "Open": 32.950001, 
        "Volume": 3134900, 
        "day": 3, 
        "week": 38
    }
}