{
    "day": {
        "Adj Close": 36.262454, 
        "Close": 44.32, 
        "Company": "WBA", 
        "Date": "2001-02-28", 
        "High": 45.0, 
        "Low": 43.5, 
        "Open": 44.459999, 
        "Volume": 3599200, 
        "day": 28, 
        "month": 2
    }
}