{
    "day": {
        "Adj Close": 33.591663, 
        "Close": 41.09, 
        "Company": "WBA", 
        "Date": "2001-02-05", 
        "High": 42.34, 
        "Low": 40.919998, 
        "Open": 42.18, 
        "Volume": 1977400, 
        "day": 5, 
        "month": 2
    }
}