{
    "day": {
        "Adj Close": 33.583489, 
        "Close": 41.080002, 
        "Company": "WBA", 
        "Date": "2001-02-06", 
        "High": 41.779999, 
        "Low": 40.849998, 
        "Open": 41.75, 
        "Volume": 1970000, 
        "day": 6, 
        "month": 2
    }
}