{
    "day": {
        "Adj Close": 34.212972, 
        "Close": 41.849998, 
        "Company": "WBA", 
        "Date": "2001-02-08", 
        "High": 42.759998, 
        "Low": 41.720001, 
        "Open": 42.75, 
        "Volume": 2122200, 
        "day": 8, 
        "month": 2
    }
}