{
    "day": {
        "Adj Close": 27.780977,
        "Close": 32.0,
        "Company": "LPLA",
        "Date": "2012-02-15",
        "High": 32.580002,
        "Low": 31.889999,
        "Open": 32.450001,
        "Volume": 67900,
        "day": 3,
        "week": 7
    }
}