{
    "day": {
        "Adj Close": 15.213763, 
        "Close": 31.9, 
        "Company": "MDLZ", 
        "Date": "2004-09-29", 
        "High": 31.9, 
        "Low": 31.48, 
        "Open": 31.780001, 
        "Volume": 1244300, 
        "day": 3, 
        "week": 40
    }
}