{
    "day": {
        "Adj Close": 15.127917, 
        "Close": 31.719999, 
        "Company": "MDLZ", 
        "Date": "2004-09-30", 
        "High": 31.889999, 
        "Low": 31.57, 
        "Open": 31.799999, 
        "Volume": 1449300, 
        "day": 4, 
        "week": 40
    }
}