{
    "day": {
        "Adj Close": 34.57, 
        "Close": 34.57, 
        "Company": "TSLA", 
        "Date": "2010-11-23", 
        "High": 35.68, 
        "Low": 32.189999, 
        "Open": 33.290001, 
        "Volume": 1577800, 
        "day": 2, 
        "week": 47
    }
}