{
    "day": {
        "Adj Close": 47.5,
        "Close": 47.5,
        "Company": "TCBI",
        "Date": "2012-09-17",
        "High": 48.66,
        "Low": 47.360001,
        "Open": 48.650002,
        "Volume": 412500,
        "day": 17,
        "month": 9
    }
}