{
    "day": {
        "Adj Close": 1.312603, 
        "Close": 31.12496, 
        "Company": "WBA", 
        "Date": "1986-09-22", 
        "High": 31.12496, 
        "Low": 30.24992, 
        "Open": 30.87504, 
        "Volume": 1548800, 
        "day": 1, 
        "week": 39
    }
}