{
    "day": {
        "Adj Close": 43.724453, 
        "Close": 44.080002, 
        "Company": "MDLZ", 
        "Date": "2015-11-23", 
        "High": 44.27, 
        "Low": 43.75, 
        "Open": 43.880001, 
        "Volume": 10208200, 
        "day": 1, 
        "week": 48
    }
}