{
    "day": {
        "Adj Close": 43.575661, 
        "Close": 43.93, 
        "Company": "MDLZ", 
        "Date": "2015-11-25", 
        "High": 44.150002, 
        "Low": 43.849998, 
        "Open": 43.950001, 
        "Volume": 5048800, 
        "day": 3, 
        "week": 48
    }
}