{
    "day": {
        "Adj Close": 57.053454, 
        "Close": 59.759998, 
        "Company": "WBA", 
        "Date": "2013-10-29", 
        "High": 59.790001, 
        "Low": 59.25, 
        "Open": 59.349998, 
        "Volume": 5061600, 
        "day": 2, 
        "week": 44
    }
}