{
    "day": {
        "Adj Close": 1.084555, 
        "Close": 26.24992, 
        "Company": "WBA", 
        "Date": "1985-07-23", 
        "High": 26.62496, 
        "Low": 25.75008, 
        "Open": 25.75008, 
        "Volume": 3702400, 
        "day": 2, 
        "week": 30
    }
}