{
    "day": {
        "Adj Close": 28.910354, 
        "Close": 35.130001, 
        "Company": "WBA", 
        "Date": "2002-10-23", 
        "High": 35.130001, 
        "Low": 34.150002, 
        "Open": 34.43, 
        "Volume": 2152800, 
        "day": 3, 
        "week": 43
    }
}