{
    "day": {
        "Adj Close": 61.09,
        "Close": 61.09,
        "Company": "TCBI",
        "Date": "2014-04-11",
        "High": 61.740002,
        "Low": 59.720001,
        "Open": 60.509998,
        "Volume": 366000,
        "day": 11,
        "month": 4
    }
}