{
    "day": {
        "Adj Close": 63.849998,
        "Close": 63.849998,
        "Company": "TCBI",
        "Date": "2014-04-17",
        "High": 64.099998,
        "Low": 63.049999,
        "Open": 63.810001,
        "Volume": 250000,
        "day": 17,
        "month": 4
    }
}