{
    "day": {
        "Adj Close": 237.220001, 
        "Close": 237.220001, 
        "Company": "TSLA", 
        "Date": "2014-06-23", 
        "High": 238.990005, 
        "Low": 228.220001, 
        "Open": 229.509995, 
        "Volume": 7791100, 
        "day": 1, 
        "week": 26
    }
}