{
    "day": {
        "Adj Close": 232.5, 
        "Close": 232.5, 
        "Company": "TSLA", 
        "Date": "2014-06-24", 
        "High": 241.880005, 
        "Low": 231.630005, 
        "Open": 238.970001, 
        "Volume": 8075900, 
        "day": 2, 
        "week": 26
    }
}