{
    "day": {
        "Adj Close": 48.670541, 
        "Close": 60.23, 
        "Company": "TROW", 
        "Date": "2007-12-27", 
        "High": 62.360001, 
        "Low": 60.189999, 
        "Open": 61.959999, 
        "Volume": 1238600, 
        "day": 27, 
        "month": 12
    }
}