{
    "day": {
        "Adj Close": 48.630137, 
        "Close": 60.18, 
        "Company": "TROW", 
        "Date": "2007-12-28", 
        "High": 61.279999, 
        "Low": 59.689999, 
        "Open": 60.709999, 
        "Volume": 827800, 
        "day": 28, 
        "month": 12
    }
}