{
    "day": {
        "Adj Close": 50.240028, 
        "Close": 62.41, 
        "Company": "TROW", 
        "Date": "2007-12-05", 
        "High": 62.889999, 
        "Low": 61.080002, 
        "Open": 61.259998, 
        "Volume": 2070100, 
        "day": 5, 
        "month": 12
    }
}