{
    "day": {
        "Adj Close": 17.962937, 
        "Close": 35.349998, 
        "Company": "MDLZ", 
        "Date": "2007-01-18", 
        "High": 35.75, 
        "Low": 34.93, 
        "Open": 35.259998, 
        "Volume": 2186100, 
        "day": 4, 
        "week": 3
    }
}