{
    "day": {
        "Adj Close": 18.105219, 
        "Close": 35.630001, 
        "Company": "MDLZ", 
        "Date": "2007-01-19", 
        "High": 35.779999, 
        "Low": 35.240002, 
        "Open": 35.459999, 
        "Volume": 1991200, 
        "day": 5, 
        "week": 3
    }
}