{
    "day": {
        "Adj Close": 25.381393, 
        "Close": 30.76, 
        "Company": "TROW", 
        "Date": "2009-01-12", 
        "High": 32.439999, 
        "Low": 30.440001, 
        "Open": 31.809999, 
        "Volume": 2640000, 
        "day": 12, 
        "month": 1
    }
}