{
    "day": {
        "Adj Close": 30.035199, 
        "Close": 36.400002, 
        "Company": "TROW", 
        "Date": "2009-01-02", 
        "High": 36.740002, 
        "Low": 33.77, 
        "Open": 35.43, 
        "Volume": 2238900, 
        "day": 2, 
        "month": 1
    }
}