{
    "day": {
        "Adj Close": 1.528898, 
        "Close": 36.375038, 
        "Company": "WBA", 
        "Date": "1986-05-21", 
        "High": 36.875038, 
        "Low": 36.24992, 
        "Open": 36.24992, 
        "Volume": 1200000, 
        "day": 3, 
        "week": 21
    }
}