{
    "day": {
        "Adj Close": 43.34,
        "Close": 43.34,
        "Company": "TCBI",
        "Date": "2013-02-11",
        "High": 43.360001,
        "Low": 42.580002,
        "Open": 42.889999,
        "Volume": 290000,
        "day": 11,
        "month": 2
    }
}