{
    "day": {
        "Adj Close": 42.650002,
        "Close": 42.650002,
        "Company": "TCBI",
        "Date": "2013-02-22",
        "High": 43.830002,
        "Low": 41.900002,
        "Open": 43.830002,
        "Volume": 792800,
        "day": 22,
        "month": 2
    }
}