{
    "day": {
        "Adj Close": 24.742433,
        "Close": 28.5,
        "Company": "LPLA",
        "Date": "2011-08-09",
        "High": 29.32,
        "Low": 27.389999,
        "Open": 28.540001,
        "Volume": 590500,
        "day": 2,
        "week": 32
    }
}