{
    "day": {
        "Adj Close": 21.860001,
        "Close": 21.860001,
        "Company": "TCBI",
        "Date": "2004-12-30",
        "High": 22.15,
        "Low": 21.860001,
        "Open": 22.15,
        "Volume": 19900,
        "day": 4,
        "week": 53
    }
}