{
    "day": {
        "Adj Close": 20.299999,
        "Close": 20.299999,
        "Company": "TCBI",
        "Date": "2005-07-20",
        "High": 20.32,
        "Low": 19.9,
        "Open": 20.059999,
        "Volume": 41200,
        "day": 3,
        "week": 29
    }
}