{
    "day": {
        "Adj Close": 76.510002, 
        "Close": 76.510002, 
        "Company": "FANG", 
        "Date": "2015-12-15", 
        "High": 77.690002, 
        "Low": 75.440002, 
        "Open": 75.709999, 
        "Volume": 1438800, 
        "day": 2, 
        "week": 51
    }
}