{
    "day": {
        "Adj Close": 53.750159, 
        "Close": 56.299999, 
        "Company": "WBA", 
        "Date": "2013-10-15", 
        "High": 56.939999, 
        "Low": 56.139999, 
        "Open": 56.740002, 
        "Volume": 3767000, 
        "day": 15, 
        "month": 10
    }
}