{
    "day": {
        "Adj Close": 56.557008, 
        "Close": 59.240002, 
        "Company": "WBA", 
        "Date": "2013-10-31", 
        "High": 59.639999, 
        "Low": 58.77, 
        "Open": 59.119999, 
        "Volume": 4718000, 
        "day": 31, 
        "month": 10
    }
}