{
    "day": {
        "Adj Close": 48.880001,
        "Close": 48.880001,
        "Company": "TCBI",
        "Date": "2013-10-18",
        "High": 49.189999,
        "Low": 47.98,
        "Open": 48.849998,
        "Volume": 349300,
        "day": 5,
        "week": 42
    }
}