{
    "day": {
        "Adj Close": 92.735859, 
        "Close": 93.949997, 
        "Company": "WBA", 
        "Date": "2015-08-10", 
        "High": 94.440002, 
        "Low": 93.580002, 
        "Open": 94.209999, 
        "Volume": 2420900, 
        "day": 10, 
        "month": 8
    }
}