{
    "day": {
        "Adj Close": 91.107961, 
        "Close": 91.940002, 
        "Company": "WBA", 
        "Date": "2015-08-18", 
        "High": 92.699997, 
        "Low": 91.529999, 
        "Open": 92.550003, 
        "Volume": 3410300, 
        "day": 18, 
        "month": 8
    }
}