{
    "day": {
        "Adj Close": 92.074519, 
        "Close": 93.279999, 
        "Company": "WBA", 
        "Date": "2015-08-07", 
        "High": 94.709999, 
        "Low": 92.050003, 
        "Open": 94.709999, 
        "Volume": 4221700, 
        "day": 7, 
        "month": 8
    }
}