{
    "day": {
        "Adj Close": 4.498654, 
        "Close": 46.25, 
        "Company": "WBA", 
        "Date": "1995-04-19", 
        "High": 46.875038, 
        "Low": 46.0, 
        "Open": 46.75, 
        "Volume": 3070400, 
        "day": 109, 
        "year": 1995
    }
}