{
    "day": {
        "Adj Close": 4.498654, 
        "Close": 46.25, 
        "Company": "WBA", 
        "Date": "1995-05-02", 
        "High": 46.375038, 
        "Low": 45.25, 
        "Open": 45.75, 
        "Volume": 1762400, 
        "day": 122, 
        "year": 1995
    }
}