{
    "day": {
        "Adj Close": 4.492736, 
        "Close": 46.0, 
        "Company": "WBA", 
        "Date": "1995-05-22", 
        "High": 46.0, 
        "Low": 45.375038, 
        "Open": 46.0, 
        "Volume": 5704800, 
        "day": 142, 
        "year": 1995
    }
}