{
    "day": {
        "Adj Close": 4.736907, 
        "Close": 48.5, 
        "Company": "WBA", 
        "Date": "1995-06-09", 
        "High": 48.75, 
        "Low": 48.0, 
        "Open": 48.124962, 
        "Volume": 1476800, 
        "day": 160, 
        "year": 1995
    }
}