{
    "day": {
        "Adj Close": 4.71249, 
        "Close": 48.25, 
        "Company": "WBA", 
        "Date": "1995-06-12", 
        "High": 48.75, 
        "Low": 48.124962, 
        "Open": 48.624962, 
        "Volume": 1075200, 
        "day": 163, 
        "year": 1995
    }
}