{
    "day": {
        "Adj Close": 4.907826, 
        "Close": 50.25, 
        "Company": "WBA", 
        "Date": "1995-06-15", 
        "High": 50.875038, 
        "Low": 50.124962, 
        "Open": 50.124962, 
        "Volume": 1568000, 
        "day": 166, 
        "year": 1995
    }
}