{
    "day": {
        "Adj Close": 5.06654, 
        "Close": 51.875038, 
        "Company": "WBA", 
        "Date": "1995-06-20", 
        "High": 51.875038, 
        "Low": 50.875038, 
        "Open": 51.25, 
        "Volume": 1676800, 
        "day": 171, 
        "year": 1995
    }
}