{
    "day": {
        "Adj Close": 4.895614, 
        "Close": 50.124962, 
        "Company": "WBA", 
        "Date": "1995-06-30", 
        "High": 50.124962, 
        "Low": 49.875038, 
        "Open": 50.0, 
        "Volume": 1570400, 
        "day": 181, 
        "year": 1995
    }
}