{
    "day": {
        "Adj Close": 4.944448, 
        "Close": 50.624962, 
        "Company": "WBA", 
        "Date": "1995-07-05", 
        "High": 50.624962, 
        "Low": 50.25, 
        "Open": 50.5, 
        "Volume": 2106400, 
        "day": 186, 
        "year": 1995
    }
}