{
    "day": {
        "Adj Close": 4.981077, 
        "Close": 51.0, 
        "Company": "WBA", 
        "Date": "1995-07-06", 
        "High": 51.0, 
        "Low": 50.375038, 
        "Open": 50.75, 
        "Volume": 1271200, 
        "day": 187, 
        "year": 1995
    }
}