{
    "day": {
        "Adj Close": 4.431843, 
        "Close": 45.75, 
        "Company": "WBA", 
        "Date": "1995-01-19", 
        "High": 46.25, 
        "Low": 45.624962, 
        "Open": 46.124962, 
        "Volume": 1768800, 
        "day": 19, 
        "year": 1995
    }
}