{
    "day": {
        "Adj Close": 4.883409, 
        "Close": 50.0, 
        "Company": "WBA", 
        "Date": "1995-07-12", 
        "High": 50.875038, 
        "Low": 50.0, 
        "Open": 50.5, 
        "Volume": 2820000, 
        "day": 193, 
        "year": 1995
    }
}