{
    "day": {
        "Adj Close": 4.932243, 
        "Close": 50.5, 
        "Company": "WBA", 
        "Date": "1995-07-18", 
        "High": 50.875038, 
        "Low": 49.875038, 
        "Open": 50.624962, 
        "Volume": 1718400, 
        "day": 199, 
        "year": 1995
    }
}