{
    "day": {
        "Adj Close": 4.944448, 
        "Close": 50.624962, 
        "Company": "WBA", 
        "Date": "1995-07-20", 
        "High": 50.875038, 
        "Low": 50.0, 
        "Open": 50.375038, 
        "Volume": 1440800, 
        "day": 201, 
        "year": 1995
    }
}