{
    "day": {
        "Adj Close": 4.649803, 
        "Close": 48.0, 
        "Company": "WBA", 
        "Date": "1995-02-10", 
        "High": 48.0, 
        "Low": 47.624962, 
        "Open": 47.75, 
        "Volume": 1818400, 
        "day": 41, 
        "year": 1995
    }
}