{
    "day": {
        "Adj Close": 4.649803, 
        "Close": 48.0, 
        "Company": "WBA", 
        "Date": "1995-02-13", 
        "High": 48.0, 
        "Low": 47.5, 
        "Open": 47.875038, 
        "Volume": 988000, 
        "day": 44, 
        "year": 1995
    }
}