{
    "day": {
        "Adj Close": 4.334972, 
        "Close": 44.75, 
        "Company": "WBA", 
        "Date": "1995-01-05", 
        "High": 44.875038, 
        "Low": 44.5, 
        "Open": 44.5, 
        "Volume": 2261600, 
        "day": 5, 
        "year": 1995
    }
}