{
    "day": {
        "Adj Close": 4.58376, 
        "Close": 47.124962, 
        "Company": "WBA", 
        "Date": "1995-03-14", 
        "High": 47.375038, 
        "Low": 46.75, 
        "Open": 46.75, 
        "Volume": 2380000, 
        "day": 73, 
        "year": 1995
    }
}