{
    "day": {
        "Adj Close": 4.58376, 
        "Close": 47.124962, 
        "Company": "WBA", 
        "Date": "1995-03-15", 
        "High": 47.25, 
        "Low": 46.875038, 
        "Open": 47.0, 
        "Volume": 1307200, 
        "day": 74, 
        "year": 1995
    }
}