{
    "day": {
        "Adj Close": 4.729662, 
        "Close": 48.624962, 
        "Company": "WBA", 
        "Date": "1995-03-21", 
        "High": 49.375038, 
        "Low": 48.124962, 
        "Open": 48.124962, 
        "Volume": 2308000, 
        "day": 80, 
        "year": 1995
    }
}