{
    "day": {
        "Adj Close": 4.632394, 
        "Close": 47.624962, 
        "Company": "WBA", 
        "Date": "1995-04-06", 
        "High": 47.875038, 
        "Low": 47.375038, 
        "Open": 47.75, 
        "Volume": 1992800, 
        "day": 96, 
        "year": 1995
    }
}