{
    "day": {
        "Adj Close": 16.814349, 
        "Close": 32.599998, 
        "Company": "MDLZ", 
        "Date": "2007-09-05", 
        "High": 33.02, 
        "Low": 32.400002, 
        "Open": 33.02, 
        "Volume": 17133700, 
        "day": 3, 
        "week": 36
    }
}