{
    "day": {
        "Adj Close": 38.64864,
        "Close": 40.259998,
        "Company": "LPLA",
        "Date": "2014-10-22",
        "High": 40.990002,
        "Low": 38.34,
        "Open": 38.48,
        "Volume": 8069500,
        "day": 3,
        "week": 43
    }
}