{
    "day": {
        "Adj Close": 3.288036, 
        "Close": 35.5, 
        "Company": "WBA", 
        "Date": "1992-02-18", 
        "High": 36.875038, 
        "Low": 35.25, 
        "Open": 36.75, 
        "Volume": 1727200, 
        "day": 2, 
        "week": 8
    }
}