{
    "day": {
        "Adj Close": 3.403812, 
        "Close": 36.75, 
        "Company": "WBA", 
        "Date": "1992-02-19", 
        "High": 36.75, 
        "Low": 35.5, 
        "Open": 35.624962, 
        "Volume": 1572800, 
        "day": 3, 
        "week": 8
    }
}