{
    "day": {
        "Adj Close": 0.719228, 
        "Close": 18.75008, 
        "Company": "TROW", 
        "Date": "1990-11-21", 
        "High": 18.75008, 
        "Low": 18.0, 
        "Open": 18.75008, 
        "Volume": 224000, 
        "day": 3, 
        "week": 47
    }
}