{
    "day": {
        "Adj Close": 30.617338, 
        "Close": 35.959999, 
        "Company": "WBA", 
        "Date": "2008-03-14", 
        "High": 36.720001, 
        "Low": 35.48, 
        "Open": 36.720001, 
        "Volume": 6648000, 
        "day": 14, 
        "month": 3
    }
}