{
    "day": {
        "Adj Close": 31.375108, 
        "Close": 36.849998, 
        "Company": "WBA", 
        "Date": "2008-03-18", 
        "High": 36.869999, 
        "Low": 35.77, 
        "Open": 35.77, 
        "Volume": 6731000, 
        "day": 18, 
        "month": 3
    }
}