{
    "day": {
        "Adj Close": 26.458709, 
        "Close": 30.620001, 
        "Company": "WBA", 
        "Date": "2009-04-21", 
        "High": 30.74, 
        "Low": 29.5, 
        "Open": 29.889999, 
        "Volume": 7487700, 
        "day": 111, 
        "year": 2009
    }
}