{
    "day": {
        "Adj Close": 27.149988, 
        "Close": 31.42, 
        "Company": "WBA", 
        "Date": "2009-05-05", 
        "High": 32.040001, 
        "Low": 31.030001, 
        "Open": 31.379999, 
        "Volume": 7582900, 
        "day": 125, 
        "year": 2009
    }
}