{
    "day": {
        "Adj Close": 27.16727, 
        "Close": 31.440001, 
        "Company": "WBA", 
        "Date": "2009-05-12", 
        "High": 31.629999, 
        "Low": 30.889999, 
        "Open": 31.25, 
        "Volume": 5210600, 
        "day": 132, 
        "year": 2009
    }
}