{
    "day": {
        "Adj Close": 25.81926, 
        "Close": 29.77, 
        "Company": "WBA", 
        "Date": "2009-05-21", 
        "High": 30.32, 
        "Low": 29.389999, 
        "Open": 29.870001, 
        "Volume": 5438400, 
        "day": 141, 
        "year": 2009
    }
}