{
    "day": {
        "Adj Close": 26.131483, 
        "Close": 30.129999, 
        "Company": "WBA", 
        "Date": "2009-05-27", 
        "High": 30.9, 
        "Low": 30.030001, 
        "Open": 30.709999, 
        "Volume": 6096200, 
        "day": 147, 
        "year": 2009
    }
}