{
    "day": {
        "Adj Close": 26.426363, 
        "Close": 30.469999, 
        "Company": "WBA", 
        "Date": "2009-06-15", 
        "High": 31.02, 
        "Low": 30.17, 
        "Open": 31.02, 
        "Volume": 5601900, 
        "day": 166, 
        "year": 2009
    }
}