{
    "day": {
        "Adj Close": 26.018736, 
        "Close": 30.0, 
        "Company": "WBA", 
        "Date": "2009-06-24", 
        "High": 30.15, 
        "Low": 29.639999, 
        "Open": 29.879999, 
        "Volume": 6592700, 
        "day": 175, 
        "year": 2009
    }
}