{
    "day": {
        "Adj Close": 22.656468, 
        "Close": 26.33, 
        "Company": "WBA", 
        "Date": "2009-01-21", 
        "High": 26.4, 
        "Low": 25.68, 
        "Open": 26.280001, 
        "Volume": 7766700, 
        "day": 21, 
        "year": 2009
    }
}