{
    "day": {
        "Adj Close": 26.963396, 
        "Close": 30.950001, 
        "Company": "WBA", 
        "Date": "2009-08-19", 
        "High": 31.200001, 
        "Low": 30.49, 
        "Open": 30.530001, 
        "Volume": 5082500, 
        "day": 231, 
        "year": 2009
    }
}