{
    "day": {
        "Adj Close": 29.228494, 
        "Close": 33.549999, 
        "Company": "WBA", 
        "Date": "2009-09-03", 
        "High": 34.009998, 
        "Low": 33.18, 
        "Open": 33.990002, 
        "Volume": 6776500, 
        "day": 246, 
        "year": 2009
    }
}