{
    "day": {
        "Adj Close": 29.672804, 
        "Close": 34.060001, 
        "Company": "WBA", 
        "Date": "2009-09-15", 
        "High": 34.23, 
        "Low": 33.779999, 
        "Open": 34.189999, 
        "Volume": 6015100, 
        "day": 258, 
        "year": 2009
    }
}