{
    "day": {
        "Adj Close": 30.151959, 
        "Close": 34.610001, 
        "Company": "WBA", 
        "Date": "2009-09-16", 
        "High": 34.639999, 
        "Low": 33.73, 
        "Open": 34.18, 
        "Volume": 6273200, 
        "day": 259, 
        "year": 2009
    }
}