{
    "day": {
        "Adj Close": 30.056127, 
        "Close": 34.5, 
        "Company": "WBA", 
        "Date": "2009-09-18", 
        "High": 34.639999, 
        "Low": 34.34, 
        "Open": 34.41, 
        "Volume": 5369300, 
        "day": 261, 
        "year": 2009
    }
}