{
    "day": {
        "Adj Close": 33.270825, 
        "Close": 38.189999, 
        "Company": "WBA", 
        "Date": "2009-10-01", 
        "High": 38.619999, 
        "Low": 37.310001, 
        "Open": 37.5, 
        "Volume": 15749200, 
        "day": 274, 
        "year": 2009
    }
}