{
    "day": {
        "Adj Close": 33.950357, 
        "Close": 38.970001, 
        "Company": "WBA", 
        "Date": "2009-10-12", 
        "High": 39.380001, 
        "Low": 38.68, 
        "Open": 39.200001, 
        "Volume": 6621300, 
        "day": 285, 
        "year": 2009
    }
}