{
    "day": {
        "Adj Close": 32.843943, 
        "Close": 37.700001, 
        "Company": "WBA", 
        "Date": "2009-10-27", 
        "High": 38.950001, 
        "Low": 37.540001, 
        "Open": 38.869999, 
        "Volume": 13848600, 
        "day": 300, 
        "year": 2009
    }
}