{
    "day": {
        "Adj Close": 23.250201, 
        "Close": 27.02, 
        "Company": "WBA", 
        "Date": "2009-02-02", 
        "High": 27.280001, 
        "Low": 26.59, 
        "Open": 27.15, 
        "Volume": 7997600, 
        "day": 33, 
        "year": 2009
    }
}