{
    "day": {
        "Adj Close": 33.519026, 
        "Close": 38.34, 
        "Company": "WBA", 
        "Date": "2009-12-10", 
        "High": 38.75, 
        "Low": 38.220001, 
        "Open": 38.400002, 
        "Volume": 7117900, 
        "day": 344, 
        "year": 2009
    }
}