{
    "day": {
        "Adj Close": 33.929928, 
        "Close": 38.810001, 
        "Company": "WBA", 
        "Date": "2009-12-11", 
        "High": 38.880001, 
        "Low": 38.34, 
        "Open": 38.389999, 
        "Volume": 5091500, 
        "day": 345, 
        "year": 2009
    }
}