{
    "day": {
        "Adj Close": 32.032788, 
        "Close": 36.639999, 
        "Company": "WBA", 
        "Date": "2009-12-18", 
        "High": 37.279999, 
        "Low": 35.650002, 
        "Open": 37.279999, 
        "Volume": 17558200, 
        "day": 352, 
        "year": 2009
    }
}