{
    "day": {
        "Adj Close": 24.231149, 
        "Close": 28.16, 
        "Company": "WBA", 
        "Date": "2009-02-06", 
        "High": 28.389999, 
        "Low": 27.41, 
        "Open": 27.639999, 
        "Volume": 8531100, 
        "day": 37, 
        "year": 2009
    }
}