{
    "day": {
        "Adj Close": 23.224386, 
        "Close": 26.99, 
        "Company": "WBA", 
        "Date": "2009-02-12", 
        "High": 27.059999, 
        "Low": 26.17, 
        "Open": 26.4, 
        "Volume": 6929100, 
        "day": 43, 
        "year": 2009
    }
}