{
    "day": {
        "Adj Close": 18.578126, 
        "Close": 21.5, 
        "Company": "WBA", 
        "Date": "2009-03-09", 
        "High": 22.290001, 
        "Low": 21.389999, 
        "Open": 21.83, 
        "Volume": 8190500, 
        "day": 68, 
        "year": 2009
    }
}