{
    "day": {
        "Adj Close": 19.563199, 
        "Close": 22.639999, 
        "Company": "WBA", 
        "Date": "2009-03-11", 
        "High": 23.389999, 
        "Low": 22.51, 
        "Open": 22.67, 
        "Volume": 7624000, 
        "day": 70, 
        "year": 2009
    }
}