{
    "day": {
        "Adj Close": 23.952821, 
        "Close": 27.719999, 
        "Company": "WBA", 
        "Date": "2009-04-08", 
        "High": 28.0, 
        "Low": 27.25, 
        "Open": 27.549999, 
        "Volume": 6365700, 
        "day": 98, 
        "year": 2009
    }
}