{
    "day": {
        "Adj Close": 26.448503,
        "Close": 28.58,
        "Company": "LPLA",
        "Date": "2012-08-30",
        "High": 28.690001,
        "Low": 28.219999,
        "Open": 28.530001,
        "Volume": 363700,
        "day": 4,
        "week": 35
    }
}