{
    "day": {
        "Adj Close": 14.732802,
        "Close": 18.07,
        "Company": "SUNS",
        "Date": "2014-01-31",
        "High": 18.309999,
        "Low": 18.030001,
        "Open": 18.110001,
        "Volume": 40900,
        "day": 5,
        "week": 5
    }
}