{
    "day": {
        "Adj Close": 15.384602, 
        "Close": 40.599998, 
        "Company": "TROW", 
        "Date": "2003-07-15", 
        "High": 41.169998, 
        "Low": 40.369999, 
        "Open": 40.540001, 
        "Volume": 1748000, 
        "day": 15, 
        "month": 7
    }
}