{
    "day": {
        "Adj Close": 15.206506, 
        "Close": 40.130001, 
        "Company": "TROW", 
        "Date": "2003-07-28", 
        "High": 40.810001, 
        "Low": 40.07, 
        "Open": 40.48, 
        "Volume": 1146200, 
        "day": 28, 
        "month": 7
    }
}