{
    "day": {
        "Adj Close": 14.732842, 
        "Close": 38.880001, 
        "Company": "TROW", 
        "Date": "2003-07-03", 
        "High": 39.110001, 
        "Low": 38.419998, 
        "Open": 38.459999, 
        "Volume": 724200, 
        "day": 3, 
        "month": 7
    }
}