{
    "day": {
        "Adj Close": 66.599998, 
        "Close": 66.599998, 
        "Company": "FANG", 
        "Date": "2014-11-10", 
        "High": 71.389999, 
        "Low": 66.309998, 
        "Open": 70.139999, 
        "Volume": 1361900, 
        "day": 10, 
        "month": 11
    }
}