{
    "day": {
        "Adj Close": 63.720001, 
        "Close": 63.720001, 
        "Company": "FANG", 
        "Date": "2014-11-17", 
        "High": 67.559998, 
        "Low": 62.98, 
        "Open": 66.900002, 
        "Volume": 1575000, 
        "day": 17, 
        "month": 11
    }
}