{
    "day": {
        "Adj Close": 63.639999, 
        "Close": 63.639999, 
        "Company": "FANG", 
        "Date": "2014-11-04", 
        "High": 66.410004, 
        "Low": 62.68, 
        "Open": 65.519997, 
        "Volume": 1948200, 
        "day": 4, 
        "month": 11
    }
}