{
    "day": {
        "Adj Close": 13.576729, 
        "Close": 36.970001, 
        "Company": "TROW", 
        "Date": "2002-02-19", 
        "High": 38.130001, 
        "Low": 36.869999, 
        "Open": 38.040001, 
        "Volume": 1981200, 
        "day": 2, 
        "week": 8
    }
}