{
    "day": {
        "Adj Close": 13.778709, 
        "Close": 37.52, 
        "Company": "TROW", 
        "Date": "2002-02-21", 
        "High": 38.59, 
        "Low": 37.459999, 
        "Open": 38.0, 
        "Volume": 1419200, 
        "day": 4, 
        "week": 8
    }
}