{
    "day": {
        "Adj Close": 40.967053, 
        "Close": 46.889999, 
        "Company": "TROW", 
        "Date": "2011-08-22", 
        "High": 48.240002, 
        "Low": 46.599998, 
        "Open": 47.619999, 
        "Volume": 3805400, 
        "day": 1, 
        "week": 34
    }
}