{
    "day": {
        "Adj Close": 43.981264, 
        "Close": 50.34, 
        "Company": "TROW", 
        "Date": "2011-08-24", 
        "High": 50.93, 
        "Low": 48.740002, 
        "Open": 49.290001, 
        "Volume": 3004800, 
        "day": 3, 
        "week": 34
    }
}