{
    "day": {
        "Adj Close": 71.229119, 
        "Close": 77.629997, 
        "Company": "TROW", 
        "Date": "2013-11-01", 
        "High": 77.889999, 
        "Low": 76.629997, 
        "Open": 77.459999, 
        "Volume": 2055800, 
        "day": 1, 
        "month": 11
    }
}