{
    "day": {
        "Adj Close": 73.403707, 
        "Close": 80.0, 
        "Company": "TROW", 
        "Date": "2013-11-19", 
        "High": 80.440002, 
        "Low": 79.68, 
        "Open": 80.339996, 
        "Volume": 922400, 
        "day": 19, 
        "month": 11
    }
}