{
    "day": {
        "Adj Close": 73.825777, 
        "Close": 80.459999, 
        "Company": "TROW", 
        "Date": "2013-11-29", 
        "High": 81.300003, 
        "Low": 80.440002, 
        "Open": 80.900002, 
        "Volume": 549600, 
        "day": 29, 
        "month": 11
    }
}