{
    "day": {
        "Adj Close": 7.234229, 
        "Close": 42.062481, 
        "Company": "TROW", 
        "Date": "1997-03-18", 
        "High": 43.5, 
        "Low": 41.01564, 
        "Open": 41.75, 
        "Volume": 1004000, 
        "day": 18, 
        "month": 3
    }
}