{
    "day": {
        "Adj Close": 14.598643,
        "Close": 16.17,
        "Company": "SUNS",
        "Date": "2015-03-19",
        "High": 16.540001,
        "Low": 16.110001,
        "Open": 16.440001,
        "Volume": 30300,
        "day": 19,
        "month": 3
    }
}