{
    "day": {
        "Adj Close": 42.389319, 
        "Close": 52.82, 
        "Company": "TROW", 
        "Date": "2007-07-12", 
        "High": 52.82, 
        "Low": 51.009998, 
        "Open": 51.439999, 
        "Volume": 1538000, 
        "day": 12, 
        "month": 7
    }
}