{
    "day": {
        "Adj Close": 43.633231, 
        "Close": 54.369999, 
        "Company": "TROW", 
        "Date": "2007-07-19", 
        "High": 54.740002, 
        "Low": 53.560001, 
        "Open": 54.259998, 
        "Volume": 1001400, 
        "day": 19, 
        "month": 7
    }
}