{
    "day": {
        "Adj Close": 43.047388, 
        "Close": 53.639999, 
        "Company": "TROW", 
        "Date": "2007-07-06", 
        "High": 53.77, 
        "Low": 52.77, 
        "Open": 53.119999, 
        "Volume": 650200, 
        "day": 6, 
        "month": 7
    }
}