{
    "day": {
        "Adj Close": 38.512679, 
        "Close": 47.23, 
        "Company": "TROW", 
        "Date": "2008-07-15", 
        "High": 49.439999, 
        "Low": 46.939999, 
        "Open": 49.0, 
        "Volume": 6926900, 
        "day": 2, 
        "week": 29
    }
}