{
    "day": {
        "Adj Close": 17.854522, 
        "Close": 34.330002, 
        "Company": "MDLZ", 
        "Date": "2007-11-29", 
        "High": 34.43, 
        "Low": 33.529999, 
        "Open": 33.66, 
        "Volume": 7698600, 
        "day": 4, 
        "week": 48
    }
}