{
    "day": {
        "Adj Close": 17.96894, 
        "Close": 34.549999, 
        "Company": "MDLZ", 
        "Date": "2007-11-30", 
        "High": 34.709999, 
        "Low": 33.740002, 
        "Open": 34.0, 
        "Volume": 12200900, 
        "day": 5, 
        "week": 48
    }
}