{
    "day": {
        "Adj Close": 16.174093, 
        "Close": 33.720001, 
        "Company": "MDLZ", 
        "Date": "2005-02-08", 
        "High": 33.84, 
        "Low": 33.119999, 
        "Open": 33.549999, 
        "Volume": 1600500, 
        "day": 2, 
        "week": 6
    }
}