{
    "day": {
        "Adj Close": 12.389421,
        "Close": 18.35,
        "Company": "SUNS",
        "Date": "2011-07-05",
        "High": 18.49,
        "Low": 17.690001,
        "Open": 18.08,
        "Volume": 82200,
        "day": 5,
        "month": 7
    }
}