{
    "day": {
        "Adj Close": 1.246189, 
        "Close": 29.75008, 
        "Company": "WBA", 
        "Date": "1986-02-26", 
        "High": 30.0, 
        "Low": 29.62496, 
        "Open": 29.75008, 
        "Volume": 1201600, 
        "day": 3, 
        "week": 9
    }
}