{
    "day": {
        "Adj Close": 20.104833, 
        "Close": 23.48, 
        "Company": "WBA", 
        "Date": "2008-11-06", 
        "High": 24.82, 
        "Low": 23.299999, 
        "Open": 24.25, 
        "Volume": 6979900, 
        "day": 4, 
        "week": 45
    }
}