{
    "day": {
        "Adj Close": 31.201509,
        "Close": 35.939999,
        "Company": "LPLA",
        "Date": "2011-05-31",
        "High": 36.0,
        "Low": 35.029999,
        "Open": 35.619999,
        "Volume": 432500,
        "day": 2,
        "week": 22
    }
}