{
    "day": {
        "Adj Close": 31.49, 
        "Close": 31.49, 
        "Company": "TSLA", 
        "Date": "2010-12-03", 
        "High": 32.25, 
        "Low": 30.870001, 
        "Open": 32.009998, 
        "Volume": 1160100, 
        "day": 5, 
        "week": 48
    }
}