{
    "day": {
        "Adj Close": 60.400002, 
        "Close": 60.400002, 
        "Company": "FANG", 
        "Date": "2016-01-07", 
        "High": 63.630001, 
        "Low": 60.099998, 
        "Open": 60.740002, 
        "Volume": 1080800, 
        "day": 7, 
        "month": 1
    }
}