{
    "day": {
        "Adj Close": 66.029343, 
        "Close": 73.080002, 
        "Company": "TROW", 
        "Date": "2013-02-01", 
        "High": 73.220001, 
        "Low": 70.849998, 
        "Open": 71.650002, 
        "Volume": 2188700, 
        "day": 5, 
        "week": 5
    }
}