{
    "day": {
        "Adj Close": 46.608931, 
        "Close": 48.82, 
        "Company": "WBA", 
        "Date": "2013-08-26", 
        "High": 49.299999, 
        "Low": 48.549999, 
        "Open": 48.75, 
        "Volume": 2648700, 
        "day": 1, 
        "week": 35
    }
}