{
    "day": {
        "Adj Close": 45.110037, 
        "Close": 47.25, 
        "Company": "WBA", 
        "Date": "2013-08-27", 
        "High": 48.580002, 
        "Low": 47.25, 
        "Open": 48.490002, 
        "Volume": 4421600, 
        "day": 2, 
        "week": 35
    }
}