{
    "day": {
        "Adj Close": 27.598748, 
        "Close": 32.330002, 
        "Company": "WBA", 
        "Date": "2008-07-15", 
        "High": 32.84, 
        "Low": 31.690001, 
        "Open": 32.279999, 
        "Volume": 9889900, 
        "day": 15, 
        "month": 7
    }
}