{
    "day": {
        "Adj Close": 29.288989, 
        "Close": 34.310001, 
        "Company": "WBA", 
        "Date": "2008-07-17", 
        "High": 34.540001, 
        "Low": 32.779999, 
        "Open": 33.66, 
        "Volume": 7982400, 
        "day": 17, 
        "month": 7
    }
}