{
    "day": {
        "Adj Close": 40.356574,
        "Close": 41.799999,
        "Company": "LPLA",
        "Date": "2014-12-12",
        "High": 42.830002,
        "Low": 41.68,
        "Open": 42.77,
        "Volume": 1620700,
        "day": 12,
        "month": 12
    }
}