{
    "day": {
        "Adj Close": 40.018661,
        "Close": 41.450001,
        "Company": "LPLA",
        "Date": "2014-12-15",
        "High": 42.259998,
        "Low": 40.830002,
        "Open": 42.220001,
        "Volume": 1280500,
        "day": 15,
        "month": 12
    }
}