{
    "day": {
        "Adj Close": 42.972992,
        "Close": 44.509998,
        "Company": "LPLA",
        "Date": "2014-12-05",
        "High": 44.709999,
        "Low": 43.16,
        "Open": 43.16,
        "Volume": 701500,
        "day": 5,
        "month": 12
    }
}