{
    "day": {
        "Adj Close": 24.178132,
        "Close": 27.85,
        "Company": "LPLA",
        "Date": "2011-10-24",
        "High": 27.93,
        "Low": 27.200001,
        "Open": 27.23,
        "Volume": 118400,
        "day": 1,
        "week": 43
    }
}