{
    "day": {
        "Adj Close": 25.202556,
        "Close": 29.030001,
        "Company": "LPLA",
        "Date": "2011-10-28",
        "High": 29.16,
        "Low": 27.620001,
        "Open": 28.610001,
        "Volume": 478600,
        "day": 5,
        "week": 43
    }
}