{
    "day": {
        "Adj Close": 17.156657, 
        "Close": 47.75, 
        "Company": "TROW", 
        "Date": "2000-09-21", 
        "High": 48.3125, 
        "Low": 46.5625, 
        "Open": 47.468761, 
        "Volume": 1570200, 
        "day": 21, 
        "month": 9
    }
}