{
    "day": {
        "Adj Close": 174.419998, 
        "Close": 174.419998, 
        "Company": "TSLA", 
        "Date": "2014-02-05", 
        "High": 180.589996, 
        "Low": 169.360001, 
        "Open": 178.300003, 
        "Volume": 7268000, 
        "day": 3, 
        "week": 6
    }
}