{
    "day": {
        "Adj Close": 245.259995, 
        "Close": 245.259995, 
        "Company": "TSLA", 
        "Date": "2014-09-29", 
        "High": 248.639999, 
        "Low": 241.380005, 
        "Open": 244.0, 
        "Volume": 4852700, 
        "day": 1, 
        "week": 40
    }
}