{
    "day": {
        "Adj Close": 46.790001,
        "Close": 46.790001,
        "Company": "TCBI",
        "Date": "2013-01-02",
        "High": 46.849998,
        "Low": 45.490002,
        "Open": 45.560001,
        "Volume": 533100,
        "day": 2,
        "month": 1
    }
}