{
    "day": {
        "Adj Close": 47.009998,
        "Close": 47.009998,
        "Company": "TCBI",
        "Date": "2013-01-22",
        "High": 47.200001,
        "Low": 46.279999,
        "Open": 46.439999,
        "Volume": 355100,
        "day": 22,
        "month": 1
    }
}