{
    "day": {
        "Adj Close": 46.23,
        "Close": 46.23,
        "Company": "TCBI",
        "Date": "2013-01-09",
        "High": 46.799999,
        "Low": 46.099998,
        "Open": 46.66,
        "Volume": 260000,
        "day": 9,
        "month": 1
    }
}