{
    "day": {
        "Adj Close": 44.472676,
        "Close": 45.810001,
        "Company": "LPLA",
        "Date": "2015-03-25",
        "High": 46.360001,
        "Low": 45.560001,
        "Open": 46.360001,
        "Volume": 850900,
        "day": 25,
        "month": 3
    }
}