{
    "day": {
        "Adj Close": 43.482452,
        "Close": 44.790001,
        "Company": "LPLA",
        "Date": "2015-03-27",
        "High": 45.560001,
        "Low": 44.459999,
        "Open": 45.560001,
        "Volume": 957600,
        "day": 27,
        "month": 3
    }
}