{
    "day": {
        "Adj Close": 43.676615,
        "Close": 44.990002,
        "Company": "LPLA",
        "Date": "2015-03-30",
        "High": 45.310001,
        "Low": 44.779999,
        "Open": 44.889999,
        "Volume": 2268800,
        "day": 30,
        "month": 3
    }
}