{
    "day": {
        "Adj Close": 12.585664,
        "Close": 15.999996,
        "Company": "SONA",
        "Date": "2007-02-21",
        "High": 15.999996,
        "Low": 15.720001,
        "Open": 15.749998,
        "Volume": 1200,
        "day": 3,
        "week": 8
    }
}