{
    "day": {
        "Adj Close": 12.365419,
        "Close": 15.720001,
        "Company": "SONA",
        "Date": "2007-02-23",
        "High": 15.759997,
        "Low": 15.720001,
        "Open": 15.759997,
        "Volume": 800,
        "day": 5,
        "week": 8
    }
}