{
    "day": {
        "Adj Close": 69.190002, 
        "Close": 69.190002, 
        "Company": "FANG", 
        "Date": "2015-07-16", 
        "High": 71.75, 
        "Low": 68.459999, 
        "Open": 70.870003, 
        "Volume": 1006100, 
        "day": 4, 
        "week": 29
    }
}