{
    "day": {
        "Adj Close": 21.360001, 
        "Close": 21.360001, 
        "Company": "TSLA", 
        "Date": "2010-10-26", 
        "High": 21.870001, 
        "Low": 20.51, 
        "Open": 20.799999, 
        "Volume": 660900, 
        "day": 2, 
        "week": 43
    }
}