{
    "day": {
        "Adj Close": 38.761552,
        "Close": 39.450001,
        "Company": "LPLA",
        "Date": "2015-08-25",
        "High": 40.599998,
        "Low": 39.389999,
        "Open": 40.599998,
        "Volume": 1880000,
        "day": 2,
        "week": 35
    }
}