{
    "day": {
        "Adj Close": 1.419189, 
        "Close": 35.75008, 
        "Company": "TROW", 
        "Date": "1992-04-14", 
        "High": 36.5, 
        "Low": 35.75008, 
        "Open": 36.0, 
        "Volume": 622400, 
        "day": 105, 
        "year": 1992
    }
}