{
    "day": {
        "Adj Close": 1.310018, 
        "Close": 33.0, 
        "Company": "TROW", 
        "Date": "1992-04-28", 
        "High": 33.24992, 
        "Low": 32.75008, 
        "Open": 33.24992, 
        "Volume": 158400, 
        "day": 119, 
        "year": 1992
    }
}