{
    "day": {
        "Adj Close": 1.419189, 
        "Close": 35.75008, 
        "Company": "TROW", 
        "Date": "1992-05-18", 
        "High": 35.75008, 
        "Low": 35.0, 
        "Open": 35.5, 
        "Volume": 116800, 
        "day": 139, 
        "year": 1992
    }
}