{
    "day": {
        "Adj Close": 1.817603, 
        "Close": 46.0, 
        "Company": "TROW", 
        "Date": "1992-01-14", 
        "High": 46.0, 
        "Low": 43.24992, 
        "Open": 43.24992, 
        "Volume": 1971200, 
        "day": 14, 
        "year": 1992
    }
}