{
    "day": {
        "Adj Close": 1.419189, 
        "Close": 35.75008, 
        "Company": "TROW", 
        "Date": "1992-05-29", 
        "High": 36.0, 
        "Low": 35.0, 
        "Open": 35.75008, 
        "Volume": 1064000, 
        "day": 150, 
        "year": 1992
    }
}