{
    "day": {
        "Adj Close": 1.436633, 
        "Close": 36.0, 
        "Company": "TROW", 
        "Date": "1992-06-24", 
        "High": 36.0, 
        "Low": 35.24992, 
        "Open": 36.0, 
        "Volume": 68800, 
        "day": 176, 
        "year": 1992
    }
}