{
    "day": {
        "Adj Close": 1.491506, 
        "Close": 37.375038, 
        "Company": "TROW", 
        "Date": "1992-06-30", 
        "High": 37.75008, 
        "Low": 36.5, 
        "Open": 37.0, 
        "Volume": 436800, 
        "day": 182, 
        "year": 1992
    }
}