{
    "day": {
        "Adj Close": 1.646139, 
        "Close": 41.24992, 
        "Company": "TROW", 
        "Date": "1992-07-13", 
        "High": 41.75008, 
        "Low": 41.0, 
        "Open": 41.5, 
        "Volume": 168000, 
        "day": 195, 
        "year": 1992
    }
}