{
    "day": {
        "Adj Close": 1.596259, 
        "Close": 40.0, 
        "Company": "TROW", 
        "Date": "1992-07-20", 
        "High": 40.0, 
        "Low": 39.24992, 
        "Open": 39.5, 
        "Volume": 924800, 
        "day": 202, 
        "year": 1992
    }
}