{
    "day": {
        "Adj Close": 1.521433, 
        "Close": 38.124962, 
        "Company": "TROW", 
        "Date": "1992-08-26", 
        "High": 38.5, 
        "Low": 37.5, 
        "Open": 38.24992, 
        "Volume": 438400, 
        "day": 239, 
        "year": 1992
    }
}