{
    "day": {
        "Adj Close": 1.521433, 
        "Close": 38.124962, 
        "Company": "TROW", 
        "Date": "1992-08-28", 
        "High": 38.5, 
        "Low": 37.75008, 
        "Open": 37.75008, 
        "Volume": 56000, 
        "day": 241, 
        "year": 1992
    }
}