{
    "day": {
        "Adj Close": 1.601246, 
        "Close": 40.124962, 
        "Company": "TROW", 
        "Date": "1992-09-14", 
        "High": 40.5, 
        "Low": 40.0, 
        "Open": 40.5, 
        "Volume": 857600, 
        "day": 258, 
        "year": 1992
    }
}