{
    "day": {
        "Adj Close": 1.4987, 
        "Close": 37.375038, 
        "Company": "TROW", 
        "Date": "1992-10-09", 
        "High": 38.0, 
        "Low": 37.24992, 
        "Open": 37.24992, 
        "Volume": 326400, 
        "day": 283, 
        "year": 1992
    }
}