{
    "day": {
        "Adj Close": 1.513739, 
        "Close": 37.75008, 
        "Company": "TROW", 
        "Date": "1992-10-19", 
        "High": 37.75008, 
        "Low": 37.0, 
        "Open": 37.5, 
        "Volume": 339200, 
        "day": 293, 
        "year": 1992
    }
}