{
    "day": {
        "Adj Close": 1.827478, 
        "Close": 46.24992, 
        "Company": "TROW", 
        "Date": "1992-01-30", 
        "High": 46.24992, 
        "Low": 44.24992, 
        "Open": 44.24992, 
        "Volume": 1020800, 
        "day": 30, 
        "year": 1992
    }
}