{
    "day": {
        "Adj Close": 1.563859, 
        "Close": 39.0, 
        "Company": "TROW", 
        "Date": "1992-10-28", 
        "High": 39.24992, 
        "Low": 38.24992, 
        "Open": 39.0, 
        "Volume": 112000, 
        "day": 302, 
        "year": 1992
    }
}