{
    "day": {
        "Adj Close": 1.553838, 
        "Close": 38.75008, 
        "Company": "TROW", 
        "Date": "1992-11-06", 
        "High": 39.0, 
        "Low": 38.24992, 
        "Open": 38.75008, 
        "Volume": 102400, 
        "day": 311, 
        "year": 1992
    }
}