{
    "day": {
        "Adj Close": 1.639046, 
        "Close": 40.875038, 
        "Company": "TROW", 
        "Date": "1992-11-18", 
        "High": 41.0, 
        "Low": 40.5, 
        "Open": 41.0, 
        "Volume": 124800, 
        "day": 323, 
        "year": 1992
    }
}