{
    "day": {
        "Adj Close": 1.744304, 
        "Close": 43.5, 
        "Company": "TROW", 
        "Date": "1992-11-24", 
        "High": 43.5, 
        "Low": 42.5, 
        "Open": 43.24992, 
        "Volume": 430400, 
        "day": 329, 
        "year": 1992
    }
}