{
    "day": {
        "Adj Close": 1.734277, 
        "Close": 43.24992, 
        "Company": "TROW", 
        "Date": "1992-11-27", 
        "High": 43.5, 
        "Low": 42.75008, 
        "Open": 43.5, 
        "Volume": 43200, 
        "day": 332, 
        "year": 1992
    }
}