{
    "day": {
        "Adj Close": 1.734277, 
        "Close": 43.24992, 
        "Company": "TROW", 
        "Date": "1992-11-30", 
        "High": 43.5, 
        "Low": 42.5, 
        "Open": 43.5, 
        "Volume": 568000, 
        "day": 335, 
        "year": 1992
    }
}