{
    "day": {
        "Adj Close": 1.734277, 
        "Close": 43.24992, 
        "Company": "TROW", 
        "Date": "1992-12-15", 
        "High": 44.75008, 
        "Low": 43.0, 
        "Open": 44.75008, 
        "Volume": 3321600, 
        "day": 350, 
        "year": 1992
    }
}