{
    "day": {
        "Adj Close": 1.724255, 
        "Close": 43.0, 
        "Company": "TROW", 
        "Date": "1992-12-18", 
        "High": 43.24992, 
        "Low": 42.75008, 
        "Open": 43.24992, 
        "Volume": 196800, 
        "day": 353, 
        "year": 1992
    }
}