{
    "day": {
        "Adj Close": 1.758334, 
        "Close": 44.5, 
        "Company": "TROW", 
        "Date": "1992-02-05", 
        "High": 44.75008, 
        "Low": 43.875038, 
        "Open": 44.0, 
        "Volume": 449600, 
        "day": 36, 
        "year": 1992
    }
}