{
    "day": {
        "Adj Close": 1.77809, 
        "Close": 45.0, 
        "Company": "TROW", 
        "Date": "1992-02-27", 
        "High": 45.5, 
        "Low": 44.75008, 
        "Open": 44.75008, 
        "Volume": 820800, 
        "day": 58, 
        "year": 1992
    }
}