{
    "day": {
        "Adj Close": 1.77809, 
        "Close": 45.0, 
        "Company": "TROW", 
        "Date": "1992-03-02", 
        "High": 45.75008, 
        "Low": 44.75008, 
        "Open": 44.75008, 
        "Volume": 252800, 
        "day": 62, 
        "year": 1992
    }
}