{
    "day": {
        "Adj Close": 0.901429, 
        "Close": 23.5, 
        "Company": "TROW", 
        "Date": "1990-12-17", 
        "High": 23.5, 
        "Low": 22.75008, 
        "Open": 23.5, 
        "Volume": 105600, 
        "day": 1, 
        "week": 51
    }
}