{
    "day": {
        "Adj Close": 0.917567, 
        "Close": 23.75008, 
        "Company": "TROW", 
        "Date": "1990-12-20", 
        "High": 23.75008, 
        "Low": 23.0, 
        "Open": 23.0, 
        "Volume": 1232000, 
        "day": 4, 
        "week": 51
    }
}