{
    "day": {
        "Adj Close": 54.470001,
        "Close": 54.470001,
        "Company": "TCBI",
        "Date": "2015-10-09",
        "High": 56.349998,
        "Low": 54.27,
        "Open": 56.009998,
        "Volume": 302300,
        "day": 5,
        "week": 41
    }
}