{
    "day": {
        "Adj Close": 14.914631,
        "Close": 16.52,
        "Company": "SUNS",
        "Date": "2015-04-08",
        "High": 16.530001,
        "Low": 16.4,
        "Open": 16.49,
        "Volume": 29800,
        "day": 3,
        "week": 15
    }
}