{
    "day": {
        "Adj Close": 17.949281, 
        "Close": 35.57, 
        "Company": "MDLZ", 
        "Date": "2006-12-14", 
        "High": 35.799999, 
        "Low": 35.209999, 
        "Open": 35.209999, 
        "Volume": 2075900, 
        "day": 14, 
        "month": 12
    }
}