{
    "day": {
        "Adj Close": 18.019927, 
        "Close": 35.709999, 
        "Company": "MDLZ", 
        "Date": "2006-12-15", 
        "High": 35.939999, 
        "Low": 35.52, 
        "Open": 35.66, 
        "Volume": 2156400, 
        "day": 15, 
        "month": 12
    }
}