{
    "day": {
        "Adj Close": 18.156032, 
        "Close": 35.73, 
        "Company": "MDLZ", 
        "Date": "2006-12-22", 
        "High": 35.939999, 
        "Low": 35.59, 
        "Open": 35.849998, 
        "Volume": 855500, 
        "day": 22, 
        "month": 12
    }
}