{
    "day": {
        "Adj Close": 18.140789, 
        "Close": 35.700001, 
        "Company": "MDLZ", 
        "Date": "2006-12-29", 
        "High": 35.759998, 
        "Low": 35.459999, 
        "Open": 35.52, 
        "Volume": 7407100, 
        "day": 29, 
        "month": 12
    }
}