{
    "day": {
        "Adj Close": 17.661648, 
        "Close": 35.0, 
        "Company": "MDLZ", 
        "Date": "2006-12-08", 
        "High": 35.099998, 
        "Low": 34.48, 
        "Open": 34.599998, 
        "Volume": 1479100, 
        "day": 8, 
        "month": 12
    }
}