{
    "day": {
        "Adj Close": 56.396249, 
        "Close": 65.209999, 
        "Company": "TROW", 
        "Date": "2011-01-11", 
        "High": 66.010002, 
        "Low": 64.910004, 
        "Open": 64.989998, 
        "Volume": 1087400, 
        "day": 2, 
        "week": 2
    }
}