{
    "day": {
        "Adj Close": 76.922733, 
        "Close": 83.43, 
        "Company": "TROW", 
        "Date": "2014-01-10", 
        "High": 83.790001, 
        "Low": 82.940002, 
        "Open": 83.589996, 
        "Volume": 761100, 
        "day": 10, 
        "month": 1
    }
}