{
    "day": {
        "Adj Close": 76.701454, 
        "Close": 83.190002, 
        "Company": "TROW", 
        "Date": "2014-01-14", 
        "High": 83.330002, 
        "Low": 82.269997, 
        "Open": 82.760002, 
        "Volume": 1094500, 
        "day": 14, 
        "month": 1
    }
}