{
    "day": {
        "Adj Close": 30.662382, 
        "Close": 36.93, 
        "Company": "WBA", 
        "Date": "2004-07-20", 
        "High": 37.310001, 
        "Low": 36.599998, 
        "Open": 37.200001, 
        "Volume": 3210900, 
        "day": 20, 
        "month": 7
    }
}