{
    "day": {
        "Adj Close": 30.620868, 
        "Close": 36.880001, 
        "Company": "WBA", 
        "Date": "2004-07-28", 
        "High": 37.299999, 
        "Low": 36.41, 
        "Open": 37.02, 
        "Volume": 2279700, 
        "day": 28, 
        "month": 7
    }
}