{
    "day": {
        "Adj Close": 30.222332, 
        "Close": 36.400002, 
        "Company": "WBA", 
        "Date": "2004-07-30", 
        "High": 36.84, 
        "Low": 36.25, 
        "Open": 36.779999, 
        "Volume": 2344600, 
        "day": 30, 
        "month": 7
    }
}