{
    "day": {
        "Adj Close": 30.214028, 
        "Close": 36.389999, 
        "Company": "WBA", 
        "Date": "2004-07-07", 
        "High": 36.43, 
        "Low": 35.470001, 
        "Open": 35.470001, 
        "Volume": 2516400, 
        "day": 7, 
        "month": 7
    }
}