{
    "day": {
        "Adj Close": 16.64257, 
        "Close": 28.93, 
        "Company": "MDLZ", 
        "Date": "2010-05-24", 
        "High": 29.530001, 
        "Low": 28.9, 
        "Open": 29.530001, 
        "Volume": 14092300, 
        "day": 1, 
        "week": 21
    }
}