{
    "day": {
        "Adj Close": 26.663692, 
        "Close": 32.400002, 
        "Company": "WBA", 
        "Date": "2002-11-05", 
        "High": 32.400002, 
        "Low": 31.610001, 
        "Open": 31.629999, 
        "Volume": 4657300, 
        "day": 2, 
        "week": 45
    }
}