{
    "day": {
        "Adj Close": 32.279986, 
        "Close": 39.299999, 
        "Company": "WBA", 
        "Date": "2002-03-27", 
        "High": 39.450001, 
        "Low": 38.950001, 
        "Open": 39.450001, 
        "Volume": 1985300, 
        "day": 3, 
        "week": 13
    }
}