{
    "day": {
        "Adj Close": 13.517966,
        "Close": 18.110001,
        "Company": "SUNS",
        "Date": "2012-11-28",
        "High": 18.219999,
        "Low": 17.93,
        "Open": 17.93,
        "Volume": 44800,
        "day": 3,
        "week": 48
    }
}