{
    "day": {
        "Adj Close": 0.975513, 
        "Close": 25.24992, 
        "Company": "TROW", 
        "Date": "1991-02-13", 
        "High": 25.24992, 
        "Low": 24.0, 
        "Open": 24.24992, 
        "Volume": 428800, 
        "day": 13, 
        "month": 2
    }
}