{
    "day": {
        "Adj Close": 0.975513, 
        "Close": 25.24992, 
        "Company": "TROW", 
        "Date": "1991-02-14", 
        "High": 26.0, 
        "Low": 24.75008, 
        "Open": 25.24992, 
        "Volume": 2075200, 
        "day": 14, 
        "month": 2
    }
}