{
    "day": {
        "Adj Close": 0.936878, 
        "Close": 24.24992, 
        "Company": "TROW", 
        "Date": "1991-02-22", 
        "High": 24.75008, 
        "Low": 24.24992, 
        "Open": 24.75008, 
        "Volume": 2544000, 
        "day": 22, 
        "month": 2
    }
}