{
    "day": {
        "Adj Close": 1.05064, 
        "Close": 27.75008, 
        "Company": "TROW", 
        "Date": "1990-05-22", 
        "High": 28.5, 
        "Low": 27.75008, 
        "Open": 28.0, 
        "Volume": 1115200, 
        "day": 22, 
        "month": 5
    }
}