{
    "week": {
        "Company": "TROW", 
        "adj close": 10.808942, 
        "close": 62.187519, 
        "days": [
            {
                "Adj Close": 10.808942, 
                "Close": 62.187519, 
                "Company": "TROW", 
                "Date": "1998-01-02", 
                "High": 63.25, 
                "Low": 61.75, 
                "Open": 63.125, 
                "Volume": 1101200, 
                "day": 5, 
                "week": 1
            }
        ], 
        "first": 0, 
        "high": 63.25, 
        "last": 5, 
        "low": 61.75, 
        "open": 0, 
        "volume": 1101200, 
        "week": 1, 
        "year": 1998
    }
}