{
    "day": {
        "Adj Close": 78.667859, 
        "Close": 83.519997, 
        "Company": "TROW", 
        "Date": "2015-01-07", 
        "High": 83.610001, 
        "Low": 82.18, 
        "Open": 82.470001, 
        "Volume": 1267100, 
        "day": 3, 
        "week": 2
    }
}