{
    "day": {
        "Adj Close": 1.807728, 
        "Close": 45.75008, 
        "Company": "TROW", 
        "Date": "1992-02-03", 
        "High": 46.24992, 
        "Low": 45.24992, 
        "Open": 45.75008, 
        "Volume": 566400, 
        "day": 1, 
        "week": 6
    }
}