{
    "day": {
        "Adj Close": 38.542117, 
        "Close": 45.98, 
        "Company": "TROW", 
        "Date": "2009-08-24", 
        "High": 47.209999, 
        "Low": 45.91, 
        "Open": 46.900002, 
        "Volume": 1681400, 
        "day": 1, 
        "week": 35
    }
}