{
    "day": {
        "Adj Close": 15.999772, 
        "Close": 31.24, 
        "Company": "MDLZ", 
        "Date": "2007-04-10", 
        "High": 31.459999, 
        "Low": 30.74, 
        "Open": 31.299999, 
        "Volume": 36468900, 
        "day": 10, 
        "month": 4
    }
}