{
    "day": {
        "Adj Close": 17.187976, 
        "Close": 33.560001, 
        "Company": "MDLZ", 
        "Date": "2007-04-26", 
        "High": 33.669998, 
        "Low": 33.029999, 
        "Open": 33.029999, 
        "Volume": 18431700, 
        "day": 26, 
        "month": 4
    }
}