{
    "day": {
        "Adj Close": 32.049999,
        "Close": 32.049999,
        "Company": "TCBI",
        "Date": "2012-01-19",
        "High": 32.360001,
        "Low": 31.709999,
        "Open": 32.360001,
        "Volume": 183200,
        "day": 19,
        "month": 1
    }
}