{
    "day": {
        "Adj Close": 17.698703, 
        "Close": 34.830002, 
        "Company": "MDLZ", 
        "Date": "2007-01-30", 
        "High": 35.09, 
        "Low": 34.419998, 
        "Open": 35.049999, 
        "Volume": 5135600, 
        "day": 2, 
        "week": 5
    }
}