{
    "day": {
        "Adj Close": 14.138921, 
        "Close": 38.349998, 
        "Company": "TROW", 
        "Date": "2002-04-17", 
        "High": 38.75, 
        "Low": 37.599998, 
        "Open": 37.900002, 
        "Volume": 720000, 
        "day": 3, 
        "week": 16
    }
}