{
    "day": {
        "Adj Close": 11.896545,
        "Close": 17.620001,
        "Company": "SUNS",
        "Date": "2011-06-20",
        "High": 17.68,
        "Low": 16.950001,
        "Open": 17.549999,
        "Volume": 27900,
        "day": 1,
        "week": 25
    }
}