{
    "day": {
        "Adj Close": 282.26001, 
        "Close": 282.26001, 
        "Company": "TSLA", 
        "Date": "2015-07-20", 
        "High": 286.649994, 
        "Low": 272.540009, 
        "Open": 275.0, 
        "Volume": 4978500, 
        "day": 1, 
        "week": 30
    }
}