{
    "day": {
        "Adj Close": 27.639999, 
        "Close": 27.639999, 
        "Company": "TSLA", 
        "Date": "2011-07-27", 
        "High": 28.5, 
        "Low": 27.51, 
        "Open": 28.5, 
        "Volume": 958500, 
        "day": 3, 
        "week": 30
    }
}