{
    "day": {
        "Adj Close": 28.17, 
        "Close": 28.17, 
        "Company": "TSLA", 
        "Date": "2011-07-28", 
        "High": 28.549999, 
        "Low": 27.540001, 
        "Open": 27.6, 
        "Volume": 938700, 
        "day": 4, 
        "week": 30
    }
}