{
    "day": {
        "Adj Close": 24.182663,
        "Close": 26.02,
        "Company": "LPLA",
        "Date": "2012-11-14",
        "High": 26.91,
        "Low": 26.0,
        "Open": 26.530001,
        "Volume": 499700,
        "day": 3,
        "week": 46
    }
}