{
    "day": {
        "Adj Close": 28.889999, 
        "Close": 28.889999, 
        "Company": "TSLA", 
        "Date": "2012-10-05", 
        "High": 29.809999, 
        "Low": 28.68, 
        "Open": 29.700001, 
        "Volume": 938600, 
        "day": 5, 
        "month": 10
    }
}