{
    "day": {
        "Adj Close": 21.293967, 
        "Close": 35.060001, 
        "Company": "MDLZ", 
        "Date": "2011-10-20", 
        "High": 35.299999, 
        "Low": 34.93, 
        "Open": 34.970001, 
        "Volume": 8171600, 
        "day": 4, 
        "week": 42
    }
}