{
    "day": {
        "Adj Close": 16.889936, 
        "Close": 29.360001, 
        "Company": "MDLZ", 
        "Date": "2010-06-22", 
        "High": 29.969999, 
        "Low": 29.34, 
        "Open": 29.82, 
        "Volume": 15472400, 
        "day": 22, 
        "month": 6
    }
}