{
    "day": {
        "Adj Close": 76.980003, 
        "Close": 76.980003, 
        "Company": "FANG", 
        "Date": "2016-03-15", 
        "High": 77.209999, 
        "Low": 74.610001, 
        "Open": 74.830002, 
        "Volume": 916800, 
        "day": 2, 
        "week": 11
    }
}