{
    "day": {
        "Adj Close": 176.809998, 
        "Close": 176.809998, 
        "Company": "TSLA", 
        "Date": "2013-11-05", 
        "High": 181.429993, 
        "Low": 171.360001, 
        "Open": 180.0, 
        "Volume": 22467100, 
        "day": 2, 
        "week": 45
    }
}