{
    "day": {
        "Adj Close": 54.860001,
        "Close": 54.860001,
        "Company": "TCBI",
        "Date": "2014-09-02",
        "High": 55.060001,
        "Low": 54.189999,
        "Open": 54.25,
        "Volume": 244000,
        "day": 2,
        "month": 9
    }
}