{
    "day": {
        "Adj Close": 56.849998,
        "Close": 56.849998,
        "Company": "TCBI",
        "Date": "2014-09-25",
        "High": 58.07,
        "Low": 56.52,
        "Open": 57.799999,
        "Volume": 241700,
        "day": 25,
        "month": 9
    }
}