{
    "day": {
        "Adj Close": 54.799999,
        "Close": 54.799999,
        "Company": "TCBI",
        "Date": "2014-09-04",
        "High": 55.84,
        "Low": 54.619999,
        "Open": 55.52,
        "Volume": 222500,
        "day": 4,
        "month": 9
    }
}