{
    "day": {
        "Adj Close": 24.958712,
        "Close": 25.26,
        "Company": "LPLA",
        "Date": "2016-02-11",
        "High": 26.1,
        "Low": 24.870001,
        "Open": 25.93,
        "Volume": 1420700,
        "day": 11,
        "month": 2
    }
}