{
    "day": {
        "Adj Close": 22.845138, 
        "Close": 59.139999, 
        "Company": "TROW", 
        "Date": "2004-11-29", 
        "High": 59.700001, 
        "Low": 58.290001, 
        "Open": 58.66, 
        "Volume": 1423800, 
        "day": 29, 
        "month": 11
    }
}