{
    "day": {
        "Adj Close": 17.530001,
        "Close": 17.530001,
        "Company": "TCBI",
        "Date": "2010-10-11",
        "High": 17.74,
        "Low": 17.48,
        "Open": 17.610001,
        "Volume": 74500,
        "day": 1,
        "week": 41
    }
}