{
    "day": {
        "Adj Close": 45.259998,
        "Close": 45.259998,
        "Company": "TCBI",
        "Date": "2013-09-11",
        "High": 46.099998,
        "Low": 45.0,
        "Open": 45.73,
        "Volume": 230400,
        "day": 3,
        "week": 37
    }
}