{
    "day": {
        "Adj Close": 16.020602, 
        "Close": 33.400002, 
        "Company": "MDLZ", 
        "Date": "2005-01-24", 
        "High": 33.900002, 
        "Low": 33.400002, 
        "Open": 33.810001, 
        "Volume": 1586100, 
        "day": 1, 
        "week": 4
    }
}