{
    "day": {
        "Adj Close": 15.934263, 
        "Close": 33.220001, 
        "Company": "MDLZ", 
        "Date": "2005-01-26", 
        "High": 33.549999, 
        "Low": 32.200001, 
        "Open": 32.200001, 
        "Volume": 2008800, 
        "day": 3, 
        "week": 4
    }
}