{
    "day": {
        "Adj Close": 15.206434, 
        "Close": 26.969999, 
        "Company": "MDLZ", 
        "Date": "2009-12-14", 
        "High": 27.08, 
        "Low": 26.82, 
        "Open": 26.93, 
        "Volume": 7178200, 
        "day": 14, 
        "month": 12
    }
}