{
    "day": {
        "Adj Close": 15.003457, 
        "Close": 26.610001, 
        "Company": "MDLZ", 
        "Date": "2009-12-02", 
        "High": 26.9, 
        "Low": 26.57, 
        "Open": 26.66, 
        "Volume": 8758400, 
        "day": 2, 
        "month": 12
    }
}