{
    "day": {
        "Adj Close": 15.664453, 
        "Close": 27.49, 
        "Company": "MDLZ", 
        "Date": "2009-12-30", 
        "High": 27.559999, 
        "Low": 27.309999, 
        "Open": 27.309999, 
        "Volume": 5063600, 
        "day": 30, 
        "month": 12
    }
}