{
    "day": {
        "Adj Close": 38.798854, 
        "Close": 46.060001, 
        "Company": "WBA", 
        "Date": "2007-01-11", 
        "High": 46.099998, 
        "Low": 45.470001, 
        "Open": 45.580002, 
        "Volume": 4501600, 
        "day": 4, 
        "week": 2
    }
}