{
    "day": {
        "Adj Close": 0.809078, 
        "Close": 21.24992, 
        "Company": "TROW", 
        "Date": "1990-08-31", 
        "High": 22.0, 
        "Low": 21.24992, 
        "Open": 22.0, 
        "Volume": 396800, 
        "day": 5, 
        "week": 35
    }
}