{
    "day": {
        "Adj Close": 3.565071, 
        "Close": 38.624962, 
        "Company": "WBA", 
        "Date": "1992-01-24", 
        "High": 38.75, 
        "Low": 38.25, 
        "Open": 38.624962, 
        "Volume": 1368000, 
        "day": 5, 
        "week": 4
    }
}