{
    "day": {
        "Adj Close": 21.790001,
        "Close": 21.790001,
        "Company": "TCBI",
        "Date": "2007-02-21",
        "High": 21.83,
        "Low": 21.459999,
        "Open": 21.51,
        "Volume": 166300,
        "day": 3,
        "week": 8
    }
}