{
    "day": {
        "Adj Close": 26.948187, 
        "Close": 28.549999, 
        "Company": "MDLZ", 
        "Date": "2013-03-07", 
        "High": 28.68, 
        "Low": 28.440001, 
        "Open": 28.67, 
        "Volume": 14008800, 
        "day": 4, 
        "week": 10
    }
}