{
    "day": {
        "Adj Close": 26.976505, 
        "Close": 28.58, 
        "Company": "MDLZ", 
        "Date": "2013-03-08", 
        "High": 28.75, 
        "Low": 28.389999, 
        "Open": 28.620001, 
        "Volume": 8026400, 
        "day": 5, 
        "week": 10
    }
}