{
    "day": {
        "Adj Close": 24.5,
        "Close": 24.5,
        "Company": "TCBI",
        "Date": "2011-09-13",
        "High": 24.58,
        "Low": 23.360001,
        "Open": 23.549999,
        "Volume": 256600,
        "day": 13,
        "month": 9
    }
}