{
    "day": {
        "Adj Close": 25.360001,
        "Close": 25.360001,
        "Company": "TCBI",
        "Date": "2011-09-16",
        "High": 26.08,
        "Low": 24.950001,
        "Open": 25.66,
        "Volume": 266900,
        "day": 16,
        "month": 9
    }
}