{
    "day": {
        "Adj Close": 23.42,
        "Close": 23.42,
        "Company": "TCBI",
        "Date": "2011-09-06",
        "High": 23.469999,
        "Low": 22.76,
        "Open": 22.780001,
        "Volume": 291900,
        "day": 6,
        "month": 9
    }
}