{
    "day": {
        "Adj Close": 14.542334,
        "Close": 18.299999,
        "Company": "SUNS",
        "Date": "2013-09-26",
        "High": 18.379999,
        "Low": 17.940001,
        "Open": 18.32,
        "Volume": 30200,
        "day": 4,
        "week": 39
    }
}