{
    "day": {
        "Adj Close": 14.55028,
        "Close": 18.309999,
        "Company": "SUNS",
        "Date": "2013-09-27",
        "High": 18.379999,
        "Low": 18.209999,
        "Open": 18.209999,
        "Volume": 11200,
        "day": 5,
        "week": 39
    }
}