{
    "day": {
        "Adj Close": 74.224272, 
        "Close": 75.889999, 
        "Company": "TROW", 
        "Date": "2015-08-06", 
        "High": 76.870003, 
        "Low": 75.459999, 
        "Open": 76.849998, 
        "Volume": 1164100, 
        "day": 4, 
        "week": 32
    }
}