{
    "day": {
        "Adj Close": 17.713945, 
        "Close": 33.18, 
        "Company": "MDLZ", 
        "Date": "2008-09-08", 
        "High": 33.200001, 
        "Low": 32.560001, 
        "Open": 32.860001, 
        "Volume": 18314100, 
        "day": 1, 
        "week": 37
    }
}