{
    "day": {
        "Adj Close": 17.596492, 
        "Close": 32.959999, 
        "Company": "MDLZ", 
        "Date": "2008-09-09", 
        "High": 33.470001, 
        "Low": 32.889999, 
        "Open": 33.099998, 
        "Volume": 16884800, 
        "day": 2, 
        "week": 37
    }
}