{
    "day": {
        "Adj Close": 179.720001, 
        "Close": 179.720001, 
        "Company": "TSLA", 
        "Date": "2013-10-14", 
        "High": 182.5, 
        "Low": 174.149994, 
        "Open": 175.0, 
        "Volume": 7769600, 
        "day": 14, 
        "month": 10
    }
}