{
    "day": {
        "Adj Close": 183.940002, 
        "Close": 183.940002, 
        "Company": "TSLA", 
        "Date": "2013-10-15", 
        "High": 188.789993, 
        "Low": 183.179993, 
        "Open": 185.279999, 
        "Volume": 10978500, 
        "day": 15, 
        "month": 10
    }
}