{
    "day": {
        "Adj Close": 162.860001, 
        "Close": 162.860001, 
        "Company": "TSLA", 
        "Date": "2013-10-28", 
        "High": 170.5, 
        "Low": 162.199997, 
        "Open": 170.179993, 
        "Volume": 7841700, 
        "day": 28, 
        "month": 10
    }
}