{
    "day": {
        "Adj Close": 168.779999, 
        "Close": 168.779999, 
        "Company": "TSLA", 
        "Date": "2013-10-09", 
        "High": 174.990005, 
        "Low": 161.5, 
        "Open": 174.729996, 
        "Volume": 15316500, 
        "day": 9, 
        "month": 10
    }
}