{
    "day": {
        "Adj Close": 18.181405, 
        "Close": 36.029999, 
        "Company": "MDLZ", 
        "Date": "2006-10-10", 
        "High": 36.029999, 
        "Low": 35.459999, 
        "Open": 35.77, 
        "Volume": 2648800, 
        "day": 10, 
        "month": 10
    }
}