{
    "day": {
        "Adj Close": 76.949997, 
        "Close": 76.949997, 
        "Company": "FANG", 
        "Date": "2015-10-09", 
        "High": 77.919998, 
        "Low": 74.739998, 
        "Open": 76.550003, 
        "Volume": 1708100, 
        "day": 5, 
        "week": 41
    }
}