{
    "day": {
        "Adj Close": 16.924968, 
        "Close": 29.129999, 
        "Company": "MDLZ", 
        "Date": "2010-08-19", 
        "High": 29.290001, 
        "Low": 28.85, 
        "Open": 29.25, 
        "Volume": 9415800, 
        "day": 19, 
        "month": 8
    }
}