{
    "day": {
        "Adj Close": 17.430452, 
        "Close": 30.0, 
        "Company": "MDLZ", 
        "Date": "2010-08-27", 
        "High": 30.049999, 
        "Low": 29.34, 
        "Open": 29.540001, 
        "Volume": 11784400, 
        "day": 27, 
        "month": 8
    }
}