{
    "day": {
        "Adj Close": 17.285198, 
        "Close": 29.75, 
        "Company": "MDLZ", 
        "Date": "2010-08-04", 
        "High": 29.889999, 
        "Low": 29.25, 
        "Open": 29.280001, 
        "Volume": 10223300, 
        "day": 4, 
        "month": 8
    }
}