{
    "day": {
        "Adj Close": 19.68,
        "Close": 19.68,
        "Company": "TCBI",
        "Date": "2005-04-20",
        "High": 20.360001,
        "Low": 19.620001,
        "Open": 20.360001,
        "Volume": 89000,
        "day": 110,
        "year": 2005
    }
}