{
    "day": {
        "Adj Close": 18.530001,
        "Close": 18.530001,
        "Company": "TCBI",
        "Date": "2005-05-03",
        "High": 18.75,
        "Low": 18.35,
        "Open": 18.75,
        "Volume": 76300,
        "day": 123,
        "year": 2005
    }
}