{
    "day": {
        "Adj Close": 19.200001,
        "Close": 19.200001,
        "Company": "TCBI",
        "Date": "2005-05-06",
        "High": 19.610001,
        "Low": 19.139999,
        "Open": 19.58,
        "Volume": 94100,
        "day": 126,
        "year": 2005
    }
}