{
    "day": {
        "Adj Close": 21.799999,
        "Close": 21.799999,
        "Company": "TCBI",
        "Date": "2005-08-11",
        "High": 21.879999,
        "Low": 21.4,
        "Open": 21.719999,
        "Volume": 32000,
        "day": 223,
        "year": 2005
    }
}