{
    "day": {
        "Adj Close": 22.23,
        "Close": 22.23,
        "Company": "TCBI",
        "Date": "2005-09-08",
        "High": 22.559999,
        "Low": 22.15,
        "Open": 22.450001,
        "Volume": 176000,
        "day": 251,
        "year": 2005
    }
}