{
    "day": {
        "Adj Close": 21.940001,
        "Close": 21.940001,
        "Company": "TCBI",
        "Date": "2005-10-24",
        "High": 22.23,
        "Low": 21.67,
        "Open": 21.82,
        "Volume": 101000,
        "day": 297,
        "year": 2005
    }
}