{
    "day": {
        "Adj Close": 22.99,
        "Close": 22.99,
        "Company": "TCBI",
        "Date": "2005-11-18",
        "High": 23.129999,
        "Low": 22.74,
        "Open": 23.129999,
        "Volume": 34800,
        "day": 322,
        "year": 2005
    }
}