{
    "day": {
        "Adj Close": 24.129999,
        "Close": 24.129999,
        "Company": "TCBI",
        "Date": "2005-11-30",
        "High": 24.26,
        "Low": 23.870001,
        "Open": 24.049999,
        "Volume": 217300,
        "day": 334,
        "year": 2005
    }
}