{
    "day": {
        "Adj Close": 22.860001,
        "Close": 22.860001,
        "Company": "TCBI",
        "Date": "2005-03-10",
        "High": 23.030001,
        "Low": 22.559999,
        "Open": 22.91,
        "Volume": 91600,
        "day": 69,
        "year": 2005
    }
}