{
    "day": {
        "Adj Close": 1.156712, 
        "Close": 29.75008, 
        "Company": "TROW", 
        "Date": "1991-04-09", 
        "High": 30.5, 
        "Low": 29.75008, 
        "Open": 30.5, 
        "Volume": 2307200, 
        "day": 2, 
        "week": 15
    }
}