{
    "day": {
        "Adj Close": 17.453701, 
        "Close": 30.34, 
        "Company": "MDLZ", 
        "Date": "2010-04-01", 
        "High": 30.5, 
        "Low": 30.200001, 
        "Open": 30.4, 
        "Volume": 9584100, 
        "day": 4, 
        "week": 13
    }
}