{
    "day": {
        "Adj Close": 1.326712, 
        "Close": 33.75008, 
        "Company": "TROW", 
        "Date": "1991-12-03", 
        "High": 34.0, 
        "Low": 33.0, 
        "Open": 33.5, 
        "Volume": 908800, 
        "day": 2, 
        "week": 49
    }
}