{
    "day": {
        "Adj Close": 1.346361, 
        "Close": 34.24992, 
        "Company": "TROW", 
        "Date": "1991-12-05", 
        "High": 34.75008, 
        "Low": 34.24992, 
        "Open": 34.75008, 
        "Volume": 73600, 
        "day": 4, 
        "week": 49
    }
}