{
    "day": {
        "Adj Close": 12.593538,
        "Close": 16.010006,
        "Company": "SONA",
        "Date": "2007-02-14",
        "High": 16.050001,
        "Low": 15.749998,
        "Open": 15.769996,
        "Volume": 1800,
        "day": 3,
        "week": 7
    }
}