{
    "day": {
        "Adj Close": 1.506473, 
        "Close": 37.75008, 
        "Company": "TROW", 
        "Date": "1992-09-01", 
        "High": 38.5, 
        "Low": 37.75008, 
        "Open": 38.5, 
        "Volume": 124800, 
        "day": 1, 
        "month": 9
    }
}