{
    "day": {
        "Adj Close": 1.516446, 
        "Close": 38.0, 
        "Company": "TROW", 
        "Date": "1992-09-02", 
        "High": 38.5, 
        "Low": 37.75008, 
        "Open": 38.0, 
        "Volume": 235200, 
        "day": 2, 
        "month": 9
    }
}