{
    "day": {
        "Adj Close": 1.536399, 
        "Close": 38.5, 
        "Company": "TROW", 
        "Date": "1992-09-04", 
        "High": 38.5, 
        "Low": 38.124962, 
        "Open": 38.124962, 
        "Volume": 243200, 
        "day": 4, 
        "month": 9
    }
}