{
    "day": {
        "Adj Close": 1.541386, 
        "Close": 38.624962, 
        "Company": "TROW", 
        "Date": "1992-09-09", 
        "High": 38.624962, 
        "Low": 38.0, 
        "Open": 38.5, 
        "Volume": 131200, 
        "day": 9, 
        "month": 9
    }
}