{
    "day": {
        "Adj Close": 1.415157, 
        "Close": 36.0, 
        "Company": "TROW", 
        "Date": "1991-10-14", 
        "High": 36.0, 
        "Low": 35.75008, 
        "Open": 36.0, 
        "Volume": 510400, 
        "day": 1, 
        "week": 42
    }
}