{
    "day": {
        "Adj Close": 1.464291, 
        "Close": 37.24992, 
        "Company": "TROW", 
        "Date": "1991-10-17", 
        "High": 37.75008, 
        "Low": 37.24992, 
        "Open": 37.24992, 
        "Volume": 1094400, 
        "day": 4, 
        "week": 42
    }
}