{
    "day": {
        "Adj Close": 18.6,
        "Close": 18.6,
        "Company": "TCBI",
        "Date": "2008-04-29",
        "High": 18.870001,
        "Low": 17.969999,
        "Open": 18.74,
        "Volume": 295400,
        "day": 2,
        "week": 18
    }
}