{
    "day": {
        "Adj Close": 86.522787, 
        "Close": 88.0, 
        "Company": "WBA", 
        "Date": "2015-03-24", 
        "High": 88.580002, 
        "Low": 87.379997, 
        "Open": 88.0, 
        "Volume": 3648200, 
        "day": 2, 
        "week": 13
    }
}