{
    "day": {
        "Adj Close": 46.730229, 
        "Close": 58.049999, 
        "Company": "TROW", 
        "Date": "2007-10-11", 
        "High": 59.599998, 
        "Low": 57.619999, 
        "Open": 58.610001, 
        "Volume": 1284300, 
        "day": 4, 
        "week": 41
    }
}