{
    "day": {
        "Adj Close": 47.148829, 
        "Close": 58.57, 
        "Company": "TROW", 
        "Date": "2007-10-12", 
        "High": 58.75, 
        "Low": 57.959999, 
        "Open": 58.25, 
        "Volume": 874500, 
        "day": 5, 
        "week": 41
    }
}