{
    "day": {
        "Adj Close": 17.338693, 
        "Close": 34.360001, 
        "Company": "MDLZ", 
        "Date": "2006-11-01", 
        "High": 34.73, 
        "Low": 34.299999, 
        "Open": 34.450001, 
        "Volume": 2523700, 
        "day": 3, 
        "week": 44
    }
}