{
    "day": {
        "Adj Close": 17.363923, 
        "Close": 34.41, 
        "Company": "MDLZ", 
        "Date": "2006-11-02", 
        "High": 34.41, 
        "Low": 34.119999, 
        "Open": 34.360001, 
        "Volume": 2208700, 
        "day": 4, 
        "week": 44
    }
}