{
    "day": {
        "Adj Close": 30.740797, 
        "Close": 36.200001, 
        "Company": "WBA", 
        "Date": "2008-02-13", 
        "High": 36.5, 
        "Low": 36.099998, 
        "Open": 36.439999, 
        "Volume": 5655700, 
        "day": 3, 
        "week": 7
    }
}