{
    "day": {
        "Adj Close": 30.611065, 
        "Close": 35.75, 
        "Company": "WBA", 
        "Date": "2008-09-10", 
        "High": 36.049999, 
        "Low": 35.299999, 
        "Open": 35.330002, 
        "Volume": 7120700, 
        "day": 3, 
        "week": 37
    }
}