{
    "day": {
        "Adj Close": 47.540001, 
        "Close": 47.540001, 
        "Company": "FANG", 
        "Date": "2014-01-27", 
        "High": 49.799999, 
        "Low": 47.259998, 
        "Open": 48.75, 
        "Volume": 596900, 
        "day": 1, 
        "week": 5
    }
}