{
    "day": {
        "Adj Close": 48.59, 
        "Close": 48.59, 
        "Company": "FANG", 
        "Date": "2014-01-29", 
        "High": 50.360001, 
        "Low": 48.299999, 
        "Open": 49.09, 
        "Volume": 764900, 
        "day": 3, 
        "week": 5
    }
}