{
    "day": {
        "Adj Close": 51.98, 
        "Close": 51.98, 
        "Company": "FANG", 
        "Date": "2014-01-31", 
        "High": 53.32, 
        "Low": 50.099998, 
        "Open": 50.669998, 
        "Volume": 827100, 
        "day": 5, 
        "week": 5
    }
}