{
    "day": {
        "Adj Close": 38.490777, 
        "Close": 48.290001, 
        "Company": "TROW", 
        "Date": "2007-01-11", 
        "High": 48.369999, 
        "Low": 47.369999, 
        "Open": 47.369999, 
        "Volume": 1060400, 
        "day": 11, 
        "year": 2007
    }
}