{
    "day": {
        "Adj Close": 42.268939, 
        "Close": 52.669998, 
        "Company": "TROW", 
        "Date": "2007-06-20", 
        "High": 55.209999, 
        "Low": 52.66, 
        "Open": 54.240002, 
        "Volume": 2490500, 
        "day": 171, 
        "year": 2007
    }
}