{
    "day": {
        "Adj Close": 41.474442, 
        "Close": 51.68, 
        "Company": "TROW", 
        "Date": "2007-06-26", 
        "High": 51.959999, 
        "Low": 51.25, 
        "Open": 51.549999, 
        "Volume": 1689600, 
        "day": 177, 
        "year": 2007
    }
}