{
    "day": {
        "Adj Close": 42.726381, 
        "Close": 53.240002, 
        "Company": "TROW", 
        "Date": "2007-07-02", 
        "High": 53.240002, 
        "Low": 52.290001, 
        "Open": 52.349998, 
        "Volume": 1295300, 
        "day": 183, 
        "year": 2007
    }
}