{
    "day": {
        "Adj Close": 42.806632, 
        "Close": 53.34, 
        "Company": "TROW", 
        "Date": "2007-07-23", 
        "High": 54.110001, 
        "Low": 53.119999, 
        "Open": 53.740002, 
        "Volume": 833400, 
        "day": 204, 
        "year": 2007
    }
}