{
    "day": {
        "Adj Close": 41.265784, 
        "Close": 51.419998, 
        "Company": "TROW", 
        "Date": "2007-07-24", 
        "High": 52.939999, 
        "Low": 51.259998, 
        "Open": 52.830002, 
        "Volume": 1478200, 
        "day": 205, 
        "year": 2007
    }
}