{
    "day": {
        "Adj Close": 41.835579, 
        "Close": 52.130001, 
        "Company": "TROW", 
        "Date": "2007-07-31", 
        "High": 52.619999, 
        "Low": 50.720001, 
        "Open": 50.830002, 
        "Volume": 3916900, 
        "day": 212, 
        "year": 2007
    }
}