{
    "day": {
        "Adj Close": 40.535487, 
        "Close": 50.509998, 
        "Company": "TROW", 
        "Date": "2007-08-10", 
        "High": 52.369999, 
        "Low": 49.23, 
        "Open": 52.299999, 
        "Volume": 3753500, 
        "day": 222, 
        "year": 2007
    }
}