{
    "day": {
        "Adj Close": 39.339728, 
        "Close": 49.02, 
        "Company": "TROW", 
        "Date": "2007-08-14", 
        "High": 50.59, 
        "Low": 48.650002, 
        "Open": 50.5, 
        "Volume": 1554500, 
        "day": 226, 
        "year": 2007
    }
}