{
    "day": {
        "Adj Close": 42.156586, 
        "Close": 52.529999, 
        "Company": "TROW", 
        "Date": "2007-08-21", 
        "High": 53.27, 
        "Low": 51.59, 
        "Open": 51.799999, 
        "Volume": 1508700, 
        "day": 233, 
        "year": 2007
    }
}