{
    "day": {
        "Adj Close": 42.646126, 
        "Close": 53.139999, 
        "Company": "TROW", 
        "Date": "2007-09-13", 
        "High": 53.549999, 
        "Low": 51.5, 
        "Open": 51.599998, 
        "Volume": 1530900, 
        "day": 256, 
        "year": 2007
    }
}