{
    "day": {
        "Adj Close": 44.677481, 
        "Close": 55.5, 
        "Company": "TROW", 
        "Date": "2007-09-27", 
        "High": 55.57, 
        "Low": 54.119999, 
        "Open": 54.950001, 
        "Volume": 911400, 
        "day": 270, 
        "year": 2007
    }
}