{
    "day": {
        "Adj Close": 46.85098, 
        "Close": 58.200001, 
        "Company": "TROW", 
        "Date": "2007-10-10", 
        "High": 58.599998, 
        "Low": 57.73, 
        "Open": 58.470001, 
        "Volume": 1142000, 
        "day": 283, 
        "year": 2007
    }
}