{
    "day": {
        "Adj Close": 45.732031, 
        "Close": 56.810001, 
        "Company": "TROW", 
        "Date": "2007-10-15", 
        "High": 58.880001, 
        "Low": 56.27, 
        "Open": 58.630001, 
        "Volume": 1383700, 
        "day": 288, 
        "year": 2007
    }
}