{
    "day": {
        "Adj Close": 51.439479, 
        "Close": 63.900002, 
        "Company": "TROW", 
        "Date": "2007-11-06", 
        "High": 63.900002, 
        "Low": 61.299999, 
        "Open": 62.59, 
        "Volume": 1380300, 
        "day": 310, 
        "year": 2007
    }
}