{
    "day": {
        "Adj Close": 52.083475, 
        "Close": 64.699997, 
        "Company": "TROW", 
        "Date": "2007-11-16", 
        "High": 65.160004, 
        "Low": 63.07, 
        "Open": 63.75, 
        "Volume": 2658600, 
        "day": 320, 
        "year": 2007
    }
}