{
    "day": {
        "Adj Close": 51.809778, 
        "Close": 64.360001, 
        "Company": "TROW", 
        "Date": "2007-12-06", 
        "High": 64.419998, 
        "Low": 62.130001, 
        "Open": 62.130001, 
        "Volume": 1133100, 
        "day": 340, 
        "year": 2007
    }
}