{
    "day": {
        "Adj Close": 51.302627, 
        "Close": 63.73, 
        "Company": "TROW", 
        "Date": "2007-12-10", 
        "High": 64.230003, 
        "Low": 63.02, 
        "Open": 63.130001, 
        "Volume": 1608400, 
        "day": 344, 
        "year": 2007
    }
}