{
    "day": {
        "Adj Close": 51.238229, 
        "Close": 63.650002, 
        "Company": "TROW", 
        "Date": "2007-12-13", 
        "High": 63.849998, 
        "Low": 61.34, 
        "Open": 61.919998, 
        "Volume": 2198400, 
        "day": 347, 
        "year": 2007
    }
}