{
    "day": {
        "Adj Close": 50.312478, 
        "Close": 62.5, 
        "Company": "TROW", 
        "Date": "2007-12-14", 
        "High": 64.25, 
        "Low": 62.299999, 
        "Open": 63.07, 
        "Volume": 1535900, 
        "day": 348, 
        "year": 2007
    }
}