{
    "day": {
        "Adj Close": 48.034328, 
        "Close": 59.669998, 
        "Company": "TROW", 
        "Date": "2007-12-20", 
        "High": 61.32, 
        "Low": 59.029999, 
        "Open": 61.130001, 
        "Volume": 2038700, 
        "day": 354, 
        "year": 2007
    }
}