{
    "day": {
        "Adj Close": 36.545911, 
        "Close": 45.849998, 
        "Company": "TROW", 
        "Date": "2007-03-02", 
        "High": 46.540001, 
        "Low": 45.799999, 
        "Open": 46.310001, 
        "Volume": 1391200, 
        "day": 61, 
        "year": 2007
    }
}