{
    "day": {
        "Adj Close": 38.48645, 
        "Close": 48.110001, 
        "Company": "TROW", 
        "Date": "2007-03-27", 
        "High": 48.509998, 
        "Low": 47.919998, 
        "Open": 48.0, 
        "Volume": 997700, 
        "day": 86, 
        "year": 2007
    }
}