{
    "day": {
        "Adj Close": 37.534286, 
        "Close": 47.09, 
        "Company": "TROW", 
        "Date": "2007-01-09", 
        "High": 47.540001, 
        "Low": 46.849998, 
        "Open": 47.279999, 
        "Volume": 1395100, 
        "day": 9, 
        "year": 2007
    }
}