{
    "day": {
        "Adj Close": 15.4713, 
        "Close": 32.439999, 
        "Company": "MDLZ", 
        "Date": "2004-10-19", 
        "High": 32.689999, 
        "Low": 32.099998, 
        "Open": 32.330002, 
        "Volume": 2105300, 
        "day": 2, 
        "week": 43
    }
}