{
    "day": {
        "Adj Close": 15.614377, 
        "Close": 32.740002, 
        "Company": "MDLZ", 
        "Date": "2004-10-21", 
        "High": 32.959999, 
        "Low": 32.400002, 
        "Open": 32.91, 
        "Volume": 1735900, 
        "day": 4, 
        "week": 43
    }
}