{
    "day": {
        "Adj Close": 155.5, 
        "Close": 155.5, 
        "Company": "TSLA", 
        "Date": "2013-12-26", 
        "High": 158.0, 
        "Low": 154.289993, 
        "Open": 155.039993, 
        "Volume": 7129500, 
        "day": 4, 
        "week": 52
    }
}