{
    "day": {
        "Adj Close": 28.65721, 
        "Close": 30.1, 
        "Company": "MDLZ", 
        "Date": "2013-04-18", 
        "High": 30.16, 
        "Low": 29.73, 
        "Open": 29.790001, 
        "Volume": 13003900, 
        "day": 4, 
        "week": 16
    }
}