{
    "day": {
        "Adj Close": 30.170997, 
        "Close": 31.690001, 
        "Company": "MDLZ", 
        "Date": "2013-04-19", 
        "High": 31.799999, 
        "Low": 30.049999, 
        "Open": 30.139999, 
        "Volume": 24336900, 
        "day": 5, 
        "week": 16
    }
}