{
    "day": {
        "Adj Close": 56.949862, 
        "Close": 63.360001, 
        "Company": "TROW", 
        "Date": "2012-11-09", 
        "High": 64.019997, 
        "Low": 63.150002, 
        "Open": 63.560001, 
        "Volume": 1214400, 
        "day": 5, 
        "week": 45
    }
}