{
    "day": {
        "Adj Close": 47.131756, 
        "Close": 57.799999, 
        "Company": "TROW", 
        "Date": "2008-08-27", 
        "High": 58.18, 
        "Low": 56.41, 
        "Open": 56.52, 
        "Volume": 1641200, 
        "day": 27, 
        "month": 8
    }
}