{
    "day": {
        "Adj Close": 28.337047, 
        "Close": 34.57, 
        "Company": "WBA", 
        "Date": "2001-09-07", 
        "High": 35.220001, 
        "Low": 34.34, 
        "Open": 35.09, 
        "Volume": 3974000, 
        "day": 5, 
        "week": 36
    }
}