{
    "day": {
        "Adj Close": 14.455731, 
        "Close": 31.530001, 
        "Company": "MDLZ", 
        "Date": "2003-02-18", 
        "High": 31.690001, 
        "Low": 31.24, 
        "Open": 31.379999, 
        "Volume": 1161900, 
        "day": 2, 
        "week": 8
    }
}