{
    "day": {
        "Adj Close": 14.432807, 
        "Close": 31.48, 
        "Company": "MDLZ", 
        "Date": "2003-02-19", 
        "High": 31.809999, 
        "Low": 31.18, 
        "Open": 31.5, 
        "Volume": 2422800, 
        "day": 3, 
        "week": 8
    }
}