{
    "day": {
        "Adj Close": 43.828354,
        "Close": 45.889999,
        "Company": "LPLA",
        "Date": "2014-05-06",
        "High": 46.48,
        "Low": 45.57,
        "Open": 46.34,
        "Volume": 633200,
        "day": 2,
        "week": 19
    }
}