{
    "day": {
        "Adj Close": 44.716573,
        "Close": 46.82,
        "Company": "LPLA",
        "Date": "2014-05-08",
        "High": 47.630001,
        "Low": 46.689999,
        "Open": 46.790001,
        "Volume": 423700,
        "day": 4,
        "week": 19
    }
}