{
    "day": {
        "Adj Close": 16.391412, 
        "Close": 31.780001, 
        "Company": "MDLZ", 
        "Date": "2007-08-28", 
        "High": 32.360001, 
        "Low": 31.74, 
        "Open": 32.209999, 
        "Volume": 8929500, 
        "day": 2, 
        "week": 35
    }
}