{
    "day": {
        "Adj Close": 16.427516, 
        "Close": 31.85, 
        "Company": "MDLZ", 
        "Date": "2007-08-30", 
        "High": 32.450001, 
        "Low": 31.5, 
        "Open": 31.5, 
        "Volume": 7625000, 
        "day": 4, 
        "week": 35
    }
}