{
    "day": {
        "Adj Close": 56.098744, 
        "Close": 58.759998, 
        "Company": "WBA", 
        "Date": "2013-10-17", 
        "High": 58.77, 
        "Low": 57.560001, 
        "Open": 57.639999, 
        "Volume": 7337300, 
        "day": 4, 
        "week": 42
    }
}