{
    "day": {
        "Adj Close": 166.580002, 
        "Close": 166.580002, 
        "Company": "TSLA", 
        "Date": "2013-09-16", 
        "High": 170.850006, 
        "Low": 165.850006, 
        "Open": 168.0, 
        "Volume": 7574900, 
        "day": 1, 
        "week": 38
    }
}