{
    "day": {
        "Adj Close": 75.841818, 
        "Close": 81.82, 
        "Company": "TROW", 
        "Date": "2014-04-24", 
        "High": 84.449997, 
        "Low": 81.639999, 
        "Open": 82.68, 
        "Volume": 2316600, 
        "day": 4, 
        "week": 17
    }
}