{
    "day": {
        "Adj Close": 73.889999, 
        "Close": 73.889999, 
        "Company": "FANG", 
        "Date": "2014-04-23", 
        "High": 75.18, 
        "Low": 73.370003, 
        "Open": 74.370003, 
        "Volume": 641000, 
        "day": 113, 
        "year": 2014
    }
}