{
    "day": {
        "Adj Close": 73.730003, 
        "Close": 73.730003, 
        "Company": "FANG", 
        "Date": "2014-05-13", 
        "High": 74.43, 
        "Low": 72.25, 
        "Open": 73.230003, 
        "Volume": 955600, 
        "day": 133, 
        "year": 2014
    }
}