{
    "day": {
        "Adj Close": 47.009998, 
        "Close": 47.009998, 
        "Company": "FANG", 
        "Date": "2014-01-14", 
        "High": 47.119999, 
        "Low": 44.02, 
        "Open": 44.549999, 
        "Volume": 908300, 
        "day": 14, 
        "year": 2014
    }
}