{
    "day": {
        "Adj Close": 87.949997, 
        "Close": 87.949997, 
        "Company": "FANG", 
        "Date": "2014-06-13", 
        "High": 88.389999, 
        "Low": 84.5, 
        "Open": 85.330002, 
        "Volume": 1617500, 
        "day": 164, 
        "year": 2014
    }
}