{
    "day": {
        "Adj Close": 81.610001, 
        "Close": 81.610001, 
        "Company": "FANG", 
        "Date": "2014-08-04", 
        "High": 82.230003, 
        "Low": 79.639999, 
        "Open": 80.510002, 
        "Volume": 974400, 
        "day": 216, 
        "year": 2014
    }
}