{
    "day": {
        "Adj Close": 77.489998, 
        "Close": 77.489998, 
        "Company": "FANG", 
        "Date": "2014-08-11", 
        "High": 78.260002, 
        "Low": 76.610001, 
        "Open": 78.150002, 
        "Volume": 1063700, 
        "day": 223, 
        "year": 2014
    }
}