{
    "day": {
        "Adj Close": 75.550003, 
        "Close": 75.550003, 
        "Company": "FANG", 
        "Date": "2014-09-19", 
        "High": 77.0, 
        "Low": 74.739998, 
        "Open": 76.400002, 
        "Volume": 1628700, 
        "day": 262, 
        "year": 2014
    }
}