{
    "day": {
        "Adj Close": 49.799999, 
        "Close": 49.799999, 
        "Company": "FANG", 
        "Date": "2014-01-28", 
        "High": 50.450001, 
        "Low": 47.73, 
        "Open": 47.73, 
        "Volume": 591900, 
        "day": 28, 
        "year": 2014
    }
}