{
    "day": {
        "Adj Close": 71.449997, 
        "Close": 71.449997, 
        "Company": "FANG", 
        "Date": "2014-10-07", 
        "High": 74.529999, 
        "Low": 71.339996, 
        "Open": 73.669998, 
        "Volume": 1183800, 
        "day": 280, 
        "year": 2014
    }
}