{
    "day": {
        "Adj Close": 59.209999, 
        "Close": 59.209999, 
        "Company": "FANG", 
        "Date": "2014-10-13", 
        "High": 65.540001, 
        "Low": 58.41, 
        "Open": 63.25, 
        "Volume": 3605700, 
        "day": 286, 
        "year": 2014
    }
}