{
    "day": {
        "Adj Close": 63.349998, 
        "Close": 63.349998, 
        "Company": "FANG", 
        "Date": "2014-10-17", 
        "High": 68.440002, 
        "Low": 61.860001, 
        "Open": 64.599998, 
        "Volume": 1731600, 
        "day": 290, 
        "year": 2014
    }
}