{
    "day": {
        "Adj Close": 65.82, 
        "Close": 65.82, 
        "Company": "FANG", 
        "Date": "2014-11-06", 
        "High": 66.010002, 
        "Low": 63.700001, 
        "Open": 64.459999, 
        "Volume": 1091800, 
        "day": 310, 
        "year": 2014
    }
}