{
    "day": {
        "Adj Close": 56.720001, 
        "Close": 56.720001, 
        "Company": "FANG", 
        "Date": "2014-02-07", 
        "High": 59.0, 
        "Low": 55.009998, 
        "Open": 57.200001, 
        "Volume": 1298000, 
        "day": 38, 
        "year": 2014
    }
}