{
    "day": {
        "Adj Close": 66.410004, 
        "Close": 66.410004, 
        "Company": "FANG", 
        "Date": "2014-04-01", 
        "High": 68.650002, 
        "Low": 65.0, 
        "Open": 67.300003, 
        "Volume": 1014200, 
        "day": 91, 
        "year": 2014
    }
}