{
    "day": {
        "Adj Close": 66.599998, 
        "Close": 66.599998, 
        "Company": "FANG", 
        "Date": "2014-04-08", 
        "High": 67.059998, 
        "Low": 64.400002, 
        "Open": 65.169998, 
        "Volume": 873500, 
        "day": 98, 
        "year": 2014
    }
}