{
    "day": {
        "Adj Close": 1.079032, 
        "Close": 28.5, 
        "Company": "TROW", 
        "Date": "1990-05-29", 
        "High": 29.24992, 
        "Low": 28.5, 
        "Open": 29.24992, 
        "Volume": 46400, 
        "day": 2, 
        "week": 22
    }
}