{
    "day": {
        "Adj Close": 17.632034, 
        "Close": 30.65, 
        "Company": "MDLZ", 
        "Date": "2010-04-13", 
        "High": 30.73, 
        "Low": 30.209999, 
        "Open": 30.26, 
        "Volume": 10297400, 
        "day": 2, 
        "week": 15
    }
}