{
    "day": {
        "Adj Close": 16.247661, 
        "Close": 32.439999, 
        "Company": "MDLZ", 
        "Date": "2006-08-02", 
        "High": 32.75, 
        "Low": 32.380001, 
        "Open": 32.549999, 
        "Volume": 1547300, 
        "day": 3, 
        "week": 31
    }
}