{
    "day": {
        "Adj Close": 16.267696, 
        "Close": 32.48, 
        "Company": "MDLZ", 
        "Date": "2006-08-04", 
        "High": 32.689999, 
        "Low": 32.459999, 
        "Open": 32.529999, 
        "Volume": 1438300, 
        "day": 5, 
        "week": 31
    }
}