{
    "day": {
        "Adj Close": 29.632828, 
        "Close": 35.689999, 
        "Company": "WBA", 
        "Date": "2004-08-05", 
        "High": 36.709999, 
        "Low": 35.560001, 
        "Open": 36.41, 
        "Volume": 2005500, 
        "day": 4, 
        "week": 32
    }
}