{
    "day": {
        "Adj Close": 46.297748,
        "Close": 48.939999,
        "Company": "LPLA",
        "Date": "2014-01-08",
        "High": 49.09,
        "Low": 48.509998,
        "Open": 48.75,
        "Volume": 528100,
        "day": 3,
        "week": 2
    }
}