{
    "day": {
        "Adj Close": 14.541837,
        "Close": 17.6,
        "Company": "SUNS",
        "Date": "2014-04-09",
        "High": 17.67,
        "Low": 17.27,
        "Open": 17.299999,
        "Volume": 91800,
        "day": 3,
        "week": 15
    }
}