{
    "day": {
        "Adj Close": 14.583148,
        "Close": 17.65,
        "Company": "SUNS",
        "Date": "2014-04-10",
        "High": 17.74,
        "Low": 17.540001,
        "Open": 17.68,
        "Volume": 71900,
        "day": 4,
        "week": 15
    }
}