{
    "day": {
        "Adj Close": 14.360063,
        "Close": 17.379999,
        "Company": "SUNS",
        "Date": "2014-04-11",
        "High": 17.690001,
        "Low": 17.280001,
        "Open": 17.6,
        "Volume": 68400,
        "day": 5,
        "week": 15
    }
}