{
    "day": {
        "Adj Close": 15.57856, 
        "Close": 27.629999, 
        "Company": "MDLZ", 
        "Date": "2009-11-16", 
        "High": 27.68, 
        "Low": 26.879999, 
        "Open": 26.940001, 
        "Volume": 17474100, 
        "day": 1, 
        "week": 47
    }
}