{
    "day": {
        "Adj Close": 40.337883,
        "Close": 42.639999,
        "Company": "LPLA",
        "Date": "2013-11-25",
        "High": 43.0,
        "Low": 42.400002,
        "Open": 43.0,
        "Volume": 287100,
        "day": 1,
        "week": 48
    }
}