{
    "day": {
        "Adj Close": 29.95202, 
        "Close": 31.459999, 
        "Company": "MDLZ", 
        "Date": "2013-04-24", 
        "High": 32.099998, 
        "Low": 31.42, 
        "Open": 32.029999, 
        "Volume": 10562800, 
        "day": 3, 
        "week": 17
    }
}