{
    "day": {
        "Adj Close": 17.247602, 
        "Close": 33.439999, 
        "Company": "MDLZ", 
        "Date": "2007-07-26", 
        "High": 35.0, 
        "Low": 32.950001, 
        "Open": 35.0, 
        "Volume": 29078800, 
        "day": 26, 
        "month": 7
    }
}