{
    "day": {
        "Adj Close": 21.099107, 
        "Close": 35.029999, 
        "Company": "MDLZ", 
        "Date": "2011-07-25", 
        "High": 35.34, 
        "Low": 35.0, 
        "Open": 35.25, 
        "Volume": 6456500, 
        "day": 1, 
        "week": 30
    }
}