{
    "day": {
        "Adj Close": 24.052411, 
        "Close": 39.0, 
        "Company": "MDLZ", 
        "Date": "2012-06-19", 
        "High": 39.150002, 
        "Low": 38.810001, 
        "Open": 39.029999, 
        "Volume": 7649100, 
        "day": 19, 
        "month": 6
    }
}