{
    "day": {
        "Adj Close": 45.879779, 
        "Close": 54.16, 
        "Company": "TROW", 
        "Date": "2009-12-24", 
        "High": 54.459999, 
        "Low": 53.52, 
        "Open": 53.52, 
        "Volume": 495700, 
        "day": 4, 
        "week": 52
    }
}