{
    "day": {
        "Adj Close": 12.42835,
        "Close": 15.800004,
        "Company": "SONA",
        "Date": "2007-03-13",
        "High": 15.800004,
        "Low": 15.700003,
        "Open": 15.700003,
        "Volume": 3600,
        "day": 2,
        "week": 11
    }
}