{
    "day": {
        "Adj Close": 12.365419,
        "Close": 15.720001,
        "Company": "SONA",
        "Date": "2007-03-15",
        "High": 15.720001,
        "Low": 15.439996,
        "Open": 15.600002,
        "Volume": 6100,
        "day": 4,
        "week": 11
    }
}