{
    "day": {
        "Adj Close": 43.52,
        "Close": 43.52,
        "Company": "TCBI",
        "Date": "2012-07-30",
        "High": 44.060001,
        "Low": 43.369999,
        "Open": 44.060001,
        "Volume": 557500,
        "day": 30,
        "month": 7
    }
}