{
    "day": {
        "Adj Close": 27.01301,
        "Close": 29.190001,
        "Company": "LPLA",
        "Date": "2012-11-02",
        "High": 29.629999,
        "Low": 29.02,
        "Open": 29.4,
        "Volume": 196500,
        "day": 2,
        "month": 11
    }
}