{
    "day": {
        "Adj Close": 36.723382, 
        "Close": 43.939999, 
        "Company": "WBA", 
        "Date": "2005-10-27", 
        "High": 44.66, 
        "Low": 43.830002, 
        "Open": 44.580002, 
        "Volume": 2489600, 
        "day": 27, 
        "month": 10
    }
}