{
    "day": {
        "Adj Close": 36.664879, 
        "Close": 43.869999, 
        "Company": "WBA", 
        "Date": "2005-10-05", 
        "High": 44.349998, 
        "Low": 43.669998, 
        "Open": 44.18, 
        "Volume": 3505600, 
        "day": 5, 
        "month": 10
    }
}