{
    "day": {
        "Adj Close": 20.611233, 
        "Close": 34.220001, 
        "Company": "MDLZ", 
        "Date": "2011-08-09", 
        "High": 34.25, 
        "Low": 32.799999, 
        "Open": 33.959999, 
        "Volume": 28544300, 
        "day": 2, 
        "week": 32
    }
}