{
    "day": {
        "Adj Close": 82.57, 
        "Close": 82.57, 
        "Company": "FANG", 
        "Date": "2015-04-30", 
        "High": 84.089996, 
        "Low": 81.120003, 
        "Open": 82.949997, 
        "Volume": 841100, 
        "day": 4, 
        "week": 18
    }
}