{
    "day": {
        "Adj Close": 1.101593, 
        "Close": 29.24992, 
        "Company": "TROW", 
        "Date": "1990-03-07", 
        "High": 29.24992, 
        "Low": 28.75008, 
        "Open": 28.75008, 
        "Volume": 200000, 
        "day": 7, 
        "month": 3
    }
}