{
    "day": {
        "Adj Close": 1.676072, 
        "Close": 42.0, 
        "Company": "TROW", 
        "Date": "1992-08-05", 
        "High": 42.24992, 
        "Low": 41.75008, 
        "Open": 42.24992, 
        "Volume": 676800, 
        "day": 3, 
        "week": 32
    }
}