{
    "day": {
        "Adj Close": 26.02,
        "Close": 26.02,
        "Company": "TCBI",
        "Date": "2011-03-22",
        "High": 26.450001,
        "Low": 25.879999,
        "Open": 26.290001,
        "Volume": 123600,
        "day": 2,
        "week": 12
    }
}