{
    "day": {
        "Adj Close": 15.431753, 
        "Close": 31.040001, 
        "Company": "MDLZ", 
        "Date": "2006-05-02", 
        "High": 31.34, 
        "Low": 30.969999, 
        "Open": 31.139999, 
        "Volume": 1448400, 
        "day": 122, 
        "year": 2006
    }
}