{
    "day": {
        "Adj Close": 15.501355, 
        "Close": 31.18, 
        "Company": "MDLZ", 
        "Date": "2006-05-15", 
        "High": 31.35, 
        "Low": 30.709999, 
        "Open": 30.790001, 
        "Volume": 1722300, 
        "day": 135, 
        "year": 2006
    }
}