{
    "day": {
        "Adj Close": 15.665416, 
        "Close": 31.51, 
        "Company": "MDLZ", 
        "Date": "2006-05-17", 
        "High": 31.83, 
        "Low": 31.4, 
        "Open": 31.440001, 
        "Volume": 1279500, 
        "day": 137, 
        "year": 2006
    }
}