{
    "day": {
        "Adj Close": 16.455895, 
        "Close": 33.099998, 
        "Company": "MDLZ", 
        "Date": "2006-05-31", 
        "High": 33.16, 
        "Low": 32.73, 
        "Open": 32.950001, 
        "Volume": 2824200, 
        "day": 151, 
        "year": 2006
    }
}