{
    "day": {
        "Adj Close": 16.381323, 
        "Close": 32.950001, 
        "Company": "MDLZ", 
        "Date": "2006-06-01", 
        "High": 33.310001, 
        "Low": 32.84, 
        "Open": 32.869999, 
        "Volume": 1947600, 
        "day": 152, 
        "year": 2006
    }
}