{
    "day": {
        "Adj Close": 15.590843, 
        "Close": 31.360001, 
        "Company": "MDLZ", 
        "Date": "2006-06-09", 
        "High": 31.6, 
        "Low": 31.33, 
        "Open": 31.43, 
        "Volume": 1370100, 
        "day": 160, 
        "year": 2006
    }
}