{
    "day": {
        "Adj Close": 15.26272, 
        "Close": 30.700001, 
        "Company": "MDLZ", 
        "Date": "2006-06-13", 
        "High": 31.18, 
        "Low": 30.57, 
        "Open": 31.030001, 
        "Volume": 3505600, 
        "day": 164, 
        "year": 2006
    }
}