{
    "day": {
        "Adj Close": 15.48644, 
        "Close": 31.15, 
        "Company": "MDLZ", 
        "Date": "2006-06-20", 
        "High": 31.379999, 
        "Low": 31.110001, 
        "Open": 31.16, 
        "Volume": 1276500, 
        "day": 171, 
        "year": 2006
    }
}