{
    "day": {
        "Adj Close": 15.396951, 
        "Close": 30.969999, 
        "Company": "MDLZ", 
        "Date": "2006-06-21", 
        "High": 31.280001, 
        "Low": 30.799999, 
        "Open": 30.9, 
        "Volume": 1631900, 
        "day": 172, 
        "year": 2006
    }
}