{
    "day": {
        "Adj Close": 15.511408, 
        "Close": 30.969999, 
        "Company": "MDLZ", 
        "Date": "2006-06-29", 
        "High": 31.200001, 
        "Low": 30.59, 
        "Open": 30.74, 
        "Volume": 2798600, 
        "day": 180, 
        "year": 2006
    }
}