{
    "day": {
        "Adj Close": 15.476348, 
        "Close": 30.9, 
        "Company": "MDLZ", 
        "Date": "2006-06-30", 
        "High": 31.200001, 
        "Low": 30.700001, 
        "Open": 31.0, 
        "Volume": 3615600, 
        "day": 181, 
        "year": 2006
    }
}