{
    "day": {
        "Adj Close": 15.180845, 
        "Close": 30.309999, 
        "Company": "MDLZ", 
        "Date": "2006-07-13", 
        "High": 30.629999, 
        "Low": 30.200001, 
        "Open": 30.629999, 
        "Volume": 1728100, 
        "day": 194, 
        "year": 2006
    }
}