{
    "day": {
        "Adj Close": 16.703437, 
        "Close": 33.349998, 
        "Company": "MDLZ", 
        "Date": "2006-08-09", 
        "High": 33.5, 
        "Low": 33.009998, 
        "Open": 33.080002, 
        "Volume": 2474900, 
        "day": 221, 
        "year": 2006
    }
}