{
    "day": {
        "Adj Close": 16.903779, 
        "Close": 33.75, 
        "Company": "MDLZ", 
        "Date": "2006-08-10", 
        "High": 33.950001, 
        "Low": 33.25, 
        "Open": 33.360001, 
        "Volume": 3568900, 
        "day": 222, 
        "year": 2006
    }
}