{
    "day": {
        "Adj Close": 16.783573, 
        "Close": 33.509998, 
        "Company": "MDLZ", 
        "Date": "2006-08-15", 
        "High": 34.080002, 
        "Low": 33.419998, 
        "Open": 33.700001, 
        "Volume": 2880200, 
        "day": 227, 
        "year": 2006
    }
}