{
    "day": {
        "Adj Close": 16.618293, 
        "Close": 33.18, 
        "Company": "MDLZ", 
        "Date": "2006-08-24", 
        "High": 33.299999, 
        "Low": 32.869999, 
        "Open": 32.869999, 
        "Volume": 1837400, 
        "day": 236, 
        "year": 2006
    }
}