{
    "day": {
        "Adj Close": 14.353487, 
        "Close": 29.09, 
        "Company": "MDLZ", 
        "Date": "2006-01-26", 
        "High": 29.65, 
        "Low": 28.889999, 
        "Open": 28.950001, 
        "Volume": 2329100, 
        "day": 26, 
        "year": 2006
    }
}