{
    "day": {
        "Adj Close": 18.014882, 
        "Close": 35.700001, 
        "Company": "MDLZ", 
        "Date": "2006-09-26", 
        "High": 36.0, 
        "Low": 34.75, 
        "Open": 35.080002, 
        "Volume": 10680200, 
        "day": 269, 
        "year": 2006
    }
}