{
    "day": {
        "Adj Close": 18.166267, 
        "Close": 36.0, 
        "Company": "MDLZ", 
        "Date": "2006-09-27", 
        "High": 36.470001, 
        "Low": 35.619999, 
        "Open": 35.700001, 
        "Volume": 4875000, 
        "day": 270, 
        "year": 2006
    }
}