{
    "day": {
        "Adj Close": 17.813034, 
        "Close": 35.299999, 
        "Company": "MDLZ", 
        "Date": "2006-10-02", 
        "High": 35.700001, 
        "Low": 35.279999, 
        "Open": 35.650002, 
        "Volume": 2201200, 
        "day": 275, 
        "year": 2006
    }
}