{
    "day": {
        "Adj Close": 17.828173, 
        "Close": 35.330002, 
        "Company": "MDLZ", 
        "Date": "2006-10-03", 
        "High": 35.619999, 
        "Low": 35.23, 
        "Open": 35.43, 
        "Volume": 2115500, 
        "day": 276, 
        "year": 2006
    }
}