{
    "day": {
        "Adj Close": 17.843311, 
        "Close": 35.360001, 
        "Company": "MDLZ", 
        "Date": "2006-10-24", 
        "High": 35.599998, 
        "Low": 33.75, 
        "Open": 35.049999, 
        "Volume": 10117900, 
        "day": 297, 
        "year": 2006
    }
}