{
    "day": {
        "Adj Close": 17.358878, 
        "Close": 34.400002, 
        "Company": "MDLZ", 
        "Date": "2006-10-31", 
        "High": 34.740002, 
        "Low": 34.32, 
        "Open": 34.599998, 
        "Volume": 2062000, 
        "day": 304, 
        "year": 2006
    }
}