{
    "day": {
        "Adj Close": 17.232723, 
        "Close": 34.150002, 
        "Company": "MDLZ", 
        "Date": "2006-11-09", 
        "High": 34.599998, 
        "Low": 34.09, 
        "Open": 34.360001, 
        "Volume": 1334800, 
        "day": 313, 
        "year": 2006
    }
}