{
    "day": {
        "Adj Close": 17.560724, 
        "Close": 34.799999, 
        "Company": "MDLZ", 
        "Date": "2006-11-13", 
        "High": 34.849998, 
        "Low": 34.200001, 
        "Open": 34.41, 
        "Volume": 2599600, 
        "day": 317, 
        "year": 2006
    }
}