{
    "day": {
        "Adj Close": 17.43457, 
        "Close": 34.549999, 
        "Company": "MDLZ", 
        "Date": "2006-11-27", 
        "High": 35.259998, 
        "Low": 34.43, 
        "Open": 35.25, 
        "Volume": 3603800, 
        "day": 331, 
        "year": 2006
    }
}