{
    "day": {
        "Adj Close": 17.636418, 
        "Close": 34.950001, 
        "Company": "MDLZ", 
        "Date": "2006-12-11", 
        "High": 35.209999, 
        "Low": 34.810001, 
        "Open": 35.009998, 
        "Volume": 1588300, 
        "day": 345, 
        "year": 2006
    }
}