{
    "day": {
        "Adj Close": 18.17636, 
        "Close": 36.02, 
        "Company": "MDLZ", 
        "Date": "2006-12-21", 
        "High": 36.41, 
        "Low": 35.959999, 
        "Open": 36.09, 
        "Volume": 1640000, 
        "day": 355, 
        "year": 2006
    }
}