{
    "day": {
        "Adj Close": 18.166196, 
        "Close": 35.75, 
        "Company": "MDLZ", 
        "Date": "2006-12-26", 
        "High": 35.849998, 
        "Low": 35.349998, 
        "Open": 35.599998, 
        "Volume": 986000, 
        "day": 360, 
        "year": 2006
    }
}