{
    "day": {
        "Adj Close": 13.790992, 
        "Close": 27.950001, 
        "Company": "MDLZ", 
        "Date": "2006-01-04", 
        "High": 28.34, 
        "Low": 27.85, 
        "Open": 28.09, 
        "Volume": 2301800, 
        "day": 4, 
        "year": 2006
    }
}