{
    "day": {
        "Adj Close": 71.027265, 
        "Close": 77.410004, 
        "Company": "TROW", 
        "Date": "2013-10-31", 
        "High": 78.269997, 
        "Low": 77.400002, 
        "Open": 78.099998, 
        "Volume": 1842400, 
        "day": 4, 
        "week": 44
    }
}