{
    "day": {
        "Adj Close": 3.479149, 
        "Close": 36.25, 
        "Company": "WBA", 
        "Date": "1994-08-10", 
        "High": 36.375038, 
        "Low": 35.75, 
        "Open": 35.75, 
        "Volume": 2010400, 
        "day": 3, 
        "week": 32
    }
}