{
    "day": {
        "Adj Close": 14.990589, 
        "Close": 40.82, 
        "Company": "TROW", 
        "Date": "2002-03-11", 
        "High": 41.509998, 
        "Low": 40.59, 
        "Open": 41.400002, 
        "Volume": 1128800, 
        "day": 11, 
        "month": 3
    }
}