{
    "day": {
        "Adj Close": 14.352757, 
        "Close": 38.93, 
        "Company": "TROW", 
        "Date": "2002-03-28", 
        "High": 39.400002, 
        "Low": 37.110001, 
        "Open": 38.310001, 
        "Volume": 1739000, 
        "day": 28, 
        "month": 3
    }
}