{
    "day": {
        "Adj Close": 21.24,
        "Close": 21.24,
        "Company": "TCBI",
        "Date": "2005-09-21",
        "High": 21.799999,
        "Low": 21.200001,
        "Open": 21.530001,
        "Volume": 96800,
        "day": 21,
        "month": 9
    }
}