{
    "day": {
        "Adj Close": 21.309999,
        "Close": 21.309999,
        "Company": "TCBI",
        "Date": "2005-09-27",
        "High": 21.52,
        "Low": 20.4,
        "Open": 21.1,
        "Volume": 154600,
        "day": 27,
        "month": 9
    }
}