{
    "day": {
        "Adj Close": 21.040001,
        "Close": 21.040001,
        "Company": "TCBI",
        "Date": "2005-09-28",
        "High": 21.389999,
        "Low": 20.34,
        "Open": 21.309999,
        "Volume": 82900,
        "day": 28,
        "month": 9
    }
}