{
    "day": {
        "Adj Close": 32.662826, 
        "Close": 41.259998, 
        "Company": "TROW", 
        "Date": "2006-08-08", 
        "High": 41.830002, 
        "Low": 41.02, 
        "Open": 41.200001, 
        "Volume": 1420300, 
        "day": 2, 
        "week": 32
    }
}