{
    "day": {
        "Adj Close": 33.501959, 
        "Close": 42.32, 
        "Company": "TROW", 
        "Date": "2006-08-11", 
        "High": 42.439999, 
        "Low": 41.919998, 
        "Open": 42.040001, 
        "Volume": 1086500, 
        "day": 5, 
        "week": 32
    }
}