{
    "day": {
        "Adj Close": 14.175069,
        "Close": 18.75,
        "Company": "SUNS",
        "Date": "2013-01-28",
        "High": 18.780001,
        "Low": 18.540001,
        "Open": 18.65,
        "Volume": 101300,
        "day": 1,
        "week": 5
    }
}