{
    "day": {
        "Adj Close": 21.24,
        "Close": 21.24,
        "Company": "TCBI",
        "Date": "2007-03-22",
        "High": 21.559999,
        "Low": 21.15,
        "Open": 21.200001,
        "Volume": 301300,
        "day": 4,
        "week": 12
    }
}