{
    "day": {
        "Adj Close": 21.219999,
        "Close": 21.219999,
        "Company": "TCBI",
        "Date": "2007-04-25",
        "High": 21.450001,
        "Low": 21.1,
        "Open": 21.32,
        "Volume": 98300,
        "day": 25,
        "month": 4
    }
}