{
    "day": {
        "Adj Close": 262.160004, 
        "Close": 262.160004, 
        "Company": "TSLA", 
        "Date": "2015-07-13", 
        "High": 262.549988, 
        "Low": 256.049988, 
        "Open": 262.25, 
        "Volume": 2960300, 
        "day": 13, 
        "month": 7
    }
}