{
    "day": {
        "Adj Close": 264.820007, 
        "Close": 264.820007, 
        "Company": "TSLA", 
        "Date": "2015-07-28", 
        "High": 265.399994, 
        "Low": 251.839996, 
        "Open": 255.75, 
        "Volume": 3895800, 
        "day": 28, 
        "month": 7
    }
}