{
    "day": {
        "Adj Close": 279.720001, 
        "Close": 279.720001, 
        "Company": "TSLA", 
        "Date": "2015-07-06", 
        "High": 281.690002, 
        "Low": 276.299988, 
        "Open": 278.880005, 
        "Volume": 4121900, 
        "day": 6, 
        "month": 7
    }
}