{
    "day": {
        "Adj Close": 45.957827, 
        "Close": 48.720001, 
        "Company": "WBA", 
        "Date": "2013-05-10", 
        "High": 48.799999, 
        "Low": 48.060001, 
        "Open": 48.060001, 
        "Volume": 6411700, 
        "day": 10, 
        "month": 5
    }
}