{
    "day": {
        "Adj Close": 47.060895, 
        "Close": 49.610001, 
        "Company": "WBA", 
        "Date": "2013-05-17", 
        "High": 49.650002, 
        "Low": 48.75, 
        "Open": 48.919998, 
        "Volume": 4083200, 
        "day": 17, 
        "month": 5
    }
}