{
    "day": {
        "Adj Close": 47.649037, 
        "Close": 50.23, 
        "Company": "WBA", 
        "Date": "2013-05-28", 
        "High": 51.25, 
        "Low": 50.110001, 
        "Open": 51.049999, 
        "Volume": 4210400, 
        "day": 28, 
        "month": 5
    }
}