{
    "day": {
        "Adj Close": 27.273508, 
        "Close": 32.889999, 
        "Company": "WBA", 
        "Date": "2004-04-01", 
        "High": 33.099998, 
        "Low": 32.669998, 
        "Open": 32.939999, 
        "Volume": 3555000, 
        "day": 4, 
        "week": 14
    }
}