{
    "day": {
        "Adj Close": 41.220001, 
        "Close": 41.220001, 
        "Company": "MDLZ", 
        "Date": "2016-04-04", 
        "High": 41.290001, 
        "Low": 40.830002, 
        "Open": 41.139999, 
        "Volume": 8787800, 
        "day": 1, 
        "week": 14
    }
}