{
    "day": {
        "Adj Close": 42.32, 
        "Close": 42.32, 
        "Company": "MDLZ", 
        "Date": "2016-04-08", 
        "High": 42.349998, 
        "Low": 41.669998, 
        "Open": 41.689999, 
        "Volume": 8854400, 
        "day": 5, 
        "week": 14
    }
}