{
    "day": {
        "Adj Close": 51.07,
        "Close": 51.07,
        "Company": "TCBI",
        "Date": "2015-04-27",
        "High": 52.139999,
        "Low": 50.560001,
        "Open": 52.040001,
        "Volume": 348700,
        "day": 1,
        "week": 18
    }
}