{
    "day": {
        "Adj Close": 257.700012, 
        "Close": 257.700012, 
        "Company": "TSLA", 
        "Date": "2014-11-18", 
        "High": 259.98999, 
        "Low": 255.509995, 
        "Open": 255.860001, 
        "Volume": 4473000, 
        "day": 2, 
        "week": 47
    }
}