{
    "day": {
        "Adj Close": 15.210897, 
        "Close": 30.370001, 
        "Company": "MDLZ", 
        "Date": "2006-07-17", 
        "High": 30.610001, 
        "Low": 30.209999, 
        "Open": 30.290001, 
        "Volume": 1215700, 
        "day": 1, 
        "week": 29
    }
}