{
    "day": {
        "Adj Close": 15.020572, 
        "Close": 29.99, 
        "Company": "MDLZ", 
        "Date": "2006-07-21", 
        "High": 30.24, 
        "Low": 29.780001, 
        "Open": 30.23, 
        "Volume": 3174800, 
        "day": 5, 
        "week": 29
    }
}