{
    "day": {
        "Adj Close": 74.085265, 
        "Close": 75.669998, 
        "Company": "WBA", 
        "Date": "2015-01-09", 
        "High": 77.540001, 
        "Low": 75.610001, 
        "Open": 77.309998, 
        "Volume": 3704100, 
        "day": 5, 
        "week": 2
    }
}