{
    "day": {
        "Adj Close": 12.326085,
        "Close": 15.669995,
        "Company": "SONA",
        "Date": "2007-04-04",
        "High": 15.669995,
        "Low": 15.669995,
        "Open": 15.669995,
        "Volume": 100,
        "day": 4,
        "month": 4
    }
}