{
    "day": {
        "Adj Close": 46.874604,
        "Close": 49.330002,
        "Company": "LPLA",
        "Date": "2014-04-08",
        "High": 49.91,
        "Low": 49.099998,
        "Open": 49.220001,
        "Volume": 1073900,
        "day": 2,
        "week": 15
    }
}