{
    "day": {
        "Adj Close": 1.429447, 
        "Close": 34.124962, 
        "Company": "WBA", 
        "Date": "1986-04-22", 
        "High": 35.624962, 
        "Low": 33.5, 
        "Open": 35.24992, 
        "Volume": 1979200, 
        "day": 2, 
        "week": 17
    }
}