{
    "day": {
        "Adj Close": 35.03154, 
        "Close": 35.740002, 
        "Company": "MDLZ", 
        "Date": "2015-01-29", 
        "High": 35.799999, 
        "Low": 35.16, 
        "Open": 35.459999, 
        "Volume": 12999700, 
        "day": 4, 
        "week": 5
    }
}