{
    "day": {
        "Adj Close": 34.541451, 
        "Close": 35.240002, 
        "Company": "MDLZ", 
        "Date": "2015-01-30", 
        "High": 35.77, 
        "Low": 35.209999, 
        "Open": 35.459999, 
        "Volume": 11748600, 
        "day": 5, 
        "week": 5
    }
}