{
    "day": {
        "Adj Close": 39.788901, 
        "Close": 40.419998, 
        "Company": "MDLZ", 
        "Date": "2015-06-04", 
        "High": 40.919998, 
        "Low": 40.360001, 
        "Open": 40.790001, 
        "Volume": 7098000, 
        "day": 4, 
        "week": 23
    }
}