{
    "day": {
        "Adj Close": 71.269997, 
        "Close": 71.269997, 
        "Company": "FANG", 
        "Date": "2015-10-21", 
        "High": 73.110001, 
        "Low": 71.059998, 
        "Open": 73.110001, 
        "Volume": 599900, 
        "day": 3, 
        "week": 43
    }
}