{
    "day": {
        "Adj Close": 11.600459, 
        "Close": 31.32, 
        "Company": "TROW", 
        "Date": "2002-07-02", 
        "High": 32.16, 
        "Low": 31.1, 
        "Open": 32.150002, 
        "Volume": 1240000, 
        "day": 2, 
        "week": 27
    }
}