{
    "day": {
        "Adj Close": 14.55028,
        "Close": 18.309999,
        "Company": "SUNS",
        "Date": "2013-09-23",
        "High": 18.33,
        "Low": 18.120001,
        "Open": 18.129999,
        "Volume": 15400,
        "day": 23,
        "month": 9
    }
}