{
    "day": {
        "Adj Close": 14.518495,
        "Close": 18.27,
        "Company": "SUNS",
        "Date": "2013-09-24",
        "High": 18.379999,
        "Low": 18.15,
        "Open": 18.27,
        "Volume": 19500,
        "day": 24,
        "month": 9
    }
}