{
    "day": {
        "Adj Close": 24.049999,
        "Close": 24.049999,
        "Company": "TCBI",
        "Date": "2005-12-05",
        "High": 24.34,
        "Low": 23.75,
        "Open": 24.219999,
        "Volume": 200300,
        "day": 1,
        "week": 49
    }
}