{
    "day": {
        "Adj Close": 2.9986, 
        "Close": 32.375038, 
        "Company": "WBA", 
        "Date": "1992-04-28", 
        "High": 32.75, 
        "Low": 32.375038, 
        "Open": 32.75, 
        "Volume": 2850400, 
        "day": 2, 
        "week": 18
    }
}