{
    "day": {
        "Adj Close": 3.091221, 
        "Close": 33.375038, 
        "Company": "WBA", 
        "Date": "1992-05-01", 
        "High": 33.75, 
        "Low": 32.375038, 
        "Open": 33.624962, 
        "Volume": 1990400, 
        "day": 5, 
        "week": 18
    }
}