{
    "day": {
        "Adj Close": 12.973535,
        "Close": 19.27,
        "Company": "SUNS",
        "Date": "2011-03-10",
        "High": 19.370001,
        "Low": 19.25,
        "Open": 19.35,
        "Volume": 124400,
        "day": 4,
        "week": 10
    }
}