{
    "day": {
        "Adj Close": 1.193636, 
        "Close": 28.62496, 
        "Company": "WBA", 
        "Date": "1985-12-17", 
        "High": 28.87504, 
        "Low": 28.5, 
        "Open": 28.5, 
        "Volume": 1568000, 
        "day": 17, 
        "month": 12
    }
}