{
    "day": {
        "Adj Close": 1.172786, 
        "Close": 28.12496, 
        "Company": "WBA", 
        "Date": "1985-12-24", 
        "High": 28.62496, 
        "Low": 27.87504, 
        "Open": 28.37504, 
        "Volume": 1689600, 
        "day": 24, 
        "month": 12
    }
}