{
    "day": {
        "Adj Close": 1.172786, 
        "Close": 28.12496, 
        "Company": "WBA", 
        "Date": "1985-12-04", 
        "High": 28.37504, 
        "Low": 27.12496, 
        "Open": 27.12496, 
        "Volume": 924800, 
        "day": 4, 
        "month": 12
    }
}