{
    "day": {
        "Adj Close": 1.136298, 
        "Close": 27.24992, 
        "Company": "WBA", 
        "Date": "1985-12-09", 
        "High": 27.5, 
        "Low": 26.24992, 
        "Open": 26.87504, 
        "Volume": 3305600, 
        "day": 9, 
        "month": 12
    }
}