{
    "day": {
        "Adj Close": 39.742399, 
        "Close": 49.68, 
        "Company": "TROW", 
        "Date": "2007-04-30", 
        "High": 50.209999, 
        "Low": 49.619999, 
        "Open": 50.0, 
        "Volume": 1295700, 
        "day": 1, 
        "week": 18
    }
}