{
    "day": {
        "Adj Close": 39.574406, 
        "Close": 49.470001, 
        "Company": "TROW", 
        "Date": "2007-05-02", 
        "High": 50.040001, 
        "Low": 49.240002, 
        "Open": 49.439999, 
        "Volume": 1515200, 
        "day": 3, 
        "week": 18
    }
}