{
    "day": {
        "Adj Close": 29.211712, 
        "Close": 74.5, 
        "Company": "TROW", 
        "Date": "2005-12-16", 
        "High": 75.349998, 
        "Low": 74.190002, 
        "Open": 74.699997, 
        "Volume": 1502200, 
        "day": 5, 
        "week": 50
    }
}