{
    "day": {
        "Adj Close": 50.228011, 
        "Close": 58.330002, 
        "Company": "TROW", 
        "Date": "2010-11-30", 
        "High": 58.939999, 
        "Low": 57.509998, 
        "Open": 57.799999, 
        "Volume": 1504500, 
        "day": 2, 
        "week": 48
    }
}