{
    "day": {
        "Adj Close": 52.931867, 
        "Close": 61.470001, 
        "Company": "TROW", 
        "Date": "2010-12-02", 
        "High": 61.52, 
        "Low": 59.700001, 
        "Open": 59.700001, 
        "Volume": 2086200, 
        "day": 4, 
        "week": 48
    }
}