{
    "day": {
        "Adj Close": 35.260795, 
        "Close": 44.41, 
        "Company": "TROW", 
        "Date": "2006-12-14", 
        "High": 44.540001, 
        "Low": 44.09, 
        "Open": 44.32, 
        "Volume": 1257300, 
        "day": 14, 
        "month": 12
    }
}