{
    "day": {
        "Adj Close": 35.332253, 
        "Close": 44.5, 
        "Company": "TROW", 
        "Date": "2006-12-15", 
        "High": 45.220001, 
        "Low": 44.299999, 
        "Open": 44.32, 
        "Volume": 1540800, 
        "day": 15, 
        "month": 12
    }
}