{
    "day": {
        "Adj Close": 34.776464, 
        "Close": 43.799999, 
        "Company": "TROW", 
        "Date": "2006-12-22", 
        "High": 44.060001, 
        "Low": 43.580002, 
        "Open": 44.060001, 
        "Volume": 865000, 
        "day": 22, 
        "month": 12
    }
}