{
    "day": {
        "Adj Close": 166.449997, 
        "Close": 166.449997, 
        "Company": "TSLA", 
        "Date": "2013-08-28", 
        "High": 171.5, 
        "Low": 163.25, 
        "Open": 169.059998, 
        "Volume": 14740100, 
        "day": 3, 
        "week": 35
    }
}