{
    "day": {
        "Adj Close": 166.059998, 
        "Close": 166.059998, 
        "Company": "TSLA", 
        "Date": "2013-08-29", 
        "High": 167.75, 
        "Low": 162.509995, 
        "Open": 164.220001, 
        "Volume": 9436000, 
        "day": 4, 
        "week": 35
    }
}