{
    "day": {
        "Adj Close": 50.394107, 
        "Close": 57.68, 
        "Company": "TROW", 
        "Date": "2011-06-27", 
        "High": 57.849998, 
        "Low": 56.240002, 
        "Open": 56.240002, 
        "Volume": 1746500, 
        "day": 1, 
        "week": 26
    }
}