{
    "day": {
        "Adj Close": 15.801303, 
        "Close": 32.740002, 
        "Company": "MDLZ", 
        "Date": "2005-05-12", 
        "High": 33.009998, 
        "Low": 32.709999, 
        "Open": 32.779999, 
        "Volume": 1184800, 
        "day": 12, 
        "month": 5
    }
}