{
    "day": {
        "Adj Close": 15.675818, 
        "Close": 32.48, 
        "Company": "MDLZ", 
        "Date": "2005-05-13", 
        "High": 32.75, 
        "Low": 32.419998, 
        "Open": 32.650002, 
        "Volume": 920400, 
        "day": 13, 
        "month": 5
    }
}