{
    "day": {
        "Adj Close": 15.806128, 
        "Close": 32.75, 
        "Company": "MDLZ", 
        "Date": "2005-05-18", 
        "High": 32.860001, 
        "Low": 32.610001, 
        "Open": 32.669998, 
        "Volume": 1328200, 
        "day": 18, 
        "month": 5
    }
}