{
    "day": {
        "Adj Close": 15.656512, 
        "Close": 32.439999, 
        "Company": "MDLZ", 
        "Date": "2005-05-31", 
        "High": 32.799999, 
        "Low": 32.389999, 
        "Open": 32.66, 
        "Volume": 1531500, 
        "day": 31, 
        "month": 5
    }
}