{
    "day": {
        "Adj Close": 36.795831, 
        "Close": 43.529999, 
        "Company": "WBA", 
        "Date": "2007-06-28", 
        "High": 43.950001, 
        "Low": 43.43, 
        "Open": 43.830002, 
        "Volume": 6300100, 
        "day": 4, 
        "week": 26
    }
}