{
    "day": {
        "Adj Close": 36.063255, 
        "Close": 37.240002, 
        "Company": "MDLZ", 
        "Date": "2014-05-15", 
        "High": 37.599998, 
        "Low": 37.110001, 
        "Open": 37.509998, 
        "Volume": 7618500, 
        "day": 4, 
        "week": 20
    }
}