{
    "day": {
        "Adj Close": 53.279999, 
        "Close": 53.279999, 
        "Company": "TSLA", 
        "Date": "2013-05-01", 
        "High": 55.990002, 
        "Low": 53.0, 
        "Open": 55.990002, 
        "Volume": 2742800, 
        "day": 1, 
        "month": 5
    }
}