{
    "day": {
        "Adj Close": 87.800003, 
        "Close": 87.800003, 
        "Company": "TSLA", 
        "Date": "2013-05-13", 
        "High": 88.0, 
        "Low": 79.150002, 
        "Open": 80.989998, 
        "Volume": 22416900, 
        "day": 13, 
        "month": 5
    }
}