{
    "day": {
        "Adj Close": 16.41,
        "Close": 16.41,
        "Company": "TCBI",
        "Date": "2008-07-02",
        "High": 16.709999,
        "Low": 16.35,
        "Open": 16.540001,
        "Volume": 237800,
        "day": 2,
        "month": 7
    }
}