{
    "day": {
        "Adj Close": 16.530001,
        "Close": 16.530001,
        "Company": "TCBI",
        "Date": "2008-07-29",
        "High": 16.530001,
        "Low": 15.55,
        "Open": 15.83,
        "Volume": 208400,
        "day": 29,
        "month": 7
    }
}