{
    "day": {
        "Adj Close": 25.985674,
        "Close": 27.959999,
        "Company": "LPLA",
        "Date": "2012-12-24",
        "High": 28.43,
        "Low": 27.76,
        "Open": 28.01,
        "Volume": 77600,
        "day": 24,
        "month": 12
    }
}