{
    "day": {
        "Adj Close": 48.759998,
        "Close": 48.759998,
        "Company": "TCBI",
        "Date": "2015-02-17",
        "High": 49.049999,
        "Low": 47.950001,
        "Open": 48.279999,
        "Volume": 550900,
        "day": 2,
        "week": 8
    }
}