{
    "day": {
        "Adj Close": 32.580002,
        "Close": 32.580002,
        "Company": "TCBI",
        "Date": "2016-02-08",
        "High": 33.119999,
        "Low": 32.029999,
        "Open": 33.119999,
        "Volume": 718900,
        "day": 8,
        "month": 2
    }
}