{
    "day": {
        "Adj Close": 15.863845, 
        "Close": 29.15, 
        "Company": "MDLZ", 
        "Date": "2009-01-27", 
        "High": 29.299999, 
        "Low": 28.73, 
        "Open": 28.809999, 
        "Volume": 10557200, 
        "day": 2, 
        "week": 5
    }
}