{
    "day": {
        "Adj Close": 15.934594, 
        "Close": 29.280001, 
        "Company": "MDLZ", 
        "Date": "2009-01-29", 
        "High": 29.82, 
        "Low": 29.190001, 
        "Open": 29.389999, 
        "Volume": 9651800, 
        "day": 4, 
        "week": 5
    }
}