{
    "day": {
        "Adj Close": 1.760955, 
        "Close": 43.5, 
        "Company": "TROW", 
        "Date": "1993-06-10", 
        "High": 44.0, 
        "Low": 43.24992, 
        "Open": 43.5, 
        "Volume": 380800, 
        "day": 4, 
        "week": 23
    }
}