{
    "day": {
        "Adj Close": 16.040001, 
        "Close": 16.040001, 
        "Company": "FANG", 
        "Date": "2012-11-13", 
        "High": 16.76, 
        "Low": 15.97, 
        "Open": 16.52, 
        "Volume": 47600, 
        "day": 13, 
        "month": 11
    }
}