{
    "day": {
        "Adj Close": 17.200001, 
        "Close": 17.200001, 
        "Company": "FANG", 
        "Date": "2012-11-21", 
        "High": 17.48, 
        "Low": 16.85, 
        "Open": 17.120001, 
        "Volume": 33100, 
        "day": 21, 
        "month": 11
    }
}