{
    "day": {
        "Adj Close": 16.709999, 
        "Close": 16.709999, 
        "Company": "FANG", 
        "Date": "2012-11-05", 
        "High": 17.0, 
        "Low": 16.5, 
        "Open": 16.790001, 
        "Volume": 33300, 
        "day": 5, 
        "month": 11
    }
}