{
    "day": {
        "Adj Close": 17.059999, 
        "Close": 17.059999, 
        "Company": "FANG", 
        "Date": "2012-11-07", 
        "High": 17.4, 
        "Low": 16.75, 
        "Open": 16.75, 
        "Volume": 155800, 
        "day": 7, 
        "month": 11
    }
}