{
    "day": {
        "Adj Close": 28.498084, 
        "Close": 72.68, 
        "Company": "TROW", 
        "Date": "2005-12-22", 
        "High": 72.989998, 
        "Low": 72.010002, 
        "Open": 72.709999, 
        "Volume": 476400, 
        "day": 4, 
        "week": 51
    }
}