{
    "day": {
        "Adj Close": 45.552801, 
        "Close": 45.75, 
        "Company": "MDLZ", 
        "Date": "2015-12-29", 
        "High": 45.810001, 
        "Low": 44.900002, 
        "Open": 45.150002, 
        "Volume": 5895900, 
        "day": 29, 
        "month": 12
    }
}