{
    "day": {
        "Adj Close": 45.313833, 
        "Close": 45.509998, 
        "Company": "MDLZ", 
        "Date": "2015-12-30", 
        "High": 45.950001, 
        "Low": 45.419998, 
        "Open": 45.740002, 
        "Volume": 5596400, 
        "day": 30, 
        "month": 12
    }
}