{
    "day": {
        "Adj Close": 1.691531, 
        "Close": 38.375038, 
        "Company": "WBA", 
        "Date": "1989-05-10", 
        "High": 38.5, 
        "Low": 37.875038, 
        "Open": 38.124962, 
        "Volume": 1083200, 
        "day": 3, 
        "week": 19
    }
}