{
    "day": {
        "Adj Close": 35.315241, 
        "Close": 36.330002, 
        "Company": "MDLZ", 
        "Date": "2014-08-01", 
        "High": 36.43, 
        "Low": 35.919998, 
        "Open": 36.23, 
        "Volume": 6496200, 
        "day": 5, 
        "week": 31
    }
}