{
    "day": {
        "Adj Close": 1.974495, 
        "Close": 49.0, 
        "Company": "TROW", 
        "Date": "1993-01-26", 
        "High": 49.5, 
        "Low": 48.75008, 
        "Open": 48.75008, 
        "Volume": 427200, 
        "day": 2, 
        "week": 4
    }
}