{
    "day": {
        "Adj Close": 15.100404, 
        "Close": 39.849998, 
        "Company": "TROW", 
        "Date": "2003-07-10", 
        "High": 40.810001, 
        "Low": 39.549999, 
        "Open": 40.790001, 
        "Volume": 1556800, 
        "day": 4, 
        "week": 28
    }
}