{
    "day": {
        "Adj Close": 30.97579,
        "Close": 35.68,
        "Company": "LPLA",
        "Date": "2010-12-28",
        "High": 35.880001,
        "Low": 35.470001,
        "Open": 35.470001,
        "Volume": 213800,
        "day": 2,
        "week": 52
    }
}