{
    "day": {
        "Adj Close": 46.618138, 
        "Close": 49.419998, 
        "Company": "WBA", 
        "Date": "2013-04-29", 
        "High": 49.630001, 
        "Low": 49.060001, 
        "Open": 49.380001, 
        "Volume": 3316300, 
        "day": 29, 
        "month": 4
    }
}