{
    "day": {
        "Adj Close": 21.111758, 
        "Close": 34.759998, 
        "Company": "MDLZ", 
        "Date": "2011-11-09", 
        "High": 35.16, 
        "Low": 34.669998, 
        "Open": 35.119999, 
        "Volume": 9116700, 
        "day": 3, 
        "week": 45
    }
}