{
    "day": {
        "Adj Close": 3.455155, 
        "Close": 36.0, 
        "Company": "WBA", 
        "Date": "1994-08-04", 
        "High": 36.25, 
        "Low": 35.75, 
        "Open": 35.875038, 
        "Volume": 2391200, 
        "day": 4, 
        "week": 31
    }
}