{
    "day": {
        "Adj Close": 260.410004, 
        "Close": 260.410004, 
        "Company": "TSLA", 
        "Date": "2015-06-17", 
        "High": 264.359985, 
        "Low": 252.020004, 
        "Open": 252.169998, 
        "Volume": 5512900, 
        "day": 3, 
        "week": 25
    }
}