{
    "day": {
        "Adj Close": 14.48063, 
        "Close": 30.74, 
        "Company": "MDLZ", 
        "Date": "2004-06-15", 
        "High": 30.9, 
        "Low": 30.67, 
        "Open": 30.780001, 
        "Volume": 1275400, 
        "day": 2, 
        "week": 25
    }
}