{
    "day": {
        "Adj Close": 28.709903,
        "Close": 33.07,
        "Company": "LPLA",
        "Date": "2011-03-16",
        "High": 33.59,
        "Low": 32.990002,
        "Open": 33.189999,
        "Volume": 405100,
        "day": 3,
        "week": 11
    }
}