{
    "day": {
        "Adj Close": 14.25067,
        "Close": 18.85,
        "Company": "SUNS",
        "Date": "2013-02-14",
        "High": 19.02,
        "Low": 18.76,
        "Open": 18.870001,
        "Volume": 29100,
        "day": 4,
        "week": 7
    }
}