{
    "day": {
        "Adj Close": 42.016931, 
        "Close": 49.599998, 
        "Company": "TROW", 
        "Date": "2010-02-23", 
        "High": 50.279999, 
        "Low": 49.48, 
        "Open": 49.990002, 
        "Volume": 2207600, 
        "day": 2, 
        "week": 8
    }
}