{
    "day": {
        "Adj Close": 42.940287, 
        "Close": 50.689999, 
        "Company": "TROW", 
        "Date": "2010-02-26", 
        "High": 50.970001, 
        "Low": 49.869999, 
        "Open": 50.57, 
        "Volume": 1529700, 
        "day": 5, 
        "week": 8
    }
}