{
    "day": {
        "Adj Close": 2.326415, 
        "Close": 57.0, 
        "Company": "TROW", 
        "Date": "1993-10-27", 
        "High": 57.75008, 
        "Low": 56.24992, 
        "Open": 56.24992, 
        "Volume": 1408000, 
        "day": 3, 
        "week": 43
    }
}