{
    "day": {
        "Adj Close": 2.357029, 
        "Close": 57.75008, 
        "Company": "TROW", 
        "Date": "1993-10-28", 
        "High": 58.0, 
        "Low": 57.24992, 
        "Open": 57.75008, 
        "Volume": 2331200, 
        "day": 4, 
        "week": 43
    }
}