{
    "day": {
        "Adj Close": 34.908667, 
        "Close": 40.07, 
        "Company": "WBA", 
        "Date": "2009-11-05", 
        "High": 40.25, 
        "Low": 38.200001, 
        "Open": 38.209999, 
        "Volume": 14893500, 
        "day": 4, 
        "week": 45
    }
}