{
    "day": {
        "Adj Close": 70.79627, 
        "Close": 77.959999, 
        "Company": "TROW", 
        "Date": "2013-05-28", 
        "High": 78.379997, 
        "Low": 77.660004, 
        "Open": 77.919998, 
        "Volume": 1442500, 
        "day": 2, 
        "week": 22
    }
}