{
    "day": {
        "Adj Close": 17.401926, 
        "Close": 30.25, 
        "Company": "MDLZ", 
        "Date": "2010-04-21", 
        "High": 30.559999, 
        "Low": 30.18, 
        "Open": 30.52, 
        "Volume": 14100500, 
        "day": 3, 
        "week": 16
    }
}