{
    "day": {
        "Adj Close": 46.74124,
        "Close": 48.689999,
        "Company": "LPLA",
        "Date": "2014-09-18",
        "High": 49.049999,
        "Low": 46.990002,
        "Open": 48.02,
        "Volume": 810300,
        "day": 4,
        "week": 38
    }
}