{
    "day": {
        "Adj Close": 67.531143, 
        "Close": 73.989998, 
        "Company": "TROW", 
        "Date": "2013-08-12", 
        "High": 74.440002, 
        "Low": 73.639999, 
        "Open": 74.230003, 
        "Volume": 1003200, 
        "day": 1, 
        "week": 33
    }
}