{
    "day": {
        "Adj Close": 16.370777, 
        "Close": 30.950001, 
        "Company": "MDLZ", 
        "Date": "2008-03-12", 
        "High": 31.51, 
        "Low": 30.9, 
        "Open": 31.360001, 
        "Volume": 8473000, 
        "day": 3, 
        "week": 11
    }
}