{
    "day": {
        "Adj Close": 71.669998, 
        "Close": 71.669998, 
        "Company": "TROW", 
        "Date": "2016-03-14", 
        "High": 72.32, 
        "Low": 71.510002, 
        "Open": 71.879997, 
        "Volume": 1053300, 
        "day": 14, 
        "month": 3
    }
}