{
    "day": {
        "Adj Close": 73.209999, 
        "Close": 73.209999, 
        "Company": "TROW", 
        "Date": "2016-03-17", 
        "High": 73.809998, 
        "Low": 71.330002, 
        "Open": 71.419998, 
        "Volume": 1764800, 
        "day": 17, 
        "month": 3
    }
}