{
    "day": {
        "Adj Close": 71.434907, 
        "Close": 71.970001, 
        "Company": "TROW", 
        "Date": "2016-03-08", 
        "High": 72.599998, 
        "Low": 71.559998, 
        "Open": 71.970001, 
        "Volume": 1609200, 
        "day": 8, 
        "month": 3
    }
}