{
    "day": {
        "Adj Close": 211.720001, 
        "Close": 211.720001, 
        "Company": "TSLA", 
        "Date": "2015-10-22", 
        "High": 215.75, 
        "Low": 209.399994, 
        "Open": 211.559998, 
        "Volume": 2825200, 
        "day": 22, 
        "month": 10
    }
}