{
    "day": {
        "Adj Close": 16.889999,
        "Close": 16.889999,
        "Company": "TCBI",
        "Date": "2009-09-18",
        "High": 16.91,
        "Low": 16.58,
        "Open": 16.83,
        "Volume": 162900,
        "day": 18,
        "month": 9
    }
}