{
    "day": {
        "Adj Close": 33.490002, 
        "Close": 33.490002, 
        "Company": "TSLA", 
        "Date": "2012-04-26", 
        "High": 33.52, 
        "Low": 32.91, 
        "Open": 32.959999, 
        "Volume": 425300, 
        "day": 26, 
        "month": 4
    }
}