{
    "day": {
        "Adj Close": 45.209999,
        "Close": 45.209999,
        "Company": "TCBI",
        "Date": "2012-12-12",
        "High": 45.740002,
        "Low": 45.0,
        "Open": 45.580002,
        "Volume": 224000,
        "day": 12,
        "month": 12
    }
}