{
    "day": {
        "Adj Close": 44.560001,
        "Close": 44.560001,
        "Company": "TCBI",
        "Date": "2012-12-28",
        "High": 45.240002,
        "Low": 43.93,
        "Open": 43.959999,
        "Volume": 216400,
        "day": 28,
        "month": 12
    }
}