{
    "day": {
        "Adj Close": 44.549999,
        "Close": 44.549999,
        "Company": "TCBI",
        "Date": "2012-12-07",
        "High": 45.810001,
        "Low": 44.360001,
        "Open": 45.349998,
        "Volume": 441100,
        "day": 7,
        "month": 12
    }
}