{
    "day": {
        "Adj Close": 30.03349, 
        "Close": 76.300003, 
        "Company": "TROW", 
        "Date": "2006-02-06", 
        "High": 76.739998, 
        "Low": 76.0, 
        "Open": 76.129997, 
        "Volume": 895400, 
        "day": 1, 
        "week": 6
    }
}