{
    "day": {
        "Adj Close": 17.863038, 
        "Close": 39.259998, 
        "Company": "MDLZ", 
        "Date": "2002-08-21", 
        "High": 40.490002, 
        "Low": 39.0, 
        "Open": 40.259998, 
        "Volume": 1365800, 
        "day": 21, 
        "month": 8
    }
}