{
    "day": {
        "Adj Close": 18.058685, 
        "Close": 39.689999, 
        "Company": "MDLZ", 
        "Date": "2002-08-22", 
        "High": 39.799999, 
        "Low": 39.009998, 
        "Open": 39.400002, 
        "Volume": 1500500, 
        "day": 22, 
        "month": 8
    }
}