{
    "day": {
        "Adj Close": 17.70834, 
        "Close": 38.919998, 
        "Company": "MDLZ", 
        "Date": "2002-08-09", 
        "High": 39.240002, 
        "Low": 38.32, 
        "Open": 38.5, 
        "Volume": 906400, 
        "day": 9, 
        "month": 8
    }
}