{
    "day": {
        "Adj Close": 13.461654, 
        "Close": 29.07, 
        "Company": "MDLZ", 
        "Date": "2003-08-26", 
        "High": 29.58, 
        "Low": 28.879999, 
        "Open": 29.35, 
        "Volume": 3233800, 
        "day": 26, 
        "month": 8
    }
}