{
    "day": {
        "Adj Close": 12.901331, 
        "Close": 27.860001, 
        "Company": "MDLZ", 
        "Date": "2003-08-05", 
        "High": 28.33, 
        "Low": 27.860001, 
        "Open": 28.299999, 
        "Volume": 1763200, 
        "day": 5, 
        "month": 8
    }
}