{
    "day": {
        "Adj Close": 29.621466,
        "Close": 34.119999,
        "Company": "LPLA",
        "Date": "2011-01-05",
        "High": 34.380001,
        "Low": 33.0,
        "Open": 33.68,
        "Volume": 437300,
        "day": 3,
        "week": 1
    }
}