{
    "day": {
        "Adj Close": 17.969691, 
        "Close": 34.84, 
        "Company": "MDLZ", 
        "Date": "2007-07-24", 
        "High": 36.18, 
        "Low": 34.630001, 
        "Open": 36.099998, 
        "Volume": 18176200, 
        "day": 2, 
        "week": 30
    }
}