{
    "day": {
        "Adj Close": 11.123495,
        "Close": 15.97,
        "Company": "SUNS",
        "Date": "2012-01-12",
        "High": 16.049999,
        "Low": 15.86,
        "Open": 16.049999,
        "Volume": 12100,
        "day": 4,
        "week": 2
    }
}