{
    "day": {
        "Adj Close": 31.516324, 
        "Close": 34.630001, 
        "Company": "WBA", 
        "Date": "2012-02-14", 
        "High": 34.98, 
        "Low": 34.099998, 
        "Open": 34.73, 
        "Volume": 14050800, 
        "day": 2, 
        "week": 7
    }
}