{
    "day": {
        "Adj Close": 30.200186, 
        "Close": 31.440001, 
        "Company": "MDLZ", 
        "Date": "2013-10-16", 
        "High": 31.5, 
        "Low": 30.719999, 
        "Open": 30.85, 
        "Volume": 9253300, 
        "day": 16, 
        "month": 10
    }
}