{
    "day": {
        "Adj Close": 31.208781, 
        "Close": 32.490002, 
        "Company": "MDLZ", 
        "Date": "2013-10-21", 
        "High": 32.5, 
        "Low": 32.279999, 
        "Open": 32.360001, 
        "Volume": 6230900, 
        "day": 21, 
        "month": 10
    }
}