{
    "day": {
        "Adj Close": 32.159739, 
        "Close": 33.48, 
        "Company": "MDLZ", 
        "Date": "2013-10-25", 
        "High": 33.5, 
        "Low": 33.009998, 
        "Open": 33.360001, 
        "Volume": 5990000, 
        "day": 25, 
        "month": 10
    }
}