{
    "day": {
        "Adj Close": 32.563178, 
        "Close": 33.900002, 
        "Company": "MDLZ", 
        "Date": "2013-10-29", 
        "High": 33.93, 
        "Low": 33.549999, 
        "Open": 33.720001, 
        "Volume": 6175100, 
        "day": 29, 
        "month": 10
    }
}