{
    "day": {
        "Adj Close": 32.505543, 
        "Close": 33.84, 
        "Company": "MDLZ", 
        "Date": "2013-10-30", 
        "High": 34.099998, 
        "Low": 33.650002, 
        "Open": 34.0, 
        "Volume": 8517900, 
        "day": 30, 
        "month": 10
    }
}