{
    "day": {
        "Adj Close": 34.249692, 
        "Close": 41.860001, 
        "Company": "WBA", 
        "Date": "2001-04-26", 
        "High": 42.349998, 
        "Low": 41.049999, 
        "Open": 41.25, 
        "Volume": 2000900, 
        "day": 116, 
        "year": 2001
    }
}