{
    "day": {
        "Adj Close": 33.6115, 
        "Close": 41.080002, 
        "Company": "WBA", 
        "Date": "2001-05-10", 
        "High": 41.630001, 
        "Low": 39.700001, 
        "Open": 41.619999, 
        "Volume": 3886400, 
        "day": 130, 
        "year": 2001
    }
}