{
    "day": {
        "Adj Close": 32.764411, 
        "Close": 40.009998, 
        "Company": "WBA", 
        "Date": "2001-06-01", 
        "High": 40.130001, 
        "Low": 39.709999, 
        "Open": 39.939999, 
        "Volume": 1360600, 
        "day": 152, 
        "year": 2001
    }
}