{
    "day": {
        "Adj Close": 32.985516, 
        "Close": 40.279999, 
        "Company": "WBA", 
        "Date": "2001-06-04", 
        "High": 40.279999, 
        "Low": 39.560001, 
        "Open": 39.599998, 
        "Volume": 1672200, 
        "day": 155, 
        "year": 2001
    }
}