{
    "day": {
        "Adj Close": 33.370403, 
        "Close": 40.75, 
        "Company": "WBA", 
        "Date": "2001-06-08", 
        "High": 40.970001, 
        "Low": 40.709999, 
        "Open": 40.880001, 
        "Volume": 991400, 
        "day": 159, 
        "year": 2001
    }
}