{
    "day": {
        "Adj Close": 30.504233, 
        "Close": 37.25, 
        "Company": "WBA", 
        "Date": "2001-06-25", 
        "High": 38.009998, 
        "Low": 36.310001, 
        "Open": 38.0, 
        "Volume": 11787400, 
        "day": 176, 
        "year": 2001
    }
}