{
    "day": {
        "Adj Close": 26.901047, 
        "Close": 32.849998, 
        "Company": "WBA", 
        "Date": "2001-07-19", 
        "High": 33.330002, 
        "Low": 32.259998, 
        "Open": 32.400002, 
        "Volume": 3600100, 
        "day": 200, 
        "year": 2001
    }
}