{
    "day": {
        "Adj Close": 27.384202, 
        "Close": 33.439999, 
        "Company": "WBA", 
        "Date": "2001-07-20", 
        "High": 33.700001, 
        "Low": 32.740002, 
        "Open": 32.84, 
        "Volume": 2147900, 
        "day": 201, 
        "year": 2001
    }
}