{
    "day": {
        "Adj Close": 28.591156, 
        "Close": 34.880001, 
        "Company": "WBA", 
        "Date": "2001-08-29", 
        "High": 35.380001, 
        "Low": 34.759998, 
        "Open": 35.25, 
        "Volume": 1818000, 
        "day": 241, 
        "year": 2001
    }
}