{
    "day": {
        "Adj Close": 28.074743, 
        "Close": 34.25, 
        "Company": "WBA", 
        "Date": "2001-09-10", 
        "High": 34.439999, 
        "Low": 33.459999, 
        "Open": 33.849998, 
        "Volume": 2210900, 
        "day": 253, 
        "year": 2001
    }
}