{
    "day": {
        "Adj Close": 28.402625, 
        "Close": 34.650002, 
        "Company": "WBA", 
        "Date": "2001-10-04", 
        "High": 35.900002, 
        "Low": 34.299999, 
        "Open": 34.900002, 
        "Volume": 2891000, 
        "day": 277, 
        "year": 2001
    }
}