{
    "day": {
        "Adj Close": 28.787882, 
        "Close": 35.119999, 
        "Company": "WBA", 
        "Date": "2001-10-05", 
        "High": 35.27, 
        "Low": 34.599998, 
        "Open": 34.66, 
        "Volume": 1752700, 
        "day": 278, 
        "year": 2001
    }
}