{
    "day": {
        "Adj Close": 28.591156, 
        "Close": 34.880001, 
        "Company": "WBA", 
        "Date": "2001-10-08", 
        "High": 35.849998, 
        "Low": 34.650002, 
        "Open": 35.119999, 
        "Volume": 1372900, 
        "day": 281, 
        "year": 2001
    }
}