{
    "day": {
        "Adj Close": 28.755096, 
        "Close": 35.080002, 
        "Company": "WBA", 
        "Date": "2001-10-11", 
        "High": 35.5, 
        "Low": 34.900002, 
        "Open": 34.950001, 
        "Volume": 1945200, 
        "day": 284, 
        "year": 2001
    }
}