{
    "day": {
        "Adj Close": 29.001006, 
        "Close": 35.380001, 
        "Company": "WBA", 
        "Date": "2001-10-16", 
        "High": 35.48, 
        "Low": 34.700001, 
        "Open": 35.080002, 
        "Volume": 1282000, 
        "day": 289, 
        "year": 2001
    }
}