{
    "day": {
        "Adj Close": 28.189501, 
        "Close": 34.389999, 
        "Company": "WBA", 
        "Date": "2001-10-22", 
        "High": 34.5, 
        "Low": 33.799999, 
        "Open": 34.150002, 
        "Volume": 2260700, 
        "day": 295, 
        "year": 2001
    }
}