{
    "day": {
        "Adj Close": 26.541904, 
        "Close": 32.380001, 
        "Company": "WBA", 
        "Date": "2001-10-31", 
        "High": 33.0, 
        "Low": 32.220001, 
        "Open": 32.5, 
        "Volume": 3268600, 
        "day": 304, 
        "year": 2001
    }
}