{
    "day": {
        "Adj Close": 26.623873, 
        "Close": 32.48, 
        "Company": "WBA", 
        "Date": "2001-11-12", 
        "High": 32.959999, 
        "Low": 31.799999, 
        "Open": 32.099998, 
        "Volume": 1938500, 
        "day": 316, 
        "year": 2001
    }
}