{
    "day": {
        "Adj Close": 28.343264, 
        "Close": 34.540001, 
        "Company": "WBA", 
        "Date": "2001-11-21", 
        "High": 34.580002, 
        "Low": 34.130001, 
        "Open": 34.450001, 
        "Volume": 1458200, 
        "day": 325, 
        "year": 2001
    }
}