{
    "day": {
        "Adj Close": 28.056055, 
        "Close": 34.189999, 
        "Company": "WBA", 
        "Date": "2001-11-28", 
        "High": 34.810001, 
        "Low": 33.439999, 
        "Open": 34.759998, 
        "Volume": 4094400, 
        "day": 332, 
        "year": 2001
    }
}