{
    "day": {
        "Adj Close": 27.087756, 
        "Close": 33.009998, 
        "Company": "WBA", 
        "Date": "2001-12-04", 
        "High": 33.099998, 
        "Low": 32.599998, 
        "Open": 33.0, 
        "Volume": 2670800, 
        "day": 338, 
        "year": 2001
    }
}