{
    "day": {
        "Adj Close": 27.038522, 
        "Close": 32.950001, 
        "Company": "WBA", 
        "Date": "2001-12-19", 
        "High": 33.169998, 
        "Low": 32.75, 
        "Open": 32.970001, 
        "Volume": 2731200, 
        "day": 353, 
        "year": 2001
    }
}