{
    "day": {
        "Adj Close": 27.621142, 
        "Close": 33.66, 
        "Company": "WBA", 
        "Date": "2001-12-21", 
        "High": 33.740002, 
        "Low": 33.400002, 
        "Open": 33.599998, 
        "Volume": 3424400, 
        "day": 355, 
        "year": 2001
    }
}