{
    "day": {
        "Adj Close": 27.612938, 
        "Close": 33.650002, 
        "Company": "WBA", 
        "Date": "2001-12-24", 
        "High": 33.799999, 
        "Low": 33.5, 
        "Open": 33.66, 
        "Volume": 1220500, 
        "day": 358, 
        "year": 2001
    }
}