{
    "day": {
        "Adj Close": 33.861441, 
        "Close": 41.419998, 
        "Company": "WBA", 
        "Date": "2001-02-09", 
        "High": 42.34, 
        "Low": 41.290001, 
        "Open": 41.849998, 
        "Volume": 1715400, 
        "day": 40, 
        "year": 2001
    }
}