{
    "day": {
        "Adj Close": 34.37242, 
        "Close": 42.009998, 
        "Company": "WBA", 
        "Date": "2001-03-15", 
        "High": 42.25, 
        "Low": 41.0, 
        "Open": 42.25, 
        "Volume": 3182000, 
        "day": 74, 
        "year": 2001
    }
}