{
    "day": {
        "Adj Close": 32.007834, 
        "Close": 39.119999, 
        "Company": "WBA", 
        "Date": "2001-04-09", 
        "High": 40.349998, 
        "Low": 38.799999, 
        "Open": 40.200001, 
        "Volume": 1928700, 
        "day": 99, 
        "year": 2001
    }
}