{
    "day": {
        "Adj Close": 37.780744, 
        "Close": 44.119999, 
        "Company": "TROW", 
        "Date": "2010-07-01", 
        "High": 44.799999, 
        "Low": 42.810001, 
        "Open": 44.259998, 
        "Volume": 2918000, 
        "day": 1, 
        "month": 7
    }
}