{
    "day": {
        "Adj Close": 40.931994, 
        "Close": 47.799999, 
        "Company": "TROW", 
        "Date": "2010-07-12", 
        "High": 48.029999, 
        "Low": 47.330002, 
        "Open": 47.529999, 
        "Volume": 2513500, 
        "day": 12, 
        "month": 7
    }
}