{
    "day": {
        "Adj Close": 37.335458, 
        "Close": 43.599998, 
        "Company": "TROW", 
        "Date": "2010-07-02", 
        "High": 44.580002, 
        "Low": 43.02, 
        "Open": 44.279999, 
        "Volume": 2608300, 
        "day": 2, 
        "month": 7
    }
}