{
    "day": {
        "Adj Close": 41.009063, 
        "Close": 47.889999, 
        "Company": "TROW", 
        "Date": "2010-07-09", 
        "High": 48.02, 
        "Low": 47.060001, 
        "Open": 47.119999, 
        "Volume": 2596100, 
        "day": 9, 
        "month": 7
    }
}