{
    "day": {
        "Adj Close": 68.115274, 
        "Close": 74.629997, 
        "Company": "TROW", 
        "Date": "2013-07-29", 
        "High": 75.879997, 
        "Low": 74.029999, 
        "Open": 74.209999, 
        "Volume": 1966600, 
        "day": 1, 
        "week": 31
    }
}