{
    "day": {
        "Adj Close": 70.050214, 
        "Close": 76.75, 
        "Company": "TROW", 
        "Date": "2013-08-01", 
        "High": 77.029999, 
        "Low": 75.639999, 
        "Open": 76.029999, 
        "Volume": 1384000, 
        "day": 4, 
        "week": 31
    }
}