{
    "day": {
        "Adj Close": 37.434347, 
        "Close": 38.509998, 
        "Company": "MDLZ", 
        "Date": "2014-07-22", 
        "High": 38.630001, 
        "Low": 38.32, 
        "Open": 38.32, 
        "Volume": 5438800, 
        "day": 2, 
        "week": 30
    }
}