{
    "day": {
        "Adj Close": 39.676887,
        "Close": 40.869999,
        "Company": "LPLA",
        "Date": "2015-04-15",
        "High": 41.990002,
        "Low": 39.41,
        "Open": 41.990002,
        "Volume": 5298200,
        "day": 3,
        "week": 16
    }
}