{
    "day": {
        "Adj Close": 13.852198, 
        "Close": 30.049999, 
        "Company": "MDLZ", 
        "Date": "2003-03-24", 
        "High": 30.49, 
        "Low": 29.68, 
        "Open": 30.02, 
        "Volume": 4800300, 
        "day": 24, 
        "month": 3
    }
}