{
    "day": {
        "Adj Close": 18.962765, 
        "Close": 31.75, 
        "Company": "MDLZ", 
        "Date": "2011-04-06", 
        "High": 31.799999, 
        "Low": 31.559999, 
        "Open": 31.59, 
        "Volume": 6033000, 
        "day": 3, 
        "week": 14
    }
}