{
    "day": {
        "Adj Close": 17.152406, 
        "Close": 32.98, 
        "Company": "MDLZ", 
        "Date": "2007-10-29", 
        "High": 33.43, 
        "Low": 32.650002, 
        "Open": 33.349998, 
        "Volume": 8938200, 
        "day": 1, 
        "week": 44
    }
}