{
    "day": {
        "Adj Close": 1.754059, 
        "Close": 41.124962, 
        "Company": "WBA", 
        "Date": "1987-07-22", 
        "High": 41.375038, 
        "Low": 41.0, 
        "Open": 41.24992, 
        "Volume": 475200, 
        "day": 3, 
        "week": 30
    }
}