{
    "day": {
        "Adj Close": 1.7434, 
        "Close": 40.875038, 
        "Company": "WBA", 
        "Date": "1987-07-24", 
        "High": 41.124962, 
        "Low": 40.5, 
        "Open": 40.5, 
        "Volume": 2350400, 
        "day": 5, 
        "week": 30
    }
}