{
    "day": {
        "Adj Close": 12.462369, 
        "Close": 34.400002, 
        "Company": "TROW", 
        "Date": "2001-04-24", 
        "High": 35.0, 
        "Low": 34.349998, 
        "Open": 34.77, 
        "Volume": 1125800, 
        "day": 114, 
        "year": 2001
    }
}