{
    "day": {
        "Adj Close": 13.331836, 
        "Close": 36.799999, 
        "Company": "TROW", 
        "Date": "2001-05-22", 
        "High": 37.09, 
        "Low": 35.549999, 
        "Open": 35.630001, 
        "Volume": 1646200, 
        "day": 142, 
        "year": 2001
    }
}