{
    "day": {
        "Adj Close": 13.498484, 
        "Close": 37.259998, 
        "Company": "TROW", 
        "Date": "2001-06-05", 
        "High": 37.439999, 
        "Low": 36.349998, 
        "Open": 36.52, 
        "Volume": 1670200, 
        "day": 156, 
        "year": 2001
    }
}