{
    "day": {
        "Adj Close": 13.224297, 
        "Close": 36.349998, 
        "Company": "TROW", 
        "Date": "2001-06-22", 
        "High": 37.07, 
        "Low": 35.950001, 
        "Open": 36.959999, 
        "Volume": 594400, 
        "day": 173, 
        "year": 2001
    }
}