{
    "day": {
        "Adj Close": 12.944169, 
        "Close": 35.580002, 
        "Company": "TROW", 
        "Date": "2001-07-06", 
        "High": 36.419998, 
        "Low": 35.290001, 
        "Open": 36.369999, 
        "Volume": 563800, 
        "day": 187, 
        "year": 2001
    }
}