{
    "day": {
        "Adj Close": 13.824575, 
        "Close": 38.0, 
        "Company": "TROW", 
        "Date": "2001-08-07", 
        "High": 38.619999, 
        "Low": 37.830002, 
        "Open": 38.0, 
        "Volume": 562400, 
        "day": 219, 
        "year": 2001
    }
}