{
    "day": {
        "Adj Close": 13.700882, 
        "Close": 37.66, 
        "Company": "TROW", 
        "Date": "2001-08-16", 
        "High": 38.119999, 
        "Low": 37.5, 
        "Open": 37.75, 
        "Volume": 1444600, 
        "day": 228, 
        "year": 2001
    }
}