{
    "day": {
        "Adj Close": 14.304797, 
        "Close": 39.32, 
        "Company": "TROW", 
        "Date": "2001-08-27", 
        "High": 40.169998, 
        "Low": 39.299999, 
        "Open": 39.84, 
        "Volume": 1142000, 
        "day": 239, 
        "year": 2001
    }
}