{
    "day": {
        "Adj Close": 13.711795, 
        "Close": 37.689999, 
        "Company": "TROW", 
        "Date": "2001-09-05", 
        "High": 38.09, 
        "Low": 37.330002, 
        "Open": 37.990002, 
        "Volume": 1270400, 
        "day": 248, 
        "year": 2001
    }
}