{
    "day": {
        "Adj Close": 10.252704, 
        "Close": 28.049999, 
        "Company": "TROW", 
        "Date": "2001-09-27", 
        "High": 28.549999, 
        "Low": 27.549999, 
        "Open": 28.040001, 
        "Volume": 2132600, 
        "day": 270, 
        "year": 2001
    }
}