{
    "day": {
        "Adj Close": 10.409875, 
        "Close": 28.48, 
        "Company": "TROW", 
        "Date": "2001-10-01", 
        "High": 28.9, 
        "Low": 27.940001, 
        "Open": 28.889999, 
        "Volume": 1745800, 
        "day": 274, 
        "year": 2001
    }
}