{
    "day": {
        "Adj Close": 10.75346, 
        "Close": 29.42, 
        "Company": "TROW", 
        "Date": "2001-10-12", 
        "High": 30.049999, 
        "Low": 28.83, 
        "Open": 30.040001, 
        "Volume": 1139000, 
        "day": 285, 
        "year": 2001
    }
}