{
    "day": {
        "Adj Close": 10.201532, 
        "Close": 27.91, 
        "Company": "TROW", 
        "Date": "2001-10-26", 
        "High": 28.290001, 
        "Low": 27.5, 
        "Open": 27.790001, 
        "Volume": 2285600, 
        "day": 299, 
        "year": 2001
    }
}