{
    "day": {
        "Adj Close": 10.110153, 
        "Close": 27.66, 
        "Company": "TROW", 
        "Date": "2001-10-29", 
        "High": 27.940001, 
        "Low": 27.09, 
        "Open": 27.77, 
        "Volume": 1207600, 
        "day": 302, 
        "year": 2001
    }
}