{
    "day": {
        "Adj Close": 9.978567, 
        "Close": 27.299999, 
        "Company": "TROW", 
        "Date": "2001-11-01", 
        "High": 28.76, 
        "Low": 27.08, 
        "Open": 27.629999, 
        "Volume": 2771400, 
        "day": 305, 
        "year": 2001
    }
}