{
    "day": {
        "Adj Close": 11.352905, 
        "Close": 31.059999, 
        "Company": "TROW", 
        "Date": "2001-12-03", 
        "High": 31.84, 
        "Low": 30.780001, 
        "Open": 31.84, 
        "Volume": 1134400, 
        "day": 337, 
        "year": 2001
    }
}