{
    "day": {
        "Adj Close": 12.259383, 
        "Close": 33.540001, 
        "Company": "TROW", 
        "Date": "2001-12-05", 
        "High": 33.810001, 
        "Low": 32.470001, 
        "Open": 32.490002, 
        "Volume": 1532200, 
        "day": 339, 
        "year": 2001
    }
}