{
    "day": {
        "Adj Close": 12.632209, 
        "Close": 34.560001, 
        "Company": "TROW", 
        "Date": "2001-12-06", 
        "High": 35.0, 
        "Low": 33.610001, 
        "Open": 33.669998, 
        "Volume": 1656000, 
        "day": 340, 
        "year": 2001
    }
}