{
    "day": {
        "Adj Close": 12.376348, 
        "Close": 33.860001, 
        "Company": "TROW", 
        "Date": "2001-12-10", 
        "High": 34.75, 
        "Low": 33.82, 
        "Open": 34.380001, 
        "Volume": 1641600, 
        "day": 344, 
        "year": 2001
    }
}