{
    "day": {
        "Adj Close": 12.171659, 
        "Close": 33.299999, 
        "Company": "TROW", 
        "Date": "2001-12-19", 
        "High": 33.66, 
        "Low": 32.490002, 
        "Open": 32.5, 
        "Volume": 1267200, 
        "day": 353, 
        "year": 2001
    }
}