{
    "day": {
        "Adj Close": 15.257041, 
        "Close": 42.3125, 
        "Company": "TROW", 
        "Date": "2001-01-08", 
        "High": 42.5, 
        "Low": 40.8125, 
        "Open": 41.343761, 
        "Volume": 1076200, 
        "day": 8, 
        "year": 2001
    }
}