{
    "day": {
        "Adj Close": 11.094769, 
        "Close": 30.625, 
        "Company": "TROW", 
        "Date": "2001-03-26", 
        "High": 31.515619, 
        "Low": 30.125, 
        "Open": 30.25, 
        "Volume": 579200, 
        "day": 85, 
        "year": 2001
    }
}