{
    "day": {
        "Adj Close": 56.32068, 
        "Close": 62.66, 
        "Company": "TROW", 
        "Date": "2012-10-02", 
        "High": 63.529999, 
        "Low": 62.349998, 
        "Open": 63.459999, 
        "Volume": 890400, 
        "day": 2, 
        "month": 10
    }
}