{
    "day": {
        "Adj Close": 58.31608, 
        "Close": 64.879997, 
        "Company": "TROW", 
        "Date": "2012-10-31", 
        "High": 65.160004, 
        "Low": 63.779999, 
        "Open": 64.760002, 
        "Volume": 1362100, 
        "day": 31, 
        "month": 10
    }
}