{
    "day": {
        "Adj Close": 243.179993, 
        "Close": 243.179993, 
        "Company": "TSLA", 
        "Date": "2015-05-13", 
        "High": 248.300003, 
        "Low": 242.25, 
        "Open": 247.610001, 
        "Volume": 5440200, 
        "day": 3, 
        "week": 20
    }
}