{
    "day": {
        "Adj Close": 43.36533, 
        "Close": 53.869999, 
        "Company": "TROW", 
        "Date": "2007-09-21", 
        "High": 54.669998, 
        "Low": 53.66, 
        "Open": 54.540001, 
        "Volume": 1832500, 
        "day": 5, 
        "week": 38
    }
}