{
    "day": {
        "Adj Close": 21.51,
        "Close": 21.51,
        "Company": "TCBI",
        "Date": "2005-10-26",
        "High": 21.780001,
        "Low": 21.040001,
        "Open": 21.040001,
        "Volume": 42800,
        "day": 3,
        "week": 43
    }
}