{
    "day": {
        "Adj Close": 35.997843,
        "Close": 38.419998,
        "Company": "LPLA",
        "Date": "2013-07-12",
        "High": 38.740002,
        "Low": 38.240002,
        "Open": 38.509998,
        "Volume": 300200,
        "day": 12,
        "month": 7
    }
}