{
    "day": {
        "Adj Close": 35.623063,
        "Close": 38.02,
        "Company": "LPLA",
        "Date": "2013-07-25",
        "High": 38.060001,
        "Low": 37.599998,
        "Open": 37.900002,
        "Volume": 399100,
        "day": 25,
        "month": 7
    }
}