{
    "day": {
        "Adj Close": 34.63926,
        "Close": 36.970001,
        "Company": "LPLA",
        "Date": "2013-07-30",
        "High": 37.48,
        "Low": 36.939999,
        "Open": 37.189999,
        "Volume": 485800,
        "day": 30,
        "month": 7
    }
}