{
    "day": {
        "Adj Close": 67.980003, 
        "Close": 67.980003, 
        "Company": "FANG", 
        "Date": "2015-01-22", 
        "High": 69.510002, 
        "Low": 67.160004, 
        "Open": 68.940002, 
        "Volume": 1611900, 
        "day": 4, 
        "week": 4
    }
}