{
    "day": {
        "Adj Close": 40.450001,
        "Close": 40.450001,
        "Company": "TCBI",
        "Date": "2013-04-01",
        "High": 40.599998,
        "Low": 40.080002,
        "Open": 40.32,
        "Volume": 523400,
        "day": 1,
        "month": 4
    }
}