{
    "day": {
        "Adj Close": 41.119999,
        "Close": 41.119999,
        "Company": "TCBI",
        "Date": "2013-04-12",
        "High": 41.639999,
        "Low": 40.900002,
        "Open": 41.27,
        "Volume": 309300,
        "day": 12,
        "month": 4
    }
}