{
    "day": {
        "Adj Close": 40.540001,
        "Close": 40.540001,
        "Company": "TCBI",
        "Date": "2013-04-24",
        "High": 40.900002,
        "Low": 40.119999,
        "Open": 40.900002,
        "Volume": 463000,
        "day": 24,
        "month": 4
    }
}