{
    "day": {
        "Adj Close": 30.289946,
        "Close": 34.889999,
        "Company": "LPLA",
        "Date": "2011-04-26",
        "High": 35.279999,
        "Low": 34.389999,
        "Open": 34.610001,
        "Volume": 346900,
        "day": 26,
        "month": 4
    }
}