{
    "day": {
        "Adj Close": 30.081591,
        "Close": 34.650002,
        "Company": "LPLA",
        "Date": "2011-04-08",
        "High": 34.790001,
        "Low": 34.200001,
        "Open": 34.790001,
        "Volume": 259800,
        "day": 8,
        "month": 4
    }
}