{
    "day": {
        "Adj Close": 31.253599,
        "Close": 36.0,
        "Company": "LPLA",
        "Date": "2011-05-13",
        "High": 36.639999,
        "Low": 35.84,
        "Open": 36.380001,
        "Volume": 209100,
        "day": 13,
        "month": 5
    }
}