{
    "day": {
        "Adj Close": 30.420171,
        "Close": 35.040001,
        "Company": "LPLA",
        "Date": "2011-05-18",
        "High": 35.189999,
        "Low": 33.810001,
        "Open": 33.919998,
        "Volume": 373100,
        "day": 18,
        "month": 5
    }
}