{
    "day": {
        "Adj Close": 30.272583,
        "Close": 34.869999,
        "Company": "LPLA",
        "Date": "2011-05-26",
        "High": 35.150002,
        "Low": 34.389999,
        "Open": 34.439999,
        "Volume": 323300,
        "day": 26,
        "month": 5
    }
}