{
    "day": {
        "Adj Close": 188.770004, 
        "Close": 188.770004, 
        "Company": "TSLA", 
        "Date": "2015-03-31", 
        "High": 193.759995, 
        "Low": 188.410004, 
        "Open": 193.529999, 
        "Volume": 5026600, 
        "day": 31, 
        "month": 3
    }
}