{
    "day": {
        "Adj Close": 13.364402,
        "Close": 16.989995,
        "Company": "SONA",
        "Date": "2006-11-29",
        "High": 16.989995,
        "Low": 16.989995,
        "Open": 16.989995,
        "Volume": 400,
        "day": 3,
        "week": 48
    }
}