{
    "day": {
        "Adj Close": 38.802036, 
        "Close": 48.349998, 
        "Company": "TROW", 
        "Date": "2007-08-15", 
        "High": 50.189999, 
        "Low": 48.150002, 
        "Open": 48.84, 
        "Volume": 1612100, 
        "day": 3, 
        "week": 33
    }
}