{
    "day": {
        "Adj Close": 28.372611, 
        "Close": 72.360001, 
        "Company": "TROW", 
        "Date": "2005-12-01", 
        "High": 72.830002, 
        "Low": 72.080002, 
        "Open": 72.120003, 
        "Volume": 912800, 
        "day": 1, 
        "month": 12
    }
}