{
    "day": {
        "Adj Close": 28.427505, 
        "Close": 72.5, 
        "Company": "TROW", 
        "Date": "2005-12-27", 
        "High": 73.919998, 
        "Low": 72.5, 
        "Open": 73.269997, 
        "Volume": 787200, 
        "day": 27, 
        "month": 12
    }
}