{
    "day": {
        "Adj Close": 28.553464, 
        "Close": 72.540001, 
        "Company": "TROW", 
        "Date": "2005-12-28", 
        "High": 72.779999, 
        "Low": 71.809998, 
        "Open": 72.68, 
        "Volume": 1053600, 
        "day": 28, 
        "month": 12
    }
}