{
    "day": {
        "Adj Close": 28.22229, 
        "Close": 34.43, 
        "Company": "WBA", 
        "Date": "2001-10-23", 
        "High": 34.869999, 
        "Low": 34.16, 
        "Open": 34.52, 
        "Volume": 1238800, 
        "day": 2, 
        "week": 43
    }
}