{
    "day": {
        "Adj Close": 3.237431, 
        "Close": 38.624962, 
        "Company": "TROW", 
        "Date": "1995-04-04", 
        "High": 38.75, 
        "Low": 37.25, 
        "Open": 38.25, 
        "Volume": 2902400, 
        "day": 2, 
        "week": 14
    }
}