{
    "day": {
        "Adj Close": 55.779999,
        "Close": 55.779999,
        "Company": "TCBI",
        "Date": "2014-04-25",
        "High": 57.0,
        "Low": 55.400002,
        "Open": 56.240002,
        "Volume": 935400,
        "day": 5,
        "week": 17
    }
}