{
    "day": {
        "Adj Close": 21.542984, 
        "Close": 35.470001, 
        "Company": "MDLZ", 
        "Date": "2011-10-27", 
        "High": 35.700001, 
        "Low": 35.110001, 
        "Open": 35.66, 
        "Volume": 15826300, 
        "day": 4, 
        "week": 43
    }
}