{
    "day": {
        "Adj Close": 3.736315, 
        "Close": 38.75, 
        "Company": "WBA", 
        "Date": "1994-10-13", 
        "High": 39.25, 
        "Low": 38.75, 
        "Open": 39.124962, 
        "Volume": 2813600, 
        "day": 13, 
        "month": 10
    }
}