{
    "day": {
        "Adj Close": 3.748372, 
        "Close": 38.875038, 
        "Company": "WBA", 
        "Date": "1994-10-19", 
        "High": 39.124962, 
        "Low": 38.25, 
        "Open": 38.5, 
        "Volume": 3296800, 
        "day": 19, 
        "month": 10
    }
}