{
    "day": {
        "Adj Close": 3.941214, 
        "Close": 40.875038, 
        "Company": "WBA", 
        "Date": "1994-10-25", 
        "High": 40.875038, 
        "Low": 39.75, 
        "Open": 39.875038, 
        "Volume": 3465600, 
        "day": 25, 
        "month": 10
    }
}