{
    "day": {
        "Adj Close": 209.970001, 
        "Close": 209.970001, 
        "Company": "TSLA", 
        "Date": "2016-01-12", 
        "High": 213.740005, 
        "Low": 205.309998, 
        "Open": 211.600006, 
        "Volume": 3091900, 
        "day": 12, 
        "month": 1
    }
}