{
    "day": {
        "Adj Close": 206.179993, 
        "Close": 206.179993, 
        "Company": "TSLA", 
        "Date": "2016-01-14", 
        "High": 210.0, 
        "Low": 193.380005, 
        "Open": 202.210007, 
        "Volume": 6490700, 
        "day": 14, 
        "month": 1
    }
}