{
    "day": {
        "Adj Close": 191.199997, 
        "Close": 191.199997, 
        "Company": "TSLA", 
        "Date": "2016-01-29", 
        "High": 193.740005, 
        "Low": 188.080002, 
        "Open": 189.949997, 
        "Volume": 2841000, 
        "day": 29, 
        "month": 1
    }
}