{
    "day": {
        "Adj Close": 1.058117, 
        "Close": 25.5, 
        "Company": "WBA", 
        "Date": "1985-09-03", 
        "High": 25.62496, 
        "Low": 25.37504, 
        "Open": 25.62496, 
        "Volume": 1924800, 
        "day": 2, 
        "week": 36
    }
}