{
    "day": {
        "Adj Close": 1.058117, 
        "Close": 25.5, 
        "Company": "WBA", 
        "Date": "1985-09-04", 
        "High": 25.62496, 
        "Low": 25.24992, 
        "Open": 25.5, 
        "Volume": 835200, 
        "day": 3, 
        "week": 36
    }
}