{
    "day": {
        "Adj Close": 37.323322, 
        "Close": 38.23, 
        "Company": "MDLZ", 
        "Date": "2014-11-13", 
        "High": 38.330002, 
        "Low": 37.799999, 
        "Open": 38.139999, 
        "Volume": 6757900, 
        "day": 4, 
        "week": 46
    }
}