{
    "day": {
        "Adj Close": 47.600898,
        "Close": 49.84,
        "Company": "LPLA",
        "Date": "2014-06-25",
        "High": 50.240002,
        "Low": 49.279999,
        "Open": 49.540001,
        "Volume": 545500,
        "day": 3,
        "week": 26
    }
}