{
    "day": {
        "Adj Close": 17.663131, 
        "Close": 34.759998, 
        "Company": "MDLZ", 
        "Date": "2007-01-25", 
        "High": 35.369999, 
        "Low": 34.709999, 
        "Open": 35.119999, 
        "Volume": 3115700, 
        "day": 25, 
        "month": 1
    }
}