{
    "day": {
        "Adj Close": 17.744434, 
        "Close": 34.919998, 
        "Company": "MDLZ", 
        "Date": "2007-01-31", 
        "High": 35.200001, 
        "Low": 34.130001, 
        "Open": 34.580002, 
        "Volume": 7517700, 
        "day": 31, 
        "month": 1
    }
}