{
    "day": {
        "Adj Close": 15.034574,
        "Close": 18.559999,
        "Company": "SUNS",
        "Date": "2013-12-26",
        "High": 18.809999,
        "Low": 18.469999,
        "Open": 18.809999,
        "Volume": 19900,
        "day": 4,
        "week": 52
    }
}