{
    "day": {
        "Adj Close": 48.388529, 
        "Close": 60.110001, 
        "Company": "TROW", 
        "Date": "2007-10-25", 
        "High": 60.580002, 
        "Low": 58.919998, 
        "Open": 59.43, 
        "Volume": 1630300, 
        "day": 25, 
        "month": 10
    }
}