{
    "day": {
        "Adj Close": 46.456529, 
        "Close": 57.709999, 
        "Company": "TROW", 
        "Date": "2007-10-05", 
        "High": 57.790001, 
        "Low": 56.049999, 
        "Open": 56.360001, 
        "Volume": 1453900, 
        "day": 5, 
        "month": 10
    }
}