{
    "day": {
        "Adj Close": 47.116629, 
        "Close": 58.529999, 
        "Company": "TROW", 
        "Date": "2007-10-09", 
        "High": 58.529999, 
        "Low": 57.169998, 
        "Open": 57.470001, 
        "Volume": 1525200, 
        "day": 9, 
        "month": 10
    }
}