{
    "day": {
        "Adj Close": 19.765151, 
        "Close": 43.580002, 
        "Company": "MDLZ", 
        "Date": "2002-06-11", 
        "High": 43.599998, 
        "Low": 42.5, 
        "Open": 42.599998, 
        "Volume": 2036400, 
        "day": 11, 
        "month": 6
    }
}