{
    "day": {
        "Adj Close": 18.96239, 
        "Close": 41.810001, 
        "Company": "MDLZ", 
        "Date": "2002-06-07", 
        "High": 42.220001, 
        "Low": 41.549999, 
        "Open": 41.630001, 
        "Volume": 1081700, 
        "day": 7, 
        "month": 6
    }
}