{
    "day": {
        "Adj Close": 24.518902, 
        "Close": 26.110001, 
        "Company": "MDLZ", 
        "Date": "2012-11-08", 
        "High": 26.59, 
        "Low": 25.76, 
        "Open": 25.799999, 
        "Volume": 33180400, 
        "day": 4, 
        "week": 45
    }
}