{
    "day": {
        "Adj Close": 69.166304, 
        "Close": 70.199997, 
        "Company": "TROW", 
        "Date": "2015-10-15", 
        "High": 70.199997, 
        "Low": 69.129997, 
        "Open": 69.190002, 
        "Volume": 1201500, 
        "day": 4, 
        "week": 42
    }
}