{
    "day": {
        "Adj Close": 218.360001, 
        "Close": 218.360001, 
        "Company": "TSLA", 
        "Date": "2015-02-03", 
        "High": 220.369995, 
        "Low": 211.270004, 
        "Open": 213.220001, 
        "Volume": 4826200, 
        "day": 2, 
        "week": 6
    }
}