{
    "day": {
        "Adj Close": 218.550003, 
        "Close": 218.550003, 
        "Company": "TSLA", 
        "Date": "2015-02-04", 
        "High": 221.479996, 
        "Low": 216.800003, 
        "Open": 218.289993, 
        "Volume": 3305400, 
        "day": 3, 
        "week": 6
    }
}