{
    "day": {
        "Adj Close": 217.360001, 
        "Close": 217.360001, 
        "Company": "TSLA", 
        "Date": "2015-02-06", 
        "High": 223.399994, 
        "Low": 216.5, 
        "Open": 222.0, 
        "Volume": 3243900, 
        "day": 5, 
        "week": 6
    }
}