{
    "day": {
        "Adj Close": 31.656162, 
        "Close": 36.060001, 
        "Company": "WBA", 
        "Date": "2010-04-20", 
        "High": 36.330002, 
        "Low": 36.02, 
        "Open": 36.25, 
        "Volume": 3830100, 
        "day": 20, 
        "month": 4
    }
}