{
    "day": {
        "Adj Close": 31.489364, 
        "Close": 35.869999, 
        "Company": "WBA", 
        "Date": "2010-04-21", 
        "High": 36.200001, 
        "Low": 35.580002, 
        "Open": 36.02, 
        "Volume": 4419400, 
        "day": 21, 
        "month": 4
    }
}