{
    "day": {
        "Adj Close": 30.857296, 
        "Close": 35.150002, 
        "Company": "WBA", 
        "Date": "2010-04-30", 
        "High": 36.139999, 
        "Low": 35.130001, 
        "Open": 35.75, 
        "Volume": 6028600, 
        "day": 30, 
        "month": 4
    }
}