{
    "day": {
        "Adj Close": 23.957651, 
        "Close": 62.02, 
        "Company": "TROW", 
        "Date": "2004-12-13", 
        "High": 62.16, 
        "Low": 61.169998, 
        "Open": 61.93, 
        "Volume": 1196400, 
        "day": 13, 
        "month": 12
    }
}