{
    "day": {
        "Adj Close": 24.476899, 
        "Close": 63.130001, 
        "Company": "TROW", 
        "Date": "2004-12-22", 
        "High": 63.130001, 
        "Low": 61.150002, 
        "Open": 61.220001, 
        "Volume": 1828200, 
        "day": 22, 
        "month": 12
    }
}