{
    "day": {
        "Adj Close": 24.116317, 
        "Close": 62.200001, 
        "Company": "TROW", 
        "Date": "2004-12-30", 
        "High": 62.669998, 
        "Low": 62.029999, 
        "Open": 62.43, 
        "Volume": 697400, 
        "day": 30, 
        "month": 12
    }
}