{
    "day": {
        "Adj Close": 37.776377, 
        "Close": 44.689999, 
        "Company": "WBA", 
        "Date": "2007-05-23", 
        "High": 45.09, 
        "Low": 44.689999, 
        "Open": 44.810001, 
        "Volume": 3297600, 
        "day": 23, 
        "month": 5
    }
}