{
    "day": {
        "Adj Close": 37.691848, 
        "Close": 44.59, 
        "Company": "WBA", 
        "Date": "2007-05-24", 
        "High": 45.0, 
        "Low": 44.48, 
        "Open": 44.599998, 
        "Volume": 4173400, 
        "day": 24, 
        "month": 5
    }
}