{
    "day": {
        "Adj Close": 4.571605, 
        "Close": 47.0, 
        "Company": "WBA", 
        "Date": "1995-02-15", 
        "High": 47.875038, 
        "Low": 47.0, 
        "Open": 47.5, 
        "Volume": 2120000, 
        "day": 3, 
        "week": 7
    }
}