{
    "day": {
        "Adj Close": 36.521967, 
        "Close": 43.57, 
        "Company": "TROW", 
        "Date": "2009-09-03", 
        "High": 43.82, 
        "Low": 42.779999, 
        "Open": 42.779999, 
        "Volume": 1991400, 
        "day": 4, 
        "week": 36
    }
}