{
    "day": {
        "Adj Close": 15.239987, 
        "Close": 33.720001, 
        "Company": "MDLZ", 
        "Date": "2002-01-24", 
        "High": 34.599998, 
        "Low": 33.700001, 
        "Open": 34.400002, 
        "Volume": 1714100, 
        "day": 24, 
        "month": 1
    }
}