{
    "day": {
        "Adj Close": 15.402692, 
        "Close": 34.080002, 
        "Company": "MDLZ", 
        "Date": "2002-01-03", 
        "High": 34.950001, 
        "Low": 33.799999, 
        "Open": 34.950001, 
        "Volume": 961100, 
        "day": 3, 
        "month": 1
    }
}