{
    "day": {
        "Adj Close": 14.982372, 
        "Close": 33.150002, 
        "Company": "MDLZ", 
        "Date": "2002-01-07", 
        "High": 33.560001, 
        "Low": 32.5, 
        "Open": 32.5, 
        "Volume": 1192800, 
        "day": 7, 
        "month": 1
    }
}