{
    "day": {
        "Adj Close": 15.136037, 
        "Close": 33.490002, 
        "Company": "MDLZ", 
        "Date": "2002-01-08", 
        "High": 33.59, 
        "Low": 33.299999, 
        "Open": 33.5, 
        "Volume": 785500, 
        "day": 8, 
        "month": 1
    }
}