{
    "day": {
        "Adj Close": 16.52946, 
        "Close": 31.25, 
        "Company": "MDLZ", 
        "Date": "2008-04-24", 
        "High": 31.530001, 
        "Low": 30.82, 
        "Open": 31.030001, 
        "Volume": 5257300, 
        "day": 115, 
        "year": 2008
    }
}