{
    "day": {
        "Adj Close": 16.815089, 
        "Close": 31.790001, 
        "Company": "MDLZ", 
        "Date": "2008-05-08", 
        "High": 31.99, 
        "Low": 31.290001, 
        "Open": 31.290001, 
        "Volume": 5014400, 
        "day": 129, 
        "year": 2008
    }
}