{
    "day": {
        "Adj Close": 16.675514, 
        "Close": 31.799999, 
        "Company": "MDLZ", 
        "Date": "2008-01-14", 
        "High": 32.119999, 
        "Low": 31.58, 
        "Open": 32.119999, 
        "Volume": 8430900, 
        "day": 14, 
        "year": 2008
    }
}