{
    "day": {
        "Adj Close": 17.222375, 
        "Close": 32.560001, 
        "Company": "MDLZ", 
        "Date": "2008-05-20", 
        "High": 32.75, 
        "Low": 32.43, 
        "Open": 32.720001, 
        "Volume": 7527300, 
        "day": 141, 
        "year": 2008
    }
}