{
    "day": {
        "Adj Close": 16.287467, 
        "Close": 31.059999, 
        "Company": "MDLZ", 
        "Date": "2008-01-15", 
        "High": 31.790001, 
        "Low": 31.059999, 
        "Open": 31.639999, 
        "Volume": 9273700, 
        "day": 15, 
        "year": 2008
    }
}