{
    "day": {
        "Adj Close": 17.359899, 
        "Close": 32.82, 
        "Company": "MDLZ", 
        "Date": "2008-05-29", 
        "High": 32.939999, 
        "Low": 32.290001, 
        "Open": 32.400002, 
        "Volume": 5425100, 
        "day": 150, 
        "year": 2008
    }
}