{
    "day": {
        "Adj Close": 16.867983, 
        "Close": 31.889999, 
        "Company": "MDLZ", 
        "Date": "2008-06-04", 
        "High": 32.139999, 
        "Low": 31.76, 
        "Open": 32.0, 
        "Volume": 7819000, 
        "day": 156, 
        "year": 2008
    }
}