{
    "day": {
        "Adj Close": 16.011096, 
        "Close": 30.27, 
        "Company": "MDLZ", 
        "Date": "2008-06-16", 
        "High": 30.92, 
        "Low": 30.049999, 
        "Open": 30.85, 
        "Volume": 11066800, 
        "day": 168, 
        "year": 2008
    }
}