{
    "day": {
        "Adj Close": 15.450416, 
        "Close": 29.209999, 
        "Company": "MDLZ", 
        "Date": "2008-06-20", 
        "High": 29.73, 
        "Low": 29.01, 
        "Open": 29.57, 
        "Volume": 15802700, 
        "day": 172, 
        "year": 2008
    }
}