{
    "day": {
        "Adj Close": 15.460995, 
        "Close": 29.23, 
        "Company": "MDLZ", 
        "Date": "2008-06-24", 
        "High": 29.540001, 
        "Low": 28.870001, 
        "Open": 29.299999, 
        "Volume": 7284400, 
        "day": 176, 
        "year": 2008
    }
}