{
    "day": {
        "Adj Close": 15.626497, 
        "Close": 29.27, 
        "Company": "MDLZ", 
        "Date": "2008-07-14", 
        "High": 29.49, 
        "Low": 28.92, 
        "Open": 29.209999, 
        "Volume": 9289900, 
        "day": 196, 
        "year": 2008
    }
}