{
    "day": {
        "Adj Close": 15.808014, 
        "Close": 29.610001, 
        "Company": "MDLZ", 
        "Date": "2008-07-18", 
        "High": 30.0, 
        "Low": 29.389999, 
        "Open": 29.73, 
        "Volume": 23388500, 
        "day": 200, 
        "year": 2008
    }
}