{
    "day": {
        "Adj Close": 15.685222, 
        "Close": 29.379999, 
        "Company": "MDLZ", 
        "Date": "2008-07-25", 
        "High": 29.559999, 
        "Low": 29.17, 
        "Open": 29.33, 
        "Volume": 18200700, 
        "day": 207, 
        "year": 2008
    }
}