{
    "day": {
        "Adj Close": 17.105328, 
        "Close": 32.040001, 
        "Company": "MDLZ", 
        "Date": "2008-08-01", 
        "High": 32.25, 
        "Low": 31.67, 
        "Open": 31.67, 
        "Volume": 101679900, 
        "day": 214, 
        "year": 2008
    }
}