{
    "day": {
        "Adj Close": 17.452345, 
        "Close": 32.689999, 
        "Company": "MDLZ", 
        "Date": "2008-08-14", 
        "High": 32.950001, 
        "Low": 32.349998, 
        "Open": 32.650002, 
        "Volume": 18943100, 
        "day": 227, 
        "year": 2008
    }
}