{
    "day": {
        "Adj Close": 17.201426, 
        "Close": 32.220001, 
        "Company": "MDLZ", 
        "Date": "2008-08-25", 
        "High": 32.599998, 
        "Low": 32.119999, 
        "Open": 32.459999, 
        "Volume": 9654200, 
        "day": 238, 
        "year": 2008
    }
}