{
    "day": {
        "Adj Close": 17.121344, 
        "Close": 32.07, 
        "Company": "MDLZ", 
        "Date": "2008-08-26", 
        "High": 32.310001, 
        "Low": 31.92, 
        "Open": 32.220001, 
        "Volume": 11475900, 
        "day": 239, 
        "year": 2008
    }
}