{
    "day": {
        "Adj Close": 16.923811, 
        "Close": 31.700001, 
        "Company": "MDLZ", 
        "Date": "2008-09-02", 
        "High": 32.240002, 
        "Low": 31.57, 
        "Open": 31.84, 
        "Volume": 14112100, 
        "day": 246, 
        "year": 2008
    }
}