{
    "day": {
        "Adj Close": 17.863429, 
        "Close": 33.459999, 
        "Company": "MDLZ", 
        "Date": "2008-09-11", 
        "High": 33.490002, 
        "Low": 32.619999, 
        "Open": 32.959999, 
        "Volume": 15225600, 
        "day": 255, 
        "year": 2008
    }
}