{
    "day": {
        "Adj Close": 17.430992, 
        "Close": 32.650002, 
        "Company": "MDLZ", 
        "Date": "2008-09-17", 
        "High": 33.389999, 
        "Low": 32.580002, 
        "Open": 33.200001, 
        "Volume": 22708000, 
        "day": 261, 
        "year": 2008
    }
}