{
    "day": {
        "Adj Close": 18.012915, 
        "Close": 33.740002, 
        "Company": "MDLZ", 
        "Date": "2008-09-18", 
        "High": 34.0, 
        "Low": 33.009998, 
        "Open": 33.740002, 
        "Volume": 28348200, 
        "day": 262, 
        "year": 2008
    }
}