{
    "day": {
        "Adj Close": 18.055875, 
        "Close": 33.540001, 
        "Company": "MDLZ", 
        "Date": "2008-10-02", 
        "High": 34.0, 
        "Low": 33.099998, 
        "Open": 33.279999, 
        "Volume": 14059000, 
        "day": 276, 
        "year": 2008
    }
}