{
    "day": {
        "Adj Close": 14.669725, 
        "Close": 27.25, 
        "Company": "MDLZ", 
        "Date": "2008-10-10", 
        "High": 28.690001, 
        "Low": 25.559999, 
        "Open": 26.690001, 
        "Volume": 34995500, 
        "day": 284, 
        "year": 2008
    }
}