{
    "day": {
        "Adj Close": 16.424709, 
        "Close": 30.51, 
        "Company": "MDLZ", 
        "Date": "2008-11-04", 
        "High": 30.51, 
        "Low": 29.440001, 
        "Open": 29.940001, 
        "Volume": 12049100, 
        "day": 309, 
        "year": 2008
    }
}