{
    "day": {
        "Adj Close": 15.735635, 
        "Close": 29.23, 
        "Company": "MDLZ", 
        "Date": "2008-11-05", 
        "High": 30.530001, 
        "Low": 29.0, 
        "Open": 30.059999, 
        "Volume": 10726700, 
        "day": 310, 
        "year": 2008
    }
}