{
    "day": {
        "Adj Close": 14.443623, 
        "Close": 26.83, 
        "Company": "MDLZ", 
        "Date": "2008-11-17", 
        "High": 27.67, 
        "Low": 26.780001, 
        "Open": 27.030001, 
        "Volume": 12628200, 
        "day": 322, 
        "year": 2008
    }
}