{
    "day": {
        "Adj Close": 14.51899, 
        "Close": 26.969999, 
        "Company": "MDLZ", 
        "Date": "2008-11-26", 
        "High": 27.0, 
        "Low": 26.24, 
        "Open": 26.389999, 
        "Volume": 12096800, 
        "day": 331, 
        "year": 2008
    }
}