{
    "day": {
        "Adj Close": 14.05602, 
        "Close": 26.110001, 
        "Company": "MDLZ", 
        "Date": "2008-12-04", 
        "High": 26.889999, 
        "Low": 25.93, 
        "Open": 26.43, 
        "Volume": 10178200, 
        "day": 339, 
        "year": 2008
    }
}