{
    "day": {
        "Adj Close": 14.513607, 
        "Close": 26.959999, 
        "Company": "MDLZ", 
        "Date": "2008-12-12", 
        "High": 27.139999, 
        "Low": 26.23, 
        "Open": 26.629999, 
        "Volume": 11848200, 
        "day": 347, 
        "year": 2008
    }
}