{
    "day": {
        "Adj Close": 15.427473, 
        "Close": 29.42, 
        "Company": "MDLZ", 
        "Date": "2008-02-07", 
        "High": 29.77, 
        "Low": 29.120001, 
        "Open": 29.15, 
        "Volume": 9284200, 
        "day": 38, 
        "year": 2008
    }
}