{
    "day": {
        "Adj Close": 16.34515, 
        "Close": 31.17, 
        "Company": "MDLZ", 
        "Date": "2008-02-29", 
        "High": 32.080002, 
        "Low": 31.08, 
        "Open": 31.629999, 
        "Volume": 9556600, 
        "day": 60, 
        "year": 2008
    }
}