{
    "day": {
        "Adj Close": 16.748929, 
        "Close": 31.940001, 
        "Company": "MDLZ", 
        "Date": "2008-01-07", 
        "High": 32.119999, 
        "Low": 31.379999, 
        "Open": 31.389999, 
        "Volume": 8410500, 
        "day": 7, 
        "year": 2008
    }
}