{
    "day": {
        "Adj Close": 16.476565, 
        "Close": 31.15, 
        "Company": "MDLZ", 
        "Date": "2008-03-20", 
        "High": 31.25, 
        "Low": 30.209999, 
        "Open": 30.209999, 
        "Volume": 13235600, 
        "day": 80, 
        "year": 2008
    }
}