{
    "day": {
        "Adj Close": 16.682853, 
        "Close": 31.540001, 
        "Company": "MDLZ", 
        "Date": "2008-04-04", 
        "High": 31.690001, 
        "Low": 31.18, 
        "Open": 31.190001, 
        "Volume": 8520300, 
        "day": 95, 
        "year": 2008
    }
}