{
    "day": {
        "Adj Close": 3.901912, 
        "Close": 46.0, 
        "Company": "TROW", 
        "Date": "1996-01-17", 
        "High": 46.5, 
        "Low": 42.624962, 
        "Open": 43.25, 
        "Volume": 3400000, 
        "day": 17, 
        "year": 1996
    }
}