{
    "day": {
        "Adj Close": 4.580506, 
        "Close": 54.0, 
        "Company": "TROW", 
        "Date": "1996-02-01", 
        "High": 55.0, 
        "Low": 53.624962, 
        "Open": 54.25, 
        "Volume": 1238400, 
        "day": 32, 
        "year": 1996
    }
}