{
    "day": {
        "Adj Close": 6.321143, 
        "Close": 36.85936, 
        "Company": "TROW", 
        "Date": "1996-11-25", 
        "High": 37.625, 
        "Low": 36.5, 
        "Open": 37.125, 
        "Volume": 526400, 
        "day": 330, 
        "year": 1996
    }
}