{
    "day": {
        "Adj Close": 4.039748, 
        "Close": 47.624962, 
        "Company": "TROW", 
        "Date": "1996-01-04", 
        "High": 48.75, 
        "Low": 47.5, 
        "Open": 48.75, 
        "Volume": 2800000, 
        "day": 4, 
        "year": 1996
    }
}