{
    "day": {
        "Adj Close": 4.645797, 
        "Close": 54.562481, 
        "Company": "TROW", 
        "Date": "1996-04-02", 
        "High": 56.0, 
        "Low": 54.5, 
        "Open": 54.75, 
        "Volume": 1144800, 
        "day": 93, 
        "year": 1996
    }
}