{
    "day": {
        "Adj Close": 204.720001, 
        "Close": 204.720001, 
        "Company": "TSLA", 
        "Date": "2016-01-19", 
        "High": 210.470001, 
        "Low": 200.779999, 
        "Open": 208.710007, 
        "Volume": 4038700, 
        "day": 2, 
        "week": 3
    }
}