{
    "day": {
        "Adj Close": 81.371128, 
        "Close": 86.389999, 
        "Company": "TROW", 
        "Date": "2014-12-18", 
        "High": 86.400002, 
        "Low": 84.690002, 
        "Open": 85.25, 
        "Volume": 1977200, 
        "day": 18, 
        "month": 12
    }
}