{
    "day": {
        "Adj Close": 82.265934, 
        "Close": 87.339996, 
        "Company": "TROW", 
        "Date": "2014-12-24", 
        "High": 87.870003, 
        "Low": 87.199997, 
        "Open": 87.580002, 
        "Volume": 417500, 
        "day": 24, 
        "month": 12
    }
}