{
    "day": {
        "Adj Close": 78.378633, 
        "Close": 83.650002, 
        "Company": "TROW", 
        "Date": "2014-12-04", 
        "High": 83.849998, 
        "Low": 83.120003, 
        "Open": 83.589996, 
        "Volume": 756600, 
        "day": 4, 
        "month": 12
    }
}