{
    "day": {
        "Adj Close": 33.194167, 
        "Close": 39.599998, 
        "Company": "TROW", 
        "Date": "2009-07-13", 
        "High": 39.82, 
        "Low": 37.48, 
        "Open": 37.779999, 
        "Volume": 3611500, 
        "day": 1, 
        "week": 29
    }
}