{
    "day": {
        "Adj Close": 12.979912,
        "Close": 17.51,
        "Company": "SUNS",
        "Date": "2012-11-01",
        "High": 17.74,
        "Low": 17.49,
        "Open": 17.559999,
        "Volume": 27800,
        "day": 1,
        "month": 11
    }
}