{
    "day": {
        "Adj Close": 12.81683,
        "Close": 17.290001,
        "Company": "SUNS",
        "Date": "2012-11-14",
        "High": 17.799999,
        "Low": 17.290001,
        "Open": 17.799999,
        "Volume": 36100,
        "day": 14,
        "month": 11
    }
}