{
    "day": {
        "Adj Close": 13.271642,
        "Close": 17.780001,
        "Company": "SUNS",
        "Date": "2012-11-21",
        "High": 17.780001,
        "Low": 17.129999,
        "Open": 17.129999,
        "Volume": 11400,
        "day": 21,
        "month": 11
    }
}