{
    "day": {
        "Adj Close": 13.555287,
        "Close": 18.16,
        "Company": "SUNS",
        "Date": "2012-11-30",
        "High": 18.25,
        "Low": 17.870001,
        "Open": 18.18,
        "Volume": 126400,
        "day": 30,
        "month": 11
    }
}