{
    "day": {
        "Adj Close": 13.009563,
        "Close": 17.549999,
        "Company": "SUNS",
        "Date": "2012-11-05",
        "High": 17.889999,
        "Low": 17.389999,
        "Open": 17.48,
        "Volume": 32800,
        "day": 5,
        "month": 11
    }
}