{
    "day": {
        "Adj Close": 13.091105,
        "Close": 17.66,
        "Company": "SUNS",
        "Date": "2012-11-08",
        "High": 17.879999,
        "Low": 17.66,
        "Open": 17.67,
        "Volume": 14700,
        "day": 8,
        "month": 11
    }
}