{
    "day": {
        "Adj Close": 25.825864, 
        "Close": 66.110001, 
        "Company": "TROW", 
        "Date": "2005-07-18", 
        "High": 66.309998, 
        "Low": 65.580002, 
        "Open": 65.580002, 
        "Volume": 1002400, 
        "day": 1, 
        "week": 29
    }
}