{
    "day": {
        "Adj Close": 26.071972, 
        "Close": 66.739998, 
        "Company": "TROW", 
        "Date": "2005-07-22", 
        "High": 66.839996, 
        "Low": 66.230003, 
        "Open": 66.480003, 
        "Volume": 1084400, 
        "day": 5, 
        "week": 29
    }
}