{
    "day": {
        "Adj Close": 15.868281, 
        "Close": 30.0, 
        "Company": "MDLZ", 
        "Date": "2008-06-18", 
        "High": 30.42, 
        "Low": 29.950001, 
        "Open": 30.190001, 
        "Volume": 7300700, 
        "day": 18, 
        "month": 6
    }
}