{
    "day": {
        "Adj Close": 4.790459, 
        "Close": 49.25, 
        "Company": "WBA", 
        "Date": "1995-03-22", 
        "High": 49.25, 
        "Low": 48.124962, 
        "Open": 48.75, 
        "Volume": 3158400, 
        "day": 3, 
        "week": 12
    }
}