{
    "day": {
        "Adj Close": 4.778296, 
        "Close": 49.124962, 
        "Company": "WBA", 
        "Date": "1995-03-23", 
        "High": 49.375038, 
        "Low": 48.75, 
        "Open": 49.124962, 
        "Volume": 2087200, 
        "day": 4, 
        "week": 12
    }
}