{
    "day": {
        "Adj Close": 1.010988, 
        "Close": 54.0, 
        "Company": "TROW", 
        "Date": "1989-10-04", 
        "High": 54.0, 
        "Low": 53.50016, 
        "Open": 53.50016, 
        "Volume": 32000, 
        "day": 3, 
        "week": 40
    }
}