{
    "day": {
        "Adj Close": 1.010988, 
        "Close": 54.0, 
        "Company": "TROW", 
        "Date": "1989-10-05", 
        "High": 54.49984, 
        "Low": 53.50016, 
        "Open": 53.50016, 
        "Volume": 86400, 
        "day": 4, 
        "week": 40
    }
}