{
    "day": {
        "Adj Close": 31.540001, 
        "Close": 31.540001, 
        "Company": "TSLA", 
        "Date": "2012-11-07", 
        "High": 32.049999, 
        "Low": 30.809999, 
        "Open": 31.0, 
        "Volume": 1714500, 
        "day": 3, 
        "week": 45
    }
}