{
    "day": {
        "Adj Close": 14.702025, 
        "Close": 27.309999, 
        "Company": "MDLZ", 
        "Date": "2008-12-16", 
        "High": 27.5, 
        "Low": 26.76, 
        "Open": 26.879999, 
        "Volume": 15825000, 
        "day": 2, 
        "week": 51
    }
}