{
    "day": {
        "Adj Close": 69.90526, 
        "Close": 70.949997, 
        "Company": "TROW", 
        "Date": "2015-09-15", 
        "High": 71.510002, 
        "Low": 70.169998, 
        "Open": 70.580002, 
        "Volume": 1900100, 
        "day": 2, 
        "week": 38
    }
}