{
    "day": {
        "Adj Close": 31.480586, 
        "Close": 35.860001, 
        "Company": "WBA", 
        "Date": "2010-05-13", 
        "High": 36.709999, 
        "Low": 35.84, 
        "Open": 36.470001, 
        "Volume": 5414900, 
        "day": 13, 
        "month": 5
    }
}