{
    "day": {
        "Adj Close": 28.82668, 
        "Close": 32.709999, 
        "Company": "WBA", 
        "Date": "2010-05-20", 
        "High": 33.75, 
        "Low": 32.700001, 
        "Open": 33.68, 
        "Volume": 16188800, 
        "day": 20, 
        "month": 5
    }
}