{
    "day": {
        "Adj Close": 51.459999,
        "Close": 51.459999,
        "Company": "TCBI",
        "Date": "2015-08-21",
        "High": 52.150002,
        "Low": 50.790001,
        "Open": 51.049999,
        "Volume": 579900,
        "day": 5,
        "week": 34
    }
}