{
    "day": {
        "Adj Close": 24.34,
        "Close": 24.34,
        "Company": "TCBI",
        "Date": "2011-10-04",
        "High": 24.35,
        "Low": 21.700001,
        "Open": 21.799999,
        "Volume": 409700,
        "day": 2,
        "week": 40
    }
}