{
    "day": {
        "Adj Close": 36.371084, 
        "Close": 43.389999, 
        "Company": "TROW", 
        "Date": "2009-06-11", 
        "High": 44.349998, 
        "Low": 43.310001, 
        "Open": 43.720001, 
        "Volume": 2515600, 
        "day": 4, 
        "week": 24
    }
}