{
    "day": {
        "Adj Close": 23.219999, 
        "Close": 23.219999, 
        "Company": "TSLA", 
        "Date": "2011-02-10", 
        "High": 23.639999, 
        "Low": 22.809999, 
        "Open": 23.26, 
        "Volume": 836100, 
        "day": 4, 
        "week": 6
    }
}