{
    "day": {
        "Adj Close": 76.3173, 
        "Close": 78.029999, 
        "Company": "TROW", 
        "Date": "2015-06-15", 
        "High": 78.330002, 
        "Low": 77.410004, 
        "Open": 77.629997, 
        "Volume": 1565600, 
        "day": 15, 
        "month": 6
    }
}