{
    "day": {
        "Adj Close": 76.377664, 
        "Close": 78.610001, 
        "Company": "TROW", 
        "Date": "2015-06-08", 
        "High": 79.599998, 
        "Low": 78.559998, 
        "Open": 79.059998, 
        "Volume": 1372300, 
        "day": 8, 
        "month": 6
    }
}