{
    "day": {
        "Adj Close": 15.778702, 
        "Close": 29.309999, 
        "Company": "MDLZ", 
        "Date": "2008-11-03", 
        "High": 29.57, 
        "Low": 28.799999, 
        "Open": 29.120001, 
        "Volume": 8425500, 
        "day": 1, 
        "week": 45
    }
}