{
    "day": {
        "Adj Close": 39.056316,
        "Close": 39.75,
        "Company": "LPLA",
        "Date": "2015-09-11",
        "High": 39.810001,
        "Low": 39.23,
        "Open": 39.5,
        "Volume": 565800,
        "day": 11,
        "month": 9
    }
}