{
    "day": {
        "Adj Close": 40.844555,
        "Close": 41.57,
        "Company": "LPLA",
        "Date": "2015-09-23",
        "High": 42.18,
        "Low": 40.880001,
        "Open": 40.91,
        "Volume": 1584800,
        "day": 23,
        "month": 9
    }
}