{
    "day": {
        "Adj Close": 38.525739,
        "Close": 39.209999,
        "Company": "LPLA",
        "Date": "2015-09-03",
        "High": 40.23,
        "Low": 39.0,
        "Open": 39.619999,
        "Volume": 822900,
        "day": 3,
        "month": 9
    }
}