{
    "day": {
        "Adj Close": 71.426221, 
        "Close": 76.230003, 
        "Company": "TROW", 
        "Date": "2014-10-20", 
        "High": 76.269997, 
        "Low": 75.43, 
        "Open": 75.989998, 
        "Volume": 1164300, 
        "day": 20, 
        "month": 10
    }
}