{
    "day": {
        "Adj Close": 73.215855, 
        "Close": 78.139999, 
        "Company": "TROW", 
        "Date": "2014-10-06", 
        "High": 78.489998, 
        "Low": 77.660004, 
        "Open": 78.300003, 
        "Volume": 872900, 
        "day": 6, 
        "month": 10
    }
}