{
    "day": {
        "Adj Close": 71.576135, 
        "Close": 76.389999, 
        "Company": "TROW", 
        "Date": "2014-10-07", 
        "High": 78.110001, 
        "Low": 76.379997, 
        "Open": 77.510002, 
        "Volume": 1354600, 
        "day": 7, 
        "month": 10
    }
}