{
    "day": {
        "Adj Close": 3.492629, 
        "Close": 37.0, 
        "Company": "WBA", 
        "Date": "1993-07-20", 
        "High": 38.124962, 
        "Low": 36.75, 
        "Open": 38.0, 
        "Volume": 4471200, 
        "day": 2, 
        "week": 29
    }
}