{
    "day": {
        "Adj Close": 2.59333, 
        "Close": 31.62496, 
        "Company": "TROW", 
        "Date": "1994-03-07", 
        "High": 31.75, 
        "Low": 31.0, 
        "Open": 31.75, 
        "Volume": 212800, 
        "day": 1, 
        "week": 10
    }
}