{
    "day": {
        "Adj Close": 26.226134, 
        "Close": 31.959999, 
        "Company": "WBA", 
        "Date": "2001-12-10", 
        "High": 33.060001, 
        "Low": 31.950001, 
        "Open": 33.060001, 
        "Volume": 2987800, 
        "day": 10, 
        "month": 12
    }
}