{
    "day": {
        "Adj Close": 27.621142, 
        "Close": 33.66, 
        "Company": "WBA", 
        "Date": "2001-12-31", 
        "High": 33.860001, 
        "Low": 33.5, 
        "Open": 33.75, 
        "Volume": 2400500, 
        "day": 31, 
        "month": 12
    }
}