{
    "day": {
        "Adj Close": 30.133678,
        "Close": 34.709999,
        "Company": "LPLA",
        "Date": "2010-12-03",
        "High": 35.029999,
        "Low": 34.369999,
        "Open": 34.380001,
        "Volume": 140600,
        "day": 337,
        "year": 2010
    }
}