{
    "day": {
        "Adj Close": 30.255219,
        "Close": 34.849998,
        "Company": "LPLA",
        "Date": "2010-12-10",
        "High": 35.790001,
        "Low": 34.599998,
        "Open": 34.889999,
        "Volume": 290200,
        "day": 344,
        "year": 2010
    }
}