{
    "day": {
        "Adj Close": 31.574816,
        "Close": 36.369999,
        "Company": "LPLA",
        "Date": "2010-12-31",
        "High": 37.220001,
        "Low": 35.189999,
        "Open": 36.299999,
        "Volume": 81000,
        "day": 365,
        "year": 2010
    }
}