{
    "day": {
        "Adj Close": 55.310001,
        "Close": 55.310001,
        "Company": "TCBI",
        "Date": "2014-05-05",
        "High": 56.029999,
        "Low": 54.720001,
        "Open": 55.240002,
        "Volume": 289300,
        "day": 1,
        "week": 19
    }
}