{
    "day": {
        "Adj Close": 53.689999,
        "Close": 53.689999,
        "Company": "TCBI",
        "Date": "2014-05-06",
        "High": 55.240002,
        "Low": 53.650002,
        "Open": 55.0,
        "Volume": 677600,
        "day": 2,
        "week": 19
    }
}