{
    "day": {
        "Adj Close": 13.154321, 
        "Close": 36.310001, 
        "Company": "TROW", 
        "Date": "2001-06-11", 
        "High": 36.810001, 
        "Low": 35.540001, 
        "Open": 36.560001, 
        "Volume": 234400, 
        "day": 1, 
        "week": 24
    }
}