{
    "day": {
        "Adj Close": 42.700001, 
        "Close": 42.700001, 
        "Company": "MDLZ", 
        "Date": "2016-04-13", 
        "High": 42.98, 
        "Low": 42.299999, 
        "Open": 42.66, 
        "Volume": 7387600, 
        "day": 13, 
        "month": 4
    }
}