{
    "day": {
        "Adj Close": 46.512032, 
        "Close": 57.040001, 
        "Company": "TROW", 
        "Date": "2008-08-25", 
        "High": 58.880001, 
        "Low": 56.650002, 
        "Open": 58.880001, 
        "Volume": 2045200, 
        "day": 1, 
        "week": 35
    }
}