{
    "day": {
        "Adj Close": 19.882207, 
        "Close": 23.219999, 
        "Company": "WBA", 
        "Date": "2008-10-10", 
        "High": 26.23, 
        "Low": 22.299999, 
        "Open": 23.860001, 
        "Volume": 28559100, 
        "day": 10, 
        "month": 10
    }
}