{
    "day": {
        "Adj Close": 21.055275, 
        "Close": 24.59, 
        "Company": "WBA", 
        "Date": "2008-10-13", 
        "High": 24.809999, 
        "Low": 23.889999, 
        "Open": 24.629999, 
        "Volume": 11764800, 
        "day": 13, 
        "month": 10
    }
}