{
    "day": {
        "Adj Close": 18.323826, 
        "Close": 21.4, 
        "Company": "WBA", 
        "Date": "2008-10-27", 
        "High": 22.9, 
        "Low": 21.280001, 
        "Open": 21.92, 
        "Volume": 10238400, 
        "day": 27, 
        "month": 10
    }
}