{
    "day": {
        "Adj Close": 23.940849, 
        "Close": 27.959999, 
        "Company": "WBA", 
        "Date": "2008-10-03", 
        "High": 29.639999, 
        "Low": 27.85, 
        "Open": 29.639999, 
        "Volume": 10833000, 
        "day": 3, 
        "month": 10
    }
}