{
    "day": {
        "Adj Close": 22.416719, 
        "Close": 26.18, 
        "Company": "WBA", 
        "Date": "2008-10-08", 
        "High": 27.559999, 
        "Low": 26.09, 
        "Open": 26.1, 
        "Volume": 12239000, 
        "day": 8, 
        "month": 10
    }
}