{
    "day": {
        "Adj Close": 39.24505, 
        "Close": 45.830002, 
        "Company": "TROW", 
        "Date": "2010-08-23", 
        "High": 46.389999, 
        "Low": 45.82, 
        "Open": 46.25, 
        "Volume": 1264600, 
        "day": 1, 
        "week": 34
    }
}