{
    "day": {
        "Adj Close": 14.733054,
        "Close": 18.540001,
        "Company": "SUNS",
        "Date": "2013-10-14",
        "High": 18.889999,
        "Low": 18.23,
        "Open": 18.780001,
        "Volume": 44200,
        "day": 14,
        "month": 10
    }
}