{
    "day": {
        "Adj Close": 14.945664,
        "Close": 18.690001,
        "Company": "SUNS",
        "Date": "2013-10-22",
        "High": 18.75,
        "Low": 18.65,
        "Open": 18.709999,
        "Volume": 32400,
        "day": 22,
        "month": 10
    }
}