{
    "day": {
        "Adj Close": 14.449874,
        "Close": 18.07,
        "Company": "SUNS",
        "Date": "2013-10-30",
        "High": 18.42,
        "Low": 18.07,
        "Open": 18.309999,
        "Volume": 39600,
        "day": 30,
        "month": 10
    }
}