{
    "day": {
        "Adj Close": 14.518495,
        "Close": 18.27,
        "Company": "SUNS",
        "Date": "2013-10-07",
        "High": 18.379999,
        "Low": 17.92,
        "Open": 17.92,
        "Volume": 28100,
        "day": 7,
        "month": 10
    }
}