{
    "day": {
        "Adj Close": 30.494939, 
        "Close": 33.290001, 
        "Company": "WBA", 
        "Date": "2012-04-12", 
        "High": 33.470001, 
        "Low": 33.0, 
        "Open": 33.060001, 
        "Volume": 7012800, 
        "day": 103, 
        "year": 2012
    }
}