{
    "day": {
        "Adj Close": 32.913281, 
        "Close": 35.93, 
        "Company": "WBA", 
        "Date": "2012-04-20", 
        "High": 36.040001, 
        "Low": 35.57, 
        "Open": 35.619999, 
        "Volume": 9579000, 
        "day": 111, 
        "year": 2012
    }
}