{
    "day": {
        "Adj Close": 32.336176, 
        "Close": 35.299999, 
        "Company": "WBA", 
        "Date": "2012-04-25", 
        "High": 35.779999, 
        "Low": 35.259998, 
        "Open": 35.5, 
        "Volume": 6750400, 
        "day": 116, 
        "year": 2012
    }
}