{
    "day": {
        "Adj Close": 30.99876, 
        "Close": 33.84, 
        "Company": "WBA", 
        "Date": "2012-05-03", 
        "High": 34.259998, 
        "Low": 33.799999, 
        "Open": 34.23, 
        "Volume": 7561000, 
        "day": 124, 
        "year": 2012
    }
}