{
    "day": {
        "Adj Close": 31.191127, 
        "Close": 34.049999, 
        "Company": "WBA", 
        "Date": "2012-05-10", 
        "High": 34.139999, 
        "Low": 33.880001, 
        "Open": 34.080002, 
        "Volume": 5307200, 
        "day": 131, 
        "year": 2012
    }
}