{
    "day": {
        "Adj Close": 28.916302, 
        "Close": 31.35, 
        "Company": "WBA", 
        "Date": "2012-05-21", 
        "High": 31.51, 
        "Low": 31.049999, 
        "Open": 31.27, 
        "Volume": 6983100, 
        "day": 142, 
        "year": 2012
    }
}