{
    "day": {
        "Adj Close": 28.925526, 
        "Close": 31.360001, 
        "Company": "WBA", 
        "Date": "2012-05-25", 
        "High": 31.559999, 
        "Low": 31.200001, 
        "Open": 31.309999, 
        "Volume": 3155300, 
        "day": 146, 
        "year": 2012
    }
}