{
    "day": {
        "Adj Close": 30.214899, 
        "Close": 33.200001, 
        "Company": "WBA", 
        "Date": "2012-01-17", 
        "High": 33.330002, 
        "Low": 32.82, 
        "Open": 32.93, 
        "Volume": 6342000, 
        "day": 17, 
        "year": 2012
    }
}