{
    "day": {
        "Adj Close": 29.478947, 
        "Close": 31.959999, 
        "Company": "WBA", 
        "Date": "2012-06-18", 
        "High": 32.18, 
        "Low": 31.549999, 
        "Open": 31.700001, 
        "Volume": 6011500, 
        "day": 170, 
        "year": 2012
    }
}