{
    "day": {
        "Adj Close": 26.942429, 
        "Close": 29.209999, 
        "Company": "WBA", 
        "Date": "2012-06-20", 
        "High": 29.629999, 
        "Low": 28.530001, 
        "Open": 29.610001, 
        "Volume": 32955500, 
        "day": 172, 
        "year": 2012
    }
}