{
    "day": {
        "Adj Close": 27.551195, 
        "Close": 29.870001, 
        "Company": "WBA", 
        "Date": "2012-07-05", 
        "High": 30.030001, 
        "Low": 29.35, 
        "Open": 29.379999, 
        "Volume": 9739500, 
        "day": 187, 
        "year": 2012
    }
}