{
    "day": {
        "Adj Close": 27.597313, 
        "Close": 29.92, 
        "Company": "WBA", 
        "Date": "2012-07-10", 
        "High": 29.950001, 
        "Low": 29.68, 
        "Open": 29.73, 
        "Volume": 8705000, 
        "day": 192, 
        "year": 2012
    }
}