{
    "day": {
        "Adj Close": 27.615761, 
        "Close": 29.940001, 
        "Company": "WBA", 
        "Date": "2012-07-11", 
        "High": 30.23, 
        "Low": 29.68, 
        "Open": 29.93, 
        "Volume": 9287800, 
        "day": 193, 
        "year": 2012
    }
}