{
    "day": {
        "Adj Close": 28.132287, 
        "Close": 30.5, 
        "Company": "WBA", 
        "Date": "2012-07-16", 
        "High": 30.58, 
        "Low": 30.27, 
        "Open": 30.540001, 
        "Volume": 5127600, 
        "day": 198, 
        "year": 2012
    }
}