{
    "day": {
        "Adj Close": 31.932451, 
        "Close": 34.619999, 
        "Company": "WBA", 
        "Date": "2012-07-19", 
        "High": 35.0, 
        "Low": 34.0, 
        "Open": 34.200001, 
        "Volume": 56225400, 
        "day": 201, 
        "year": 2012
    }
}