{
    "day": {
        "Adj Close": 33.177653, 
        "Close": 35.970001, 
        "Company": "WBA", 
        "Date": "2012-08-13", 
        "High": 36.16, 
        "Low": 35.68, 
        "Open": 36.09, 
        "Volume": 3767000, 
        "day": 226, 
        "year": 2012
    }
}