{
    "day": {
        "Adj Close": 33.184163, 
        "Close": 35.700001, 
        "Company": "WBA", 
        "Date": "2012-09-04", 
        "High": 35.860001, 
        "Low": 35.369999, 
        "Open": 35.639999, 
        "Volume": 5027500, 
        "day": 248, 
        "year": 2012
    }
}