{
    "day": {
        "Adj Close": 32.477719, 
        "Close": 34.939999, 
        "Company": "WBA", 
        "Date": "2012-09-07", 
        "High": 35.32, 
        "Low": 34.82, 
        "Open": 35.18, 
        "Volume": 9273100, 
        "day": 251, 
        "year": 2012
    }
}