{
    "day": {
        "Adj Close": 32.663626, 
        "Close": 35.139999, 
        "Company": "WBA", 
        "Date": "2012-09-10", 
        "High": 35.299999, 
        "Low": 34.84, 
        "Open": 34.919998, 
        "Volume": 4373200, 
        "day": 254, 
        "year": 2012
    }
}