{
    "day": {
        "Adj Close": 34.308891, 
        "Close": 36.91, 
        "Company": "WBA", 
        "Date": "2012-10-02", 
        "High": 37.349998, 
        "Low": 36.580002, 
        "Open": 37.169998, 
        "Volume": 5779800, 
        "day": 276, 
        "year": 2012
    }
}