{
    "day": {
        "Adj Close": 33.806945, 
        "Close": 36.369999, 
        "Company": "WBA", 
        "Date": "2012-10-16", 
        "High": 36.57, 
        "Low": 36.200001, 
        "Open": 36.369999, 
        "Volume": 4463800, 
        "day": 290, 
        "year": 2012
    }
}