{
    "day": {
        "Adj Close": 32.840239, 
        "Close": 35.330002, 
        "Company": "WBA", 
        "Date": "2012-10-25", 
        "High": 35.799999, 
        "Low": 35.23, 
        "Open": 35.68, 
        "Volume": 3974000, 
        "day": 299, 
        "year": 2012
    }
}