{
    "day": {
        "Adj Close": 30.137824, 
        "Close": 32.16, 
        "Company": "WBA", 
        "Date": "2012-11-16", 
        "High": 32.509998, 
        "Low": 31.879999, 
        "Open": 32.240002, 
        "Volume": 5185100, 
        "day": 321, 
        "year": 2012
    }
}