{
    "day": {
        "Adj Close": 30.515226, 
        "Close": 33.529999, 
        "Company": "WBA", 
        "Date": "2012-02-02", 
        "High": 33.91, 
        "Low": 33.209999, 
        "Open": 33.32, 
        "Volume": 10113400, 
        "day": 33, 
        "year": 2012
    }
}