{
    "day": {
        "Adj Close": 31.627847, 
        "Close": 33.75, 
        "Company": "WBA", 
        "Date": "2012-11-29", 
        "High": 33.799999, 
        "Low": 33.25, 
        "Open": 33.380001, 
        "Volume": 4867800, 
        "day": 334, 
        "year": 2012
    }
}