{
    "day": {
        "Adj Close": 34.064361, 
        "Close": 36.349998, 
        "Company": "WBA", 
        "Date": "2012-12-10", 
        "High": 36.400002, 
        "Low": 36.049999, 
        "Open": 36.080002, 
        "Volume": 6188800, 
        "day": 345, 
        "year": 2012
    }
}