{
    "day": {
        "Adj Close": 31.661938, 
        "Close": 34.790001, 
        "Company": "WBA", 
        "Date": "2012-02-13", 
        "High": 34.98, 
        "Low": 34.59, 
        "Open": 34.619999, 
        "Volume": 10034500, 
        "day": 44, 
        "year": 2012
    }
}