{
    "day": {
        "Adj Close": 29.778057, 
        "Close": 32.720001, 
        "Company": "WBA", 
        "Date": "2012-01-05", 
        "High": 33.150002, 
        "Low": 32.459999, 
        "Open": 32.490002, 
        "Volume": 9351200, 
        "day": 5, 
        "year": 2012
    }
}