{
    "day": {
        "Adj Close": 30.018598, 
        "Close": 32.77, 
        "Company": "WBA", 
        "Date": "2012-03-01", 
        "High": 33.330002, 
        "Low": 32.540001, 
        "Open": 32.720001, 
        "Volume": 13422600, 
        "day": 61, 
        "year": 2012
    }
}