{
    "day": {
        "Adj Close": 31.484259, 
        "Close": 34.369999, 
        "Company": "WBA", 
        "Date": "2012-03-26", 
        "High": 34.380001, 
        "Low": 33.630001, 
        "Open": 33.779999, 
        "Volume": 9993300, 
        "day": 86, 
        "year": 2012
    }
}