{
    "day": {
        "Adj Close": 19.714482, 
        "Close": 24.25, 
        "Company": "WBA", 
        "Date": "1999-10-14", 
        "High": 24.46875, 
        "Low": 23.9375, 
        "Open": 24.0, 
        "Volume": 1669400, 
        "day": 287, 
        "year": 1999
    }
}