{
    "day": {
        "Adj Close": 31.040886, 
        "Close": 34.830002, 
        "Company": "WBA", 
        "Date": "2010-11-12", 
        "High": 35.169998, 
        "Low": 34.439999, 
        "Open": 34.939999, 
        "Volume": 5531200, 
        "day": 12, 
        "month": 11
    }
}