{
    "day": {
        "Adj Close": 30.31009, 
        "Close": 34.009998, 
        "Company": "WBA", 
        "Date": "2010-11-17", 
        "High": 34.299999, 
        "Low": 33.830002, 
        "Open": 33.900002, 
        "Volume": 5744700, 
        "day": 17, 
        "month": 11
    }
}