{
    "day": {
        "Adj Close": 30.978498, 
        "Close": 34.759998, 
        "Company": "WBA", 
        "Date": "2010-11-19", 
        "High": 34.790001, 
        "Low": 34.259998, 
        "Open": 34.400002, 
        "Volume": 6418000, 
        "day": 19, 
        "month": 11
    }
}