{
    "day": {
        "Adj Close": 30.577456, 
        "Close": 34.310001, 
        "Company": "WBA", 
        "Date": "2010-11-24", 
        "High": 34.349998, 
        "Low": 34.029999, 
        "Open": 34.080002, 
        "Volume": 5088700, 
        "day": 24, 
        "month": 11
    }
}