{
    "day": {
        "Adj Close": 1.286247, 
        "Close": 30.5, 
        "Company": "WBA", 
        "Date": "1986-09-18", 
        "High": 30.62496, 
        "Low": 30.24992, 
        "Open": 30.5, 
        "Volume": 1323200, 
        "day": 4, 
        "week": 38
    }
}