{
    "day": {
        "Adj Close": 79.599998, 
        "Close": 79.599998, 
        "Company": "FANG", 
        "Date": "2015-11-10", 
        "High": 79.949997, 
        "Low": 78.269997, 
        "Open": 79.209999, 
        "Volume": 740400, 
        "day": 2, 
        "week": 46
    }
}