{
    "day": {
        "Adj Close": 3.278044, 
        "Close": 35.25, 
        "Company": "WBA", 
        "Date": "1992-07-30", 
        "High": 35.25, 
        "Low": 34.875038, 
        "Open": 35.0, 
        "Volume": 2445600, 
        "day": 4, 
        "week": 31
    }
}