{
    "day": {
        "Adj Close": 3.336169, 
        "Close": 35.875038, 
        "Company": "WBA", 
        "Date": "1992-07-31", 
        "High": 35.875038, 
        "Low": 35.375038, 
        "Open": 35.375038, 
        "Volume": 622400, 
        "day": 5, 
        "week": 31
    }
}