{
    "day": {
        "Adj Close": 27.247273, 
        "Close": 69.489998, 
        "Company": "TROW", 
        "Date": "2005-11-16", 
        "High": 69.650002, 
        "Low": 68.93, 
        "Open": 69.449997, 
        "Volume": 702600, 
        "day": 3, 
        "week": 46
    }
}