{
    "day": {
        "Adj Close": 66.810104, 
        "Close": 73.199997, 
        "Company": "TROW", 
        "Date": "2013-06-28", 
        "High": 73.660004, 
        "Low": 72.459999, 
        "Open": 73.019997, 
        "Volume": 1695600, 
        "day": 5, 
        "week": 26
    }
}