{
    "day": {
        "Adj Close": 29.68592, 
        "Close": 31.040001, 
        "Company": "MDLZ", 
        "Date": "2013-09-10", 
        "High": 31.459999, 
        "Low": 30.690001, 
        "Open": 31.33, 
        "Volume": 7407500, 
        "day": 10, 
        "month": 9
    }
}