{
    "day": {
        "Adj Close": 30.470148, 
        "Close": 31.860001, 
        "Company": "MDLZ", 
        "Date": "2013-09-16", 
        "High": 31.959999, 
        "Low": 31.639999, 
        "Open": 31.73, 
        "Volume": 9330400, 
        "day": 16, 
        "month": 9
    }
}