{
    "day": {
        "Adj Close": 30.890952, 
        "Close": 32.299999, 
        "Company": "MDLZ", 
        "Date": "2013-09-20", 
        "High": 32.900002, 
        "Low": 32.259998, 
        "Open": 32.900002, 
        "Volume": 14970600, 
        "day": 20, 
        "month": 9
    }
}