{
    "day": {
        "Adj Close": 30.556222, 
        "Close": 31.950001, 
        "Company": "MDLZ", 
        "Date": "2013-09-23", 
        "High": 32.34, 
        "Low": 31.700001, 
        "Open": 31.77, 
        "Volume": 9370900, 
        "day": 23, 
        "month": 9
    }
}