{
    "day": {
        "Adj Close": 30.651858, 
        "Close": 32.049999, 
        "Company": "MDLZ", 
        "Date": "2013-09-24", 
        "High": 32.349998, 
        "Low": 31.9, 
        "Open": 31.950001, 
        "Volume": 6518300, 
        "day": 24, 
        "month": 9
    }
}