{
    "day": {
        "Adj Close": 15.272089, 
        "Close": 31.440001, 
        "Company": "MDLZ", 
        "Date": "2005-07-11", 
        "High": 31.66, 
        "Low": 31.32, 
        "Open": 31.48, 
        "Volume": 1119000, 
        "day": 11, 
        "month": 7
    }
}