{
    "day": {
        "Adj Close": 15.199226, 
        "Close": 31.290001, 
        "Company": "MDLZ", 
        "Date": "2005-07-07", 
        "High": 31.74, 
        "Low": 31.290001, 
        "Open": 31.74, 
        "Volume": 1293900, 
        "day": 7, 
        "month": 7
    }
}