{
    "day": {
        "Adj Close": 16.587294, 
        "Close": 34.779999, 
        "Company": "MDLZ", 
        "Date": "2004-11-23", 
        "High": 34.939999, 
        "Low": 34.349998, 
        "Open": 34.349998, 
        "Volume": 1438700, 
        "day": 2, 
        "week": 48
    }
}