{
    "day": {
        "Adj Close": 61.189999,
        "Close": 61.189999,
        "Company": "TCBI",
        "Date": "2013-12-30",
        "High": 61.619999,
        "Low": 60.880001,
        "Open": 61.25,
        "Volume": 448100,
        "day": 1,
        "week": 53
    }
}