{
    "day": {
        "Adj Close": 4.063114, 
        "Close": 43.375038, 
        "Company": "WBA", 
        "Date": "1992-12-07", 
        "High": 43.375038, 
        "Low": 42.875038, 
        "Open": 43.124962, 
        "Volume": 887200, 
        "day": 1, 
        "week": 50
    }
}