{
    "day": {
        "Adj Close": 4.051402, 
        "Close": 43.25, 
        "Company": "WBA", 
        "Date": "1992-12-08", 
        "High": 43.624962, 
        "Low": 43.0, 
        "Open": 43.124962, 
        "Volume": 1046400, 
        "day": 2, 
        "week": 50
    }
}