{
    "day": {
        "Adj Close": 3.957728, 
        "Close": 42.25, 
        "Company": "WBA", 
        "Date": "1992-12-09", 
        "High": 43.25, 
        "Low": 42.0, 
        "Open": 43.124962, 
        "Volume": 1689600, 
        "day": 3, 
        "week": 50
    }
}