{
    "day": {
        "Adj Close": 1.708939, 
        "Close": 43.24992, 
        "Company": "TROW", 
        "Date": "1992-01-13", 
        "High": 43.5, 
        "Low": 41.24992, 
        "Open": 41.24992, 
        "Volume": 1107200, 
        "day": 13, 
        "month": 1
    }
}