{
    "day": {
        "Adj Close": 1.644732, 
        "Close": 41.624962, 
        "Company": "TROW", 
        "Date": "1992-01-09", 
        "High": 41.75008, 
        "Low": 41.0, 
        "Open": 41.0, 
        "Volume": 3313600, 
        "day": 9, 
        "month": 1
    }
}