{
    "day": {
        "Adj Close": 1.8824, 
        "Close": 46.5, 
        "Company": "TROW", 
        "Date": "1993-05-05", 
        "High": 47.0, 
        "Low": 44.24992, 
        "Open": 44.24992, 
        "Volume": 1366400, 
        "day": 3, 
        "week": 18
    }
}