{
    "day": {
        "Adj Close": 1.862159, 
        "Close": 46.0, 
        "Company": "TROW", 
        "Date": "1993-05-07", 
        "High": 47.75008, 
        "Low": 46.0, 
        "Open": 47.75008, 
        "Volume": 718400, 
        "day": 5, 
        "week": 18
    }
}