{
    "day": {
        "Adj Close": 14.751058, 
        "Close": 31.48, 
        "Company": "MDLZ", 
        "Date": "2003-12-26", 
        "High": 31.58, 
        "Low": 31.35, 
        "Open": 31.370001, 
        "Volume": 374000, 
        "day": 26, 
        "month": 12
    }
}