{
    "day": {
        "Adj Close": 15.048783, 
        "Close": 32.299999, 
        "Company": "MDLZ", 
        "Date": "2003-12-03", 
        "High": 32.5, 
        "Low": 32.110001, 
        "Open": 32.150002, 
        "Volume": 1423700, 
        "day": 3, 
        "month": 12
    }
}