{
    "day": {
        "Adj Close": 25.173667, 
        "Close": 26.67, 
        "Company": "MDLZ", 
        "Date": "2013-01-02", 
        "High": 26.690001, 
        "Low": 25.780001, 
        "Open": 25.84, 
        "Volume": 17862400, 
        "day": 3, 
        "week": 1
    }
}