{
    "day": {
        "Adj Close": 20.130521, 
        "Close": 23.51, 
        "Company": "WBA", 
        "Date": "2008-10-16", 
        "High": 23.610001, 
        "Low": 21.549999, 
        "Open": 22.08, 
        "Volume": 17071200, 
        "day": 4, 
        "week": 42
    }
}