{
    "day": {
        "Adj Close": 31.310213, 
        "Close": 34.18, 
        "Company": "WBA", 
        "Date": "2012-02-21", 
        "High": 34.860001, 
        "Low": 34.119999, 
        "Open": 34.82, 
        "Volume": 5767100, 
        "day": 2, 
        "week": 8
    }
}