{
    "day": {
        "Adj Close": 53.529999,
        "Close": 53.529999,
        "Company": "TCBI",
        "Date": "2014-05-08",
        "High": 54.98,
        "Low": 53.23,
        "Open": 53.830002,
        "Volume": 627000,
        "day": 128,
        "year": 2014
    }
}