{
    "day": {
        "Adj Close": 52.630001,
        "Close": 52.630001,
        "Company": "TCBI",
        "Date": "2014-05-15",
        "High": 52.799999,
        "Low": 51.380001,
        "Open": 52.400002,
        "Volume": 479100,
        "day": 135,
        "year": 2014
    }
}