{
    "day": {
        "Adj Close": 52.82,
        "Close": 52.82,
        "Company": "TCBI",
        "Date": "2014-05-19",
        "High": 52.970001,
        "Low": 51.689999,
        "Open": 51.84,
        "Volume": 263900,
        "day": 139,
        "year": 2014
    }
}