{
    "day": {
        "Adj Close": 51.709999,
        "Close": 51.709999,
        "Company": "TCBI",
        "Date": "2014-06-02",
        "High": 51.82,
        "Low": 50.759998,
        "Open": 51.290001,
        "Volume": 261800,
        "day": 153,
        "year": 2014
    }
}