{
    "day": {
        "Adj Close": 51.830002,
        "Close": 51.830002,
        "Company": "TCBI",
        "Date": "2014-06-04",
        "High": 51.990002,
        "Low": 51.310001,
        "Open": 51.540001,
        "Volume": 200600,
        "day": 155,
        "year": 2014
    }
}