{
    "day": {
        "Adj Close": 54.59,
        "Close": 54.59,
        "Company": "TCBI",
        "Date": "2014-06-17",
        "High": 54.970001,
        "Low": 53.110001,
        "Open": 53.299999,
        "Volume": 356300,
        "day": 168,
        "year": 2014
    }
}