{
    "day": {
        "Adj Close": 53.950001,
        "Close": 53.950001,
        "Company": "TCBI",
        "Date": "2014-06-30",
        "High": 53.990002,
        "Low": 52.93,
        "Open": 53.509998,
        "Volume": 405800,
        "day": 181,
        "year": 2014
    }
}