{
    "day": {
        "Adj Close": 52.25,
        "Close": 52.25,
        "Company": "TCBI",
        "Date": "2014-07-10",
        "High": 52.830002,
        "Low": 51.869999,
        "Open": 52.07,
        "Volume": 245500,
        "day": 191,
        "year": 2014
    }
}