{
    "day": {
        "Adj Close": 54.16,
        "Close": 54.16,
        "Company": "TCBI",
        "Date": "2014-07-24",
        "High": 54.459999,
        "Low": 52.380001,
        "Open": 52.43,
        "Volume": 747600,
        "day": 205,
        "year": 2014
    }
}