{
    "day": {
        "Adj Close": 53.599998,
        "Close": 53.599998,
        "Company": "TCBI",
        "Date": "2014-07-25",
        "High": 54.369999,
        "Low": 53.380001,
        "Open": 53.669998,
        "Volume": 332900,
        "day": 206,
        "year": 2014
    }
}