{
    "day": {
        "Adj Close": 52.900002,
        "Close": 52.900002,
        "Company": "TCBI",
        "Date": "2014-07-30",
        "High": 53.509998,
        "Low": 52.5,
        "Open": 52.939999,
        "Volume": 659800,
        "day": 211,
        "year": 2014
    }
}