{
    "day": {
        "Adj Close": 50.720001,
        "Close": 50.720001,
        "Company": "TCBI",
        "Date": "2014-08-07",
        "High": 50.82,
        "Low": 50.02,
        "Open": 50.439999,
        "Volume": 429300,
        "day": 219,
        "year": 2014
    }
}