{
    "day": {
        "Adj Close": 54.279999,
        "Close": 54.279999,
        "Company": "TCBI",
        "Date": "2014-08-22",
        "High": 54.669998,
        "Low": 53.790001,
        "Open": 53.959999,
        "Volume": 310800,
        "day": 234,
        "year": 2014
    }
}