{
    "day": {
        "Adj Close": 55.099998,
        "Close": 55.099998,
        "Company": "TCBI",
        "Date": "2014-08-26",
        "High": 55.169998,
        "Low": 54.360001,
        "Open": 54.490002,
        "Volume": 166000,
        "day": 238,
        "year": 2014
    }
}