{
    "day": {
        "Adj Close": 60.25,
        "Close": 60.25,
        "Company": "TCBI",
        "Date": "2014-01-24",
        "High": 60.790001,
        "Low": 59.900002,
        "Open": 60.669998,
        "Volume": 1918600,
        "day": 24,
        "year": 2014
    }
}