{
    "day": {
        "Adj Close": 53.889999,
        "Close": 53.889999,
        "Company": "TCBI",
        "Date": "2014-08-28",
        "High": 54.290001,
        "Low": 53.77,
        "Open": 54.279999,
        "Volume": 291500,
        "day": 240,
        "year": 2014
    }
}