{
    "day": {
        "Adj Close": 55.23,
        "Close": 55.23,
        "Company": "TCBI",
        "Date": "2014-09-03",
        "High": 55.41,
        "Low": 54.900002,
        "Open": 55.130001,
        "Volume": 397600,
        "day": 246,
        "year": 2014
    }
}