{
    "day": {
        "Adj Close": 55.5,
        "Close": 55.5,
        "Company": "TCBI",
        "Date": "2014-09-16",
        "High": 56.299999,
        "Low": 55.23,
        "Open": 55.950001,
        "Volume": 279600,
        "day": 259,
        "year": 2014
    }
}