{
    "day": {
        "Adj Close": 57.990002,
        "Close": 57.990002,
        "Company": "TCBI",
        "Date": "2014-09-24",
        "High": 58.09,
        "Low": 57.139999,
        "Open": 57.759998,
        "Volume": 388500,
        "day": 267,
        "year": 2014
    }
}