{
    "day": {
        "Adj Close": 57.68,
        "Close": 57.68,
        "Company": "TCBI",
        "Date": "2014-09-30",
        "High": 58.209999,
        "Low": 56.900002,
        "Open": 57.310001,
        "Volume": 617500,
        "day": 273,
        "year": 2014
    }
}