{
    "day": {
        "Adj Close": 59.950001,
        "Close": 59.950001,
        "Company": "TCBI",
        "Date": "2014-01-28",
        "High": 60.610001,
        "Low": 59.709999,
        "Open": 60.43,
        "Volume": 1105700,
        "day": 28,
        "year": 2014
    }
}