{
    "day": {
        "Adj Close": 52.57,
        "Close": 52.57,
        "Company": "TCBI",
        "Date": "2014-10-15",
        "High": 54.509998,
        "Low": 51.580002,
        "Open": 54.25,
        "Volume": 1206900,
        "day": 288,
        "year": 2014
    }
}