{
    "day": {
        "Adj Close": 56.220001,
        "Close": 56.220001,
        "Company": "TCBI",
        "Date": "2014-10-22",
        "High": 57.73,
        "Low": 56.139999,
        "Open": 56.740002,
        "Volume": 546700,
        "day": 295,
        "year": 2014
    }
}