{
    "day": {
        "Adj Close": 59.959999,
        "Close": 59.959999,
        "Company": "TCBI",
        "Date": "2014-10-29",
        "High": 60.02,
        "Low": 58.880001,
        "Open": 59.830002,
        "Volume": 258500,
        "day": 302,
        "year": 2014
    }
}