{
    "day": {
        "Adj Close": 60.75,
        "Close": 60.75,
        "Company": "TCBI",
        "Date": "2014-10-30",
        "High": 60.869999,
        "Low": 59.32,
        "Open": 59.889999,
        "Volume": 341100,
        "day": 303,
        "year": 2014
    }
}