{
    "day": {
        "Adj Close": 58.240002,
        "Close": 58.240002,
        "Company": "TCBI",
        "Date": "2014-11-25",
        "High": 58.450001,
        "Low": 57.779999,
        "Open": 58.029999,
        "Volume": 252200,
        "day": 329,
        "year": 2014
    }
}