{
    "day": {
        "Adj Close": 53.889999,
        "Close": 53.889999,
        "Company": "TCBI",
        "Date": "2014-12-19",
        "High": 54.470001,
        "Low": 53.540001,
        "Open": 53.799999,
        "Volume": 1277700,
        "day": 353,
        "year": 2014
    }
}