{
    "day": {
        "Adj Close": 55.369999,
        "Close": 55.369999,
        "Company": "TCBI",
        "Date": "2014-12-29",
        "High": 56.07,
        "Low": 55.040001,
        "Open": 55.16,
        "Volume": 320900,
        "day": 363,
        "year": 2014
    }
}