{
    "day": {
        "Adj Close": 58.849998,
        "Close": 58.849998,
        "Company": "TCBI",
        "Date": "2014-02-11",
        "High": 59.049999,
        "Low": 57.82,
        "Open": 58.139999,
        "Volume": 293900,
        "day": 42,
        "year": 2014
    }
}