{
    "day": {
        "Adj Close": 61.490002,
        "Close": 61.490002,
        "Company": "TCBI",
        "Date": "2014-02-26",
        "High": 61.580002,
        "Low": 59.830002,
        "Open": 60.529999,
        "Volume": 485100,
        "day": 57,
        "year": 2014
    }
}