{
    "day": {
        "Adj Close": 65.480003,
        "Close": 65.480003,
        "Company": "TCBI",
        "Date": "2014-04-02",
        "High": 66.620003,
        "Low": 65.0,
        "Open": 66.620003,
        "Volume": 344500,
        "day": 92,
        "year": 2014
    }
}