{
    "day": {
        "Adj Close": 19.679468, 
        "Close": 32.950001, 
        "Company": "MDLZ", 
        "Date": "2011-04-14", 
        "High": 32.959999, 
        "Low": 32.189999, 
        "Open": 32.279999, 
        "Volume": 21267500, 
        "day": 4, 
        "week": 15
    }
}