{
    "day": {
        "Adj Close": 19.924341, 
        "Close": 33.360001, 
        "Company": "MDLZ", 
        "Date": "2011-04-15", 
        "High": 33.540001, 
        "Low": 32.779999, 
        "Open": 32.939999, 
        "Volume": 21306600, 
        "day": 5, 
        "week": 15
    }
}