{
    "day": {
        "Adj Close": 31.088651,
        "Close": 35.810001,
        "Company": "LPLA",
        "Date": "2011-03-31",
        "High": 36.040001,
        "Low": 35.529999,
        "Open": 36.0,
        "Volume": 108300,
        "day": 4,
        "week": 13
    }
}