{
    "day": {
        "Adj Close": 27.963956, 
        "Close": 33.98, 
        "Company": "WBA", 
        "Date": "2002-09-18", 
        "High": 34.150002, 
        "Low": 32.75, 
        "Open": 33.900002, 
        "Volume": 3181000, 
        "day": 3, 
        "week": 38
    }
}