{
    "day": {
        "Adj Close": 21.18,
        "Close": 21.18,
        "Company": "TCBI",
        "Date": "2006-02-23",
        "High": 21.870001,
        "Low": 21.08,
        "Open": 21.280001,
        "Volume": 181300,
        "day": 4,
        "week": 8
    }
}