{
    "day": {
        "Adj Close": 13.53266, 
        "Close": 36.849998, 
        "Company": "TROW", 
        "Date": "2002-01-10", 
        "High": 36.91, 
        "Low": 36.150002, 
        "Open": 36.66, 
        "Volume": 839000, 
        "day": 10, 
        "month": 1
    }
}