{
    "day": {
        "Adj Close": 13.231526, 
        "Close": 36.029999, 
        "Company": "TROW", 
        "Date": "2002-01-16", 
        "High": 36.939999, 
        "Low": 36.029999, 
        "Open": 36.93, 
        "Volume": 816400, 
        "day": 16, 
        "month": 1
    }
}