{
    "day": {
        "Adj Close": 13.312319, 
        "Close": 36.25, 
        "Company": "TROW", 
        "Date": "2002-01-18", 
        "High": 36.799999, 
        "Low": 36.099998, 
        "Open": 36.200001, 
        "Volume": 935800, 
        "day": 18, 
        "month": 1
    }
}