{
    "day": {
        "Adj Close": 13.800744, 
        "Close": 37.580002, 
        "Company": "TROW", 
        "Date": "2002-01-31", 
        "High": 37.73, 
        "Low": 36.169998, 
        "Open": 36.169998, 
        "Volume": 1252800, 
        "day": 31, 
        "month": 1
    }
}