{
    "day": {
        "Adj Close": 57.842301, 
        "Close": 66.559998, 
        "Company": "TROW", 
        "Date": "2011-04-14", 
        "High": 66.870003, 
        "Low": 66.279999, 
        "Open": 66.830002, 
        "Volume": 790400, 
        "day": 4, 
        "week": 15
    }
}