{
    "day": {
        "Adj Close": 14.698039, 
        "Close": 31.02, 
        "Company": "MDLZ", 
        "Date": "2004-07-02", 
        "High": 31.200001, 
        "Low": 30.91, 
        "Open": 31.02, 
        "Volume": 820200, 
        "day": 2, 
        "month": 7
    }
}