{
    "day": {
        "Adj Close": 43.650119,
        "Close": 45.470001,
        "Company": "LPLA",
        "Date": "2014-10-01",
        "High": 46.060001,
        "Low": 45.439999,
        "Open": 45.880001,
        "Volume": 778600,
        "day": 1,
        "month": 10
    }
}