{
    "day": {
        "Adj Close": 40.107804,
        "Close": 41.779999,
        "Company": "LPLA",
        "Date": "2014-10-13",
        "High": 42.810001,
        "Low": 41.779999,
        "Open": 42.349998,
        "Volume": 941700,
        "day": 13,
        "month": 10
    }
}