{
    "day": {
        "Adj Close": 41.374973,
        "Close": 43.099998,
        "Company": "LPLA",
        "Date": "2014-10-21",
        "High": 43.25,
        "Low": 42.48,
        "Open": 42.48,
        "Volume": 1762300,
        "day": 21,
        "month": 10
    }
}