{
    "day": {
        "Adj Close": 39.17663,
        "Close": 40.810001,
        "Company": "LPLA",
        "Date": "2014-10-27",
        "High": 40.849998,
        "Low": 40.16,
        "Open": 40.630001,
        "Volume": 571500,
        "day": 27,
        "month": 10
    }
}