{
    "day": {
        "Adj Close": 40.827786,
        "Close": 42.529999,
        "Company": "LPLA",
        "Date": "2014-10-29",
        "High": 42.560001,
        "Low": 41.41,
        "Open": 41.91,
        "Volume": 922700,
        "day": 29,
        "month": 10
    }
}