{
    "day": {
        "Adj Close": 3.679235, 
        "Close": 39.124962, 
        "Company": "WBA", 
        "Date": "1993-05-13", 
        "High": 39.375038, 
        "Low": 38.875038, 
        "Open": 39.375038, 
        "Volume": 1856800, 
        "day": 13, 
        "month": 5
    }
}