{
    "day": {
        "Adj Close": 4.035402, 
        "Close": 42.75, 
        "Company": "WBA", 
        "Date": "1993-05-28", 
        "High": 42.75, 
        "Low": 42.124962, 
        "Open": 42.5, 
        "Volume": 1466400, 
        "day": 28, 
        "month": 5
    }
}