{
    "day": {
        "Adj Close": 3.667484, 
        "Close": 39.0, 
        "Company": "WBA", 
        "Date": "1993-05-03", 
        "High": 39.0, 
        "Low": 37.75, 
        "Open": 37.875038, 
        "Volume": 2744000, 
        "day": 3, 
        "month": 5
    }
}