{
    "day": {
        "Adj Close": 14.178291,
        "Close": 17.16,
        "Company": "SUNS",
        "Date": "2014-03-20",
        "High": 17.360001,
        "Low": 17.08,
        "Open": 17.110001,
        "Volume": 56100,
        "day": 20,
        "month": 3
    }
}