{
    "day": {
        "Adj Close": 14.203078,
        "Close": 17.190001,
        "Company": "SUNS",
        "Date": "2014-03-27",
        "High": 17.33,
        "Low": 17.15,
        "Open": 17.24,
        "Volume": 24200,
        "day": 27,
        "month": 3
    }
}