{
    "day": {
        "Adj Close": 27.530001,
        "Close": 27.530001,
        "Company": "TCBI",
        "Date": "2011-12-14",
        "High": 28.32,
        "Low": 27.5,
        "Open": 27.66,
        "Volume": 311500,
        "day": 3,
        "week": 50
    }
}