{
    "day": {
        "Adj Close": 30.104352, 
        "Close": 31.620001, 
        "Company": "MDLZ", 
        "Date": "2013-04-29", 
        "High": 31.66, 
        "Low": 31.35, 
        "Open": 31.52, 
        "Volume": 7146200, 
        "day": 119, 
        "year": 2013
    }
}