{
    "day": {
        "Adj Close": 29.95202, 
        "Close": 31.459999, 
        "Company": "MDLZ", 
        "Date": "2013-05-01", 
        "High": 31.690001, 
        "Low": 31.299999, 
        "Open": 31.299999, 
        "Volume": 11243800, 
        "day": 121, 
        "year": 2013
    }
}