{
    "day": {
        "Adj Close": 29.990104, 
        "Close": 31.5, 
        "Company": "MDLZ", 
        "Date": "2013-05-17", 
        "High": 31.620001, 
        "Low": 31.15, 
        "Open": 31.41, 
        "Volume": 11930700, 
        "day": 137, 
        "year": 2013
    }
}