{
    "day": {
        "Adj Close": 29.466468, 
        "Close": 30.950001, 
        "Company": "MDLZ", 
        "Date": "2013-05-24", 
        "High": 31.33, 
        "Low": 30.76, 
        "Open": 31.0, 
        "Volume": 10606700, 
        "day": 144, 
        "year": 2013
    }
}