{
    "day": {
        "Adj Close": 28.828583, 
        "Close": 30.280001, 
        "Company": "MDLZ", 
        "Date": "2013-05-29", 
        "High": 31.209999, 
        "Low": 30.27, 
        "Open": 31.08, 
        "Volume": 14112200, 
        "day": 149, 
        "year": 2013
    }
}