{
    "day": {
        "Adj Close": 28.114533, 
        "Close": 29.530001, 
        "Company": "MDLZ", 
        "Date": "2013-06-12", 
        "High": 30.049999, 
        "Low": 29.459999, 
        "Open": 30.0, 
        "Volume": 8441000, 
        "day": 163, 
        "year": 2013
    }
}