{
    "day": {
        "Adj Close": 28.533441, 
        "Close": 29.969999, 
        "Company": "MDLZ", 
        "Date": "2013-06-13", 
        "High": 30.0, 
        "Low": 29.190001, 
        "Open": 29.48, 
        "Volume": 7881100, 
        "day": 164, 
        "year": 2013
    }
}