{
    "day": {
        "Adj Close": 27.248152, 
        "Close": 28.620001, 
        "Company": "MDLZ", 
        "Date": "2013-06-25", 
        "High": 28.969999, 
        "Low": 28.530001, 
        "Open": 28.879999, 
        "Volume": 8635500, 
        "day": 176, 
        "year": 2013
    }
}