{
    "day": {
        "Adj Close": 27.467127, 
        "Close": 28.85, 
        "Company": "MDLZ", 
        "Date": "2013-06-26", 
        "High": 29.040001, 
        "Low": 28.68, 
        "Open": 28.82, 
        "Volume": 8515100, 
        "day": 177, 
        "year": 2013
    }
}