{
    "day": {
        "Adj Close": 27.782729, 
        "Close": 29.049999, 
        "Company": "MDLZ", 
        "Date": "2013-07-01", 
        "High": 29.450001, 
        "Low": 28.709999, 
        "Open": 28.790001, 
        "Volume": 9324400, 
        "day": 182, 
        "year": 2013
    }
}