{
    "day": {
        "Adj Close": 27.773167, 
        "Close": 29.040001, 
        "Company": "MDLZ", 
        "Date": "2013-07-09", 
        "High": 29.17, 
        "Low": 28.74, 
        "Open": 29.040001, 
        "Volume": 9269000, 
        "day": 190, 
        "year": 2013
    }
}