{
    "day": {
        "Adj Close": 30.546658, 
        "Close": 31.940001, 
        "Company": "MDLZ", 
        "Date": "2013-08-02", 
        "High": 32.0, 
        "Low": 31.48, 
        "Open": 31.67, 
        "Volume": 6220000, 
        "day": 214, 
        "year": 2013
    }
}