{
    "day": {
        "Adj Close": 29.896322, 
        "Close": 31.26, 
        "Company": "MDLZ", 
        "Date": "2013-08-07", 
        "High": 31.91, 
        "Low": 31.139999, 
        "Open": 31.91, 
        "Volume": 10792800, 
        "day": 219, 
        "year": 2013
    }
}