{
    "day": {
        "Adj Close": 29.188604, 
        "Close": 30.52, 
        "Company": "MDLZ", 
        "Date": "2013-08-21", 
        "High": 31.01, 
        "Low": 30.459999, 
        "Open": 30.700001, 
        "Volume": 9606400, 
        "day": 233, 
        "year": 2013
    }
}