{
    "day": {
        "Adj Close": 29.370314, 
        "Close": 30.709999, 
        "Company": "MDLZ", 
        "Date": "2013-08-26", 
        "High": 31.299999, 
        "Low": 30.639999, 
        "Open": 31.219999, 
        "Volume": 7370300, 
        "day": 238, 
        "year": 2013
    }
}