{
    "day": {
        "Adj Close": 29.590282, 
        "Close": 30.940001, 
        "Company": "MDLZ", 
        "Date": "2013-09-06", 
        "High": 31.209999, 
        "Low": 30.43, 
        "Open": 30.9, 
        "Volume": 7509400, 
        "day": 249, 
        "year": 2013
    }
}