{
    "day": {
        "Adj Close": 30.17367, 
        "Close": 31.549999, 
        "Company": "MDLZ", 
        "Date": "2013-09-13", 
        "High": 31.57, 
        "Low": 31.209999, 
        "Open": 31.33, 
        "Volume": 6425300, 
        "day": 256, 
        "year": 2013
    }
}