{
    "day": {
        "Adj Close": 30.545988, 
        "Close": 31.799999, 
        "Company": "MDLZ", 
        "Date": "2013-09-27", 
        "High": 32.110001, 
        "Low": 31.66, 
        "Open": 31.719999, 
        "Volume": 6160900, 
        "day": 270, 
        "year": 2013
    }
}