{
    "day": {
        "Adj Close": 26.249706, 
        "Close": 27.809999, 
        "Company": "MDLZ", 
        "Date": "2013-01-28", 
        "High": 27.93, 
        "Low": 27.620001, 
        "Open": 27.879999, 
        "Volume": 6456100, 
        "day": 28, 
        "year": 2013
    }
}