{
    "day": {
        "Adj Close": 31.80433, 
        "Close": 33.110001, 
        "Company": "MDLZ", 
        "Date": "2013-10-23", 
        "High": 33.349998, 
        "Low": 33.049999, 
        "Open": 33.099998, 
        "Volume": 9415500, 
        "day": 296, 
        "year": 2013
    }
}