{
    "day": {
        "Adj Close": 25.145349, 
        "Close": 26.639999, 
        "Company": "MDLZ", 
        "Date": "2013-01-03", 
        "High": 26.77, 
        "Low": 26.49, 
        "Open": 26.700001, 
        "Volume": 9075500, 
        "day": 3, 
        "year": 2013
    }
}