{
    "day": {
        "Adj Close": 32.323037, 
        "Close": 33.650002, 
        "Company": "MDLZ", 
        "Date": "2013-10-31", 
        "High": 33.970001, 
        "Low": 33.290001, 
        "Open": 33.75, 
        "Volume": 11928600, 
        "day": 304, 
        "year": 2013
    }
}