{
    "day": {
        "Adj Close": 31.391287, 
        "Close": 32.68, 
        "Company": "MDLZ", 
        "Date": "2013-11-08", 
        "High": 32.82, 
        "Low": 31.76, 
        "Open": 32.029999, 
        "Volume": 13468200, 
        "day": 312, 
        "year": 2013
    }
}