{
    "day": {
        "Adj Close": 32.169346, 
        "Close": 33.490002, 
        "Company": "MDLZ", 
        "Date": "2013-11-20", 
        "High": 34.009998, 
        "Low": 33.43, 
        "Open": 33.77, 
        "Volume": 6382200, 
        "day": 324, 
        "year": 2013
    }
}