{
    "day": {
        "Adj Close": 32.553571, 
        "Close": 33.889999, 
        "Company": "MDLZ", 
        "Date": "2013-11-22", 
        "High": 34.16, 
        "Low": 33.580002, 
        "Open": 33.619999, 
        "Volume": 7165200, 
        "day": 326, 
        "year": 2013
    }
}