{
    "day": {
        "Adj Close": 32.207766, 
        "Close": 33.529999, 
        "Company": "MDLZ", 
        "Date": "2013-11-29", 
        "High": 33.98, 
        "Low": 33.139999, 
        "Open": 33.73, 
        "Volume": 4302900, 
        "day": 333, 
        "year": 2013
    }
}