{
    "day": {
        "Adj Close": 25.447395, 
        "Close": 26.959999, 
        "Company": "MDLZ", 
        "Date": "2013-02-19", 
        "High": 27.190001, 
        "Low": 26.75, 
        "Open": 26.75, 
        "Volume": 18297500, 
        "day": 50, 
        "year": 2013
    }
}