{
    "day": {
        "Adj Close": 26.919872, 
        "Close": 28.52, 
        "Company": "MDLZ", 
        "Date": "2013-03-06", 
        "High": 28.67, 
        "Low": 28.450001, 
        "Open": 28.5, 
        "Volume": 9613000, 
        "day": 65, 
        "year": 2013
    }
}