{
    "day": {
        "Adj Close": 25.532346, 
        "Close": 27.049999, 
        "Company": "MDLZ", 
        "Date": "2013-01-09", 
        "High": 27.08, 
        "Low": 26.68, 
        "Open": 26.790001, 
        "Volume": 11671400, 
        "day": 9, 
        "year": 2013
    }
}