{
    "day": {
        "Adj Close": 29.209409, 
        "Close": 30.68, 
        "Company": "MDLZ", 
        "Date": "2013-04-01", 
        "High": 30.809999, 
        "Low": 30.379999, 
        "Open": 30.42, 
        "Volume": 8209400, 
        "day": 91, 
        "year": 2013
    }
}