{
    "day": {
        "Adj Close": 3.565248, 
        "Close": 37.624962, 
        "Company": "WBA", 
        "Date": "1993-09-22", 
        "High": 37.875038, 
        "Low": 37.25, 
        "Open": 37.375038, 
        "Volume": 2886400, 
        "day": 22, 
        "month": 9
    }
}