{
    "day": {
        "Adj Close": 3.541566, 
        "Close": 37.375038, 
        "Company": "WBA", 
        "Date": "1993-09-30", 
        "High": 38.124962, 
        "Low": 37.124962, 
        "Open": 37.75, 
        "Volume": 2171200, 
        "day": 30, 
        "month": 9
    }
}