{
    "day": {
        "Adj Close": 1.866026, 
        "Close": 43.75008, 
        "Company": "WBA", 
        "Date": "1987-08-13", 
        "High": 44.124962, 
        "Low": 43.624962, 
        "Open": 44.0, 
        "Volume": 1235200, 
        "day": 4, 
        "week": 33
    }
}