{
    "day": {
        "Adj Close": 68.510002, 
        "Close": 68.510002, 
        "Company": "FANG", 
        "Date": "2015-01-26", 
        "High": 68.970001, 
        "Low": 66.160004, 
        "Open": 67.050003, 
        "Volume": 1584000, 
        "day": 1, 
        "week": 5
    }
}