{
    "day": {
        "Adj Close": 18.842858, 
        "Close": 48.959999, 
        "Company": "TROW", 
        "Date": "2004-06-24", 
        "High": 49.560001, 
        "Low": 48.950001, 
        "Open": 49.099998, 
        "Volume": 655800, 
        "day": 4, 
        "week": 26
    }
}