{
    "day": {
        "Adj Close": 31.948123,
        "Close": 36.799999,
        "Company": "LPLA",
        "Date": "2012-03-16",
        "High": 37.200001,
        "Low": 36.540001,
        "Open": 37.029999,
        "Volume": 263100,
        "day": 16,
        "month": 3
    }
}