{
    "day": {
        "Adj Close": 32.607923,
        "Close": 37.560001,
        "Company": "LPLA",
        "Date": "2012-03-20",
        "High": 37.639999,
        "Low": 36.450001,
        "Open": 36.490002,
        "Volume": 218800,
        "day": 20,
        "month": 3
    }
}