{
    "day": {
        "Adj Close": 43.419998, 
        "Close": 43.419998, 
        "Company": "FANG", 
        "Date": "2013-09-06", 
        "High": 43.990002, 
        "Low": 42.919998, 
        "Open": 43.939999, 
        "Volume": 403800, 
        "day": 5, 
        "week": 36
    }
}