{
    "day": {
        "Adj Close": 34.570202, 
        "Close": 35.41, 
        "Company": "MDLZ", 
        "Date": "2014-11-03", 
        "High": 35.459999, 
        "Low": 35.119999, 
        "Open": 35.209999, 
        "Volume": 8322200, 
        "day": 1, 
        "week": 45
    }
}