{
    "day": {
        "Adj Close": 50.876484, 
        "Close": 53.290001, 
        "Company": "WBA", 
        "Date": "2013-09-12", 
        "High": 53.48, 
        "Low": 50.880001, 
        "Open": 51.040001, 
        "Volume": 13776300, 
        "day": 12, 
        "month": 9
    }
}