{
    "day": {
        "Adj Close": 52.299, 
        "Close": 54.779999, 
        "Company": "WBA", 
        "Date": "2013-09-16", 
        "High": 55.23, 
        "Low": 53.919998, 
        "Open": 54.0, 
        "Volume": 7025400, 
        "day": 16, 
        "month": 9
    }
}