{
    "day": {
        "Adj Close": 53.68333, 
        "Close": 56.23, 
        "Company": "WBA", 
        "Date": "2013-09-23", 
        "High": 56.84, 
        "Low": 55.720001, 
        "Open": 56.130001, 
        "Volume": 9451000, 
        "day": 23, 
        "month": 9
    }
}