{
    "day": {
        "Adj Close": 51.363385, 
        "Close": 53.799999, 
        "Company": "WBA", 
        "Date": "2013-09-30", 
        "High": 54.389999, 
        "Low": 53.759998, 
        "Open": 54.27, 
        "Volume": 9628800, 
        "day": 30, 
        "month": 9
    }
}