{
    "day": {
        "Adj Close": 60.029999,
        "Close": 60.029999,
        "Company": "TCBI",
        "Date": "2015-11-24",
        "High": 60.43,
        "Low": 59.02,
        "Open": 59.540001,
        "Volume": 185600,
        "day": 2,
        "week": 48
    }
}