{
    "day": {
        "Adj Close": 16.52417, 
        "Close": 31.24, 
        "Company": "MDLZ", 
        "Date": "2008-06-10", 
        "High": 31.440001, 
        "Low": 31.0, 
        "Open": 31.219999, 
        "Volume": 7389600, 
        "day": 2, 
        "week": 24
    }
}