{
    "day": {
        "Adj Close": 38.810679,
        "Close": 39.5,
        "Company": "LPLA",
        "Date": "2015-08-24",
        "High": 40.240002,
        "Low": 37.720001,
        "Open": 38.73,
        "Volume": 1337900,
        "day": 24,
        "month": 8
    }
}