{
    "day": {
        "Adj Close": 46.242613,
        "Close": 47.34,
        "Company": "LPLA",
        "Date": "2015-08-03",
        "High": 47.349998,
        "Low": 46.740002,
        "Open": 47.080002,
        "Volume": 1040200,
        "day": 3,
        "month": 8
    }
}