{
    "day": {
        "Adj Close": 87.589996, 
        "Close": 87.589996, 
        "Company": "TSLA", 
        "Date": "2013-05-21", 
        "High": 89.989998, 
        "Low": 85.279999, 
        "Open": 88.5, 
        "Volume": 8998200, 
        "day": 2, 
        "week": 21
    }
}