{
    "day": {
        "Adj Close": 55.99128, 
        "Close": 64.43, 
        "Company": "TROW", 
        "Date": "2011-03-28", 
        "High": 65.260002, 
        "Low": 64.349998, 
        "Open": 65.260002, 
        "Volume": 954100, 
        "day": 1, 
        "week": 13
    }
}