{
    "day": {
        "Adj Close": 58.998106, 
        "Close": 67.889999, 
        "Company": "TROW", 
        "Date": "2011-04-01", 
        "High": 67.940002, 
        "Low": 67.059998, 
        "Open": 67.07, 
        "Volume": 1809000, 
        "day": 5, 
        "week": 13
    }
}