{
    "day": {
        "Adj Close": 38.687157, 
        "Close": 45.669998, 
        "Company": "WBA", 
        "Date": "2007-08-17", 
        "High": 46.0, 
        "Low": 45.049999, 
        "Open": 45.73, 
        "Volume": 6673000, 
        "day": 17, 
        "month": 8
    }
}