{
    "day": {
        "Adj Close": 38.136543, 
        "Close": 45.02, 
        "Company": "WBA", 
        "Date": "2007-08-21", 
        "High": 45.439999, 
        "Low": 44.810001, 
        "Open": 45.080002, 
        "Volume": 4119200, 
        "day": 21, 
        "month": 8
    }
}