{
    "day": {
        "Adj Close": 37.984064, 
        "Close": 44.84, 
        "Company": "WBA", 
        "Date": "2007-08-29", 
        "High": 44.849998, 
        "Low": 43.75, 
        "Open": 43.75, 
        "Volume": 4000000, 
        "day": 29, 
        "month": 8
    }
}