{
    "day": {
        "Adj Close": 37.269199, 
        "Close": 44.09, 
        "Company": "WBA", 
        "Date": "2007-08-03", 
        "High": 44.919998, 
        "Low": 44.07, 
        "Open": 44.75, 
        "Volume": 5324300, 
        "day": 3, 
        "month": 8
    }
}