{
    "day": {
        "Adj Close": 38.165216, 
        "Close": 45.150002, 
        "Company": "WBA", 
        "Date": "2007-08-06", 
        "High": 45.200001, 
        "Low": 43.75, 
        "Open": 43.75, 
        "Volume": 6625000, 
        "day": 6, 
        "month": 8
    }
}