{
    "day": {
        "Adj Close": 38.461069, 
        "Close": 45.5, 
        "Company": "WBA", 
        "Date": "2007-08-07", 
        "High": 45.73, 
        "Low": 44.799999, 
        "Open": 44.849998, 
        "Volume": 6871200, 
        "day": 7, 
        "month": 8
    }
}