{
    "day": {
        "Adj Close": 39.847358, 
        "Close": 47.139999, 
        "Company": "WBA", 
        "Date": "2007-08-09", 
        "High": 47.720001, 
        "Low": 45.599998, 
        "Open": 45.990002, 
        "Volume": 10692700, 
        "day": 9, 
        "month": 8
    }
}