{
    "day": {
        "Adj Close": 94.670536, 
        "Close": 95.910004, 
        "Company": "WBA", 
        "Date": "2015-08-03", 
        "High": 96.300003, 
        "Low": 95.059998, 
        "Open": 96.120003, 
        "Volume": 2269300, 
        "day": 1, 
        "week": 32
    }
}