{
    "day": {
        "Adj Close": 94.433632, 
        "Close": 95.669998, 
        "Company": "WBA", 
        "Date": "2015-08-04", 
        "High": 96.110001, 
        "Low": 94.800003, 
        "Open": 96.099998, 
        "Volume": 2978200, 
        "day": 2, 
        "week": 32
    }
}