{
    "day": {
        "Adj Close": 95.430581, 
        "Close": 96.68, 
        "Company": "WBA", 
        "Date": "2015-08-05", 
        "High": 97.300003, 
        "Low": 96.290001, 
        "Open": 97.029999, 
        "Volume": 2515900, 
        "day": 3, 
        "week": 32
    }
}