{
    "day": {
        "Adj Close": 16.308397, 
        "Close": 34.0, 
        "Company": "MDLZ", 
        "Date": "2005-02-02", 
        "High": 34.0, 
        "Low": 33.66, 
        "Open": 33.700001, 
        "Volume": 760400, 
        "day": 2, 
        "month": 2
    }
}