{
    "day": {
        "Adj Close": 16.044585, 
        "Close": 33.450001, 
        "Company": "MDLZ", 
        "Date": "2005-02-07", 
        "High": 34.150002, 
        "Low": 33.439999, 
        "Open": 33.93, 
        "Volume": 1617500, 
        "day": 7, 
        "month": 2
    }
}