{
    "day": {
        "Adj Close": 39.694321, 
        "Close": 47.560001, 
        "Company": "WBA", 
        "Date": "2005-07-12", 
        "High": 47.669998, 
        "Low": 47.029999, 
        "Open": 47.139999, 
        "Volume": 2352800, 
        "day": 2, 
        "week": 28
    }
}