{
    "day": {
        "Adj Close": 39.226935, 
        "Close": 47.0, 
        "Company": "WBA", 
        "Date": "2005-07-13", 
        "High": 47.599998, 
        "Low": 46.860001, 
        "Open": 47.450001, 
        "Volume": 2522300, 
        "day": 3, 
        "week": 28
    }
}