{
    "day": {
        "Adj Close": 1.209274, 
        "Close": 29.0, 
        "Company": "WBA", 
        "Date": "1985-12-19", 
        "High": 29.24992, 
        "Low": 28.24992, 
        "Open": 28.5, 
        "Volume": 4177600, 
        "day": 4, 
        "week": 51
    }
}