{
    "day": {
        "Adj Close": 105.720001, 
        "Close": 105.720001, 
        "Company": "TSLA", 
        "Date": "2013-06-26", 
        "High": 105.870003, 
        "Low": 102.660004, 
        "Open": 103.800003, 
        "Volume": 6602600, 
        "day": 3, 
        "week": 26
    }
}