{
    "day": {
        "Adj Close": 16.479301, 
        "Close": 28.92, 
        "Company": "MDLZ", 
        "Date": "2010-02-19", 
        "High": 29.049999, 
        "Low": 28.65, 
        "Open": 28.76, 
        "Volume": 15497300, 
        "day": 19, 
        "month": 2
    }
}