{
    "day": {
        "Adj Close": 76.68301, 
        "Close": 83.169998, 
        "Company": "TROW", 
        "Date": "2014-01-06", 
        "High": 83.970001, 
        "Low": 82.870003, 
        "Open": 83.669998, 
        "Volume": 848400, 
        "day": 1, 
        "week": 2
    }
}