{
    "day": {
        "Adj Close": 77.328417, 
        "Close": 83.870003, 
        "Company": "TROW", 
        "Date": "2014-01-07", 
        "High": 84.339996, 
        "Low": 83.089996, 
        "Open": 83.809998, 
        "Volume": 945900, 
        "day": 2, 
        "week": 2
    }
}