{
    "day": {
        "Adj Close": 3.632216, 
        "Close": 38.624962, 
        "Company": "WBA", 
        "Date": "1993-03-11", 
        "High": 39.375038, 
        "Low": 38.624962, 
        "Open": 38.75, 
        "Volume": 1782400, 
        "day": 4, 
        "week": 10
    }
}