{
    "day": {
        "Adj Close": 38.25,
        "Close": 38.25,
        "Company": "TCBI",
        "Date": "2012-06-07",
        "High": 39.0,
        "Low": 38.209999,
        "Open": 38.790001,
        "Volume": 371100,
        "day": 4,
        "week": 23
    }
}