{
    "day": {
        "Adj Close": 52.180408, 
        "Close": 59.349998, 
        "Company": "TROW", 
        "Date": "2011-12-07", 
        "High": 59.549999, 
        "Low": 56.970001, 
        "Open": 57.689999, 
        "Volume": 6554500, 
        "day": 3, 
        "week": 49
    }
}