{
    "day": {
        "Adj Close": 138.699997, 
        "Close": 138.699997, 
        "Company": "TSLA", 
        "Date": "2013-11-13", 
        "High": 142.369995, 
        "Low": 136.339996, 
        "Open": 140.839996, 
        "Volume": 12658300, 
        "day": 13, 
        "month": 11
    }
}