{
    "day": {
        "Adj Close": 121.580002, 
        "Close": 121.580002, 
        "Company": "TSLA", 
        "Date": "2013-11-18", 
        "High": 135.449997, 
        "Low": 119.610001, 
        "Open": 135.270004, 
        "Volume": 23138200, 
        "day": 18, 
        "month": 11
    }
}