{
    "day": {
        "Adj Close": 126.940002, 
        "Close": 126.940002, 
        "Company": "TSLA", 
        "Date": "2013-11-27", 
        "High": 126.949997, 
        "Low": 119.519997, 
        "Open": 121.309998, 
        "Volume": 12367600, 
        "day": 27, 
        "month": 11
    }
}