{
    "day": {
        "Adj Close": 26.389999, 
        "Close": 26.389999, 
        "Company": "TSLA", 
        "Date": "2011-04-25", 
        "High": 26.73, 
        "Low": 25.969999, 
        "Open": 26.700001, 
        "Volume": 800900, 
        "day": 25, 
        "month": 4
    }
}