{
    "day": {
        "Adj Close": 27.66, 
        "Close": 27.66, 
        "Company": "TSLA", 
        "Date": "2011-04-28", 
        "High": 27.690001, 
        "Low": 26.719999, 
        "Open": 27.07, 
        "Volume": 1600000, 
        "day": 28, 
        "month": 4
    }
}