{
    "day": {
        "Adj Close": 48.011603, 
        "Close": 56.389999, 
        "Company": "TROW", 
        "Date": "2010-04-12", 
        "High": 56.939999, 
        "Low": 56.119999, 
        "Open": 56.689999, 
        "Volume": 1631200, 
        "day": 12, 
        "month": 4
    }
}