{
    "day": {
        "Adj Close": 49.978385, 
        "Close": 58.700001, 
        "Company": "TROW", 
        "Date": "2010-04-15", 
        "High": 58.869999, 
        "Low": 58.150002, 
        "Open": 58.43, 
        "Volume": 1949500, 
        "day": 15, 
        "month": 4
    }
}