{
    "day": {
        "Adj Close": 56.580002,
        "Close": 56.580002,
        "Company": "TCBI",
        "Date": "2015-11-13",
        "High": 57.380001,
        "Low": 56.16,
        "Open": 57.0,
        "Volume": 356800,
        "day": 13,
        "month": 11
    }
}