{
    "day": {
        "Adj Close": 58.540001,
        "Close": 58.540001,
        "Company": "TCBI",
        "Date": "2015-11-19",
        "High": 59.349998,
        "Low": 58.080002,
        "Open": 59.0,
        "Volume": 219500,
        "day": 19,
        "month": 11
    }
}