{
    "day": {
        "Adj Close": 60.09,
        "Close": 60.09,
        "Company": "TCBI",
        "Date": "2015-11-23",
        "High": 60.330002,
        "Low": 58.959999,
        "Open": 58.959999,
        "Volume": 350100,
        "day": 23,
        "month": 11
    }
}