{
    "day": {
        "Adj Close": 59.529999,
        "Close": 59.529999,
        "Company": "TCBI",
        "Date": "2015-11-27",
        "High": 59.900002,
        "Low": 58.790001,
        "Open": 59.900002,
        "Volume": 120500,
        "day": 27,
        "month": 11
    }
}