{
    "day": {
        "Adj Close": 57.380001,
        "Close": 57.380001,
        "Company": "TCBI",
        "Date": "2015-11-04",
        "High": 57.759998,
        "Low": 56.459999,
        "Open": 57.169998,
        "Volume": 187500,
        "day": 4,
        "month": 11
    }
}