{
    "day": {
        "Adj Close": 13.62589, 
        "Close": 29.719999, 
        "Company": "MDLZ", 
        "Date": "2003-02-27", 
        "High": 29.870001, 
        "Low": 29.440001, 
        "Open": 29.65, 
        "Volume": 1722400, 
        "day": 27, 
        "month": 2
    }
}