{
    "day": {
        "Adj Close": 265.649994, 
        "Close": 265.649994, 
        "Company": "TSLA", 
        "Date": "2015-07-14", 
        "High": 265.98999, 
        "Low": 260.51001, 
        "Open": 262.100006, 
        "Volume": 1907600, 
        "day": 2, 
        "week": 29
    }
}