{
    "day": {
        "Adj Close": 29.710234, 
        "Close": 75.199997, 
        "Company": "TROW", 
        "Date": "2006-06-15", 
        "High": 75.300003, 
        "Low": 72.169998, 
        "Open": 72.169998, 
        "Volume": 2031000, 
        "day": 15, 
        "month": 6
    }
}