{
    "day": {
        "Adj Close": 30.611026, 
        "Close": 77.480003, 
        "Company": "TROW", 
        "Date": "2006-06-09", 
        "High": 78.379997, 
        "Low": 77.07, 
        "Open": 77.629997, 
        "Volume": 1393800, 
        "day": 9, 
        "month": 6
    }
}