{
    "day": {
        "Adj Close": 255.470001, 
        "Close": 255.470001, 
        "Company": "TSLA", 
        "Date": "2016-04-05", 
        "High": 256.559998, 
        "Low": 240.0, 
        "Open": 240.5, 
        "Volume": 9915200, 
        "day": 5, 
        "month": 4
    }
}