{
    "week": {
        "Company": "WBA", 
        "adj close": 2.336147, 
        "close": 51.375038, 
        "days": [
            {
                "Adj Close": 2.336147, 
                "Close": 51.375038, 
                "Company": "WBA", 
                "Date": "1990-12-31", 
                "High": 51.624962, 
                "Low": 51.0, 
                "Open": 51.5, 
                "Volume": 419200, 
                "day": 1, 
                "week": 53
            }
        ], 
        "first": 1, 
        "high": 51.624962, 
        "last": 1, 
        "low": 51.0, 
        "open": 51.5, 
        "volume": 419200, 
        "week": 53, 
        "year": 1990
    }
}