{
    "day": {
        "Adj Close": 17.760916, 
        "Close": 30.290001, 
        "Company": "MDLZ", 
        "Date": "2010-12-06", 
        "High": 30.32, 
        "Low": 30.1, 
        "Open": 30.24, 
        "Volume": 7117800, 
        "day": 1, 
        "week": 49
    }
}