{
    "day": {
        "Adj Close": 55.080002,
        "Close": 55.080002,
        "Company": "TCBI",
        "Date": "2014-06-09",
        "High": 55.25,
        "Low": 53.119999,
        "Open": 53.119999,
        "Volume": 556700,
        "day": 1,
        "week": 24
    }
}