{
    "day": {
        "Adj Close": 54.16,
        "Close": 54.16,
        "Company": "TCBI",
        "Date": "2014-06-11",
        "High": 54.889999,
        "Low": 53.91,
        "Open": 54.889999,
        "Volume": 334200,
        "day": 3,
        "week": 24
    }
}