{
    "day": {
        "Adj Close": 1.312603, 
        "Close": 31.12496, 
        "Company": "WBA", 
        "Date": "1986-10-06", 
        "High": 31.37504, 
        "Low": 31.0, 
        "Open": 31.0, 
        "Volume": 1288000, 
        "day": 1, 
        "week": 41
    }
}