{
    "day": {
        "Adj Close": 1.302064, 
        "Close": 30.87504, 
        "Company": "WBA", 
        "Date": "1986-10-08", 
        "High": 31.12496, 
        "Low": 30.62496, 
        "Open": 30.87504, 
        "Volume": 1200000, 
        "day": 3, 
        "week": 41
    }
}