{
    "day": {
        "Adj Close": 26.739508, 
        "Close": 28.99, 
        "Company": "WBA", 
        "Date": "2012-06-25", 
        "High": 29.57, 
        "Low": 28.82, 
        "Open": 29.469999, 
        "Volume": 12221500, 
        "day": 1, 
        "week": 26
    }
}