{
    "day": {
        "Adj Close": 14.560923, 
        "Close": 39.650002, 
        "Company": "TROW", 
        "Date": "2002-02-27", 
        "High": 39.68, 
        "Low": 38.869999, 
        "Open": 38.869999, 
        "Volume": 1215200, 
        "day": 3, 
        "week": 9
    }
}