{
    "day": {
        "Adj Close": 14.619681, 
        "Close": 39.810001, 
        "Company": "TROW", 
        "Date": "2002-02-28", 
        "High": 40.25, 
        "Low": 39.5, 
        "Open": 39.5, 
        "Volume": 1156000, 
        "day": 4, 
        "week": 9
    }
}