{
    "day": {
        "Adj Close": 28.667369, 
        "Close": 33.48, 
        "Company": "WBA", 
        "Date": "2008-09-16", 
        "High": 34.0, 
        "Low": 32.93, 
        "Open": 33.939999, 
        "Volume": 13000200, 
        "day": 2, 
        "week": 38
    }
}