{
    "day": {
        "Adj Close": 3.825838, 
        "Close": 40.375038, 
        "Company": "WBA", 
        "Date": "1993-11-05", 
        "High": 40.624962, 
        "Low": 39.75, 
        "Open": 40.0, 
        "Volume": 831200, 
        "day": 5, 
        "week": 44
    }
}