{
    "day": {
        "Adj Close": 210.949997, 
        "Close": 210.949997, 
        "Company": "TSLA", 
        "Date": "2015-01-07", 
        "High": 214.779999, 
        "Low": 209.779999, 
        "Open": 213.350006, 
        "Volume": 2968400, 
        "day": 3, 
        "week": 2
    }
}