{
    "day": {
        "Adj Close": 75.926968, 
        "Close": 82.349998, 
        "Company": "TROW", 
        "Date": "2014-01-13", 
        "High": 83.290001, 
        "Low": 82.059998, 
        "Open": 82.940002, 
        "Volume": 1216500, 
        "day": 1, 
        "week": 3
    }
}