{
    "day": {
        "Adj Close": 77.273092, 
        "Close": 83.809998, 
        "Company": "TROW", 
        "Date": "2014-01-16", 
        "High": 84.410004, 
        "Low": 83.050003, 
        "Open": 84.410004, 
        "Volume": 872500, 
        "day": 4, 
        "week": 3
    }
}