{
    "day": {
        "Adj Close": 40.75,
        "Close": 40.75,
        "Company": "TCBI",
        "Date": "2016-04-14",
        "High": 41.639999,
        "Low": 39.68,
        "Open": 39.799999,
        "Volume": 636700,
        "day": 4,
        "week": 15
    }
}