{
    "day": {
        "Adj Close": 1.392019, 
        "Close": 32.875038, 
        "Company": "WBA", 
        "Date": "1986-12-17", 
        "High": 33.0, 
        "Low": 32.24992, 
        "Open": 32.5, 
        "Volume": 1614400, 
        "day": 17, 
        "month": 12
    }
}