{
    "day": {
        "Adj Close": 1.376139, 
        "Close": 32.5, 
        "Company": "WBA", 
        "Date": "1986-12-29", 
        "High": 32.875038, 
        "Low": 32.5, 
        "Open": 32.75008, 
        "Volume": 2152000, 
        "day": 29, 
        "month": 12
    }
}