{
    "day": {
        "Adj Close": 27.620001, 
        "Close": 27.620001, 
        "Company": "TSLA", 
        "Date": "2012-01-10", 
        "High": 27.76, 
        "Low": 27.25, 
        "Open": 27.440001, 
        "Volume": 671800, 
        "day": 2, 
        "week": 2
    }
}