{
    "day": {
        "Adj Close": 28.25, 
        "Close": 28.25, 
        "Company": "TSLA", 
        "Date": "2012-01-12", 
        "High": 28.620001, 
        "Low": 27.809999, 
        "Open": 28.48, 
        "Volume": 729300, 
        "day": 4, 
        "week": 2
    }
}