{
    "day": {
        "Adj Close": 18.16, 
        "Close": 18.16, 
        "Company": "FANG", 
        "Date": "2012-11-29", 
        "High": 18.35, 
        "Low": 17.200001, 
        "Open": 17.459999, 
        "Volume": 164400, 
        "day": 4, 
        "week": 48
    }
}