{
    "day": {
        "Adj Close": 14.197927, 
        "Close": 30.799999, 
        "Company": "MDLZ", 
        "Date": "2003-05-15", 
        "High": 31.110001, 
        "Low": 30.620001, 
        "Open": 30.99, 
        "Volume": 2047500, 
        "day": 4, 
        "week": 20
    }
}