{
    "day": {
        "Adj Close": 41.599998,
        "Close": 41.599998,
        "Company": "TCBI",
        "Date": "2013-04-04",
        "High": 41.720001,
        "Low": 41.18,
        "Open": 41.439999,
        "Volume": 839100,
        "day": 4,
        "week": 14
    }
}