{
    "day": {
        "Adj Close": 41.970001,
        "Close": 41.970001,
        "Company": "TCBI",
        "Date": "2013-04-05",
        "High": 42.009998,
        "Low": 40.900002,
        "Open": 40.900002,
        "Volume": 391100,
        "day": 5,
        "week": 14
    }
}