{
    "day": {
        "Adj Close": 40.119999, 
        "Close": 40.119999, 
        "Company": "FANG", 
        "Date": "2013-08-23", 
        "High": 40.450001, 
        "Low": 38.790001, 
        "Open": 39.509998, 
        "Volume": 689700, 
        "day": 5, 
        "week": 34
    }
}