{
    "day": {
        "Adj Close": 75.767661, 
        "Close": 81.739998, 
        "Company": "TROW", 
        "Date": "2014-05-02", 
        "High": 82.650002, 
        "Low": 81.389999, 
        "Open": 81.459999, 
        "Volume": 1164100, 
        "day": 5, 
        "week": 18
    }
}