{
    "day": {
        "Adj Close": 14.243109,
        "Close": 18.84,
        "Company": "SUNS",
        "Date": "2013-01-29",
        "High": 18.950001,
        "Low": 18.76,
        "Open": 18.790001,
        "Volume": 107800,
        "day": 29,
        "month": 1
    }
}