{
    "day": {
        "Adj Close": 17.773695, 
        "Close": 34.459999, 
        "Company": "MDLZ", 
        "Date": "2007-07-05", 
        "High": 35.0, 
        "Low": 34.25, 
        "Open": 34.529999, 
        "Volume": 15584800, 
        "day": 4, 
        "week": 27
    }
}