{
    "day": {
        "Adj Close": 16.629999,
        "Close": 16.629999,
        "Company": "TCBI",
        "Date": "2009-08-19",
        "High": 16.93,
        "Low": 16.450001,
        "Open": 16.51,
        "Volume": 146300,
        "day": 19,
        "month": 8
    }
}