{
    "day": {
        "Adj Close": 16.173906, 
        "Close": 31.58, 
        "Company": "MDLZ", 
        "Date": "2007-04-05", 
        "High": 31.700001, 
        "Low": 30.530001, 
        "Open": 30.549999, 
        "Volume": 59724900, 
        "day": 4, 
        "week": 14
    }
}