{
    "day": {
        "Adj Close": 21.800273, 
        "Close": 26.42, 
        "Company": "TROW", 
        "Date": "2009-02-10", 
        "High": 29.07, 
        "Low": 26.280001, 
        "Open": 28.5, 
        "Volume": 5852500, 
        "day": 2, 
        "week": 7
    }
}