{
    "day": {
        "Adj Close": 18.100668, 
        "Close": 39.91, 
        "Company": "MDLZ", 
        "Date": "2002-04-16", 
        "High": 40.48, 
        "Low": 39.860001, 
        "Open": 40.25, 
        "Volume": 1580400, 
        "day": 16, 
        "month": 4
    }
}