{
    "day": {
        "Adj Close": 18.613166, 
        "Close": 41.040001, 
        "Company": "MDLZ", 
        "Date": "2002-04-30", 
        "High": 41.279999, 
        "Low": 40.5, 
        "Open": 40.5, 
        "Volume": 3152900, 
        "day": 30, 
        "month": 4
    }
}