{
    "day": {
        "Adj Close": 18.300224, 
        "Close": 40.349998, 
        "Company": "MDLZ", 
        "Date": "2002-04-04", 
        "High": 40.360001, 
        "Low": 39.860001, 
        "Open": 39.93, 
        "Volume": 2289600, 
        "day": 4, 
        "month": 4
    }
}