{
    "day": {
        "Adj Close": 33.621039, 
        "Close": 36.169998, 
        "Company": "WBA", 
        "Date": "2012-10-15", 
        "High": 36.220001, 
        "Low": 35.77, 
        "Open": 36.049999, 
        "Volume": 4810500, 
        "day": 1, 
        "week": 42
    }
}