{
    "day": {
        "Adj Close": 33.565269, 
        "Close": 36.110001, 
        "Company": "WBA", 
        "Date": "2012-10-18", 
        "High": 36.27, 
        "Low": 35.810001, 
        "Open": 35.869999, 
        "Volume": 7150300, 
        "day": 4, 
        "week": 42
    }
}