{
    "day": {
        "Adj Close": 33.267821, 
        "Close": 35.790001, 
        "Company": "WBA", 
        "Date": "2012-10-19", 
        "High": 36.130001, 
        "Low": 35.639999, 
        "Open": 36.110001, 
        "Volume": 7261000, 
        "day": 5, 
        "week": 42
    }
}