{
    "day": {
        "Adj Close": 2.076178, 
        "Close": 45.875038, 
        "Company": "WBA", 
        "Date": "1990-10-26", 
        "High": 46.375038, 
        "Low": 45.5, 
        "Open": 45.75008, 
        "Volume": 872000, 
        "day": 5, 
        "week": 43
    }
}