{
    "day": {
        "Adj Close": 14.873925, 
        "Close": 41.25, 
        "Company": "TROW", 
        "Date": "2001-01-05", 
        "High": 41.8125, 
        "Low": 40.1875, 
        "Open": 41.109379, 
        "Volume": 865200, 
        "day": 5, 
        "week": 1
    }
}