{
    "day": {
        "Adj Close": 26.633588,
        "Close": 28.780001,
        "Company": "LPLA",
        "Date": "2012-09-04",
        "High": 29.02,
        "Low": 28.030001,
        "Open": 28.74,
        "Volume": 219300,
        "day": 2,
        "week": 36
    }
}