{
    "day": {
        "Adj Close": 78.680364, 
        "Close": 80.980003, 
        "Company": "TROW", 
        "Date": "2015-04-10", 
        "High": 81.510002, 
        "Low": 80.589996, 
        "Open": 81.290001, 
        "Volume": 1402000, 
        "day": 5, 
        "week": 15
    }
}