{
    "day": {
        "Adj Close": 30.578272, 
        "Close": 32.630001, 
        "Company": "WBA", 
        "Date": "2012-11-21", 
        "High": 32.77, 
        "Low": 32.5, 
        "Open": 32.77, 
        "Volume": 4256800, 
        "day": 3, 
        "week": 47
    }
}