{
    "day": {
        "Adj Close": 51.419998,
        "Close": 51.419998,
        "Company": "TCBI",
        "Date": "2014-08-15",
        "High": 52.470001,
        "Low": 50.93,
        "Open": 52.470001,
        "Volume": 286800,
        "day": 15,
        "month": 8
    }
}