{
    "day": {
        "Adj Close": 0.690456, 
        "Close": 18.0, 
        "Company": "TROW", 
        "Date": "1990-11-15", 
        "High": 18.75008, 
        "Low": 18.0, 
        "Open": 18.5, 
        "Volume": 268800, 
        "day": 4, 
        "week": 46
    }
}