{
    "day": {
        "Adj Close": 14.865612, 
        "Close": 31.17, 
        "Company": "MDLZ", 
        "Date": "2004-10-12", 
        "High": 31.27, 
        "Low": 30.99, 
        "Open": 31.049999, 
        "Volume": 607300, 
        "day": 12, 
        "month": 10
    }
}