{
    "day": {
        "Adj Close": 1.120709, 
        "Close": 27.12496, 
        "Company": "WBA", 
        "Date": "1985-07-03", 
        "High": 27.12496, 
        "Low": 26.87504, 
        "Open": 27.0, 
        "Volume": 518400, 
        "day": 184, 
        "year": 1985
    }
}