{
    "day": {
        "Adj Close": 1.100051, 
        "Close": 26.62496, 
        "Company": "WBA", 
        "Date": "1985-07-15", 
        "High": 27.12496, 
        "Low": 26.37504, 
        "Open": 26.37504, 
        "Volume": 2113600, 
        "day": 196, 
        "year": 1985
    }
}