{
    "day": {
        "Adj Close": 1.084555, 
        "Close": 26.24992, 
        "Company": "WBA", 
        "Date": "1985-07-18", 
        "High": 27.62496, 
        "Low": 26.12496, 
        "Open": 27.12496, 
        "Volume": 800000, 
        "day": 199, 
        "year": 1985
    }
}