{
    "day": {
        "Adj Close": 1.043239, 
        "Close": 25.24992, 
        "Company": "WBA", 
        "Date": "1985-07-26", 
        "High": 25.87504, 
        "Low": 25.12496, 
        "Open": 25.75008, 
        "Volume": 1264000, 
        "day": 207, 
        "year": 1985
    }
}