{
    "day": {
        "Adj Close": 1.017418, 
        "Close": 24.62496, 
        "Company": "WBA", 
        "Date": "1985-07-31", 
        "High": 24.75008, 
        "Low": 23.5, 
        "Open": 24.37504, 
        "Volume": 5358400, 
        "day": 212, 
        "year": 1985
    }
}