{
    "day": {
        "Adj Close": 1.012255, 
        "Close": 24.5, 
        "Company": "WBA", 
        "Date": "1985-08-06", 
        "High": 26.24992, 
        "Low": 24.37504, 
        "Open": 26.24992, 
        "Volume": 5440000, 
        "day": 218, 
        "year": 1985
    }
}