{
    "day": {
        "Adj Close": 1.043239, 
        "Close": 25.24992, 
        "Company": "WBA", 
        "Date": "1985-08-08", 
        "High": 25.24992, 
        "Low": 24.87504, 
        "Open": 25.24992, 
        "Volume": 827200, 
        "day": 220, 
        "year": 1985
    }
}