{
    "day": {
        "Adj Close": 1.058734, 
        "Close": 25.62496, 
        "Company": "WBA", 
        "Date": "1985-08-09", 
        "High": 25.62496, 
        "Low": 25.12496, 
        "Open": 25.24992, 
        "Volume": 1265600, 
        "day": 221, 
        "year": 1985
    }
}