{
    "day": {
        "Adj Close": 1.042555, 
        "Close": 25.12496, 
        "Company": "WBA", 
        "Date": "1985-08-13", 
        "High": 25.75008, 
        "Low": 24.87504, 
        "Open": 25.0, 
        "Volume": 3337600, 
        "day": 225, 
        "year": 1985
    }
}