{
    "day": {
        "Adj Close": 1.021807, 
        "Close": 24.62496, 
        "Company": "WBA", 
        "Date": "1985-08-21", 
        "High": 25.5, 
        "Low": 24.62496, 
        "Open": 25.0, 
        "Volume": 2571200, 
        "day": 233, 
        "year": 1985
    }
}