{
    "day": {
        "Adj Close": 1.052932, 
        "Close": 25.37504, 
        "Company": "WBA", 
        "Date": "1985-08-28", 
        "High": 25.62496, 
        "Low": 25.37504, 
        "Open": 25.5, 
        "Volume": 675200, 
        "day": 240, 
        "year": 1985
    }
}