{
    "day": {
        "Adj Close": 1.026999, 
        "Close": 24.75008, 
        "Company": "WBA", 
        "Date": "1985-09-10", 
        "High": 25.0, 
        "Low": 24.5, 
        "Open": 25.0, 
        "Volume": 4278400, 
        "day": 253, 
        "year": 1985
    }
}