{
    "day": {
        "Adj Close": 0.990689, 
        "Close": 23.87504, 
        "Company": "WBA", 
        "Date": "1985-09-20", 
        "High": 25.0, 
        "Low": 23.87504, 
        "Open": 24.37504, 
        "Volume": 1187200, 
        "day": 263, 
        "year": 1985
    }
}