{
    "day": {
        "Adj Close": 0.95438, 
        "Close": 23.0, 
        "Company": "WBA", 
        "Date": "1985-10-04", 
        "High": 23.5, 
        "Low": 23.0, 
        "Open": 23.37504, 
        "Volume": 1320000, 
        "day": 277, 
        "year": 1985
    }
}