{
    "day": {
        "Adj Close": 1.162365, 
        "Close": 27.87504, 
        "Company": "WBA", 
        "Date": "1985-11-12", 
        "High": 28.0, 
        "Low": 27.37504, 
        "Open": 27.87504, 
        "Volume": 1961600, 
        "day": 316, 
        "year": 1985
    }
}