{
    "day": {
        "Adj Close": 1.157154, 
        "Close": 27.75008, 
        "Company": "WBA", 
        "Date": "1985-11-20", 
        "High": 27.87504, 
        "Low": 27.62496, 
        "Open": 27.87504, 
        "Volume": 193600, 
        "day": 324, 
        "year": 1985
    }
}