{
    "day": {
        "Adj Close": 1.146726, 
        "Close": 27.5, 
        "Company": "WBA", 
        "Date": "1985-11-29", 
        "High": 28.24992, 
        "Low": 27.5, 
        "Open": 27.75008, 
        "Volume": 884800, 
        "day": 333, 
        "year": 1985
    }
}