{
    "day": {
        "Adj Close": 1.188425, 
        "Close": 28.5, 
        "Company": "WBA", 
        "Date": "1985-12-18", 
        "High": 28.87504, 
        "Low": 28.24992, 
        "Open": 28.62496, 
        "Volume": 1185600, 
        "day": 352, 
        "year": 1985
    }
}