{
    "day": {
        "Adj Close": 19.120001, 
        "Close": 19.120001, 
        "Company": "FANG", 
        "Date": "2012-12-31", 
        "High": 19.219999, 
        "Low": 18.57, 
        "Open": 18.74, 
        "Volume": 125600, 
        "day": 31, 
        "month": 12
    }
}