{
    "day": {
        "Adj Close": 2.067151, 
        "Close": 45.875038, 
        "Company": "WBA", 
        "Date": "1990-06-11", 
        "High": 45.875038, 
        "Low": 45.24992, 
        "Open": 45.5, 
        "Volume": 1699200, 
        "day": 11, 
        "month": 6
    }
}