{
    "day": {
        "Adj Close": 2.134742, 
        "Close": 47.375038, 
        "Company": "WBA", 
        "Date": "1990-06-21", 
        "High": 47.75008, 
        "Low": 47.124962, 
        "Open": 47.375038, 
        "Volume": 1580800, 
        "day": 21, 
        "month": 6
    }
}