{
    "day": {
        "Adj Close": 2.095312, 
        "Close": 46.5, 
        "Company": "WBA", 
        "Date": "1990-06-22", 
        "High": 47.875038, 
        "Low": 46.375038, 
        "Open": 47.5, 
        "Volume": 2070400, 
        "day": 22, 
        "month": 6
    }
}