{
    "day": {
        "Adj Close": 2.151642, 
        "Close": 47.75008, 
        "Company": "WBA", 
        "Date": "1990-06-28", 
        "High": 47.75008, 
        "Low": 46.875038, 
        "Open": 47.0, 
        "Volume": 1036800, 
        "day": 28, 
        "month": 6
    }
}