{
    "day": {
        "Adj Close": 3.173422, 
        "Close": 34.124962, 
        "Company": "WBA", 
        "Date": "1992-06-29", 
        "High": 34.375038, 
        "Low": 33.25, 
        "Open": 33.25, 
        "Volume": 1557600, 
        "day": 1, 
        "week": 27
    }
}