{
    "day": {
        "Adj Close": 3.15018, 
        "Close": 33.875038, 
        "Company": "WBA", 
        "Date": "1992-06-30", 
        "High": 35.0, 
        "Low": 33.624962, 
        "Open": 34.25, 
        "Volume": 1808800, 
        "day": 2, 
        "week": 27
    }
}