{
    "day": {
        "Adj Close": 3.196678, 
        "Close": 34.375038, 
        "Company": "WBA", 
        "Date": "1992-07-01", 
        "High": 34.5, 
        "Low": 34.124962, 
        "Open": 34.25, 
        "Volume": 1420800, 
        "day": 3, 
        "week": 27
    }
}