{
    "day": {
        "Adj Close": 1.927045, 
        "Close": 43.375038, 
        "Company": "WBA", 
        "Date": "1989-10-17", 
        "High": 43.75008, 
        "Low": 42.0, 
        "Open": 43.24992, 
        "Volume": 3550400, 
        "day": 2, 
        "week": 42
    }
}