{
    "day": {
        "Adj Close": 30.825572, 
        "Close": 36.110001, 
        "Company": "WBA", 
        "Date": "2008-06-02", 
        "High": 36.25, 
        "Low": 35.5, 
        "Open": 35.900002, 
        "Volume": 5998400, 
        "day": 2, 
        "month": 6
    }
}