{
    "day": {
        "Adj Close": 1.059503, 
        "Close": 27.24992, 
        "Company": "TROW", 
        "Date": "1991-05-01", 
        "High": 27.5, 
        "Low": 26.5, 
        "Open": 26.5, 
        "Volume": 1169600, 
        "day": 1, 
        "month": 5
    }
}