{
    "day": {
        "Adj Close": 1.098384, 
        "Close": 28.24992, 
        "Company": "TROW", 
        "Date": "1991-05-17", 
        "High": 29.75008, 
        "Low": 28.24992, 
        "Open": 29.75008, 
        "Volume": 286400, 
        "day": 17, 
        "month": 5
    }
}