{
    "day": {
        "Adj Close": 1.069227, 
        "Close": 27.5, 
        "Company": "TROW", 
        "Date": "1991-05-29", 
        "High": 27.75008, 
        "Low": 27.24992, 
        "Open": 27.24992, 
        "Volume": 137600, 
        "day": 29, 
        "month": 5
    }
}