{
    "day": {
        "Adj Close": 72.449458, 
        "Close": 78.959999, 
        "Company": "TROW", 
        "Date": "2013-11-14", 
        "High": 79.209999, 
        "Low": 78.360001, 
        "Open": 78.790001, 
        "Volume": 1619600, 
        "day": 4, 
        "week": 46
    }
}