{
    "day": {
        "Adj Close": 56.490002,
        "Close": 56.490002,
        "Company": "TCBI",
        "Date": "2013-12-12",
        "High": 56.84,
        "Low": 55.459999,
        "Open": 55.549999,
        "Volume": 430200,
        "day": 12,
        "month": 12
    }
}