{
    "day": {
        "Adj Close": 58.509998,
        "Close": 58.509998,
        "Company": "TCBI",
        "Date": "2013-12-16",
        "High": 58.880001,
        "Low": 57.360001,
        "Open": 57.400002,
        "Volume": 562700,
        "day": 16,
        "month": 12
    }
}