{
    "day": {
        "Adj Close": 59.470001,
        "Close": 59.470001,
        "Company": "TCBI",
        "Date": "2013-12-19",
        "High": 60.0,
        "Low": 59.169998,
        "Open": 59.41,
        "Volume": 539100,
        "day": 19,
        "month": 12
    }
}