{
    "day": {
        "Adj Close": 62.200001,
        "Close": 62.200001,
        "Company": "TCBI",
        "Date": "2013-12-31",
        "High": 62.25,
        "Low": 61.23,
        "Open": 61.400002,
        "Volume": 479600,
        "day": 31,
        "month": 12
    }
}