{
    "day": {
        "Adj Close": 24.709999,
        "Close": 24.709999,
        "Company": "TCBI",
        "Date": "2011-02-10",
        "High": 24.879999,
        "Low": 24.59,
        "Open": 24.690001,
        "Volume": 287400,
        "day": 4,
        "week": 6
    }
}