{
    "day": {
        "Adj Close": 30.035422, 
        "Close": 33.869999, 
        "Company": "WBA", 
        "Date": "2010-10-07", 
        "High": 34.169998, 
        "Low": 33.779999, 
        "Open": 34.09, 
        "Volume": 5512300, 
        "day": 4, 
        "week": 40
    }
}