{
    "day": {
        "Adj Close": 20.059999,
        "Close": 20.059999,
        "Company": "TCBI",
        "Date": "2007-03-07",
        "High": 20.59,
        "Low": 20.049999,
        "Open": 20.52,
        "Volume": 149100,
        "day": 3,
        "week": 10
    }
}