{
    "day": {
        "Adj Close": 51.639999, 
        "Close": 51.639999, 
        "Company": "FANG", 
        "Date": "2014-02-04", 
        "High": 52.619999, 
        "Low": 50.32, 
        "Open": 50.32, 
        "Volume": 429500, 
        "day": 2, 
        "week": 6
    }
}