{
    "day": {
        "Adj Close": 33.351478, 
        "Close": 35.880001, 
        "Company": "WBA", 
        "Date": "2012-09-05", 
        "High": 36.189999, 
        "Low": 35.529999, 
        "Open": 35.68, 
        "Volume": 9373800, 
        "day": 3, 
        "week": 36
    }
}