{
    "day": {
        "Adj Close": 33.148366, 
        "Close": 34.23, 
        "Company": "MDLZ", 
        "Date": "2014-04-07", 
        "High": 34.59, 
        "Low": 34.130001, 
        "Open": 34.450001, 
        "Volume": 11244700, 
        "day": 7, 
        "month": 4
    }
}