{
    "day": {
        "Adj Close": 1.473769, 
        "Close": 37.124962, 
        "Company": "TROW", 
        "Date": "1992-05-11", 
        "High": 37.75008, 
        "Low": 36.0, 
        "Open": 36.5, 
        "Volume": 803200, 
        "day": 11, 
        "month": 5
    }
}