{
    "day": {
        "Adj Close": 1.399334, 
        "Close": 35.24992, 
        "Company": "TROW", 
        "Date": "1992-05-28", 
        "High": 35.75008, 
        "Low": 35.0, 
        "Open": 35.0, 
        "Volume": 214400, 
        "day": 28, 
        "month": 5
    }
}