{
    "day": {
        "Adj Close": 1.429111, 
        "Close": 36.0, 
        "Company": "TROW", 
        "Date": "1992-05-04", 
        "High": 36.75008, 
        "Low": 35.5, 
        "Open": 36.0, 
        "Volume": 683200, 
        "day": 4, 
        "month": 5
    }
}