{
    "day": {
        "Adj Close": 21.16642, 
        "Close": 34.849998, 
        "Company": "MDLZ", 
        "Date": "2011-10-13", 
        "High": 35.049999, 
        "Low": 34.419998, 
        "Open": 34.439999, 
        "Volume": 7154800, 
        "day": 13, 
        "month": 10
    }
}