{
    "day": {
        "Adj Close": 21.397217, 
        "Close": 35.23, 
        "Company": "MDLZ", 
        "Date": "2011-10-14", 
        "High": 35.32, 
        "Low": 34.900002, 
        "Open": 35.25, 
        "Volume": 7960500, 
        "day": 14, 
        "month": 10
    }
}