{
    "day": {
        "Adj Close": 21.378997, 
        "Close": 35.200001, 
        "Company": "MDLZ", 
        "Date": "2011-10-21", 
        "High": 35.349998, 
        "Low": 35.02, 
        "Open": 35.349998, 
        "Volume": 10737700, 
        "day": 21, 
        "month": 10
    }
}