{
    "day": {
        "Adj Close": 22.879999, 
        "Close": 22.879999, 
        "Company": "TSLA", 
        "Date": "2011-09-12", 
        "High": 23.309999, 
        "Low": 22.450001, 
        "Open": 22.5, 
        "Volume": 566600, 
        "day": 1, 
        "week": 37
    }
}