{
    "day": {
        "Adj Close": 25.799999, 
        "Close": 25.799999, 
        "Company": "TSLA", 
        "Date": "2011-09-16", 
        "High": 25.84, 
        "Low": 24.49, 
        "Open": 24.780001, 
        "Volume": 1417100, 
        "day": 5, 
        "week": 37
    }
}