{
    "day": {
        "Adj Close": 54.551771, 
        "Close": 61.02, 
        "Company": "TROW", 
        "Date": "2012-08-09", 
        "High": 61.310001, 
        "Low": 60.599998, 
        "Open": 60.93, 
        "Volume": 735300, 
        "day": 4, 
        "week": 32
    }
}