{
    "day": {
        "Adj Close": 17.303231, 
        "Close": 33.27, 
        "Company": "MDLZ", 
        "Date": "2007-09-10", 
        "High": 33.599998, 
        "Low": 32.82, 
        "Open": 32.900002, 
        "Volume": 10108600, 
        "day": 10, 
        "month": 9
    }
}