{
    "day": {
        "Adj Close": 17.698495, 
        "Close": 34.029999, 
        "Company": "MDLZ", 
        "Date": "2007-09-13", 
        "High": 34.25, 
        "Low": 33.889999, 
        "Open": 34.0, 
        "Volume": 8038700, 
        "day": 13, 
        "month": 9
    }
}