{
    "day": {
        "Adj Close": 17.896128, 
        "Close": 34.41, 
        "Company": "MDLZ", 
        "Date": "2007-09-27", 
        "High": 34.509998, 
        "Low": 34.060001, 
        "Open": 34.400002, 
        "Volume": 9027700, 
        "day": 27, 
        "month": 9
    }
}