{
    "day": {
        "Adj Close": 17.365641, 
        "Close": 33.389999, 
        "Company": "MDLZ", 
        "Date": "2007-09-06", 
        "High": 33.650002, 
        "Low": 32.450001, 
        "Open": 32.599998, 
        "Volume": 14352500, 
        "day": 6, 
        "month": 9
    }
}