{
    "day": {
        "Adj Close": 29.30893,
        "Close": 33.759998,
        "Company": "LPLA",
        "Date": "2011-06-27",
        "High": 34.57,
        "Low": 32.950001,
        "Open": 33.150002,
        "Volume": 578600,
        "day": 1,
        "week": 26
    }
}