{
    "day": {
        "Adj Close": 29.960046,
        "Close": 34.509998,
        "Company": "LPLA",
        "Date": "2011-07-01",
        "High": 34.619999,
        "Low": 34.150002,
        "Open": 34.150002,
        "Volume": 298300,
        "day": 5,
        "week": 26
    }
}