{
    "day": {
        "Adj Close": 37.990191, 
        "Close": 45.099998, 
        "Company": "WBA", 
        "Date": "2007-02-12", 
        "High": 45.5, 
        "Low": 45.080002, 
        "Open": 45.41, 
        "Volume": 4630200, 
        "day": 1, 
        "week": 7
    }
}