{
    "day": {
        "Adj Close": 220.020004, 
        "Close": 220.020004, 
        "Company": "TSLA", 
        "Date": "2014-07-18", 
        "High": 221.210007, 
        "Low": 215.929993, 
        "Open": 215.949997, 
        "Volume": 4253700, 
        "day": 18, 
        "month": 7
    }
}