{
    "day": {
        "Adj Close": 229.429993, 
        "Close": 229.429993, 
        "Company": "TSLA", 
        "Date": "2014-07-02", 
        "High": 242.330002, 
        "Low": 227.070007, 
        "Open": 240.660004, 
        "Volume": 8027400, 
        "day": 2, 
        "month": 7
    }
}