{
    "day": {
        "Adj Close": 3.241726, 
        "Close": 35.0, 
        "Company": "WBA", 
        "Date": "1992-03-30", 
        "High": 35.25, 
        "Low": 34.875038, 
        "Open": 34.875038, 
        "Volume": 673600, 
        "day": 1, 
        "week": 14
    }
}