{
    "day": {
        "Adj Close": 37.555125, 
        "Close": 47.439999, 
        "Company": "TROW", 
        "Date": "2006-09-21", 
        "High": 48.110001, 
        "Low": 47.040001, 
        "Open": 48.110001, 
        "Volume": 1649700, 
        "day": 4, 
        "week": 38
    }
}