{
    "day": {
        "Adj Close": 33.099383, 
        "Close": 37.860001, 
        "Company": "WBA", 
        "Date": "2009-12-15", 
        "High": 38.279999, 
        "Low": 37.799999, 
        "Open": 38.150002, 
        "Volume": 5904300, 
        "day": 15, 
        "month": 12
    }
}