{
    "day": {
        "Adj Close": 32.5486, 
        "Close": 37.23, 
        "Company": "WBA", 
        "Date": "2009-12-29", 
        "High": 37.439999, 
        "Low": 37.16, 
        "Open": 37.259998, 
        "Volume": 2939500, 
        "day": 29, 
        "month": 12
    }
}