{
    "day": {
        "Adj Close": 39.21442, 
        "Close": 49.02, 
        "Company": "TROW", 
        "Date": "2007-03-21", 
        "High": 49.209999, 
        "Low": 47.34, 
        "Open": 47.900002, 
        "Volume": 1733400, 
        "day": 3, 
        "week": 12
    }
}