{
    "day": {
        "Adj Close": 2.001708, 
        "Close": 44.624962, 
        "Company": "WBA", 
        "Date": "1990-05-14", 
        "High": 44.75008, 
        "Low": 43.0, 
        "Open": 43.0, 
        "Volume": 4891200, 
        "day": 14, 
        "month": 5
    }
}