{
    "day": {
        "Adj Close": 1.9714, 
        "Close": 43.75008, 
        "Company": "WBA", 
        "Date": "1990-05-22", 
        "High": 44.24992, 
        "Low": 43.375038, 
        "Open": 44.24992, 
        "Volume": 2753600, 
        "day": 22, 
        "month": 5
    }
}