{
    "day": {
        "Adj Close": 1.988292, 
        "Close": 44.124962, 
        "Company": "WBA", 
        "Date": "1990-05-23", 
        "High": 44.24992, 
        "Low": 43.624962, 
        "Open": 43.75008, 
        "Volume": 1849600, 
        "day": 23, 
        "month": 5
    }
}