{
    "day": {
        "Adj Close": 2.067151, 
        "Close": 45.875038, 
        "Company": "WBA", 
        "Date": "1990-05-30", 
        "High": 46.0, 
        "Low": 44.875038, 
        "Open": 45.0, 
        "Volume": 2753600, 
        "day": 30, 
        "month": 5
    }
}