{
    "day": {
        "Adj Close": 15.533454, 
        "Close": 27.549999, 
        "Company": "MDLZ", 
        "Date": "2009-10-29", 
        "High": 27.59, 
        "Low": 26.98, 
        "Open": 27.1, 
        "Volume": 13196600, 
        "day": 4, 
        "week": 44
    }
}