{
    "day": {
        "Adj Close": 1.649633, 
        "Close": 40.75008, 
        "Company": "TROW", 
        "Date": "1993-04-12", 
        "High": 41.24992, 
        "Low": 40.75008, 
        "Open": 40.75008, 
        "Volume": 1273600, 
        "day": 102, 
        "year": 1993
    }
}