{
    "day": {
        "Adj Close": 1.690115, 
        "Close": 41.75008, 
        "Company": "TROW", 
        "Date": "1993-04-20", 
        "High": 41.875038, 
        "Low": 41.5, 
        "Open": 41.5, 
        "Volume": 304000, 
        "day": 110, 
        "year": 1993
    }
}