{
    "day": {
        "Adj Close": 1.801436, 
        "Close": 44.5, 
        "Company": "TROW", 
        "Date": "1993-05-03", 
        "High": 44.5, 
        "Low": 43.75008, 
        "Open": 44.5, 
        "Volume": 222400, 
        "day": 123, 
        "year": 1993
    }
}