{
    "day": {
        "Adj Close": 1.917823, 
        "Close": 47.375038, 
        "Company": "TROW", 
        "Date": "1993-05-11", 
        "High": 47.375038, 
        "Low": 46.0, 
        "Open": 46.75008, 
        "Volume": 683200, 
        "day": 131, 
        "year": 1993
    }
}