{
    "day": {
        "Adj Close": 1.872276, 
        "Close": 46.24992, 
        "Company": "TROW", 
        "Date": "1993-05-13", 
        "High": 47.75008, 
        "Low": 46.24992, 
        "Open": 47.5, 
        "Volume": 424000, 
        "day": 133, 
        "year": 1993
    }
}