{
    "day": {
        "Adj Close": 1.914052, 
        "Close": 47.5, 
        "Company": "TROW", 
        "Date": "1993-01-15", 
        "High": 48.24992, 
        "Low": 46.75008, 
        "Open": 48.24992, 
        "Volume": 2624000, 
        "day": 15, 
        "year": 1993
    }
}