{
    "day": {
        "Adj Close": 1.766013, 
        "Close": 43.624962, 
        "Company": "TROW", 
        "Date": "1993-06-11", 
        "High": 44.0, 
        "Low": 43.5, 
        "Open": 44.0, 
        "Volume": 660800, 
        "day": 162, 
        "year": 1993
    }
}