{
    "day": {
        "Adj Close": 1.799809, 
        "Close": 44.24992, 
        "Company": "TROW", 
        "Date": "1993-06-28", 
        "High": 44.75008, 
        "Low": 44.0, 
        "Open": 44.75008, 
        "Volume": 176000, 
        "day": 179, 
        "year": 1993
    }
}