{
    "day": {
        "Adj Close": 1.9015, 
        "Close": 46.75008, 
        "Company": "TROW", 
        "Date": "1993-07-01", 
        "High": 47.24992, 
        "Low": 45.24992, 
        "Open": 45.875038, 
        "Volume": 1230400, 
        "day": 182, 
        "year": 1993
    }
}