{
    "day": {
        "Adj Close": 1.942174, 
        "Close": 47.75008, 
        "Company": "TROW", 
        "Date": "1993-07-21", 
        "High": 48.24992, 
        "Low": 47.24992, 
        "Open": 47.75008, 
        "Volume": 1827200, 
        "day": 202, 
        "year": 1993
    }
}