{
    "day": {
        "Adj Close": 2.181127, 
        "Close": 53.624962, 
        "Company": "TROW", 
        "Date": "1993-08-02", 
        "High": 54.0, 
        "Low": 53.24992, 
        "Open": 54.0, 
        "Volume": 1620800, 
        "day": 214, 
        "year": 1993
    }
}