{
    "day": {
        "Adj Close": 1.964425, 
        "Close": 48.75008, 
        "Company": "TROW", 
        "Date": "1993-01-22", 
        "High": 48.75008, 
        "Low": 48.24992, 
        "Open": 48.75008, 
        "Volume": 328000, 
        "day": 22, 
        "year": 1993
    }
}