{
    "day": {
        "Adj Close": 2.430259, 
        "Close": 59.75008, 
        "Company": "TROW", 
        "Date": "1993-08-11", 
        "High": 59.75008, 
        "Low": 58.0, 
        "Open": 58.75008, 
        "Volume": 2064000, 
        "day": 223, 
        "year": 1993
    }
}