{
    "day": {
        "Adj Close": 2.440424, 
        "Close": 60.0, 
        "Company": "TROW", 
        "Date": "1993-08-26", 
        "High": 60.5, 
        "Low": 59.75008, 
        "Open": 60.5, 
        "Volume": 508800, 
        "day": 238, 
        "year": 1993
    }
}