{
    "day": {
        "Adj Close": 2.409915, 
        "Close": 59.24992, 
        "Company": "TROW", 
        "Date": "1993-09-09", 
        "High": 59.5, 
        "Low": 58.0, 
        "Open": 58.5, 
        "Volume": 1060800, 
        "day": 252, 
        "year": 1993
    }
}