{
    "day": {
        "Adj Close": 2.562445, 
        "Close": 63.0, 
        "Company": "TROW", 
        "Date": "1993-09-16", 
        "High": 63.24992, 
        "Low": 62.24992, 
        "Open": 63.24992, 
        "Volume": 467200, 
        "day": 259, 
        "year": 1993
    }
}