{
    "day": {
        "Adj Close": 2.484572, 
        "Close": 60.875038, 
        "Company": "TROW", 
        "Date": "1993-09-27", 
        "High": 61.75008, 
        "Low": 60.5, 
        "Open": 61.5, 
        "Volume": 502400, 
        "day": 270, 
        "year": 1993
    }
}