{
    "day": {
        "Adj Close": 2.510079, 
        "Close": 61.5, 
        "Company": "TROW", 
        "Date": "1993-10-04", 
        "High": 61.5, 
        "Low": 60.75008, 
        "Open": 60.75008, 
        "Volume": 22400, 
        "day": 277, 
        "year": 1993
    }
}