{
    "day": {
        "Adj Close": 2.295801, 
        "Close": 56.24992, 
        "Company": "TROW", 
        "Date": "1993-10-26", 
        "High": 58.0, 
        "Low": 56.24992, 
        "Open": 58.0, 
        "Volume": 1182400, 
        "day": 299, 
        "year": 1993
    }
}