{
    "day": {
        "Adj Close": 2.408043, 
        "Close": 59.0, 
        "Company": "TROW", 
        "Date": "1993-11-23", 
        "High": 59.24992, 
        "Low": 58.0, 
        "Open": 58.0, 
        "Volume": 1556800, 
        "day": 327, 
        "year": 1993
    }
}