{
    "day": {
        "Adj Close": 31.43455,
        "Close": 34.110001,
        "Company": "LPLA",
        "Date": "2012-07-02",
        "High": 34.310001,
        "Low": 33.330002,
        "Open": 33.849998,
        "Volume": 189100,
        "day": 2,
        "month": 7
    }
}