{
    "day": {
        "Adj Close": 29.296522,
        "Close": 31.790001,
        "Company": "LPLA",
        "Date": "2012-07-24",
        "High": 32.470001,
        "Low": 31.48,
        "Open": 32.41,
        "Volume": 362200,
        "day": 24,
        "month": 7
    }
}