{
    "day": {
        "Adj Close": 29.453186,
        "Close": 31.959999,
        "Company": "LPLA",
        "Date": "2012-07-26",
        "High": 32.25,
        "Low": 31.73,
        "Open": 32.23,
        "Volume": 137400,
        "day": 26,
        "month": 7
    }
}