{
    "day": {
        "Adj Close": 13.826924,
        "Close": 16.27,
        "Company": "SUNS",
        "Date": "2014-08-07",
        "High": 16.34,
        "Low": 16.219999,
        "Open": 16.24,
        "Volume": 31300,
        "day": 7,
        "month": 8
    }
}