{
    "day": {
        "Adj Close": 20.245838, 
        "Close": 23.43, 
        "Company": "WBA", 
        "Date": "2009-03-12", 
        "High": 23.51, 
        "Low": 22.360001, 
        "Open": 22.639999, 
        "Volume": 6116600, 
        "day": 12, 
        "month": 3
    }
}