{
    "day": {
        "Adj Close": 22.794928, 
        "Close": 26.379999, 
        "Company": "WBA", 
        "Date": "2009-03-24", 
        "High": 26.67, 
        "Low": 26.1, 
        "Open": 26.33, 
        "Volume": 10064900, 
        "day": 24, 
        "month": 3
    }
}