{
    "day": {
        "Adj Close": 14.574952,
        "Close": 19.4,
        "Company": "SUNS",
        "Date": "2013-01-09",
        "High": 19.43,
        "Low": 19.129999,
        "Open": 19.41,
        "Volume": 22200,
        "day": 3,
        "week": 2
    }
}