{
    "day": {
        "Adj Close": 222.580002, 
        "Close": 222.580002, 
        "Company": "TSLA", 
        "Date": "2016-03-23", 
        "High": 234.729996, 
        "Low": 222.029999, 
        "Open": 232.369995, 
        "Volume": 4921000, 
        "day": 3, 
        "week": 12
    }
}