{
    "day": {
        "Adj Close": 82.410004, 
        "Close": 82.410004, 
        "Company": "FANG", 
        "Date": "2015-04-15", 
        "High": 83.0, 
        "Low": 80.730003, 
        "Open": 82.290001, 
        "Volume": 1431100, 
        "day": 3, 
        "week": 16
    }
}