{
    "day": {
        "Adj Close": 45.107185,
        "Close": 47.470001,
        "Company": "LPLA",
        "Date": "2014-04-11",
        "High": 48.279999,
        "Low": 47.380001,
        "Open": 47.830002,
        "Volume": 723000,
        "day": 11,
        "month": 4
    }
}