{
    "day": {
        "Adj Close": 46.180936,
        "Close": 48.599998,
        "Company": "LPLA",
        "Date": "2014-04-17",
        "High": 49.07,
        "Low": 48.290001,
        "Open": 48.290001,
        "Volume": 670000,
        "day": 17,
        "month": 4
    }
}