{
    "day": {
        "Adj Close": 50.456949,
        "Close": 53.099998,
        "Company": "LPLA",
        "Date": "2014-04-02",
        "High": 54.07,
        "Low": 52.740002,
        "Open": 53.700001,
        "Volume": 826500,
        "day": 2,
        "month": 4
    }
}