{
    "day": {
        "Adj Close": 46.085915,
        "Close": 48.5,
        "Company": "LPLA",
        "Date": "2014-04-21",
        "High": 48.880001,
        "Low": 48.25,
        "Open": 48.599998,
        "Volume": 259700,
        "day": 21,
        "month": 4
    }
}