{
    "day": {
        "Adj Close": 14.812496, 
        "Close": 32.900002, 
        "Company": "MDLZ", 
        "Date": "2001-09-17", 
        "High": 34.27, 
        "Low": 32.77, 
        "Open": 33.150002, 
        "Volume": 3904000, 
        "day": 17, 
        "month": 9
    }
}