{
    "day": {
        "Adj Close": 14.645911, 
        "Close": 32.529999, 
        "Company": "MDLZ", 
        "Date": "2001-09-20", 
        "High": 32.689999, 
        "Low": 32.0, 
        "Open": 32.200001, 
        "Volume": 1987000, 
        "day": 20, 
        "month": 9
    }
}