{
    "day": {
        "Adj Close": 14.992586, 
        "Close": 33.299999, 
        "Company": "MDLZ", 
        "Date": "2001-09-25", 
        "High": 33.5, 
        "Low": 32.689999, 
        "Open": 33.5, 
        "Volume": 2239500, 
        "day": 25, 
        "month": 9
    }
}