{
    "day": {
        "Adj Close": 15.307746, 
        "Close": 34.0, 
        "Company": "MDLZ", 
        "Date": "2001-09-06", 
        "High": 34.799999, 
        "Low": 33.349998, 
        "Open": 33.400002, 
        "Volume": 3816000, 
        "day": 6, 
        "month": 9
    }
}