{
    "day": {
        "Adj Close": 68.129663, 
        "Close": 68.639999, 
        "Company": "TROW", 
        "Date": "2016-02-05", 
        "High": 69.910004, 
        "Low": 68.360001, 
        "Open": 69.400002, 
        "Volume": 2616500, 
        "day": 5, 
        "week": 5
    }
}