{
    "day": {
        "Adj Close": 33.301881, 
        "Close": 34.529999, 
        "Company": "MDLZ", 
        "Date": "2014-03-13", 
        "High": 35.119999, 
        "Low": 34.369999, 
        "Open": 35.0, 
        "Volume": 10693500, 
        "day": 4, 
        "week": 11
    }
}