{
    "day": {
        "Adj Close": 54.650424, 
        "Close": 61.490002, 
        "Company": "TROW", 
        "Date": "2012-05-03", 
        "High": 62.360001, 
        "Low": 61.259998, 
        "Open": 62.25, 
        "Volume": 1567200, 
        "day": 4, 
        "week": 18
    }
}