{
    "day": {
        "Adj Close": 53.726103, 
        "Close": 60.450001, 
        "Company": "TROW", 
        "Date": "2012-05-04", 
        "High": 61.220001, 
        "Low": 60.0, 
        "Open": 60.970001, 
        "Volume": 1913900, 
        "day": 5, 
        "week": 18
    }
}