{
    "day": {
        "Adj Close": 13.33591, 
        "Close": 28.93, 
        "Company": "MDLZ", 
        "Date": "2003-03-18", 
        "High": 31.799999, 
        "Low": 28.639999, 
        "Open": 31.25, 
        "Volume": 7229100, 
        "day": 2, 
        "week": 12
    }
}