{
    "day": {
        "Adj Close": 0.968865, 
        "Close": 51.75008, 
        "Company": "TROW", 
        "Date": "1989-12-13", 
        "High": 51.75008, 
        "Low": 51.24992, 
        "Open": 51.75008, 
        "Volume": 332800, 
        "day": 3, 
        "week": 50
    }
}