{
    "day": {
        "Adj Close": 23.52,
        "Close": 23.52,
        "Company": "TCBI",
        "Date": "2006-01-17",
        "High": 23.610001,
        "Low": 23.280001,
        "Open": 23.6,
        "Volume": 43700,
        "day": 2,
        "week": 3
    }
}