{
    "day": {
        "Adj Close": 63.360001, 
        "Close": 63.360001, 
        "Company": "FANG", 
        "Date": "2014-03-13", 
        "High": 64.459999, 
        "Low": 62.630001, 
        "Open": 64.349998, 
        "Volume": 800100, 
        "day": 4, 
        "week": 11
    }
}