{
    "day": {
        "Adj Close": 40.103908, 
        "Close": 40.740002, 
        "Company": "MDLZ", 
        "Date": "2015-06-16", 
        "High": 40.790001, 
        "Low": 40.040001, 
        "Open": 40.200001, 
        "Volume": 6080400, 
        "day": 2, 
        "week": 25
    }
}