{
    "day": {
        "Adj Close": 40.399223, 
        "Close": 41.040001, 
        "Company": "MDLZ", 
        "Date": "2015-06-19", 
        "High": 41.439999, 
        "Low": 40.869999, 
        "Open": 40.869999, 
        "Volume": 12396700, 
        "day": 5, 
        "week": 25
    }
}