{
    "day": {
        "Adj Close": 19.90148, 
        "Close": 52.099998, 
        "Company": "TROW", 
        "Date": "2004-02-02", 
        "High": 53.169998, 
        "Low": 51.619999, 
        "Open": 51.91, 
        "Volume": 1789400, 
        "day": 1, 
        "week": 6
    }
}