{
    "day": {
        "Adj Close": 46.040457,
        "Close": 47.959999,
        "Company": "LPLA",
        "Date": "2014-09-11",
        "High": 48.0,
        "Low": 47.34,
        "Open": 47.34,
        "Volume": 182000,
        "day": 4,
        "week": 37
    }
}