{
    "day": {
        "Adj Close": 19.139999,
        "Close": 19.139999,
        "Company": "TCBI",
        "Date": "2010-05-10",
        "High": 19.719999,
        "Low": 18.540001,
        "Open": 18.639999,
        "Volume": 177800,
        "day": 10,
        "month": 5
    }
}