{
    "day": {
        "Adj Close": 19.299999,
        "Close": 19.299999,
        "Company": "TCBI",
        "Date": "2010-05-12",
        "High": 19.6,
        "Low": 19.200001,
        "Open": 19.379999,
        "Volume": 235300,
        "day": 12,
        "month": 5
    }
}