{
    "day": {
        "Adj Close": 18.4,
        "Close": 18.4,
        "Company": "TCBI",
        "Date": "2010-05-14",
        "High": 18.700001,
        "Low": 18.1,
        "Open": 18.690001,
        "Volume": 327100,
        "day": 14,
        "month": 5
    }
}