{
    "day": {
        "Adj Close": 18.85,
        "Close": 18.85,
        "Company": "TCBI",
        "Date": "2010-05-17",
        "High": 18.940001,
        "Low": 18.17,
        "Open": 18.530001,
        "Volume": 126400,
        "day": 17,
        "month": 5
    }
}