{
    "day": {
        "Adj Close": 17.559999,
        "Close": 17.559999,
        "Company": "TCBI",
        "Date": "2010-05-25",
        "High": 17.67,
        "Low": 17.190001,
        "Open": 17.440001,
        "Volume": 194900,
        "day": 25,
        "month": 5
    }
}