{
    "day": {
        "Adj Close": 42.085717, 
        "Close": 49.43, 
        "Company": "TROW", 
        "Date": "2010-05-26", 
        "High": 50.740002, 
        "Low": 49.240002, 
        "Open": 50.0, 
        "Volume": 2663800, 
        "day": 3, 
        "week": 21
    }
}