{
    "day": {
        "Adj Close": 50.026151, 
        "Close": 61.610001, 
        "Company": "TROW", 
        "Date": "2008-06-05", 
        "High": 61.650002, 
        "Low": 58.400002, 
        "Open": 58.400002, 
        "Volume": 3157700, 
        "day": 4, 
        "week": 23
    }
}