{
    "day": {
        "Adj Close": 47.395331, 
        "Close": 58.369999, 
        "Company": "TROW", 
        "Date": "2008-06-06", 
        "High": 61.23, 
        "Low": 58.34, 
        "Open": 61.23, 
        "Volume": 3058100, 
        "day": 5, 
        "week": 23
    }
}