{
    "day": {
        "Adj Close": 19.549999,
        "Close": 19.549999,
        "Company": "TCBI",
        "Date": "2010-04-06",
        "High": 19.59,
        "Low": 19.01,
        "Open": 19.16,
        "Volume": 425500,
        "day": 6,
        "month": 4
    }
}