{
    "day": {
        "Adj Close": 15.526433, 
        "Close": 28.530001, 
        "Company": "MDLZ", 
        "Date": "2009-01-12", 
        "High": 28.610001, 
        "Low": 27.559999, 
        "Open": 27.780001, 
        "Volume": 13798000, 
        "day": 12, 
        "month": 1
    }
}