{
    "day": {
        "Adj Close": 15.276094, 
        "Close": 28.07, 
        "Company": "MDLZ", 
        "Date": "2009-01-15", 
        "High": 28.16, 
        "Low": 27.379999, 
        "Open": 28.120001, 
        "Volume": 13851500, 
        "day": 15, 
        "month": 1
    }
}