{
    "day": {
        "Adj Close": 15.41759, 
        "Close": 28.33, 
        "Company": "MDLZ", 
        "Date": "2009-01-21", 
        "High": 28.57, 
        "Low": 27.84, 
        "Open": 28.440001, 
        "Volume": 23904500, 
        "day": 21, 
        "month": 1
    }
}