{
    "day": {
        "Adj Close": 15.733234, 
        "Close": 28.91, 
        "Company": "MDLZ", 
        "Date": "2009-01-22", 
        "High": 28.91, 
        "Low": 27.879999, 
        "Open": 28.0, 
        "Volume": 16888500, 
        "day": 22, 
        "month": 1
    }
}