{
    "day": {
        "Adj Close": 63.680188, 
        "Close": 70.480003, 
        "Company": "TROW", 
        "Date": "2013-02-26", 
        "High": 70.809998, 
        "Low": 69.860001, 
        "Open": 70.449997, 
        "Volume": 1504400, 
        "day": 26, 
        "month": 2
    }
}