{
    "day": {
        "Adj Close": 64.321688, 
        "Close": 71.190002, 
        "Company": "TROW", 
        "Date": "2013-02-28", 
        "High": 71.860001, 
        "Low": 71.150002, 
        "Open": 71.339996, 
        "Volume": 1663700, 
        "day": 28, 
        "month": 2
    }
}