{
    "day": {
        "Adj Close": 38.095758, 
        "Close": 38.700001, 
        "Company": "MDLZ", 
        "Date": "2015-04-29", 
        "High": 38.849998, 
        "Low": 37.75, 
        "Open": 37.889999, 
        "Volume": 25065400, 
        "day": 3, 
        "week": 18
    }
}