{
    "day": {
        "Adj Close": 32.122236,
        "Close": 32.509998,
        "Company": "LPLA",
        "Date": "2016-01-22",
        "High": 34.5,
        "Low": 32.32,
        "Open": 33.310001,
        "Volume": 721200,
        "day": 5,
        "week": 3
    }
}