{
    "day": {
        "Adj Close": 2.245202, 
        "Close": 49.375038, 
        "Company": "WBA", 
        "Date": "1990-11-16", 
        "High": 49.875038, 
        "Low": 49.24992, 
        "Open": 49.75008, 
        "Volume": 692800, 
        "day": 5, 
        "week": 46
    }
}