{
    "day": {
        "Adj Close": 36.330193, 
        "Close": 43.580002, 
        "Company": "WBA", 
        "Date": "2005-02-16", 
        "High": 43.619999, 
        "Low": 41.950001, 
        "Open": 42.049999, 
        "Volume": 4536600, 
        "day": 3, 
        "week": 7
    }
}