{
    "day": {
        "Adj Close": 36.539517, 
        "Close": 43.720001, 
        "Company": "WBA", 
        "Date": "2005-10-18", 
        "High": 44.32, 
        "Low": 43.610001, 
        "Open": 44.25, 
        "Volume": 3328000, 
        "day": 2, 
        "week": 42
    }
}