{
    "day": {
        "Adj Close": 26.660532, 
        "Close": 30.74, 
        "Company": "WBA", 
        "Date": "2009-08-11", 
        "High": 30.870001, 
        "Low": 30.450001, 
        "Open": 30.700001, 
        "Volume": 4367900, 
        "day": 2, 
        "week": 33
    }
}