{
    "day": {
        "Adj Close": 1.508655, 
        "Close": 35.5, 
        "Company": "WBA", 
        "Date": "1987-04-13", 
        "High": 37.375038, 
        "Low": 35.5, 
        "Open": 37.0, 
        "Volume": 2411200, 
        "day": 103, 
        "year": 1987
    }
}