{
    "day": {
        "Adj Close": 1.492716, 
        "Close": 35.124962, 
        "Company": "WBA", 
        "Date": "1987-04-20", 
        "High": 35.375038, 
        "Low": 35.0, 
        "Open": 35.375038, 
        "Volume": 1590400, 
        "day": 110, 
        "year": 1987
    }
}