{
    "day": {
        "Adj Close": 1.513965, 
        "Close": 35.624962, 
        "Company": "WBA", 
        "Date": "1987-04-21", 
        "High": 35.624962, 
        "Low": 34.624962, 
        "Open": 35.0, 
        "Volume": 1774400, 
        "day": 111, 
        "year": 1987
    }
}