{
    "day": {
        "Adj Close": 1.513965, 
        "Close": 35.624962, 
        "Company": "WBA", 
        "Date": "1987-04-29", 
        "High": 36.0, 
        "Low": 35.0, 
        "Open": 35.0, 
        "Volume": 4417600, 
        "day": 119, 
        "year": 1987
    }
}