{
    "day": {
        "Adj Close": 1.460824, 
        "Close": 34.5, 
        "Company": "WBA", 
        "Date": "1987-01-12", 
        "High": 35.124962, 
        "Low": 33.75008, 
        "Open": 34.375038, 
        "Volume": 2608000, 
        "day": 12, 
        "year": 1987
    }
}