{
    "day": {
        "Adj Close": 1.556462, 
        "Close": 36.624962, 
        "Company": "WBA", 
        "Date": "1987-05-05", 
        "High": 36.875038, 
        "Low": 36.375038, 
        "Open": 36.375038, 
        "Volume": 1700800, 
        "day": 125, 
        "year": 1987
    }
}