{
    "day": {
        "Adj Close": 1.56709, 
        "Close": 36.875038, 
        "Company": "WBA", 
        "Date": "1987-05-06", 
        "High": 37.0, 
        "Low": 36.624962, 
        "Open": 36.875038, 
        "Volume": 1139200, 
        "day": 126, 
        "year": 1987
    }
}