{
    "day": {
        "Adj Close": 1.791381, 
        "Close": 42.0, 
        "Company": "WBA", 
        "Date": "1987-06-29", 
        "High": 42.24992, 
        "Low": 41.124962, 
        "Open": 41.124962, 
        "Volume": 2323200, 
        "day": 180, 
        "year": 1987
    }
}