{
    "day": {
        "Adj Close": 1.780722, 
        "Close": 41.75008, 
        "Company": "WBA", 
        "Date": "1987-07-06", 
        "High": 42.0, 
        "Low": 41.624962, 
        "Open": 42.0, 
        "Volume": 1345600, 
        "day": 187, 
        "year": 1987
    }
}