{
    "day": {
        "Adj Close": 1.748729, 
        "Close": 41.0, 
        "Company": "WBA", 
        "Date": "1987-07-10", 
        "High": 41.375038, 
        "Low": 40.624962, 
        "Open": 41.375038, 
        "Volume": 1900800, 
        "day": 191, 
        "year": 1987
    }
}