{
    "day": {
        "Adj Close": 1.770055, 
        "Close": 41.5, 
        "Company": "WBA", 
        "Date": "1987-07-28", 
        "High": 41.5, 
        "Low": 41.0, 
        "Open": 41.375038, 
        "Volume": 646400, 
        "day": 209, 
        "year": 1987
    }
}