{
    "day": {
        "Adj Close": 1.780722, 
        "Close": 41.75008, 
        "Company": "WBA", 
        "Date": "1987-07-29", 
        "High": 42.124962, 
        "Low": 41.624962, 
        "Open": 41.75008, 
        "Volume": 3710400, 
        "day": 210, 
        "year": 1987
    }
}