{
    "day": {
        "Adj Close": 1.860689, 
        "Close": 43.624962, 
        "Company": "WBA", 
        "Date": "1987-08-12", 
        "High": 44.5, 
        "Low": 43.5, 
        "Open": 44.5, 
        "Volume": 3680000, 
        "day": 224, 
        "year": 1987
    }
}