{
    "day": {
        "Adj Close": 1.775474, 
        "Close": 41.5, 
        "Company": "WBA", 
        "Date": "1987-08-28", 
        "High": 43.875038, 
        "Low": 41.5, 
        "Open": 43.875038, 
        "Volume": 2049600, 
        "day": 240, 
        "year": 1987
    }
}