{
    "day": {
        "Adj Close": 1.7113, 
        "Close": 40.0, 
        "Company": "WBA", 
        "Date": "1987-09-18", 
        "High": 40.624962, 
        "Low": 39.875038, 
        "Open": 40.5, 
        "Volume": 1009600, 
        "day": 261, 
        "year": 1987
    }
}