{
    "day": {
        "Adj Close": 1.625735, 
        "Close": 38.0, 
        "Company": "WBA", 
        "Date": "1987-10-08", 
        "High": 39.0, 
        "Low": 37.5, 
        "Open": 38.875038, 
        "Volume": 3921600, 
        "day": 281, 
        "year": 1987
    }
}