{
    "day": {
        "Adj Close": 1.631081, 
        "Close": 38.124962, 
        "Company": "WBA", 
        "Date": "1987-10-09", 
        "High": 38.5, 
        "Low": 37.624962, 
        "Open": 38.0, 
        "Volume": 1500800, 
        "day": 282, 
        "year": 1987
    }
}