{
    "day": {
        "Adj Close": 1.256738, 
        "Close": 29.37504, 
        "Company": "WBA", 
        "Date": "1987-10-29", 
        "High": 29.5, 
        "Low": 28.12496, 
        "Open": 28.37504, 
        "Volume": 2208000, 
        "day": 302, 
        "year": 1987
    }
}