{
    "day": {
        "Adj Close": 1.358348, 
        "Close": 31.75008, 
        "Company": "WBA", 
        "Date": "1987-11-05", 
        "High": 32.124962, 
        "Low": 31.0, 
        "Open": 31.37504, 
        "Volume": 2460800, 
        "day": 309, 
        "year": 1987
    }
}