{
    "day": {
        "Adj Close": 1.315565, 
        "Close": 30.75008, 
        "Company": "WBA", 
        "Date": "1987-11-06", 
        "High": 32.0, 
        "Low": 30.62496, 
        "Open": 31.75008, 
        "Volume": 2864000, 
        "day": 310, 
        "year": 1987
    }
}