{
    "day": {
        "Adj Close": 1.322018, 
        "Close": 30.75008, 
        "Company": "WBA", 
        "Date": "1987-11-12", 
        "High": 31.0, 
        "Low": 30.5, 
        "Open": 30.75008, 
        "Volume": 803200, 
        "day": 316, 
        "year": 1987
    }
}