{
    "day": {
        "Adj Close": 1.300514, 
        "Close": 30.24992, 
        "Company": "WBA", 
        "Date": "1987-11-19", 
        "High": 31.37504, 
        "Low": 30.24992, 
        "Open": 31.12496, 
        "Volume": 2299200, 
        "day": 323, 
        "year": 1987
    }
}