{
    "day": {
        "Adj Close": 1.52963, 
        "Close": 36.124962, 
        "Company": "WBA", 
        "Date": "1987-02-03", 
        "High": 36.875038, 
        "Low": 36.124962, 
        "Open": 36.75008, 
        "Volume": 808000, 
        "day": 34, 
        "year": 1987
    }
}