{
    "day": {
        "Adj Close": 1.332762, 
        "Close": 31.0, 
        "Company": "WBA", 
        "Date": "1987-12-29", 
        "High": 31.62496, 
        "Low": 30.87504, 
        "Open": 31.5, 
        "Volume": 251200, 
        "day": 363, 
        "year": 1987
    }
}