{
    "day": {
        "Adj Close": 1.582561, 
        "Close": 37.375038, 
        "Company": "WBA", 
        "Date": "1987-02-09", 
        "High": 37.375038, 
        "Low": 37.0, 
        "Open": 37.24992, 
        "Volume": 2726400, 
        "day": 40, 
        "year": 1987
    }
}