{
    "day": {
        "Adj Close": 1.593649, 
        "Close": 37.5, 
        "Company": "WBA", 
        "Date": "1987-03-13", 
        "High": 37.875038, 
        "Low": 37.24992, 
        "Open": 37.75008, 
        "Volume": 1948800, 
        "day": 72, 
        "year": 1987
    }
}