{
    "day": {
        "Adj Close": 1.444944, 
        "Close": 34.124962, 
        "Company": "WBA", 
        "Date": "1987-01-08", 
        "High": 34.24992, 
        "Low": 33.624962, 
        "Open": 33.875038, 
        "Volume": 976000, 
        "day": 8, 
        "year": 1987
    }
}