{
    "day": {
        "Adj Close": 1.556462, 
        "Close": 36.624962, 
        "Company": "WBA", 
        "Date": "1987-03-31", 
        "High": 36.75008, 
        "Low": 36.375038, 
        "Open": 36.5, 
        "Volume": 1683200, 
        "day": 90, 
        "year": 1987
    }
}