{
    "day": {
        "Adj Close": 28.07615,
        "Close": 32.34,
        "Company": "LPLA",
        "Date": "2011-07-28",
        "High": 34.009998,
        "Low": 32.139999,
        "Open": 33.529999,
        "Volume": 455300,
        "day": 4,
        "week": 30
    }
}