{
    "day": {
        "Adj Close": 14.839767, 
        "Close": 30.549999, 
        "Company": "MDLZ", 
        "Date": "2005-07-29", 
        "High": 31.030001, 
        "Low": 30.52, 
        "Open": 30.719999, 
        "Volume": 1180300, 
        "day": 5, 
        "week": 30
    }
}