{
    "day": {
        "Adj Close": 53.146088,
        "Close": 55.93,
        "Company": "LPLA",
        "Date": "2014-03-20",
        "High": 56.02,
        "Low": 53.220001,
        "Open": 53.509998,
        "Volume": 1176400,
        "day": 20,
        "month": 3
    }
}