{
    "day": {
        "Adj Close": 50.114871,
        "Close": 52.740002,
        "Company": "LPLA",
        "Date": "2014-03-27",
        "High": 54.220001,
        "Low": 52.650002,
        "Open": 53.91,
        "Volume": 869100,
        "day": 27,
        "month": 3
    }
}