{
    "day": {
        "Adj Close": 2.05355, 
        "Close": 45.375038, 
        "Company": "WBA", 
        "Date": "1990-09-14", 
        "High": 45.5, 
        "Low": 44.875038, 
        "Open": 45.5, 
        "Volume": 1694400, 
        "day": 14, 
        "month": 9
    }
}