{
    "day": {
        "Adj Close": 38.862934, 
        "Close": 46.5, 
        "Company": "WBA", 
        "Date": "2005-08-25", 
        "High": 46.779999, 
        "Low": 46.209999, 
        "Open": 46.310001, 
        "Volume": 1978600, 
        "day": 4, 
        "week": 34
    }
}