{
    "day": {
        "Adj Close": 21.603719, 
        "Close": 35.57, 
        "Company": "MDLZ", 
        "Date": "2011-11-11", 
        "High": 35.700001, 
        "Low": 35.450001, 
        "Open": 35.450001, 
        "Volume": 8418300, 
        "day": 11, 
        "month": 11
    }
}