{
    "day": {
        "Adj Close": 21.731263, 
        "Close": 35.779999, 
        "Company": "MDLZ", 
        "Date": "2011-11-03", 
        "High": 36.299999, 
        "Low": 35.369999, 
        "Open": 35.919998, 
        "Volume": 14217000, 
        "day": 3, 
        "month": 11
    }
}