{
    "day": {
        "Adj Close": 0.975127, 
        "Close": 23.5, 
        "Company": "WBA", 
        "Date": "1985-10-11", 
        "High": 23.75008, 
        "Low": 23.12496, 
        "Open": 23.24992, 
        "Volume": 2433600, 
        "day": 11, 
        "month": 10
    }
}