{
    "day": {
        "Adj Close": 12.666513, 
        "Close": 22.969999, 
        "Company": "MDLZ", 
        "Date": "2009-04-02", 
        "High": 23.450001, 
        "Low": 22.889999, 
        "Open": 23.34, 
        "Volume": 10912300, 
        "day": 4, 
        "week": 14
    }
}