{
    "day": {
        "Adj Close": 77.40417, 
        "Close": 82.610001, 
        "Company": "TROW", 
        "Date": "2014-12-01", 
        "High": 83.730003, 
        "Low": 82.18, 
        "Open": 83.029999, 
        "Volume": 753100, 
        "day": 1, 
        "week": 49
    }
}