{
    "day": {
        "Adj Close": 78.462959, 
        "Close": 83.739998, 
        "Company": "TROW", 
        "Date": "2014-12-03", 
        "High": 83.879997, 
        "Low": 83.059998, 
        "Open": 83.160004, 
        "Volume": 943800, 
        "day": 3, 
        "week": 49
    }
}