{
    "day": {
        "Adj Close": 1.079392, 
        "Close": 26.12496, 
        "Company": "WBA", 
        "Date": "1985-07-19", 
        "High": 26.12496, 
        "Low": 26.0, 
        "Open": 26.12496, 
        "Volume": 1841600, 
        "day": 5, 
        "week": 29
    }
}