{
    "day": {
        "Adj Close": 29.845297, 
        "Close": 36.41, 
        "Company": "WBA", 
        "Date": "2001-08-16", 
        "High": 36.490002, 
        "Low": 36.0, 
        "Open": 36.25, 
        "Volume": 1944400, 
        "day": 4, 
        "week": 33
    }
}