{
    "day": {
        "Adj Close": 3.686628, 
        "Close": 39.5, 
        "Company": "WBA", 
        "Date": "1992-10-26", 
        "High": 39.624962, 
        "Low": 39.124962, 
        "Open": 39.25, 
        "Volume": 1074400, 
        "day": 1, 
        "week": 44
    }
}