{
    "day": {
        "Adj Close": 34.27, 
        "Close": 34.27, 
        "Company": "FANG", 
        "Date": "2013-07-01", 
        "High": 34.650002, 
        "Low": 33.419998, 
        "Open": 33.490002, 
        "Volume": 245100, 
        "day": 1, 
        "week": 27
    }
}