{
    "day": {
        "Adj Close": 34.560001, 
        "Close": 34.560001, 
        "Company": "FANG", 
        "Date": "2013-07-02", 
        "High": 34.68, 
        "Low": 33.509998, 
        "Open": 34.110001, 
        "Volume": 119600, 
        "day": 2, 
        "week": 27
    }
}