{
    "day": {
        "Adj Close": 25.959999, 
        "Close": 25.959999, 
        "Company": "TSLA", 
        "Date": "2011-05-17", 
        "High": 27.0, 
        "Low": 25.719999, 
        "Open": 27.0, 
        "Volume": 1234200, 
        "day": 2, 
        "week": 20
    }
}