{
    "day": {
        "Adj Close": 25.777758, 
        "Close": 27.309999, 
        "Company": "MDLZ", 
        "Date": "2013-01-10", 
        "High": 27.34, 
        "Low": 27.09, 
        "Open": 27.129999, 
        "Volume": 16348500, 
        "day": 10, 
        "month": 1
    }
}