{
    "day": {
        "Adj Close": 25.938221, 
        "Close": 27.48, 
        "Company": "MDLZ", 
        "Date": "2013-01-14", 
        "High": 27.52, 
        "Low": 27.17, 
        "Open": 27.459999, 
        "Volume": 8688200, 
        "day": 14, 
        "month": 1
    }
}