{
    "day": {
        "Adj Close": 25.183106, 
        "Close": 26.68, 
        "Company": "MDLZ", 
        "Date": "2013-01-08", 
        "High": 26.92, 
        "Low": 26.459999, 
        "Open": 26.52, 
        "Volume": 14360800, 
        "day": 8, 
        "month": 1
    }
}