{
    "day": {
        "Adj Close": 1.863807, 
        "Close": 41.75008, 
        "Company": "WBA", 
        "Date": "1990-02-12", 
        "High": 42.5, 
        "Low": 41.624962, 
        "Open": 42.5, 
        "Volume": 1532800, 
        "day": 1, 
        "week": 7
    }
}