{
    "day": {
        "Adj Close": 33.110345, 
        "Close": 39.5, 
        "Company": "TROW", 
        "Date": "2009-07-02", 
        "High": 40.830002, 
        "Low": 39.400002, 
        "Open": 40.48, 
        "Volume": 2931100, 
        "day": 2, 
        "month": 7
    }
}