{
    "day": {
        "Adj Close": 36.392154,
        "Close": 38.650002,
        "Company": "LPLA",
        "Date": "2013-08-14",
        "High": 39.0,
        "Low": 38.490002,
        "Open": 38.849998,
        "Volume": 245900,
        "day": 14,
        "month": 8
    }
}