{
    "day": {
        "Adj Close": 37.056604,
        "Close": 39.549999,
        "Company": "LPLA",
        "Date": "2013-08-02",
        "High": 39.639999,
        "Low": 39.07,
        "Open": 39.25,
        "Volume": 678700,
        "day": 2,
        "month": 8
    }
}