{
    "day": {
        "Adj Close": 35.714213,
        "Close": 37.93,
        "Company": "LPLA",
        "Date": "2013-08-23",
        "High": 38.209999,
        "Low": 37.810001,
        "Open": 38.209999,
        "Volume": 776500,
        "day": 23,
        "month": 8
    }
}