{
    "day": {
        "Adj Close": 34.998609,
        "Close": 37.169998,
        "Company": "LPLA",
        "Date": "2013-08-29",
        "High": 37.709999,
        "Low": 37.169998,
        "Open": 37.389999,
        "Volume": 513700,
        "day": 29,
        "month": 8
    }
}