{
    "day": {
        "Adj Close": 36.616237,
        "Close": 39.080002,
        "Company": "LPLA",
        "Date": "2013-08-08",
        "High": 39.27,
        "Low": 38.790001,
        "Open": 38.860001,
        "Volume": 264100,
        "day": 8,
        "month": 8
    }
}