{
    "day": {
        "Adj Close": 35.013034, 
        "Close": 42.0, 
        "Company": "WBA", 
        "Date": "2005-02-22", 
        "High": 42.639999, 
        "Low": 42.0, 
        "Open": 42.639999, 
        "Volume": 2840100, 
        "day": 2, 
        "week": 8
    }
}