{
    "day": {
        "Adj Close": 69.079943, 
        "Close": 76.07, 
        "Company": "TROW", 
        "Date": "2013-04-16", 
        "High": 76.120003, 
        "Low": 74.739998, 
        "Open": 75.040001, 
        "Volume": 1080000, 
        "day": 106, 
        "year": 2013
    }
}