{
    "day": {
        "Adj Close": 66.065017, 
        "Close": 72.75, 
        "Company": "TROW", 
        "Date": "2013-04-24", 
        "High": 75.0, 
        "Low": 71.550003, 
        "Open": 75.0, 
        "Volume": 2776600, 
        "day": 114, 
        "year": 2013
    }
}