{
    "day": {
        "Adj Close": 64.493983, 
        "Close": 71.019997, 
        "Company": "TROW", 
        "Date": "2013-04-26", 
        "High": 72.129997, 
        "Low": 71.010002, 
        "Open": 71.790001, 
        "Volume": 2338800, 
        "day": 116, 
        "year": 2013
    }
}