{
    "day": {
        "Adj Close": 69.851835, 
        "Close": 76.919998, 
        "Company": "TROW", 
        "Date": "2013-05-24", 
        "High": 76.93, 
        "Low": 75.900002, 
        "Open": 76.139999, 
        "Volume": 930100, 
        "day": 144, 
        "year": 2013
    }
}