{
    "day": {
        "Adj Close": 62.559817, 
        "Close": 69.239998, 
        "Company": "TROW", 
        "Date": "2013-01-16", 
        "High": 69.639999, 
        "Low": 69.120003, 
        "Open": 69.339996, 
        "Volume": 1388900, 
        "day": 16, 
        "year": 2013
    }
}