{
    "day": {
        "Adj Close": 67.494634, 
        "Close": 73.949997, 
        "Company": "TROW", 
        "Date": "2013-06-11", 
        "High": 74.949997, 
        "Low": 73.730003, 
        "Open": 74.440002, 
        "Volume": 859200, 
        "day": 162, 
        "year": 2013
    }
}