{
    "day": {
        "Adj Close": 69.018859, 
        "Close": 75.620003, 
        "Company": "TROW", 
        "Date": "2013-06-18", 
        "High": 75.839996, 
        "Low": 74.190002, 
        "Open": 74.669998, 
        "Volume": 916300, 
        "day": 169, 
        "year": 2013
    }
}