{
    "day": {
        "Adj Close": 68.188292, 
        "Close": 74.709999, 
        "Company": "TROW", 
        "Date": "2013-06-19", 
        "High": 76.25, 
        "Low": 74.660004, 
        "Open": 75.800003, 
        "Volume": 1829500, 
        "day": 170, 
        "year": 2013
    }
}