{
    "day": {
        "Adj Close": 67.531143, 
        "Close": 73.989998, 
        "Company": "TROW", 
        "Date": "2013-07-02", 
        "High": 74.25, 
        "Low": 72.900002, 
        "Open": 72.900002, 
        "Volume": 1128300, 
        "day": 183, 
        "year": 2013
    }
}