{
    "day": {
        "Adj Close": 68.790682, 
        "Close": 75.370003, 
        "Company": "TROW", 
        "Date": "2013-07-05", 
        "High": 75.389999, 
        "Low": 74.18, 
        "Open": 74.830002, 
        "Volume": 922700, 
        "day": 186, 
        "year": 2013
    }
}