{
    "day": {
        "Adj Close": 71.145459, 
        "Close": 77.949997, 
        "Company": "TROW", 
        "Date": "2013-07-15", 
        "High": 78.360001, 
        "Low": 77.449997, 
        "Open": 77.489998, 
        "Volume": 919000, 
        "day": 196, 
        "year": 2013
    }
}