{
    "day": {
        "Adj Close": 69.68513, 
        "Close": 76.349998, 
        "Company": "TROW", 
        "Date": "2013-08-02", 
        "High": 76.739998, 
        "Low": 75.790001, 
        "Open": 76.360001, 
        "Volume": 1301800, 
        "day": 214, 
        "year": 2013
    }
}