{
    "day": {
        "Adj Close": 68.672026, 
        "Close": 75.239998, 
        "Company": "TROW", 
        "Date": "2013-08-08", 
        "High": 75.389999, 
        "Low": 74.400002, 
        "Open": 75.080002, 
        "Volume": 1427200, 
        "day": 220, 
        "year": 2013
    }
}