{
    "day": {
        "Adj Close": 68.069643, 
        "Close": 74.580002, 
        "Company": "TROW", 
        "Date": "2013-08-13", 
        "High": 76.959999, 
        "Low": 73.75, 
        "Open": 76.959999, 
        "Volume": 1408500, 
        "day": 225, 
        "year": 2013
    }
}