{
    "day": {
        "Adj Close": 65.477553, 
        "Close": 71.739998, 
        "Company": "TROW", 
        "Date": "2013-08-19", 
        "High": 72.730003, 
        "Low": 71.730003, 
        "Open": 72.660004, 
        "Volume": 848200, 
        "day": 231, 
        "year": 2013
    }
}