{
    "day": {
        "Adj Close": 66.879952, 
        "Close": 72.889999, 
        "Company": "TROW", 
        "Date": "2013-09-24", 
        "High": 73.43, 
        "Low": 72.529999, 
        "Open": 73.080002, 
        "Volume": 1249600, 
        "day": 267, 
        "year": 2013
    }
}