{
    "day": {
        "Adj Close": 70.045484, 
        "Close": 76.339996, 
        "Company": "TROW", 
        "Date": "2013-10-17", 
        "High": 76.489998, 
        "Low": 74.690002, 
        "Open": 75.019997, 
        "Volume": 1185000, 
        "day": 290, 
        "year": 2013
    }
}