{
    "day": {
        "Adj Close": 70.907979, 
        "Close": 77.279999, 
        "Company": "TROW", 
        "Date": "2013-10-22", 
        "High": 77.779999, 
        "Low": 76.809998, 
        "Open": 77.220001, 
        "Volume": 1575200, 
        "day": 295, 
        "year": 2013
    }
}