{
    "day": {
        "Adj Close": 60.526894, 
        "Close": 66.989998, 
        "Company": "TROW", 
        "Date": "2013-01-03", 
        "High": 67.139999, 
        "Low": 66.690002, 
        "Open": 66.970001, 
        "Volume": 1921200, 
        "day": 3, 
        "year": 2013
    }
}