{
    "day": {
        "Adj Close": 71.366753, 
        "Close": 77.779999, 
        "Company": "TROW", 
        "Date": "2013-10-28", 
        "High": 77.849998, 
        "Low": 76.019997, 
        "Open": 77.099998, 
        "Volume": 2892200, 
        "day": 301, 
        "year": 2013
    }
}