{
    "day": {
        "Adj Close": 72.330179, 
        "Close": 78.830002, 
        "Company": "TROW", 
        "Date": "2013-11-13", 
        "High": 78.849998, 
        "Low": 77.809998, 
        "Open": 78.129997, 
        "Volume": 1295500, 
        "day": 317, 
        "year": 2013
    }
}