{
    "day": {
        "Adj Close": 73.394529, 
        "Close": 79.989998, 
        "Company": "TROW", 
        "Date": "2013-11-20", 
        "High": 80.540001, 
        "Low": 79.599998, 
        "Open": 80.370003, 
        "Volume": 1779300, 
        "day": 324, 
        "year": 2013
    }
}