{
    "day": {
        "Adj Close": 74.440531, 
        "Close": 81.129997, 
        "Company": "TROW", 
        "Date": "2013-11-22", 
        "High": 81.18, 
        "Low": 80.400002, 
        "Open": 80.800003, 
        "Volume": 916800, 
        "day": 326, 
        "year": 2013
    }
}