{
    "day": {
        "Adj Close": 71.934692, 
        "Close": 78.019997, 
        "Company": "TROW", 
        "Date": "2013-12-12", 
        "High": 78.800003, 
        "Low": 77.940002, 
        "Open": 78.419998, 
        "Volume": 1087300, 
        "day": 346, 
        "year": 2013
    }
}