{
    "day": {
        "Adj Close": 65.948022, 
        "Close": 72.989998, 
        "Company": "TROW", 
        "Date": "2013-02-06", 
        "High": 73.059998, 
        "Low": 72.279999, 
        "Open": 72.800003, 
        "Volume": 1659100, 
        "day": 37, 
        "year": 2013
    }
}