{
    "day": {
        "Adj Close": 66.074514, 
        "Close": 73.129997, 
        "Company": "TROW", 
        "Date": "2013-02-15", 
        "High": 73.57, 
        "Low": 72.620003, 
        "Open": 73.400002, 
        "Volume": 2210700, 
        "day": 46, 
        "year": 2013
    }
}