{
    "day": {
        "Adj Close": 67.592431, 
        "Close": 74.809998, 
        "Company": "TROW", 
        "Date": "2013-03-07", 
        "High": 74.889999, 
        "Low": 73.959999, 
        "Open": 74.470001, 
        "Volume": 1160500, 
        "day": 66, 
        "year": 2013
    }
}