{
    "day": {
        "Adj Close": 67.844912, 
        "Close": 74.709999, 
        "Company": "TROW", 
        "Date": "2013-03-18", 
        "High": 75.190002, 
        "Low": 74.360001, 
        "Open": 74.769997, 
        "Volume": 1286400, 
        "day": 77, 
        "year": 2013
    }
}