{
    "day": {
        "Adj Close": 67.917563, 
        "Close": 74.790001, 
        "Company": "TROW", 
        "Date": "2013-03-20", 
        "High": 75.800003, 
        "Low": 74.480003, 
        "Open": 75.059998, 
        "Volume": 1244300, 
        "day": 79, 
        "year": 2013
    }
}