{
    "day": {
        "Adj Close": 67.091179, 
        "Close": 73.879997, 
        "Company": "TROW", 
        "Date": "2013-03-25", 
        "High": 74.650002, 
        "Low": 73.5, 
        "Open": 74.540001, 
        "Volume": 1196700, 
        "day": 84, 
        "year": 2013
    }
}