{
    "day": {
        "Adj Close": 67.890321, 
        "Close": 74.760002, 
        "Company": "TROW", 
        "Date": "2013-03-26", 
        "High": 74.790001, 
        "Low": 73.93, 
        "Open": 74.089996, 
        "Volume": 1068000, 
        "day": 85, 
        "year": 2013
    }
}