{
    "day": {
        "Adj Close": 1.833501, 
        "Close": 40.875038, 
        "Company": "WBA", 
        "Date": "1990-02-20", 
        "High": 41.5, 
        "Low": 40.375038, 
        "Open": 41.5, 
        "Volume": 1673600, 
        "day": 20, 
        "month": 2
    }
}