{
    "day": {
        "Adj Close": 1.839106, 
        "Close": 41.0, 
        "Company": "WBA", 
        "Date": "1990-02-22", 
        "High": 41.875038, 
        "Low": 40.75008, 
        "Open": 40.875038, 
        "Volume": 1718400, 
        "day": 22, 
        "month": 2
    }
}