{
    "day": {
        "Adj Close": 53.844788, 
        "Close": 61.959999, 
        "Company": "TROW", 
        "Date": "2011-03-15", 
        "High": 62.57, 
        "Low": 61.029999, 
        "Open": 61.389999, 
        "Volume": 3308100, 
        "day": 2, 
        "week": 11
    }
}