{
    "day": {
        "Adj Close": 30.488805,
        "Close": 32.669998,
        "Company": "LPLA",
        "Date": "2013-03-15",
        "High": 32.900002,
        "Low": 32.400002,
        "Open": 32.849998,
        "Volume": 419000,
        "day": 5,
        "week": 11
    }
}