{
    "day": {
        "Adj Close": 51.768261,
        "Close": 54.48,
        "Company": "LPLA",
        "Date": "2014-02-20",
        "High": 54.560001,
        "Low": 53.310001,
        "Open": 53.790001,
        "Volume": 854000,
        "day": 4,
        "week": 8
    }
}