{
    "day": {
        "Adj Close": 33.951859, 
        "Close": 40.080002, 
        "Company": "WBA", 
        "Date": "2007-10-02", 
        "High": 40.330002, 
        "Low": 38.66, 
        "Open": 40.299999, 
        "Volume": 39885000, 
        "day": 2, 
        "month": 10
    }
}