{
    "day": {
        "Adj Close": 33.629959, 
        "Close": 39.700001, 
        "Company": "WBA", 
        "Date": "2007-10-29", 
        "High": 40.25, 
        "Low": 39.419998, 
        "Open": 40.110001, 
        "Volume": 5822600, 
        "day": 29, 
        "month": 10
    }
}