{
    "day": {
        "Adj Close": 33.197935, 
        "Close": 39.189999, 
        "Company": "WBA", 
        "Date": "2007-10-09", 
        "High": 39.669998, 
        "Low": 39.07, 
        "Open": 39.09, 
        "Volume": 9628600, 
        "day": 9, 
        "month": 10
    }
}