{
    "day": {
        "Adj Close": 4.086526, 
        "Close": 43.624962, 
        "Company": "WBA", 
        "Date": "1992-11-27", 
        "High": 43.75, 
        "Low": 43.5, 
        "Open": 43.75, 
        "Volume": 535200, 
        "day": 5, 
        "week": 48
    }
}