{
    "day": {
        "Adj Close": 2.093144, 
        "Close": 46.24992, 
        "Company": "WBA", 
        "Date": "1990-08-21", 
        "High": 46.5, 
        "Low": 45.0, 
        "Open": 46.375038, 
        "Volume": 2540800, 
        "day": 2, 
        "week": 34
    }
}