{
    "day": {
        "Adj Close": 14.956349, 
        "Close": 30.790001, 
        "Company": "MDLZ", 
        "Date": "2005-08-08", 
        "High": 30.91, 
        "Low": 30.620001, 
        "Open": 30.790001, 
        "Volume": 1878600, 
        "day": 1, 
        "week": 32
    }
}