{
    "day": {
        "Adj Close": 14.471162, 
        "Close": 31.25, 
        "Company": "MDLZ", 
        "Date": "2003-07-14", 
        "High": 31.540001, 
        "Low": 31.120001, 
        "Open": 31.540001, 
        "Volume": 2160800, 
        "day": 1, 
        "week": 29
    }
}