{
    "day": {
        "Adj Close": 250.240005, 
        "Close": 250.240005, 
        "Company": "TSLA", 
        "Date": "2015-09-11", 
        "High": 250.240005, 
        "Low": 244.729996, 
        "Open": 247.639999, 
        "Volume": 2350800, 
        "day": 5, 
        "week": 37
    }
}