{
    "day": {
        "Adj Close": 32.07, 
        "Close": 32.07, 
        "Company": "TSLA", 
        "Date": "2011-11-22", 
        "High": 32.790001, 
        "Low": 31.049999, 
        "Open": 31.76, 
        "Volume": 732600, 
        "day": 2, 
        "week": 47
    }
}