{
    "day": {
        "Adj Close": 31.450001, 
        "Close": 31.450001, 
        "Company": "TSLA", 
        "Date": "2011-11-23", 
        "High": 32.049999, 
        "Low": 31.25, 
        "Open": 31.76, 
        "Volume": 451800, 
        "day": 3, 
        "week": 47
    }
}