{
    "day": {
        "Adj Close": 18.41326, 
        "Close": 35.700001, 
        "Company": "MDLZ", 
        "Date": "2007-07-18", 
        "High": 36.349998, 
        "Low": 35.490002, 
        "Open": 35.860001, 
        "Volume": 15530300, 
        "day": 3, 
        "week": 29
    }
}