{
    "day": {
        "Adj Close": 37.498161, 
        "Close": 43.790001, 
        "Company": "TROW", 
        "Date": "2010-08-31", 
        "High": 44.330002, 
        "Low": 43.299999, 
        "Open": 43.509998, 
        "Volume": 2753200, 
        "day": 2, 
        "week": 35
    }
}