{
    "day": {
        "Adj Close": 46.130083,
        "Close": 48.299999,
        "Company": "LPLA",
        "Date": "2014-05-27",
        "High": 48.48,
        "Low": 47.84,
        "Open": 47.900002,
        "Volume": 439100,
        "day": 2,
        "week": 22
    }
}