{
    "day": {
        "Adj Close": 36.905721, 
        "Close": 43.66, 
        "Company": "WBA", 
        "Date": "2007-06-19", 
        "High": 44.200001, 
        "Low": 43.59, 
        "Open": 44.02, 
        "Volume": 6293200, 
        "day": 19, 
        "month": 6
    }
}