{
    "day": {
        "Adj Close": 36.905721, 
        "Close": 43.66, 
        "Company": "WBA", 
        "Date": "2007-06-20", 
        "High": 43.860001, 
        "Low": 43.529999, 
        "Open": 43.849998, 
        "Volume": 5955400, 
        "day": 20, 
        "month": 6
    }
}