{
    "day": {
        "Adj Close": 36.804286, 
        "Close": 43.540001, 
        "Company": "WBA", 
        "Date": "2007-06-29", 
        "High": 43.939999, 
        "Low": 43.310001, 
        "Open": 43.84, 
        "Volume": 4046800, 
        "day": 29, 
        "month": 6
    }
}