{
    "day": {
        "Adj Close": 17.540001,
        "Close": 17.540001,
        "Company": "TCBI",
        "Date": "2010-06-10",
        "High": 17.58,
        "Low": 17.01,
        "Open": 17.25,
        "Volume": 364500,
        "day": 10,
        "month": 6
    }
}