{
    "day": {
        "Adj Close": 47.830002, 
        "Close": 47.830002, 
        "Company": "TSLA", 
        "Date": "2013-04-19", 
        "High": 49.880001, 
        "Low": 47.07, 
        "Open": 47.459999, 
        "Volume": 3011700, 
        "day": 5, 
        "week": 16
    }
}