{
    "day": {
        "Adj Close": 52.130001,
        "Close": 52.130001,
        "Company": "TCBI",
        "Date": "2013-11-04",
        "High": 52.32,
        "Low": 51.689999,
        "Open": 52.0,
        "Volume": 275100,
        "day": 1,
        "week": 45
    }
}