{
    "day": {
        "Adj Close": 26.26, 
        "Close": 26.26, 
        "Company": "FANG", 
        "Date": "2013-04-30", 
        "High": 26.74, 
        "Low": 26.129999, 
        "Open": 26.459999, 
        "Volume": 171600, 
        "day": 2, 
        "week": 18
    }
}