{
    "day": {
        "Adj Close": 13.828108, 
        "Close": 29.68, 
        "Company": "MDLZ", 
        "Date": "2003-09-11", 
        "High": 29.799999, 
        "Low": 29.5, 
        "Open": 29.74, 
        "Volume": 1607700, 
        "day": 11, 
        "month": 9
    }
}