{
    "day": {
        "Adj Close": 13.870039, 
        "Close": 29.77, 
        "Company": "MDLZ", 
        "Date": "2003-09-12", 
        "High": 29.870001, 
        "Low": 29.299999, 
        "Open": 29.52, 
        "Volume": 1810000, 
        "day": 12, 
        "month": 9
    }
}