{
    "day": {
        "Adj Close": 13.674359, 
        "Close": 29.35, 
        "Company": "MDLZ", 
        "Date": "2003-09-19", 
        "High": 29.870001, 
        "Low": 29.26, 
        "Open": 29.67, 
        "Volume": 2157400, 
        "day": 19, 
        "month": 9
    }
}