{
    "day": {
        "Adj Close": 13.656146, 
        "Close": 29.49, 
        "Company": "MDLZ", 
        "Date": "2003-09-09", 
        "High": 29.780001, 
        "Low": 29.379999, 
        "Open": 29.440001, 
        "Volume": 1432700, 
        "day": 9, 
        "month": 9
    }
}