{
    "day": {
        "Adj Close": 47.947791, 
        "Close": 54.880001, 
        "Company": "TROW", 
        "Date": "2011-08-02", 
        "High": 56.779999, 
        "Low": 54.869999, 
        "Open": 56.049999, 
        "Volume": 2104300, 
        "day": 2, 
        "week": 31
    }
}