{
    "day": {
        "Adj Close": 48.349685, 
        "Close": 55.34, 
        "Company": "TROW", 
        "Date": "2011-08-03", 
        "High": 55.619999, 
        "Low": 53.689999, 
        "Open": 54.950001, 
        "Volume": 2977600, 
        "day": 3, 
        "week": 31
    }
}