{
    "day": {
        "Adj Close": 25.777244, 
        "Close": 27.450001, 
        "Company": "MDLZ", 
        "Date": "2012-10-17", 
        "High": 27.5, 
        "Low": 27.040001, 
        "Open": 27.040001, 
        "Volume": 11405200, 
        "day": 17, 
        "month": 10
    }
}