{
    "day": {
        "Adj Close": 25.749072, 
        "Close": 27.42, 
        "Company": "MDLZ", 
        "Date": "2012-10-18", 
        "High": 27.559999, 
        "Low": 27.35, 
        "Open": 27.5, 
        "Volume": 8754000, 
        "day": 18, 
        "month": 10
    }
}