{
    "day": {
        "Adj Close": 23.33,
        "Close": 23.33,
        "Company": "TCBI",
        "Date": "2005-07-27",
        "High": 23.450001,
        "Low": 22.4,
        "Open": 22.459999,
        "Volume": 212200,
        "day": 3,
        "week": 30
    }
}