{
    "day": {
        "Adj Close": 46.007929, 
        "Close": 48.5, 
        "Company": "WBA", 
        "Date": "2013-06-03", 
        "High": 48.529999, 
        "Low": 46.560001, 
        "Open": 47.720001, 
        "Volume": 6661600, 
        "day": 1, 
        "week": 23
    }
}