{
    "day": {
        "Adj Close": 13.380122,
        "Close": 18.17,
        "Company": "SUNS",
        "Date": "2012-10-03",
        "High": 18.25,
        "Low": 18.049999,
        "Open": 18.190001,
        "Volume": 17600,
        "day": 3,
        "week": 40
    }
}