{
    "day": {
        "Adj Close": 13.446397,
        "Close": 18.26,
        "Company": "SUNS",
        "Date": "2012-10-04",
        "High": 18.299999,
        "Low": 18.17,
        "Open": 18.27,
        "Volume": 14400,
        "day": 4,
        "week": 40
    }
}