{
    "day": {
        "Adj Close": 20.790001,
        "Close": 20.790001,
        "Company": "TCBI",
        "Date": "2007-12-10",
        "High": 20.9,
        "Low": 20.549999,
        "Open": 20.83,
        "Volume": 73500,
        "day": 10,
        "month": 12
    }
}