{
    "day": {
        "Adj Close": 18.860001,
        "Close": 18.860001,
        "Company": "TCBI",
        "Date": "2007-12-26",
        "High": 18.889999,
        "Low": 18.35,
        "Open": 18.450001,
        "Volume": 188000,
        "day": 26,
        "month": 12
    }
}