{
    "day": {
        "Adj Close": 29.185933,
        "Close": 31.67,
        "Company": "LPLA",
        "Date": "2012-05-15",
        "High": 32.25,
        "Low": 31.02,
        "Open": 31.870001,
        "Volume": 297600,
        "day": 2,
        "week": 20
    }
}