{
    "day": {
        "Adj Close": 46.02,
        "Close": 46.02,
        "Company": "TCBI",
        "Date": "2012-08-31",
        "High": 46.169998,
        "Low": 45.400002,
        "Open": 45.759998,
        "Volume": 715400,
        "day": 5,
        "week": 35
    }
}