{
    "day": {
        "Adj Close": 38.087376, 
        "Close": 47.970001, 
        "Company": "TROW", 
        "Date": "2006-10-16", 
        "High": 47.990002, 
        "Low": 47.110001, 
        "Open": 47.16, 
        "Volume": 1293000, 
        "day": 1, 
        "week": 42
    }
}