{
    "day": {
        "Adj Close": 14.120454,
        "Close": 17.09,
        "Company": "SUNS",
        "Date": "2014-04-01",
        "High": 17.299999,
        "Low": 17.01,
        "Open": 17.16,
        "Volume": 43600,
        "day": 1,
        "month": 4
    }
}