{
    "day": {
        "Adj Close": 13.719325,
        "Close": 16.49,
        "Company": "SUNS",
        "Date": "2014-04-29",
        "High": 16.639999,
        "Low": 16.459999,
        "Open": 16.6,
        "Volume": 35200,
        "day": 29,
        "month": 4
    }
}