{
    "day": {
        "Adj Close": 14.103929,
        "Close": 17.07,
        "Company": "SUNS",
        "Date": "2014-04-04",
        "High": 17.4,
        "Low": 17.059999,
        "Open": 17.370001,
        "Volume": 43600,
        "day": 4,
        "month": 4
    }
}