{
    "day": {
        "Adj Close": 13.996518,
        "Close": 16.940001,
        "Company": "SUNS",
        "Date": "2014-04-07",
        "High": 17.139999,
        "Low": 16.91,
        "Open": 17.139999,
        "Volume": 47200,
        "day": 7,
        "month": 4
    }
}