{
    "day": {
        "Adj Close": 1.322018, 
        "Close": 30.75008, 
        "Company": "WBA", 
        "Date": "1987-12-31", 
        "High": 31.87504, 
        "Low": 30.5, 
        "Open": 31.24992, 
        "Volume": 838400, 
        "day": 4, 
        "week": 53
    }
}