{
    "day": {
        "Adj Close": 4.357846, 
        "Close": 51.375038, 
        "Company": "TROW", 
        "Date": "1996-01-30", 
        "High": 52.0, 
        "Low": 50.0, 
        "Open": 50.25, 
        "Volume": 1806400, 
        "day": 30, 
        "month": 1
    }
}