{
    "day": {
        "Adj Close": 56.6892, 
        "Close": 63.07, 
        "Company": "TROW", 
        "Date": "2012-09-11", 
        "High": 63.41, 
        "Low": 62.919998, 
        "Open": 63.080002, 
        "Volume": 762400, 
        "day": 11, 
        "month": 9
    }
}