{
    "day": {
        "Adj Close": 59.151992, 
        "Close": 65.809998, 
        "Company": "TROW", 
        "Date": "2012-09-14", 
        "High": 65.970001, 
        "Low": 63.919998, 
        "Open": 63.919998, 
        "Volume": 1659800, 
        "day": 14, 
        "month": 9
    }
}