{
    "day": {
        "Adj Close": 58.010481, 
        "Close": 64.540001, 
        "Company": "TROW", 
        "Date": "2012-09-18", 
        "High": 65.120003, 
        "Low": 64.339996, 
        "Open": 64.620003, 
        "Volume": 1189000, 
        "day": 18, 
        "month": 9
    }
}