{
    "day": {
        "Adj Close": 55.41895, 
        "Close": 61.990002, 
        "Company": "TROW", 
        "Date": "2012-09-04", 
        "High": 62.080002, 
        "Low": 61.360001, 
        "Open": 61.470001, 
        "Volume": 749000, 
        "day": 4, 
        "month": 9
    }
}