{
    "day": {
        "Adj Close": 54.81997, 
        "Close": 61.32, 
        "Company": "TROW", 
        "Date": "2012-09-05", 
        "High": 62.220001, 
        "Low": 61.119999, 
        "Open": 61.810001, 
        "Volume": 1028800, 
        "day": 5, 
        "month": 9
    }
}