{
    "day": {
        "Adj Close": 56.581147, 
        "Close": 63.290001, 
        "Company": "TROW", 
        "Date": "2012-09-06", 
        "High": 63.439999, 
        "Low": 61.5, 
        "Open": 61.5, 
        "Volume": 1117400, 
        "day": 6, 
        "month": 9
    }
}