{
    "day": {
        "Adj Close": 27.906329, 
        "Close": 33.82, 
        "Company": "TROW", 
        "Date": "2008-12-16", 
        "High": 33.849998, 
        "Low": 31.389999, 
        "Open": 31.559999, 
        "Volume": 4220600, 
        "day": 16, 
        "month": 12
    }
}