{
    "day": {
        "Adj Close": 27.79081, 
        "Close": 33.68, 
        "Company": "TROW", 
        "Date": "2008-12-17", 
        "High": 34.610001, 
        "Low": 32.720001, 
        "Open": 32.720001, 
        "Volume": 3817900, 
        "day": 17, 
        "month": 12
    }
}