{
    "day": {
        "Adj Close": 28.502698, 
        "Close": 34.810001, 
        "Company": "TROW", 
        "Date": "2008-12-05", 
        "High": 34.82, 
        "Low": 29.629999, 
        "Open": 31.120001, 
        "Volume": 5200400, 
        "day": 5, 
        "month": 12
    }
}