{
    "day": {
        "Adj Close": 14.428718, 
        "Close": 39.290001, 
        "Company": "TROW", 
        "Date": "2002-02-13", 
        "High": 39.459999, 
        "Low": 38.5, 
        "Open": 38.799999, 
        "Volume": 725000, 
        "day": 3, 
        "week": 7
    }
}