{
    "day": {
        "Adj Close": 13.969672, 
        "Close": 38.040001, 
        "Company": "TROW", 
        "Date": "2002-02-15", 
        "High": 39.009998, 
        "Low": 38.040001, 
        "Open": 38.900002, 
        "Volume": 602800, 
        "day": 5, 
        "week": 7
    }
}