{
    "day": {
        "Adj Close": 27.236398, 
        "Close": 31.52, 
        "Company": "WBA", 
        "Date": "2009-05-04", 
        "High": 32.200001, 
        "Low": 31.299999, 
        "Open": 31.709999, 
        "Volume": 8322500, 
        "day": 1, 
        "week": 19
    }
}