{
    "day": {
        "Adj Close": 33.0, 
        "Close": 33.0, 
        "Company": "TSLA", 
        "Date": "2012-11-20", 
        "High": 33.099998, 
        "Low": 31.91, 
        "Open": 32.799999, 
        "Volume": 922500, 
        "day": 2, 
        "week": 47
    }
}