{
    "day": {
        "Adj Close": 59.169998,
        "Close": 59.169998,
        "Company": "TCBI",
        "Date": "2015-08-05",
        "High": 60.75,
        "Low": 58.990002,
        "Open": 59.529999,
        "Volume": 468100,
        "day": 3,
        "week": 32
    }
}