{
    "day": {
        "Adj Close": 1.336537, 
        "Close": 34.0, 
        "Company": "TROW", 
        "Date": "1991-12-11", 
        "High": 34.75008, 
        "Low": 33.75008, 
        "Open": 34.24992, 
        "Volume": 438400, 
        "day": 3, 
        "week": 50
    }
}