{
    "day": {
        "Adj Close": 1.395502, 
        "Close": 35.5, 
        "Company": "TROW", 
        "Date": "1991-12-13", 
        "High": 35.75008, 
        "Low": 34.0, 
        "Open": 34.5, 
        "Volume": 2478400, 
        "day": 5, 
        "week": 50
    }
}