{
    "day": {
        "Adj Close": 22.290001,
        "Close": 22.290001,
        "Company": "TCBI",
        "Date": "2005-08-04",
        "High": 22.889999,
        "Low": 22.25,
        "Open": 22.799999,
        "Volume": 130100,
        "day": 4,
        "week": 31
    }
}