{
    "day": {
        "Adj Close": 72.40289, 
        "Close": 78.110001, 
        "Company": "TROW", 
        "Date": "2014-04-10", 
        "High": 80.480003, 
        "Low": 78.010002, 
        "Open": 79.980003, 
        "Volume": 1969800, 
        "day": 10, 
        "month": 4
    }
}