{
    "day": {
        "Adj Close": 74.738763, 
        "Close": 80.629997, 
        "Company": "TROW", 
        "Date": "2014-04-17", 
        "High": 80.980003, 
        "Low": 80.330002, 
        "Open": 80.510002, 
        "Volume": 1740700, 
        "day": 17, 
        "month": 4
    }
}