{
    "day": {
        "Adj Close": 77.399069, 
        "Close": 83.5, 
        "Company": "TROW", 
        "Date": "2014-04-03", 
        "High": 84.730003, 
        "Low": 82.970001, 
        "Open": 84.209999, 
        "Volume": 837300, 
        "day": 3, 
        "month": 4
    }
}