{
    "day": {
        "Adj Close": 73.77475, 
        "Close": 79.589996, 
        "Company": "TROW", 
        "Date": "2014-04-08", 
        "High": 79.879997, 
        "Low": 79.099998, 
        "Open": 79.620003, 
        "Volume": 1913300, 
        "day": 8, 
        "month": 4
    }
}