{
    "day": {
        "Adj Close": 18.120001,
        "Close": 18.120001,
        "Company": "TCBI",
        "Date": "2005-04-26",
        "High": 19.0,
        "Low": 18.120001,
        "Open": 18.549999,
        "Volume": 204000,
        "day": 26,
        "month": 4
    }
}