{
    "day": {
        "Adj Close": 21.549999,
        "Close": 21.549999,
        "Company": "TCBI",
        "Date": "2005-04-07",
        "High": 21.709999,
        "Low": 21.09,
        "Open": 21.24,
        "Volume": 88200,
        "day": 7,
        "month": 4
    }
}