{
    "day": {
        "Adj Close": 17.880542, 
        "Close": 39.0, 
        "Company": "MDLZ", 
        "Date": "2002-12-27", 
        "High": 39.360001, 
        "Low": 38.959999, 
        "Open": 39.290001, 
        "Volume": 661500, 
        "day": 27, 
        "month": 12
    }
}