{
    "day": {
        "Adj Close": 15.416838, 
        "Close": 31.01, 
        "Company": "MDLZ", 
        "Date": "2006-05-03", 
        "High": 31.23, 
        "Low": 30.9, 
        "Open": 31.040001, 
        "Volume": 1354200, 
        "day": 3, 
        "week": 18
    }
}