{
    "day": {
        "Adj Close": 28.902123, 
        "Close": 35.119999, 
        "Company": "WBA", 
        "Date": "2002-09-13", 
        "High": 35.41, 
        "Low": 34.400002, 
        "Open": 34.639999, 
        "Volume": 1711200, 
        "day": 13, 
        "month": 9
    }
}