{
    "day": {
        "Adj Close": 27.90635, 
        "Close": 33.91, 
        "Company": "WBA", 
        "Date": "2002-09-17", 
        "High": 35.549999, 
        "Low": 33.720001, 
        "Open": 35.310001, 
        "Volume": 3037600, 
        "day": 17, 
        "month": 9
    }
}