{
    "day": {
        "Adj Close": 26.86943, 
        "Close": 32.650002, 
        "Company": "WBA", 
        "Date": "2002-09-19", 
        "High": 33.599998, 
        "Low": 32.650002, 
        "Open": 33.5, 
        "Volume": 2953400, 
        "day": 19, 
        "month": 9
    }
}