{
    "day": {
        "Adj Close": 27.980416, 
        "Close": 34.0, 
        "Company": "WBA", 
        "Date": "2002-09-25", 
        "High": 34.0, 
        "Low": 32.77, 
        "Open": 33.639999, 
        "Volume": 2668800, 
        "day": 25, 
        "month": 9
    }
}