{
    "day": {
        "Adj Close": 14.030751, 
        "Close": 28.67, 
        "Company": "MDLZ", 
        "Date": "2005-12-15", 
        "High": 29.76, 
        "Low": 28.16, 
        "Open": 28.950001, 
        "Volume": 6121700, 
        "day": 4, 
        "week": 50
    }
}