{
    "day": {
        "Adj Close": 1.39731, 
        "Close": 33.0, 
        "Company": "WBA", 
        "Date": "1986-11-26", 
        "High": 34.124962, 
        "Low": 32.875038, 
        "Open": 33.75008, 
        "Volume": 1324800, 
        "day": 3, 
        "week": 48
    }
}