{
    "day": {
        "Adj Close": 23.879999,
        "Close": 23.879999,
        "Company": "TCBI",
        "Date": "2005-02-16",
        "High": 24.16,
        "Low": 23.5,
        "Open": 23.73,
        "Volume": 130400,
        "day": 16,
        "month": 2
    }
}