{
    "day": {
        "Adj Close": 1.156712, 
        "Close": 29.75008, 
        "Company": "TROW", 
        "Date": "1991-04-17", 
        "High": 29.75008, 
        "Low": 29.24992, 
        "Open": 29.24992, 
        "Volume": 1419200, 
        "day": 107, 
        "year": 1991
    }
}