{
    "day": {
        "Adj Close": 1.117831, 
        "Close": 28.75008, 
        "Company": "TROW", 
        "Date": "1991-05-07", 
        "High": 29.24992, 
        "Low": 28.24992, 
        "Open": 28.24992, 
        "Volume": 883200, 
        "day": 127, 
        "year": 1991
    }
}