{
    "day": {
        "Adj Close": 1.190728, 
        "Close": 30.62496, 
        "Company": "TROW", 
        "Date": "1991-05-15", 
        "High": 30.62496, 
        "Low": 29.5, 
        "Open": 29.5, 
        "Volume": 435200, 
        "day": 135, 
        "year": 1991
    }
}