{
    "day": {
        "Adj Close": 1.098384, 
        "Close": 28.24992, 
        "Company": "TROW", 
        "Date": "1991-05-22", 
        "High": 28.24992, 
        "Low": 28.24992, 
        "Open": 28.24992, 
        "Volume": 30400, 
        "day": 142, 
        "year": 1991
    }
}