{
    "day": {
        "Adj Close": 0.743707, 
        "Close": 19.24992, 
        "Company": "TROW", 
        "Date": "1991-01-15", 
        "High": 19.24992, 
        "Low": 18.75008, 
        "Open": 18.75008, 
        "Volume": 148800, 
        "day": 15, 
        "year": 1991
    }
}