{
    "day": {
        "Adj Close": 1.07895, 
        "Close": 27.75008, 
        "Company": "TROW", 
        "Date": "1991-05-30", 
        "High": 27.75008, 
        "Low": 27.24992, 
        "Open": 27.24992, 
        "Volume": 36800, 
        "day": 150, 
        "year": 1991
    }
}