{
    "day": {
        "Adj Close": 1.064368, 
        "Close": 27.37504, 
        "Company": "TROW", 
        "Date": "1991-06-06", 
        "High": 27.75008, 
        "Low": 27.37504, 
        "Open": 27.5, 
        "Volume": 424000, 
        "day": 157, 
        "year": 1991
    }
}