{
    "day": {
        "Adj Close": 1.105074, 
        "Close": 28.24992, 
        "Company": "TROW", 
        "Date": "1991-06-18", 
        "High": 28.5, 
        "Low": 27.24992, 
        "Open": 27.24992, 
        "Volume": 704000, 
        "day": 169, 
        "year": 1991
    }
}