{
    "day": {
        "Adj Close": 1.046403, 
        "Close": 26.75008, 
        "Company": "TROW", 
        "Date": "1991-06-24", 
        "High": 27.12496, 
        "Low": 26.75008, 
        "Open": 27.0, 
        "Volume": 148800, 
        "day": 175, 
        "year": 1991
    }
}