{
    "day": {
        "Adj Close": 1.07085, 
        "Close": 27.37504, 
        "Company": "TROW", 
        "Date": "1991-07-08", 
        "High": 27.37504, 
        "Low": 27.0, 
        "Open": 27.24992, 
        "Volume": 99200, 
        "day": 189, 
        "year": 1991
    }
}