{
    "day": {
        "Adj Close": 1.085521, 
        "Close": 27.75008, 
        "Company": "TROW", 
        "Date": "1991-07-11", 
        "High": 27.75008, 
        "Low": 27.0, 
        "Open": 27.0, 
        "Volume": 336000, 
        "day": 192, 
        "year": 1991
    }
}