{
    "day": {
        "Adj Close": 1.075739, 
        "Close": 27.5, 
        "Company": "TROW", 
        "Date": "1991-07-23", 
        "High": 28.24992, 
        "Low": 27.5, 
        "Open": 27.62496, 
        "Volume": 139200, 
        "day": 204, 
        "year": 1991
    }
}