{
    "day": {
        "Adj Close": 1.202875, 
        "Close": 30.75008, 
        "Company": "TROW", 
        "Date": "1991-08-12", 
        "High": 31.0, 
        "Low": 30.5, 
        "Open": 30.5, 
        "Volume": 579200, 
        "day": 224, 
        "year": 1991
    }
}