{
    "day": {
        "Adj Close": 1.310445, 
        "Close": 33.5, 
        "Company": "TROW", 
        "Date": "1991-09-06", 
        "High": 33.5, 
        "Low": 32.75008, 
        "Open": 33.5, 
        "Volume": 121600, 
        "day": 249, 
        "year": 1991
    }
}