{
    "day": {
        "Adj Close": 0.81132, 
        "Close": 21.0, 
        "Company": "TROW", 
        "Date": "1991-01-25", 
        "High": 22.75008, 
        "Low": 20.5, 
        "Open": 22.24992, 
        "Volume": 1118400, 
        "day": 25, 
        "year": 1991
    }
}