{
    "day": {
        "Adj Close": 1.297227, 
        "Close": 33.0, 
        "Company": "TROW", 
        "Date": "1991-09-23", 
        "High": 33.75008, 
        "Low": 33.0, 
        "Open": 33.24992, 
        "Volume": 40000, 
        "day": 266, 
        "year": 1991
    }
}