{
    "day": {
        "Adj Close": 1.415157, 
        "Close": 36.0, 
        "Company": "TROW", 
        "Date": "1991-10-21", 
        "High": 36.5, 
        "Low": 35.75008, 
        "Open": 36.24992, 
        "Volume": 264000, 
        "day": 294, 
        "year": 1991
    }
}