{
    "day": {
        "Adj Close": 0.840299, 
        "Close": 21.75008, 
        "Company": "TROW", 
        "Date": "1991-01-03", 
        "High": 23.24992, 
        "Low": 21.5, 
        "Open": 22.75008, 
        "Volume": 2489600, 
        "day": 3, 
        "year": 1991
    }
}