{
    "day": {
        "Adj Close": 1.454466, 
        "Close": 37.0, 
        "Company": "TROW", 
        "Date": "1991-10-28", 
        "High": 37.24992, 
        "Low": 37.0, 
        "Open": 37.0, 
        "Volume": 270400, 
        "day": 301, 
        "year": 1991
    }
}