{
    "day": {
        "Adj Close": 1.434811, 
        "Close": 36.5, 
        "Company": "TROW", 
        "Date": "1991-11-07", 
        "High": 36.5, 
        "Low": 36.24992, 
        "Open": 36.24992, 
        "Volume": 550400, 
        "day": 311, 
        "year": 1991
    }
}