{
    "day": {
        "Adj Close": 1.361104, 
        "Close": 34.624962, 
        "Company": "TROW", 
        "Date": "1991-11-19", 
        "High": 35.0, 
        "Low": 34.375038, 
        "Open": 34.5, 
        "Volume": 412800, 
        "day": 323, 
        "year": 1991
    }
}