{
    "day": {
        "Adj Close": 1.366022, 
        "Close": 34.75008, 
        "Company": "TROW", 
        "Date": "1991-12-04", 
        "High": 35.0, 
        "Low": 33.5, 
        "Open": 33.5, 
        "Volume": 275200, 
        "day": 338, 
        "year": 1991
    }
}