{
    "day": {
        "Adj Close": 1.366022, 
        "Close": 34.75008, 
        "Company": "TROW", 
        "Date": "1991-12-09", 
        "High": 34.75008, 
        "Low": 34.24992, 
        "Open": 34.75008, 
        "Volume": 316800, 
        "day": 343, 
        "year": 1991
    }
}