{
    "day": {
        "Adj Close": 1.424981, 
        "Close": 36.24992, 
        "Company": "TROW", 
        "Date": "1991-12-16", 
        "High": 36.75008, 
        "Low": 36.0, 
        "Open": 36.0, 
        "Volume": 257600, 
        "day": 350, 
        "year": 1991
    }
}