{
    "day": {
        "Adj Close": 0.94654, 
        "Close": 24.5, 
        "Company": "TROW", 
        "Date": "1991-02-12", 
        "High": 24.5, 
        "Low": 23.24992, 
        "Open": 23.75008, 
        "Volume": 1969600, 
        "day": 43, 
        "year": 1991
    }
}