{
    "day": {
        "Adj Close": 0.956202, 
        "Close": 24.75008, 
        "Company": "TROW", 
        "Date": "1991-02-21", 
        "High": 25.24992, 
        "Low": 24.75008, 
        "Open": 25.24992, 
        "Volume": 222400, 
        "day": 52, 
        "year": 1991
    }
}