{
    "day": {
        "Adj Close": 0.994836, 
        "Close": 25.75008, 
        "Company": "TROW", 
        "Date": "1991-03-06", 
        "High": 25.75008, 
        "Low": 25.24992, 
        "Open": 25.5, 
        "Volume": 502400, 
        "day": 65, 
        "year": 1991
    }
}