{
    "day": {
        "Adj Close": 1.004491, 
        "Close": 26.0, 
        "Company": "TROW", 
        "Date": "1991-03-15", 
        "High": 26.0, 
        "Low": 25.24992, 
        "Open": 25.24992, 
        "Volume": 44800, 
        "day": 74, 
        "year": 1991
    }
}