{
    "day": {
        "Adj Close": 1.049786, 
        "Close": 27.0, 
        "Company": "TROW", 
        "Date": "1991-03-25", 
        "High": 27.0, 
        "Low": 25.24992, 
        "Open": 25.5, 
        "Volume": 633600, 
        "day": 84, 
        "year": 1991
    }
}