{
    "day": {
        "Adj Close": 1.108108, 
        "Close": 28.5, 
        "Company": "TROW", 
        "Date": "1991-04-02", 
        "High": 28.87504, 
        "Low": 28.5, 
        "Open": 28.5, 
        "Volume": 72000, 
        "day": 92, 
        "year": 1991
    }
}