{
    "day": {
        "Adj Close": 1.185869, 
        "Close": 30.5, 
        "Company": "TROW", 
        "Date": "1991-04-04", 
        "High": 30.75008, 
        "Low": 30.24992, 
        "Open": 30.24992, 
        "Volume": 1483200, 
        "day": 94, 
        "year": 1991
    }
}