{
    "day": {
        "Adj Close": 30.506985,
        "Close": 35.139999,
        "Company": "LPLA",
        "Date": "2012-02-03",
        "High": 35.16,
        "Low": 34.25,
        "Open": 34.25,
        "Volume": 326000,
        "day": 3,
        "month": 2
    }
}