{
    "day": {
        "Adj Close": 27.097586, 
        "Close": 33.09, 
        "Company": "WBA", 
        "Date": "2001-07-10", 
        "High": 33.57, 
        "Low": 32.529999, 
        "Open": 33.400002, 
        "Volume": 6140600, 
        "day": 2, 
        "week": 28
    }
}