{
    "day": {
        "Adj Close": 56.797059, 
        "Close": 63.189999, 
        "Company": "TROW", 
        "Date": "2012-10-01", 
        "High": 64.25, 
        "Low": 62.84, 
        "Open": 63.66, 
        "Volume": 951200, 
        "day": 1, 
        "week": 40
    }
}