{
    "day": {
        "Adj Close": 57.336359, 
        "Close": 63.790001, 
        "Company": "TROW", 
        "Date": "2012-10-05", 
        "High": 64.559998, 
        "Low": 63.470001, 
        "Open": 63.889999, 
        "Volume": 1004300, 
        "day": 5, 
        "week": 40
    }
}