{
    "day": {
        "Adj Close": 0.899197, 
        "Close": 23.75008, 
        "Company": "TROW", 
        "Date": "1990-05-09", 
        "High": 24.24992, 
        "Low": 23.75008, 
        "Open": 24.0, 
        "Volume": 129600, 
        "day": 3, 
        "week": 19
    }
}