{
    "day": {
        "Adj Close": 36.139138, 
        "Close": 36.869999, 
        "Company": "MDLZ", 
        "Date": "2015-01-12", 
        "High": 37.240002, 
        "Low": 36.700001, 
        "Open": 36.970001, 
        "Volume": 8106500, 
        "day": 12, 
        "month": 1
    }
}