{
    "day": {
        "Adj Close": 36.060725, 
        "Close": 36.790001, 
        "Company": "MDLZ", 
        "Date": "2015-01-02", 
        "High": 36.939999, 
        "Low": 36.27, 
        "Open": 36.43, 
        "Volume": 7707700, 
        "day": 2, 
        "month": 1
    }
}