{
    "day": {
        "Adj Close": 35.3648, 
        "Close": 36.080002, 
        "Company": "MDLZ", 
        "Date": "2015-01-27", 
        "High": 36.299999, 
        "Low": 35.98, 
        "Open": 36.189999, 
        "Volume": 8421800, 
        "day": 27, 
        "month": 1
    }
}