{
    "day": {
        "Adj Close": 21.559999,
        "Close": 21.559999,
        "Company": "TCBI",
        "Date": "2007-09-12",
        "High": 21.67,
        "Low": 21.0,
        "Open": 21.280001,
        "Volume": 99000,
        "day": 3,
        "week": 37
    }
}