{
    "day": {
        "Adj Close": 18.219999,
        "Close": 18.219999,
        "Company": "TCBI",
        "Date": "2010-03-12",
        "High": 18.360001,
        "Low": 18.01,
        "Open": 18.360001,
        "Volume": 289500,
        "day": 12,
        "month": 3
    }
}