{
    "day": {
        "Adj Close": 18.379999,
        "Close": 18.379999,
        "Company": "TCBI",
        "Date": "2010-03-16",
        "High": 18.43,
        "Low": 18.16,
        "Open": 18.370001,
        "Volume": 237100,
        "day": 16,
        "month": 3
    }
}