{
    "day": {
        "Adj Close": 24.459999,
        "Close": 24.459999,
        "Company": "TCBI",
        "Date": "2011-06-01",
        "High": 25.1,
        "Low": 24.209999,
        "Open": 25.040001,
        "Volume": 430700,
        "day": 1,
        "month": 6
    }
}