{
    "day": {
        "Adj Close": 24.299999,
        "Close": 24.299999,
        "Company": "TCBI",
        "Date": "2011-06-13",
        "High": 24.559999,
        "Low": 24.09,
        "Open": 24.34,
        "Volume": 95800,
        "day": 13,
        "month": 6
    }
}