{
    "day": {
        "Adj Close": 28.030001,
        "Close": 28.030001,
        "Company": "TCBI",
        "Date": "2011-11-08",
        "High": 28.110001,
        "Low": 26.879999,
        "Open": 27.43,
        "Volume": 310200,
        "day": 2,
        "week": 45
    }
}