{
    "day": {
        "Adj Close": 26.98,
        "Close": 26.98,
        "Company": "TCBI",
        "Date": "2011-11-10",
        "High": 27.25,
        "Low": 26.450001,
        "Open": 26.639999,
        "Volume": 266100,
        "day": 4,
        "week": 45
    }
}