{
    "day": {
        "Adj Close": 2.042375, 
        "Close": 45.75008, 
        "Company": "WBA", 
        "Date": "1989-11-20", 
        "High": 45.75008, 
        "Low": 44.5, 
        "Open": 44.875038, 
        "Volume": 3209600, 
        "day": 20, 
        "month": 11
    }
}