{
    "day": {
        "Adj Close": 1.616212, 
        "Close": 40.5, 
        "Company": "TROW", 
        "Date": "1992-07-30", 
        "High": 41.0, 
        "Low": 40.5, 
        "Open": 40.75008, 
        "Volume": 310400, 
        "day": 4, 
        "week": 31
    }
}