{
    "day": {
        "Adj Close": 65.486682, 
        "Close": 71.75, 
        "Company": "TROW", 
        "Date": "2013-08-21", 
        "High": 72.589996, 
        "Low": 71.449997, 
        "Open": 72.0, 
        "Volume": 1121700, 
        "day": 3, 
        "week": 34
    }
}