{
    "day": {
        "Adj Close": 35.70496, 
        "Close": 42.830002, 
        "Company": "WBA", 
        "Date": "2005-02-28", 
        "High": 43.110001, 
        "Low": 42.389999, 
        "Open": 42.619999, 
        "Volume": 2565000, 
        "day": 1, 
        "week": 9
    }
}