{
    "day": {
        "Adj Close": 37.547312, 
        "Close": 45.040001, 
        "Company": "WBA", 
        "Date": "2005-03-04", 
        "High": 45.07, 
        "Low": 44.25, 
        "Open": 44.830002, 
        "Volume": 4113400, 
        "day": 5, 
        "week": 9
    }
}