{
    "day": {
        "Adj Close": 78.000238, 
        "Close": 80.279999, 
        "Company": "TROW", 
        "Date": "2015-06-02", 
        "High": 80.610001, 
        "Low": 79.82, 
        "Open": 80.410004, 
        "Volume": 1600300, 
        "day": 2, 
        "week": 23
    }
}