{
    "day": {
        "Adj Close": 1.952339, 
        "Close": 48.0, 
        "Company": "TROW", 
        "Date": "1993-07-08", 
        "High": 48.24992, 
        "Low": 47.24992, 
        "Open": 48.24992, 
        "Volume": 1464000, 
        "day": 4, 
        "week": 27
    }
}