{
    "day": {
        "Adj Close": 1.916748, 
        "Close": 47.124962, 
        "Company": "TROW", 
        "Date": "1993-07-09", 
        "High": 47.75008, 
        "Low": 47.0, 
        "Open": 47.75008, 
        "Volume": 320000, 
        "day": 5, 
        "week": 27
    }
}