{
    "day": {
        "Adj Close": 1.363694, 
        "Close": 31.87504, 
        "Company": "WBA", 
        "Date": "1987-11-02", 
        "High": 33.0, 
        "Low": 30.87504, 
        "Open": 31.0, 
        "Volume": 4110400, 
        "day": 1, 
        "week": 45
    }
}