{
    "day": {
        "Adj Close": 57.489158, 
        "Close": 63.959999, 
        "Company": "TROW", 
        "Date": "2012-11-07", 
        "High": 65.360001, 
        "Low": 63.880001, 
        "Open": 65.330002, 
        "Volume": 1616900, 
        "day": 7, 
        "month": 11
    }
}