{
    "day": {
        "Adj Close": 23.25,
        "Close": 23.25,
        "Company": "TCBI",
        "Date": "2011-08-10",
        "High": 24.200001,
        "Low": 22.99,
        "Open": 23.690001,
        "Volume": 461000,
        "day": 3,
        "week": 32
    }
}