{
    "day": {
        "Adj Close": 29.913938, 
        "Close": 31.42, 
        "Company": "MDLZ", 
        "Date": "2013-05-02", 
        "High": 31.74, 
        "Low": 31.309999, 
        "Open": 31.459999, 
        "Volume": 7464300, 
        "day": 4, 
        "week": 18
    }
}