{
    "day": {
        "Adj Close": 109.050003, 
        "Close": 109.050003, 
        "Company": "TSLA", 
        "Date": "2013-07-16", 
        "High": 126.32, 
        "Low": 107.300003, 
        "Open": 126.279999, 
        "Volume": 32371900, 
        "day": 16, 
        "month": 7
    }
}