{
    "day": {
        "Adj Close": 134.619995, 
        "Close": 134.619995, 
        "Company": "TSLA", 
        "Date": "2013-07-29", 
        "High": 135.369995, 
        "Low": 128.25, 
        "Open": 129.320007, 
        "Volume": 9678900, 
        "day": 29, 
        "month": 7
    }
}