{
    "day": {
        "Adj Close": 30.22149, 
        "Close": 31.6, 
        "Company": "MDLZ", 
        "Date": "2013-08-14", 
        "High": 31.99, 
        "Low": 31.59, 
        "Open": 31.959999, 
        "Volume": 7555600, 
        "day": 3, 
        "week": 33
    }
}