{
    "day": {
        "Adj Close": 1.526232, 
        "Close": 34.624962, 
        "Company": "WBA", 
        "Date": "1989-03-01", 
        "High": 35.5, 
        "Low": 34.624962, 
        "Open": 35.24992, 
        "Volume": 2192000, 
        "day": 1, 
        "month": 3
    }
}