{
    "day": {
        "Adj Close": 1.59235, 
        "Close": 36.124962, 
        "Company": "WBA", 
        "Date": "1989-03-10", 
        "High": 36.375038, 
        "Low": 36.0, 
        "Open": 36.124962, 
        "Volume": 1993600, 
        "day": 10, 
        "month": 3
    }
}