{
    "day": {
        "Adj Close": 1.537255, 
        "Close": 34.875038, 
        "Company": "WBA", 
        "Date": "1989-03-17", 
        "High": 35.5, 
        "Low": 34.875038, 
        "Open": 35.375038, 
        "Volume": 4302400, 
        "day": 17, 
        "month": 3
    }
}