{
    "day": {
        "Adj Close": 1.564802, 
        "Close": 35.5, 
        "Company": "WBA", 
        "Date": "1989-03-31", 
        "High": 35.624962, 
        "Low": 35.24992, 
        "Open": 35.24992, 
        "Volume": 955200, 
        "day": 31, 
        "month": 3
    }
}