{
    "day": {
        "Adj Close": 1.575826, 
        "Close": 35.75008, 
        "Company": "WBA", 
        "Date": "1989-03-08", 
        "High": 36.24992, 
        "Low": 35.624962, 
        "Open": 36.0, 
        "Volume": 2660800, 
        "day": 8, 
        "month": 3
    }
}