{
    "day": {
        "Adj Close": 17.815276, 
        "Close": 46.290001, 
        "Company": "TROW", 
        "Date": "2004-08-10", 
        "High": 46.459999, 
        "Low": 44.919998, 
        "Open": 45.139999, 
        "Volume": 1672200, 
        "day": 2, 
        "week": 33
    }
}