{
    "day": {
        "Adj Close": 17.734456, 
        "Close": 46.080002, 
        "Company": "TROW", 
        "Date": "2004-08-11", 
        "High": 46.75, 
        "Low": 45.439999, 
        "Open": 45.700001, 
        "Volume": 1409400, 
        "day": 3, 
        "week": 33
    }
}