{
    "day": {
        "Adj Close": 17.688271, 
        "Close": 45.959999, 
        "Company": "TROW", 
        "Date": "2004-08-13", 
        "High": 46.080002, 
        "Low": 45.25, 
        "Open": 45.630001, 
        "Volume": 684200, 
        "day": 5, 
        "week": 33
    }
}