{
    "day": {
        "Adj Close": 17.48006, 
        "Close": 33.610001, 
        "Company": "MDLZ", 
        "Date": "2007-10-16", 
        "High": 33.950001, 
        "Low": 33.509998, 
        "Open": 33.599998, 
        "Volume": 6406900, 
        "day": 16, 
        "month": 10
    }
}