{
    "day": {
        "Adj Close": 17.037987, 
        "Close": 32.759998, 
        "Company": "MDLZ", 
        "Date": "2007-10-25", 
        "High": 33.049999, 
        "Low": 32.52, 
        "Open": 32.830002, 
        "Volume": 5298800, 
        "day": 25, 
        "month": 10
    }
}