{
    "day": {
        "Adj Close": 42.897932, 
        "Close": 50.639999, 
        "Company": "TROW", 
        "Date": "2010-01-22", 
        "High": 51.98, 
        "Low": 50.48, 
        "Open": 51.759998, 
        "Volume": 1826500, 
        "day": 22, 
        "month": 1
    }
}