{
    "day": {
        "Adj Close": 222.600006, 
        "Close": 222.600006, 
        "Company": "TSLA", 
        "Date": "2014-12-22", 
        "High": 224.059998, 
        "Low": 218.259995, 
        "Open": 220.0, 
        "Volume": 4799400, 
        "day": 1, 
        "week": 52
    }
}