{
    "day": {
        "Adj Close": 227.820007, 
        "Close": 227.820007, 
        "Company": "TSLA", 
        "Date": "2014-12-26", 
        "High": 228.5, 
        "Low": 221.5, 
        "Open": 221.509995, 
        "Volume": 3327000, 
        "day": 5, 
        "week": 52
    }
}