{
    "day": {
        "Adj Close": 27.67154, 
        "Close": 33.369999, 
        "Company": "WBA", 
        "Date": "2004-04-12", 
        "High": 33.5, 
        "Low": 32.73, 
        "Open": 32.939999, 
        "Volume": 3840400, 
        "day": 12, 
        "month": 4
    }
}