{
    "day": {
        "Adj Close": 26.966692, 
        "Close": 32.52, 
        "Company": "WBA", 
        "Date": "2004-04-20", 
        "High": 33.43, 
        "Low": 32.52, 
        "Open": 32.900002, 
        "Volume": 3413600, 
        "day": 20, 
        "month": 4
    }
}