{
    "day": {
        "Adj Close": 27.306678, 
        "Close": 32.93, 
        "Company": "WBA", 
        "Date": "2004-04-23", 
        "High": 33.150002, 
        "Low": 32.630001, 
        "Open": 32.77, 
        "Volume": 1547200, 
        "day": 23, 
        "month": 4
    }
}