{
    "day": {
        "Adj Close": 27.696419, 
        "Close": 33.400002, 
        "Company": "WBA", 
        "Date": "2004-04-26", 
        "High": 33.75, 
        "Low": 32.84, 
        "Open": 33.349998, 
        "Volume": 2809200, 
        "day": 26, 
        "month": 4
    }
}