{
    "day": {
        "Adj Close": 28.401267, 
        "Close": 34.25, 
        "Company": "WBA", 
        "Date": "2004-04-27", 
        "High": 34.630001, 
        "Low": 33.549999, 
        "Open": 33.68, 
        "Volume": 4942300, 
        "day": 27, 
        "month": 4
    }
}