{
    "day": {
        "Adj Close": 28.036405, 
        "Close": 33.810001, 
        "Company": "WBA", 
        "Date": "2004-04-05", 
        "High": 33.810001, 
        "Low": 32.919998, 
        "Open": 33.0, 
        "Volume": 4001300, 
        "day": 5, 
        "month": 4
    }
}