{
    "day": {
        "Adj Close": 14.370233,
        "Close": 17.030001,
        "Company": "SUNS",
        "Date": "2014-07-01",
        "High": 17.1,
        "Low": 16.91,
        "Open": 16.950001,
        "Volume": 85100,
        "day": 1,
        "month": 7
    }
}