{
    "day": {
        "Adj Close": 14.056382,
        "Close": 16.540001,
        "Company": "SUNS",
        "Date": "2014-07-30",
        "High": 16.629999,
        "Low": 16.52,
        "Open": 16.629999,
        "Volume": 31500,
        "day": 30,
        "month": 7
    }
}