{
    "day": {
        "Adj Close": 1.575826, 
        "Close": 35.75008, 
        "Company": "WBA", 
        "Date": "1989-04-04", 
        "High": 36.124962, 
        "Low": 35.75008, 
        "Open": 36.0, 
        "Volume": 1716800, 
        "day": 2, 
        "week": 14
    }
}