{
    "day": {
        "Adj Close": 1.581334, 
        "Close": 35.875038, 
        "Company": "WBA", 
        "Date": "1989-04-05", 
        "High": 36.0, 
        "Low": 35.75008, 
        "Open": 36.0, 
        "Volume": 2366400, 
        "day": 3, 
        "week": 14
    }
}