{
    "day": {
        "Adj Close": 30.327853, 
        "Close": 35.619999, 
        "Company": "WBA", 
        "Date": "2008-04-15", 
        "High": 35.860001, 
        "Low": 35.23, 
        "Open": 35.599998, 
        "Volume": 5871800, 
        "day": 2, 
        "week": 16
    }
}