{
    "day": {
        "Adj Close": 30.464081, 
        "Close": 35.779999, 
        "Company": "WBA", 
        "Date": "2008-04-16", 
        "High": 36.0, 
        "Low": 35.57, 
        "Open": 35.720001, 
        "Volume": 4235000, 
        "day": 3, 
        "week": 16
    }
}