{
    "day": {
        "Adj Close": 70.614365, 
        "Close": 76.959999, 
        "Company": "TROW", 
        "Date": "2013-11-05", 
        "High": 77.339996, 
        "Low": 76.660004, 
        "Open": 77.059998, 
        "Volume": 940900, 
        "day": 2, 
        "week": 45
    }
}