{
    "day": {
        "Adj Close": 72.302654, 
        "Close": 78.800003, 
        "Company": "TROW", 
        "Date": "2013-11-08", 
        "High": 78.870003, 
        "Low": 76.790001, 
        "Open": 76.790001, 
        "Volume": 1936000, 
        "day": 5, 
        "week": 45
    }
}