{
    "day": {
        "Adj Close": 55.816807, 
        "Close": 64.540001, 
        "Company": "TROW", 
        "Date": "2010-12-31", 
        "High": 64.620003, 
        "Low": 63.799999, 
        "Open": 64.160004, 
        "Volume": 1177400, 
        "day": 5, 
        "week": 52
    }
}