{
    "day": {
        "Adj Close": 45.507294, 
        "Close": 51.759998, 
        "Company": "TROW", 
        "Date": "2011-10-11", 
        "High": 52.16, 
        "Low": 51.040001, 
        "Open": 51.41, 
        "Volume": 2281100, 
        "day": 11, 
        "month": 10
    }
}