{
    "day": {
        "Adj Close": 44.909442, 
        "Close": 51.080002, 
        "Company": "TROW", 
        "Date": "2011-10-25", 
        "High": 52.700001, 
        "Low": 50.389999, 
        "Open": 50.689999, 
        "Volume": 4168300, 
        "day": 25, 
        "month": 10
    }
}