{
    "day": {
        "Adj Close": 49.709863, 
        "Close": 56.540001, 
        "Company": "TROW", 
        "Date": "2011-10-28", 
        "High": 57.0, 
        "Low": 55.860001, 
        "Open": 56.419998, 
        "Volume": 1986600, 
        "day": 28, 
        "month": 10
    }
}