{
    "day": {
        "Adj Close": 43.115877, 
        "Close": 49.040001, 
        "Company": "TROW", 
        "Date": "2011-10-05", 
        "High": 49.43, 
        "Low": 47.73, 
        "Open": 48.349998, 
        "Volume": 2659600, 
        "day": 5, 
        "month": 10
    }
}