{
    "day": {
        "Adj Close": 9.41068, 
        "Close": 54.406239, 
        "Company": "TROW", 
        "Date": "1997-07-14", 
        "High": 56.843761, 
        "Low": 53.812481, 
        "Open": 55.5, 
        "Volume": 1473600, 
        "day": 14, 
        "month": 7
    }
}