{
    "day": {
        "Adj Close": 9.837703, 
        "Close": 56.875, 
        "Company": "TROW", 
        "Date": "1997-07-29", 
        "High": 58.125, 
        "Low": 56.281239, 
        "Open": 58.125, 
        "Volume": 585200, 
        "day": 29, 
        "month": 7
    }
}