{
    "day": {
        "Adj Close": 14.242981,
        "Close": 18.040001,
        "Company": "SUNS",
        "Date": "2013-08-20",
        "High": 18.389999,
        "Low": 17.77,
        "Open": 17.799999,
        "Volume": 41400,
        "day": 2,
        "week": 34
    }
}