{
    "day": {
        "Adj Close": 11.374219, 
        "Close": 56.75, 
        "Company": "WBA", 
        "Date": "1997-07-08", 
        "High": 57.437519, 
        "Low": 56.375, 
        "Open": 57.0, 
        "Volume": 1640800, 
        "day": 2, 
        "week": 28
    }
}