{
    "day": {
        "Adj Close": 11.687382, 
        "Close": 58.312481, 
        "Company": "WBA", 
        "Date": "1997-07-11", 
        "High": 59.0, 
        "Low": 57.312481, 
        "Open": 58.75, 
        "Volume": 2132400, 
        "day": 5, 
        "week": 28
    }
}