{
    "day": {
        "Adj Close": 81.150002, 
        "Close": 81.150002, 
        "Company": "WBA", 
        "Date": "2016-04-11", 
        "High": 82.139999, 
        "Low": 81.019997, 
        "Open": 81.720001, 
        "Volume": 3023000, 
        "day": 11, 
        "month": 4
    }
}