{
    "day": {
        "Adj Close": 83.360001, 
        "Close": 83.360001, 
        "Company": "WBA", 
        "Date": "2016-04-05", 
        "High": 86.0, 
        "Low": 82.550003, 
        "Open": 85.769997, 
        "Volume": 9433900, 
        "day": 5, 
        "month": 4
    }
}