{
    "day": {
        "Adj Close": 13.686926, 
        "Close": 30.4, 
        "Company": "MDLZ", 
        "Date": "2001-06-19", 
        "High": 30.709999, 
        "Low": 30.209999, 
        "Open": 30.6, 
        "Volume": 5690300, 
        "day": 19, 
        "month": 6
    }
}