{
    "day": {
        "Adj Close": 23.143134, 
        "Close": 59.689999, 
        "Company": "TROW", 
        "Date": "2005-01-05", 
        "High": 60.299999, 
        "Low": 59.650002, 
        "Open": 59.810001, 
        "Volume": 1465000, 
        "day": 3, 
        "week": 1
    }
}