{
    "day": {
        "Adj Close": 15.577415, 
        "Close": 40.950001, 
        "Company": "TROW", 
        "Date": "2003-10-02", 
        "High": 42.650002, 
        "Low": 40.290001, 
        "Open": 42.02, 
        "Volume": 6423800, 
        "day": 4, 
        "week": 40
    }
}