{
    "day": {
        "Adj Close": 38.641355, 
        "Close": 46.169998, 
        "Company": "WBA", 
        "Date": "2005-12-02", 
        "High": 46.75, 
        "Low": 46.029999, 
        "Open": 46.240002, 
        "Volume": 2617300, 
        "day": 2, 
        "month": 12
    }
}