{
    "day": {
        "Adj Close": 37.9467, 
        "Close": 45.34, 
        "Company": "WBA", 
        "Date": "2005-12-20", 
        "High": 45.900002, 
        "Low": 45.099998, 
        "Open": 45.549999, 
        "Volume": 2444300, 
        "day": 20, 
        "month": 12
    }
}