{
    "day": {
        "Adj Close": 38.733419, 
        "Close": 46.279999, 
        "Company": "WBA", 
        "Date": "2005-12-06", 
        "High": 47.049999, 
        "Low": 46.209999, 
        "Open": 46.23, 
        "Volume": 3416400, 
        "day": 6, 
        "month": 12
    }
}