{
    "day": {
        "Adj Close": 19.549999,
        "Close": 19.549999,
        "Company": "TCBI",
        "Date": "2004-10-27",
        "High": 19.75,
        "Low": 19.1,
        "Open": 19.1,
        "Volume": 88500,
        "day": 3,
        "week": 44
    }
}