{
    "day": {
        "Adj Close": 2.347512, 
        "Close": 51.624962, 
        "Company": "WBA", 
        "Date": "1990-12-10", 
        "High": 51.75008, 
        "Low": 51.0, 
        "Open": 51.375038, 
        "Volume": 886400, 
        "day": 10, 
        "month": 12
    }
}