{
    "day": {
        "Adj Close": 2.262256, 
        "Close": 49.75008, 
        "Company": "WBA", 
        "Date": "1990-12-14", 
        "High": 50.5, 
        "Low": 49.5, 
        "Open": 50.375038, 
        "Volume": 1398400, 
        "day": 14, 
        "month": 12
    }
}