{
    "day": {
        "Adj Close": 2.296357, 
        "Close": 50.5, 
        "Company": "WBA", 
        "Date": "1990-12-04", 
        "High": 50.5, 
        "Low": 49.875038, 
        "Open": 50.5, 
        "Volume": 1635200, 
        "day": 4, 
        "month": 12
    }
}