{
    "day": {
        "Adj Close": 15.778418, 
        "Close": 27.690001, 
        "Company": "MDLZ", 
        "Date": "2010-01-25", 
        "High": 27.860001, 
        "Low": 27.52, 
        "Open": 27.6, 
        "Volume": 23989200, 
        "day": 1, 
        "week": 4
    }
}