{
    "day": {
        "Adj Close": 44.155529, 
        "Close": 54.380001, 
        "Company": "TROW", 
        "Date": "2008-04-01", 
        "High": 54.389999, 
        "Low": 50.810001, 
        "Open": 51.860001, 
        "Volume": 3646800, 
        "day": 1, 
        "month": 4
    }
}