{
    "day": {
        "Adj Close": 43.051234, 
        "Close": 53.02, 
        "Company": "TROW", 
        "Date": "2008-04-10", 
        "High": 53.860001, 
        "Low": 52.200001, 
        "Open": 53.060001, 
        "Volume": 1960000, 
        "day": 10, 
        "month": 4
    }
}