{
    "day": {
        "Adj Close": 48.329111, 
        "Close": 59.52, 
        "Company": "TROW", 
        "Date": "2008-04-29", 
        "High": 60.490002, 
        "Low": 59.0, 
        "Open": 59.950001, 
        "Volume": 2099700, 
        "day": 29, 
        "month": 4
    }
}