{
    "day": {
        "Adj Close": 18.040001,
        "Close": 18.040001,
        "Company": "TCBI",
        "Date": "2004-10-05",
        "High": 18.23,
        "Low": 18.0,
        "Open": 18.23,
        "Volume": 102800,
        "day": 5,
        "month": 10
    }
}