{
    "day": {
        "Adj Close": 63.02,
        "Close": 63.02,
        "Company": "TCBI",
        "Date": "2014-01-10",
        "High": 63.549999,
        "Low": 62.549999,
        "Open": 62.549999,
        "Volume": 479700,
        "day": 10,
        "month": 1
    }
}