{
    "day": {
        "Adj Close": 61.259998,
        "Close": 61.259998,
        "Company": "TCBI",
        "Date": "2014-01-07",
        "High": 61.509998,
        "Low": 60.540001,
        "Open": 60.540001,
        "Volume": 404000,
        "day": 7,
        "month": 1
    }
}