{
    "day": {
        "Adj Close": 13.718517, 
        "Close": 29.76, 
        "Company": "MDLZ", 
        "Date": "2003-03-25", 
        "High": 30.299999, 
        "Low": 29.6, 
        "Open": 30.07, 
        "Volume": 3790400, 
        "day": 2, 
        "week": 13
    }
}