{
    "day": {
        "Adj Close": 45.930032,
        "Close": 47.02,
        "Company": "LPLA",
        "Date": "2015-07-16",
        "High": 47.110001,
        "Low": 46.330002,
        "Open": 46.66,
        "Volume": 445700,
        "day": 16,
        "month": 7
    }
}