{
    "day": {
        "Adj Close": 44.777385,
        "Close": 45.84,
        "Company": "LPLA",
        "Date": "2015-07-27",
        "High": 46.419998,
        "Low": 45.43,
        "Open": 46.419998,
        "Volume": 922900,
        "day": 27,
        "month": 7
    }
}