{
    "day": {
        "Adj Close": 55.880001,
        "Close": 55.880001,
        "Company": "TCBI",
        "Date": "2014-09-17",
        "High": 56.639999,
        "Low": 55.169998,
        "Open": 55.380001,
        "Volume": 239500,
        "day": 3,
        "week": 38
    }
}