{
    "day": {
        "Adj Close": 18.290951, 
        "Close": 30.91, 
        "Company": "MDLZ", 
        "Date": "2011-02-18", 
        "High": 30.98, 
        "Low": 30.66, 
        "Open": 30.870001, 
        "Volume": 7860600, 
        "day": 5, 
        "week": 7
    }
}