{
    "day": {
        "Adj Close": 1.465482, 
        "Close": 34.75008, 
        "Company": "WBA", 
        "Date": "1986-09-05", 
        "High": 34.75008, 
        "Low": 34.124962, 
        "Open": 34.5, 
        "Volume": 2030400, 
        "day": 5, 
        "week": 36
    }
}