{
    "day": {
        "Adj Close": 193.559998, 
        "Close": 193.559998, 
        "Company": "TSLA", 
        "Date": "2016-01-26", 
        "High": 197.820007, 
        "Low": 188.880005, 
        "Open": 196.699997, 
        "Volume": 4946800, 
        "day": 2, 
        "week": 4
    }
}