{
    "day": {
        "Adj Close": 189.699997, 
        "Close": 189.699997, 
        "Company": "TSLA", 
        "Date": "2016-01-28", 
        "High": 191.279999, 
        "Low": 182.410004, 
        "Open": 190.789993, 
        "Volume": 4581700, 
        "day": 4, 
        "week": 4
    }
}