{
    "day": {
        "Adj Close": 45.060001,
        "Close": 45.060001,
        "Company": "TCBI",
        "Date": "2012-12-18",
        "High": 45.330002,
        "Low": 44.240002,
        "Open": 44.279999,
        "Volume": 283700,
        "day": 2,
        "week": 51
    }
}