{
    "day": {
        "Adj Close": 45.66,
        "Close": 45.66,
        "Company": "TCBI",
        "Date": "2012-12-19",
        "High": 45.990002,
        "Low": 44.84,
        "Open": 45.040001,
        "Volume": 214000,
        "day": 3,
        "week": 51
    }
}