{
    "day": {
        "Adj Close": 22.162489, 
        "Close": 36.490002, 
        "Company": "MDLZ", 
        "Date": "2011-12-16", 
        "High": 36.799999, 
        "Low": 36.279999, 
        "Open": 36.650002, 
        "Volume": 14249100, 
        "day": 16, 
        "month": 12
    }
}