{
    "day": {
        "Adj Close": 37.051941, 
        "Close": 43.91, 
        "Company": "WBA", 
        "Date": "2007-03-05", 
        "High": 44.75, 
        "Low": 43.23, 
        "Open": 43.470001, 
        "Volume": 5495000, 
        "day": 1, 
        "week": 10
    }
}