{
    "day": {
        "Adj Close": 37.170075, 
        "Close": 44.049999, 
        "Company": "WBA", 
        "Date": "2007-03-07", 
        "High": 44.5, 
        "Low": 43.91, 
        "Open": 44.220001, 
        "Volume": 4115800, 
        "day": 3, 
        "week": 10
    }
}