{
    "day": {
        "Adj Close": 71.299903, 
        "Close": 72.900002, 
        "Company": "TROW", 
        "Date": "2015-08-27", 
        "High": 73.120003, 
        "Low": 71.57, 
        "Open": 71.57, 
        "Volume": 2214800, 
        "day": 4, 
        "week": 35
    }
}