{
    "day": {
        "Adj Close": 44.360001,
        "Close": 44.360001,
        "Company": "TCBI",
        "Date": "2013-05-16",
        "High": 44.950001,
        "Low": 44.27,
        "Open": 44.380001,
        "Volume": 321400,
        "day": 16,
        "month": 5
    }
}