{
    "day": {
        "Adj Close": 41.77,
        "Close": 41.77,
        "Company": "TCBI",
        "Date": "2013-05-02",
        "High": 41.860001,
        "Low": 40.43,
        "Open": 40.549999,
        "Volume": 532800,
        "day": 2,
        "month": 5
    }
}