{
    "day": {
        "Adj Close": 44.139999,
        "Close": 44.139999,
        "Company": "TCBI",
        "Date": "2013-05-29",
        "High": 44.869999,
        "Low": 43.970001,
        "Open": 44.369999,
        "Volume": 250600,
        "day": 29,
        "month": 5
    }
}