{
    "day": {
        "Adj Close": 43.98,
        "Close": 43.98,
        "Company": "TCBI",
        "Date": "2013-05-07",
        "High": 43.98,
        "Low": 43.029999,
        "Open": 43.389999,
        "Volume": 212300,
        "day": 7,
        "month": 5
    }
}