{
    "day": {
        "Adj Close": 46.994492, 
        "Close": 49.540001, 
        "Company": "WBA", 
        "Date": "2013-05-29", 
        "High": 49.919998, 
        "Low": 49.41, 
        "Open": 49.889999, 
        "Volume": 4902100, 
        "day": 3, 
        "week": 22
    }
}