{
    "day": {
        "Adj Close": 45.759998, 
        "Close": 45.759998, 
        "Company": "FANG", 
        "Date": "2013-10-07", 
        "High": 46.709999, 
        "Low": 45.150002, 
        "Open": 45.450001, 
        "Volume": 353800, 
        "day": 1, 
        "week": 41
    }
}