{
    "day": {
        "Adj Close": 28.68386,
        "Close": 33.040001,
        "Company": "LPLA",
        "Date": "2011-03-10",
        "High": 33.18,
        "Low": 32.740002,
        "Open": 33.080002,
        "Volume": 181600,
        "day": 10,
        "month": 3
    }
}