{
    "day": {
        "Adj Close": 30.741388,
        "Close": 35.41,
        "Company": "LPLA",
        "Date": "2011-03-21",
        "High": 35.830002,
        "Low": 34.5,
        "Open": 35.830002,
        "Volume": 166000,
        "day": 21,
        "month": 3
    }
}