{
    "day": {
        "Adj Close": 31.114695,
        "Close": 35.84,
        "Company": "LPLA",
        "Date": "2011-03-28",
        "High": 36.240002,
        "Low": 35.419998,
        "Open": 35.880001,
        "Volume": 61200,
        "day": 28,
        "month": 3
    }
}