{
    "day": {
        "Adj Close": 31.036561,
        "Close": 35.75,
        "Company": "LPLA",
        "Date": "2011-03-29",
        "High": 35.919998,
        "Low": 35.369999,
        "Open": 35.490002,
        "Volume": 68100,
        "day": 29,
        "month": 3
    }
}