{
    "day": {
        "Adj Close": 28.06747,
        "Close": 32.330002,
        "Company": "LPLA",
        "Date": "2011-03-03",
        "High": 32.860001,
        "Low": 32.139999,
        "Open": 32.860001,
        "Volume": 115500,
        "day": 3,
        "month": 3
    }
}