{
    "day": {
        "Adj Close": 3.894727, 
        "Close": 40.75, 
        "Company": "WBA", 
        "Date": "1994-03-22", 
        "High": 41.0, 
        "Low": 40.375038, 
        "Open": 40.5, 
        "Volume": 623200, 
        "day": 2, 
        "week": 12
    }
}