{
    "day": {
        "Adj Close": 81.525467, 
        "Close": 82.269997, 
        "Company": "WBA", 
        "Date": "2015-08-24", 
        "High": 84.949997, 
        "Low": 76.010002, 
        "Open": 81.889999, 
        "Volume": 10616200, 
        "day": 1, 
        "week": 35
    }
}