{
    "day": {
        "Adj Close": 79.830002, 
        "Close": 79.830002, 
        "Company": "FANG", 
        "Date": "2015-11-11", 
        "High": 80.120003, 
        "Low": 77.839996, 
        "Open": 79.669998, 
        "Volume": 1224900, 
        "day": 11, 
        "month": 11
    }
}