{
    "day": {
        "Adj Close": 81.419998, 
        "Close": 81.419998, 
        "Company": "FANG", 
        "Date": "2015-11-18", 
        "High": 81.860001, 
        "Low": 78.110001, 
        "Open": 80.0, 
        "Volume": 1429500, 
        "day": 18, 
        "month": 11
    }
}