{
    "day": {
        "Adj Close": 77.059998, 
        "Close": 77.059998, 
        "Company": "FANG", 
        "Date": "2015-11-19", 
        "High": 81.0, 
        "Low": 76.050003, 
        "Open": 80.419998, 
        "Volume": 1124500, 
        "day": 19, 
        "month": 11
    }
}