{
    "day": {
        "Adj Close": 77.790001, 
        "Close": 77.790001, 
        "Company": "FANG", 
        "Date": "2015-11-06", 
        "High": 78.959999, 
        "Low": 76.360001, 
        "Open": 76.5, 
        "Volume": 1005400, 
        "day": 6, 
        "month": 11
    }
}