{
    "day": {
        "Adj Close": 43.759998, 
        "Close": 43.759998, 
        "Company": "FANG", 
        "Date": "2013-09-25", 
        "High": 44.119999, 
        "Low": 43.349998, 
        "Open": 43.84, 
        "Volume": 245900, 
        "day": 3, 
        "week": 39
    }
}