{
    "day": {
        "Adj Close": 284.119995, 
        "Close": 284.119995, 
        "Company": "TSLA", 
        "Date": "2014-09-02", 
        "High": 284.890015, 
        "Low": 274.299988, 
        "Open": 275.5, 
        "Volume": 9852400, 
        "day": 2, 
        "month": 9
    }
}