{
    "day": {
        "Adj Close": 281.190002, 
        "Close": 281.190002, 
        "Company": "TSLA", 
        "Date": "2014-09-03", 
        "High": 288.0, 
        "Low": 280.100006, 
        "Open": 287.670013, 
        "Volume": 6772300, 
        "day": 3, 
        "month": 9
    }
}