{
    "day": {
        "Adj Close": 18.605277, 
        "Close": 31.73, 
        "Company": "MDLZ", 
        "Date": "2010-12-20", 
        "High": 31.98, 
        "Low": 31.700001, 
        "Open": 31.950001, 
        "Volume": 9979700, 
        "day": 20, 
        "month": 12
    }
}