{
    "day": {
        "Adj Close": 17.778507, 
        "Close": 30.32, 
        "Company": "MDLZ", 
        "Date": "2010-12-03", 
        "High": 30.51, 
        "Low": 30.200001, 
        "Open": 30.219999, 
        "Volume": 7376400, 
        "day": 3, 
        "month": 12
    }
}