{
    "day": {
        "Adj Close": 29.213435,
        "Close": 33.650002,
        "Company": "LPLA",
        "Date": "2010-12-14",
        "High": 34.48,
        "Low": 32.439999,
        "Open": 33.700001,
        "Volume": 334000,
        "day": 14,
        "month": 12
    }
}