{
    "day": {
        "Adj Close": 29.586742,
        "Close": 34.080002,
        "Company": "LPLA",
        "Date": "2010-12-21",
        "High": 34.310001,
        "Low": 33.41,
        "Open": 33.709999,
        "Volume": 164300,
        "day": 21,
        "month": 12
    }
}