{
    "day": {
        "Adj Close": 82.766911, 
        "Close": 84.18, 
        "Company": "WBA", 
        "Date": "2015-05-12", 
        "High": 84.910004, 
        "Low": 83.290001, 
        "Open": 83.779999, 
        "Volume": 2452800, 
        "day": 12, 
        "month": 5
    }
}