{
    "day": {
        "Adj Close": 84.730665, 
        "Close": 85.839996, 
        "Company": "WBA", 
        "Date": "2015-05-29", 
        "High": 86.900002, 
        "Low": 85.529999, 
        "Open": 85.849998, 
        "Volume": 2980500, 
        "day": 29, 
        "month": 5
    }
}