{
    "day": {
        "Adj Close": 3.551622, 
        "Close": 37.624962, 
        "Company": "WBA", 
        "Date": "1993-07-30", 
        "High": 38.75, 
        "Low": 37.5, 
        "Open": 38.25, 
        "Volume": 1603200, 
        "day": 5, 
        "week": 30
    }
}