{
    "day": {
        "Adj Close": 8.748705, 
        "Close": 23.469999, 
        "Company": "TROW", 
        "Date": "2002-10-10", 
        "High": 23.469999, 
        "Low": 21.25, 
        "Open": 21.440001, 
        "Volume": 1916600, 
        "day": 10, 
        "month": 10
    }
}