{
    "day": {
        "Adj Close": 10.66097, 
        "Close": 28.6, 
        "Company": "TROW", 
        "Date": "2002-10-21", 
        "High": 28.65, 
        "Low": 26.700001, 
        "Open": 27.15, 
        "Volume": 2224200, 
        "day": 21, 
        "month": 10
    }
}