{
    "day": {
        "Adj Close": 10.422403, 
        "Close": 27.959999, 
        "Company": "TROW", 
        "Date": "2002-10-25", 
        "High": 28.120001, 
        "Low": 25.969999, 
        "Open": 25.98, 
        "Volume": 2394600, 
        "day": 25, 
        "month": 10
    }
}