{
    "day": {
        "Adj Close": 10.165198, 
        "Close": 27.27, 
        "Company": "TROW", 
        "Date": "2002-10-29", 
        "High": 27.49, 
        "Low": 26.65, 
        "Open": 27.139999, 
        "Volume": 1818800, 
        "day": 29, 
        "month": 10
    }
}