{
    "day": {
        "Adj Close": 1.503711, 
        "Close": 37.5, 
        "Company": "TROW", 
        "Date": "1992-10-12", 
        "High": 37.75008, 
        "Low": 37.5, 
        "Open": 37.75008, 
        "Volume": 464000, 
        "day": 12, 
        "month": 10
    }
}