{
    "day": {
        "Adj Close": 1.503711, 
        "Close": 37.5, 
        "Company": "TROW", 
        "Date": "1992-10-16", 
        "High": 37.5, 
        "Low": 36.75008, 
        "Open": 37.5, 
        "Volume": 547200, 
        "day": 16, 
        "month": 10
    }
}