{
    "day": {
        "Adj Close": 1.563859, 
        "Close": 39.0, 
        "Company": "TROW", 
        "Date": "1992-10-20", 
        "High": 39.24992, 
        "Low": 37.5, 
        "Open": 37.5, 
        "Volume": 532800, 
        "day": 20, 
        "month": 10
    }
}