{
    "day": {
        "Adj Close": 1.54381, 
        "Close": 38.5, 
        "Company": "TROW", 
        "Date": "1992-10-21", 
        "High": 39.0, 
        "Low": 38.24992, 
        "Open": 38.75008, 
        "Volume": 412800, 
        "day": 21, 
        "month": 10
    }
}