{
    "day": {
        "Adj Close": 1.52376, 
        "Close": 38.0, 
        "Company": "TROW", 
        "Date": "1992-10-30", 
        "High": 38.5, 
        "Low": 37.75008, 
        "Open": 38.0, 
        "Volume": 144000, 
        "day": 30, 
        "month": 10
    }
}