{
    "day": {
        "Adj Close": 0.724396, 
        "Close": 18.75008, 
        "Company": "TROW", 
        "Date": "1991-01-16", 
        "High": 19.24992, 
        "Low": 18.75008, 
        "Open": 19.24992, 
        "Volume": 49600, 
        "day": 16, 
        "month": 1
    }
}