{
    "day": {
        "Adj Close": 43.900002,
        "Close": 43.900002,
        "Company": "TCBI",
        "Date": "2013-06-12",
        "High": 44.720001,
        "Low": 43.700001,
        "Open": 44.5,
        "Volume": 285400,
        "day": 3,
        "week": 24
    }
}