{
    "day": {
        "Adj Close": 44.540001,
        "Close": 44.540001,
        "Company": "TCBI",
        "Date": "2013-06-13",
        "High": 44.549999,
        "Low": 43.41,
        "Open": 44.0,
        "Volume": 236700,
        "day": 4,
        "week": 24
    }
}