{
    "day": {
        "Adj Close": 3.671854, 
        "Close": 38.75, 
        "Company": "WBA", 
        "Date": "1993-08-23", 
        "High": 39.0, 
        "Low": 38.5, 
        "Open": 38.875038, 
        "Volume": 1115200, 
        "day": 1, 
        "week": 34
    }
}