{
    "day": {
        "Adj Close": 3.588944, 
        "Close": 37.875038, 
        "Company": "WBA", 
        "Date": "1993-08-26", 
        "High": 38.0, 
        "Low": 37.5, 
        "Open": 38.0, 
        "Volume": 1165600, 
        "day": 4, 
        "week": 34
    }
}