{
    "day": {
        "Adj Close": 28.049999,
        "Close": 28.049999,
        "Company": "TCBI",
        "Date": "2011-11-15",
        "High": 28.299999,
        "Low": 26.870001,
        "Open": 26.870001,
        "Volume": 320200,
        "day": 2,
        "week": 46
    }
}