{
    "day": {
        "Adj Close": 27.969999,
        "Close": 27.969999,
        "Company": "TCBI",
        "Date": "2011-11-18",
        "High": 28.16,
        "Low": 27.51,
        "Open": 27.59,
        "Volume": 223400,
        "day": 5,
        "week": 46
    }
}