{
    "day": {
        "Adj Close": 41.410732, 
        "Close": 41.59, 
        "Company": "MDLZ", 
        "Date": "2016-01-07", 
        "High": 43.040001, 
        "Low": 41.349998, 
        "Open": 43.040001, 
        "Volume": 19806400, 
        "day": 4, 
        "week": 1
    }
}