{
    "day": {
        "Adj Close": 19.926918, 
        "Close": 51.98, 
        "Company": "TROW", 
        "Date": "2004-04-28", 
        "High": 52.700001, 
        "Low": 51.060001, 
        "Open": 52.439999, 
        "Volume": 2226200, 
        "day": 3, 
        "week": 18
    }
}