{
    "day": {
        "Adj Close": 3.54663, 
        "Close": 38.0, 
        "Company": "WBA", 
        "Date": "1992-09-29", 
        "High": 38.375038, 
        "Low": 37.624962, 
        "Open": 37.75, 
        "Volume": 1072800, 
        "day": 2, 
        "week": 40
    }
}