{
    "day": {
        "Adj Close": 3.628299, 
        "Close": 38.875038, 
        "Company": "WBA", 
        "Date": "1992-10-01", 
        "High": 38.875038, 
        "Low": 38.25, 
        "Open": 38.375038, 
        "Volume": 1664000, 
        "day": 4, 
        "week": 40
    }
}