{
    "day": {
        "Adj Close": 3.581633, 
        "Close": 38.375038, 
        "Company": "WBA", 
        "Date": "1992-10-02", 
        "High": 39.0, 
        "Low": 38.375038, 
        "Open": 38.875038, 
        "Volume": 1971200, 
        "day": 5, 
        "week": 40
    }
}