{
    "day": {
        "Adj Close": 1.376578, 
        "Close": 31.37504, 
        "Company": "WBA", 
        "Date": "1989-01-05", 
        "High": 31.5, 
        "Low": 31.0, 
        "Open": 31.37504, 
        "Volume": 7312000, 
        "day": 5, 
        "month": 1
    }
}