{
    "day": {
        "Adj Close": 48.471364, 
        "Close": 56.290001, 
        "Company": "TROW", 
        "Date": "2010-11-02", 
        "High": 56.560001, 
        "Low": 55.66, 
        "Open": 56.09, 
        "Volume": 1536000, 
        "day": 2, 
        "month": 11
    }
}