{
    "day": {
        "Adj Close": 50.23662, 
        "Close": 58.34, 
        "Company": "TROW", 
        "Date": "2010-11-29", 
        "High": 58.66, 
        "Low": 57.66, 
        "Open": 58.169998, 
        "Volume": 1227100, 
        "day": 29, 
        "month": 11
    }
}