{
    "day": {
        "Adj Close": 14.102562,
        "Close": 17.98,
        "Company": "SUNS",
        "Date": "2013-08-13",
        "High": 18.040001,
        "Low": 17.75,
        "Open": 17.799999,
        "Volume": 19800,
        "day": 13,
        "month": 8
    }
}