{
    "day": {
        "Adj Close": 12.324623, 
        "Close": 22.35, 
        "Company": "MDLZ", 
        "Date": "2009-04-09", 
        "High": 22.51, 
        "Low": 22.030001, 
        "Open": 22.48, 
        "Volume": 11460100, 
        "day": 4, 
        "week": 15
    }
}