{
    "day": {
        "Adj Close": 30.930015,
        "Close": 33.279999,
        "Company": "LPLA",
        "Date": "2013-02-05",
        "High": 33.419998,
        "Low": 32.98,
        "Open": 33.060001,
        "Volume": 423600,
        "day": 2,
        "week": 6
    }
}