{
    "day": {
        "Adj Close": 30.502498,
        "Close": 32.82,
        "Company": "LPLA",
        "Date": "2013-02-08",
        "High": 32.900002,
        "Low": 31.969999,
        "Open": 32.580002,
        "Volume": 703300,
        "day": 5,
        "week": 6
    }
}