{
    "day": {
        "Adj Close": 10.053089, 
        "Close": 26.809999, 
        "Company": "TROW", 
        "Date": "2003-01-22", 
        "High": 27.540001, 
        "Low": 26.799999, 
        "Open": 27.48, 
        "Volume": 2006000, 
        "day": 22, 
        "month": 1
    }
}