{
    "day": {
        "Adj Close": 9.708112, 
        "Close": 25.889999, 
        "Company": "TROW", 
        "Date": "2003-01-24", 
        "High": 26.93, 
        "Low": 25.59, 
        "Open": 26.92, 
        "Volume": 2628000, 
        "day": 24, 
        "month": 1
    }
}