{
    "day": {
        "Adj Close": 10.698047, 
        "Close": 28.530001, 
        "Company": "TROW", 
        "Date": "2003-01-03", 
        "High": 28.799999, 
        "Low": 28.33, 
        "Open": 28.65, 
        "Volume": 797800, 
        "day": 3, 
        "month": 1
    }
}