{
    "day": {
        "Adj Close": 27.559771, 
        "Close": 33.400002, 
        "Company": "TROW", 
        "Date": "2009-01-28", 
        "High": 33.5, 
        "Low": 30.549999, 
        "Open": 30.75, 
        "Volume": 5945100, 
        "day": 3, 
        "week": 5
    }
}