{
    "day": {
        "Adj Close": 14.829807, 
        "Close": 31.83, 
        "Company": "MDLZ", 
        "Date": "2003-12-15", 
        "High": 32.049999, 
        "Low": 31.77, 
        "Open": 31.950001, 
        "Volume": 1052700, 
        "day": 1, 
        "week": 51
    }
}