{
    "day": {
        "Adj Close": 14.699514, 
        "Close": 31.370001, 
        "Company": "MDLZ", 
        "Date": "2003-12-19", 
        "High": 31.68, 
        "Low": 31.07, 
        "Open": 31.68, 
        "Volume": 1257800, 
        "day": 5, 
        "week": 51
    }
}