{
    "day": {
        "Adj Close": 11.859829,
        "Close": 16.92,
        "Company": "SUNS",
        "Date": "2012-01-27",
        "High": 17.02,
        "Low": 16.809999,
        "Open": 16.9,
        "Volume": 19700,
        "day": 5,
        "week": 4
    }
}