{
    "day": {
        "Adj Close": 20.629999,
        "Close": 20.629999,
        "Company": "TCBI",
        "Date": "2007-11-12",
        "High": 21.41,
        "Low": 20.530001,
        "Open": 20.9,
        "Volume": 256700,
        "day": 12,
        "month": 11
    }
}