{
    "day": {
        "Adj Close": 20.120001,
        "Close": 20.120001,
        "Company": "TCBI",
        "Date": "2007-11-20",
        "High": 20.370001,
        "Low": 19.76,
        "Open": 20.030001,
        "Volume": 163700,
        "day": 20,
        "month": 11
    }
}