{
    "day": {
        "Adj Close": 20.76,
        "Close": 20.76,
        "Company": "TCBI",
        "Date": "2007-11-27",
        "High": 20.879999,
        "Low": 20.200001,
        "Open": 20.440001,
        "Volume": 170100,
        "day": 27,
        "month": 11
    }
}