{
    "day": {
        "Adj Close": 20.879999,
        "Close": 20.879999,
        "Company": "TCBI",
        "Date": "2007-11-09",
        "High": 21.25,
        "Low": 20.18,
        "Open": 20.92,
        "Volume": 314400,
        "day": 9,
        "month": 11
    }
}