{
    "day": {
        "Adj Close": 30.458296, 
        "Close": 33.25, 
        "Company": "WBA", 
        "Date": "2012-03-13", 
        "High": 33.759998, 
        "Low": 33.02, 
        "Open": 33.740002, 
        "Volume": 7700500, 
        "day": 13, 
        "month": 3
    }
}