{
    "day": {
        "Adj Close": 30.723949, 
        "Close": 33.540001, 
        "Company": "WBA", 
        "Date": "2012-03-21", 
        "High": 33.959999, 
        "Low": 33.41, 
        "Open": 33.77, 
        "Volume": 6108500, 
        "day": 21, 
        "month": 3
    }
}