{
    "day": {
        "Adj Close": 30.668985, 
        "Close": 33.48, 
        "Company": "WBA", 
        "Date": "2012-03-09", 
        "High": 33.549999, 
        "Low": 32.68, 
        "Open": 32.889999, 
        "Volume": 9759300, 
        "day": 9, 
        "month": 3
    }
}