{
    "day": {
        "Adj Close": 26.200066,
        "Close": 28.43,
        "Company": "LPLA",
        "Date": "2012-08-08",
        "High": 28.85,
        "Low": 28.25,
        "Open": 28.370001,
        "Volume": 473700,
        "day": 3,
        "week": 32
    }
}