{
    "day": {
        "Adj Close": 21.379999,
        "Close": 21.379999,
        "Company": "TCBI",
        "Date": "2007-03-26",
        "High": 21.389999,
        "Low": 21.129999,
        "Open": 21.129999,
        "Volume": 72800,
        "day": 1,
        "week": 13
    }
}