{
    "day": {
        "Adj Close": 22.790001, 
        "Close": 22.790001, 
        "Company": "TSLA", 
        "Date": "2012-01-13", 
        "High": 28.5, 
        "Low": 22.639999, 
        "Open": 28.4, 
        "Volume": 5500400, 
        "day": 13, 
        "month": 1
    }
}