{
    "day": {
        "Adj Close": 26.76, 
        "Close": 26.76, 
        "Company": "TSLA", 
        "Date": "2012-01-19", 
        "High": 27.74, 
        "Low": 26.610001, 
        "Open": 27.190001, 
        "Volume": 1246300, 
        "day": 19, 
        "month": 1
    }
}