{
    "day": {
        "Adj Close": 0.975513, 
        "Close": 25.24992, 
        "Company": "TROW", 
        "Date": "1991-02-15", 
        "High": 25.24992, 
        "Low": 24.75008, 
        "Open": 25.24992, 
        "Volume": 777600, 
        "day": 5, 
        "week": 7
    }
}