{
    "day": {
        "Adj Close": 45.039731, 
        "Close": 55.950001, 
        "Company": "TROW", 
        "Date": "2007-10-17", 
        "High": 57.009998, 
        "Low": 54.889999, 
        "Open": 57.009998, 
        "Volume": 1322600, 
        "day": 3, 
        "week": 42
    }
}