{
    "day": {
        "Adj Close": 13.417114, 
        "Close": 36.880001, 
        "Company": "TROW", 
        "Date": "2001-08-30", 
        "High": 38.040001, 
        "Low": 36.790001, 
        "Open": 37.580002, 
        "Volume": 744400, 
        "day": 4, 
        "week": 35
    }
}