{
    "day": {
        "Adj Close": 13.374366, 
        "Close": 37.4375, 
        "Company": "TROW", 
        "Date": "2000-05-25", 
        "High": 38.1875, 
        "Low": 37.375, 
        "Open": 37.968761, 
        "Volume": 1196000, 
        "day": 4, 
        "week": 21
    }
}