{
    "day": {
        "Adj Close": 3.394287, 
        "Close": 36.5, 
        "Company": "WBA", 
        "Date": "1992-08-10", 
        "High": 36.75, 
        "Low": 36.25, 
        "Open": 36.624962, 
        "Volume": 789600, 
        "day": 1, 
        "week": 33
    }
}