{
    "day": {
        "Adj Close": 175.229996, 
        "Close": 175.229996, 
        "Company": "TSLA", 
        "Date": "2014-01-29", 
        "High": 179.089996, 
        "Low": 173.130005, 
        "Open": 175.300003, 
        "Volume": 5935500, 
        "day": 3, 
        "week": 5
    }
}