{
    "day": {
        "Adj Close": 2.052891, 
        "Close": 46.375038, 
        "Company": "WBA", 
        "Date": "1989-07-24", 
        "High": 46.5, 
        "Low": 45.875038, 
        "Open": 46.24992, 
        "Volume": 2963200, 
        "day": 1, 
        "week": 30
    }
}