{
    "day": {
        "Adj Close": 15.435192, 
        "Close": 32.939999, 
        "Company": "MDLZ", 
        "Date": "2004-02-13", 
        "High": 33.189999, 
        "Low": 32.91, 
        "Open": 33.150002, 
        "Volume": 778300, 
        "day": 13, 
        "month": 2
    }
}