{
    "day": {
        "Adj Close": 15.533596, 
        "Close": 33.150002, 
        "Company": "MDLZ", 
        "Date": "2004-02-03", 
        "High": 33.349998, 
        "Low": 32.5, 
        "Open": 32.610001, 
        "Volume": 2530900, 
        "day": 3, 
        "month": 2
    }
}