{
    "day": {
        "Adj Close": 15.014733, 
        "Close": 26.629999, 
        "Company": "MDLZ", 
        "Date": "2009-10-15", 
        "High": 26.629999, 
        "Low": 26.280001, 
        "Open": 26.280001, 
        "Volume": 10000200, 
        "day": 4, 
        "week": 42
    }
}