{
    "day": {
        "Adj Close": 18.809999,
        "Close": 18.809999,
        "Company": "TCBI",
        "Date": "2006-08-09",
        "High": 19.34,
        "Low": 18.799999,
        "Open": 19.309999,
        "Volume": 107300,
        "day": 3,
        "week": 32
    }
}