{
    "day": {
        "Adj Close": 67.970001, 
        "Close": 67.970001, 
        "Company": "FANG", 
        "Date": "2016-02-16", 
        "High": 71.410004, 
        "Low": 67.290001, 
        "Open": 70.540001, 
        "Volume": 2103000, 
        "day": 2, 
        "week": 7
    }
}