{
    "day": {
        "Adj Close": 24.661728, 
        "Close": 63.130001, 
        "Company": "TROW", 
        "Date": "2005-09-15", 
        "High": 63.5, 
        "Low": 62.700001, 
        "Open": 63.110001, 
        "Volume": 581600, 
        "day": 4, 
        "week": 37
    }
}