{
    "day": {
        "Adj Close": 12.953261, 
        "Close": 23.49, 
        "Company": "MDLZ", 
        "Date": "2009-05-01", 
        "High": 23.5, 
        "Low": 23.16, 
        "Open": 23.450001, 
        "Volume": 5939100, 
        "day": 5, 
        "week": 18
    }
}