{
    "day": {
        "Adj Close": 65.09334, 
        "Close": 71.68, 
        "Company": "TROW", 
        "Date": "2013-04-25", 
        "High": 73.040001, 
        "Low": 71.32, 
        "Open": 72.599998, 
        "Volume": 3375800, 
        "day": 4, 
        "week": 17
    }
}