{
    "day": {
        "Adj Close": 0.959501, 
        "Close": 51.24992, 
        "Company": "TROW", 
        "Date": "1989-12-11", 
        "High": 52.0, 
        "Low": 51.24992, 
        "Open": 51.24992, 
        "Volume": 160000, 
        "day": 11, 
        "month": 12
    }
}