{
    "day": {
        "Adj Close": 0.968865, 
        "Close": 51.75008, 
        "Company": "TROW", 
        "Date": "1989-12-15", 
        "High": 51.75008, 
        "Low": 51.24992, 
        "Open": 51.75008, 
        "Volume": 3635200, 
        "day": 15, 
        "month": 12
    }
}