{
    "day": {
        "Adj Close": 0.973544, 
        "Close": 52.0, 
        "Company": "TROW", 
        "Date": "1989-12-18", 
        "High": 52.0, 
        "Low": 51.50016, 
        "Open": 52.0, 
        "Volume": 208000, 
        "day": 18, 
        "month": 12
    }
}