{
    "day": {
        "Adj Close": 1.063932, 
        "Close": 56.49984, 
        "Company": "TROW", 
        "Date": "1989-12-27", 
        "High": 57.0, 
        "Low": 55.50016, 
        "Open": 55.50016, 
        "Volume": 265600, 
        "day": 27, 
        "month": 12
    }
}