{
    "day": {
        "Adj Close": 42.286146, 
        "Close": 42.799999, 
        "Company": "MDLZ", 
        "Date": "2015-08-28", 
        "High": 43.130001, 
        "Low": 42.389999, 
        "Open": 42.439999, 
        "Volume": 8975500, 
        "day": 28, 
        "month": 8
    }
}