{
    "day": {
        "Adj Close": 1.575826, 
        "Close": 35.75008, 
        "Company": "WBA", 
        "Date": "1989-03-14", 
        "High": 36.375038, 
        "Low": 35.75008, 
        "Open": 36.24992, 
        "Volume": 1187200, 
        "day": 2, 
        "week": 11
    }
}