{
    "day": {
        "Adj Close": 28.25, 
        "Close": 28.25, 
        "Company": "TSLA", 
        "Date": "2011-10-25", 
        "High": 28.860001, 
        "Low": 27.799999, 
        "Open": 28.23, 
        "Volume": 654400, 
        "day": 2, 
        "week": 43
    }
}