{
    "day": {
        "Adj Close": 28.76, 
        "Close": 28.76, 
        "Company": "TSLA", 
        "Date": "2011-10-27", 
        "High": 28.950001, 
        "Low": 28.110001, 
        "Open": 28.34, 
        "Volume": 869400, 
        "day": 4, 
        "week": 43
    }
}