{
    "day": {
        "Adj Close": 35.647262, 
        "Close": 42.77, 
        "Company": "TROW", 
        "Date": "2009-06-04", 
        "High": 42.860001, 
        "Low": 41.830002, 
        "Open": 42.060001, 
        "Volume": 3864600, 
        "day": 4, 
        "week": 23
    }
}