{
    "day": {
        "Adj Close": 30.529793, 
        "Close": 36.630001, 
        "Company": "TROW", 
        "Date": "2009-05-13", 
        "High": 38.630001, 
        "Low": 36.41, 
        "Open": 38.060001, 
        "Volume": 4023800, 
        "day": 13, 
        "month": 5
    }
}