{
    "day": {
        "Adj Close": 31.846664, 
        "Close": 38.209999, 
        "Company": "TROW", 
        "Date": "2009-05-20", 
        "High": 40.130001, 
        "Low": 37.900002, 
        "Open": 39.529999, 
        "Volume": 3405500, 
        "day": 20, 
        "month": 5
    }
}