{
    "day": {
        "Adj Close": 34.405399, 
        "Close": 41.279999, 
        "Company": "TROW", 
        "Date": "2009-05-04", 
        "High": 41.669998, 
        "Low": 38.279999, 
        "Open": 39.029999, 
        "Volume": 4831000, 
        "day": 4, 
        "month": 5
    }
}