{
    "day": {
        "Adj Close": 34.17203, 
        "Close": 41.0, 
        "Company": "TROW", 
        "Date": "2009-05-06", 
        "High": 41.209999, 
        "Low": 39.799999, 
        "Open": 40.700001, 
        "Volume": 4568700, 
        "day": 6, 
        "month": 5
    }
}