{
    "day": {
        "Adj Close": 47.439999,
        "Close": 47.439999,
        "Company": "TCBI",
        "Date": "2012-10-16",
        "High": 48.169998,
        "Low": 47.240002,
        "Open": 47.810001,
        "Volume": 459500,
        "day": 2,
        "week": 42
    }
}