{
    "day": {
        "Adj Close": 14.695315,
        "Close": 18.85,
        "Company": "SUNS",
        "Date": "2013-07-01",
        "High": 19.190001,
        "Low": 18.48,
        "Open": 18.51,
        "Volume": 65400,
        "day": 1,
        "month": 7
    }
}