{
    "day": {
        "Adj Close": 14.968172,
        "Close": 19.200001,
        "Company": "SUNS",
        "Date": "2013-07-16",
        "High": 19.27,
        "Low": 18.940001,
        "Open": 19.01,
        "Volume": 38000,
        "day": 16,
        "month": 7
    }
}