{
    "day": {
        "Adj Close": 14.820049,
        "Close": 19.01,
        "Company": "SUNS",
        "Date": "2013-07-02",
        "High": 19.15,
        "Low": 18.620001,
        "Open": 18.940001,
        "Volume": 85900,
        "day": 2,
        "month": 7
    }
}