{
    "day": {
        "Adj Close": 15.04613,
        "Close": 19.299999,
        "Company": "SUNS",
        "Date": "2013-07-22",
        "High": 19.299999,
        "Low": 19.110001,
        "Open": 19.209999,
        "Volume": 45100,
        "day": 22,
        "month": 7
    }
}