{
    "day": {
        "Adj Close": 14.855536,
        "Close": 18.940001,
        "Company": "SUNS",
        "Date": "2013-07-29",
        "High": 19.02,
        "Low": 18.74,
        "Open": 19.02,
        "Volume": 38900,
        "day": 29,
        "month": 7
    }
}