{
    "day": {
        "Adj Close": 43.766482, 
        "Close": 49.779999, 
        "Company": "TROW", 
        "Date": "2011-09-12", 
        "High": 49.830002, 
        "Low": 48.07, 
        "Open": 48.189999, 
        "Volume": 2654800, 
        "day": 12, 
        "month": 9
    }
}