{
    "day": {
        "Adj Close": 45.125792, 
        "Close": 51.650002, 
        "Company": "TROW", 
        "Date": "2011-09-07", 
        "High": 51.779999, 
        "Low": 50.169998, 
        "Open": 50.400002, 
        "Volume": 2395900, 
        "day": 7, 
        "month": 9
    }
}