{
    "day": {
        "Adj Close": 68.280808, 
        "Close": 75.190002, 
        "Company": "TROW", 
        "Date": "2013-03-11", 
        "High": 75.269997, 
        "Low": 74.199997, 
        "Open": 74.589996, 
        "Volume": 1320700, 
        "day": 11, 
        "month": 3
    }
}