{
    "day": {
        "Adj Close": 67.481667, 
        "Close": 74.309998, 
        "Company": "TROW", 
        "Date": "2013-03-19", 
        "High": 75.110001, 
        "Low": 73.779999, 
        "Open": 75.029999, 
        "Volume": 1621300, 
        "day": 19, 
        "month": 3
    }
}