{
    "day": {
        "Adj Close": 66.797334, 
        "Close": 73.93, 
        "Company": "TROW", 
        "Date": "2013-03-05", 
        "High": 74.209999, 
        "Low": 72.669998, 
        "Open": 72.970001, 
        "Volume": 1355300, 
        "day": 5, 
        "month": 3
    }
}