{
    "day": {
        "Adj Close": 67.944803, 
        "Close": 75.199997, 
        "Company": "TROW", 
        "Date": "2013-03-08", 
        "High": 75.449997, 
        "Low": 74.459999, 
        "Open": 75.449997, 
        "Volume": 1351300, 
        "day": 8, 
        "month": 3
    }
}