{
    "day": {
        "Adj Close": 58.738531, 
        "Close": 65.349998, 
        "Company": "TROW", 
        "Date": "2012-10-19", 
        "High": 66.660004, 
        "Low": 65.0, 
        "Open": 66.599998, 
        "Volume": 1921100, 
        "day": 5, 
        "week": 42
    }
}