{
    "day": {
        "Adj Close": 11.623683, 
        "Close": 66.875, 
        "Company": "TROW", 
        "Date": "1998-02-18", 
        "High": 67.125, 
        "Low": 65.625, 
        "Open": 66.687523, 
        "Volume": 353200, 
        "day": 3, 
        "week": 8
    }
}