{
    "day": {
        "Adj Close": 59.209999,
        "Close": 59.209999,
        "Company": "TCBI",
        "Date": "2015-08-10",
        "High": 59.220001,
        "Low": 57.619999,
        "Open": 58.389999,
        "Volume": 369800,
        "day": 1,
        "week": 33
    }
}