{
    "day": {
        "Adj Close": 33.45724, 
        "Close": 34.27, 
        "Company": "MDLZ", 
        "Date": "2014-09-30", 
        "High": 34.34, 
        "Low": 33.93, 
        "Open": 34.200001, 
        "Volume": 11576700, 
        "day": 2, 
        "week": 40
    }
}