{
    "day": {
        "Adj Close": 23.040001, 
        "Close": 23.040001, 
        "Company": "TSLA", 
        "Date": "2011-01-21", 
        "High": 23.59, 
        "Low": 22.709999, 
        "Open": 23.120001, 
        "Volume": 1217000, 
        "day": 21, 
        "month": 1
    }
}