{
    "day": {
        "Adj Close": 24.01, 
        "Close": 24.01, 
        "Company": "TSLA", 
        "Date": "2011-01-28", 
        "High": 24.879999, 
        "Low": 23.75, 
        "Open": 24.879999, 
        "Volume": 1048400, 
        "day": 28, 
        "month": 1
    }
}