{
    "day": {
        "Adj Close": 2.058423, 
        "Close": 46.5, 
        "Company": "WBA", 
        "Date": "1989-07-20", 
        "High": 46.624962, 
        "Low": 45.75008, 
        "Open": 45.75008, 
        "Volume": 3060800, 
        "day": 4, 
        "week": 29
    }
}