{
    "day": {
        "Adj Close": 22.817447, 
        "Close": 58.849998, 
        "Company": "TROW", 
        "Date": "2005-02-08", 
        "High": 59.470001, 
        "Low": 58.650002, 
        "Open": 59.380001, 
        "Volume": 1119400, 
        "day": 2, 
        "week": 6
    }
}