{
    "day": {
        "Adj Close": 2.354407, 
        "Close": 52.24992, 
        "Company": "WBA", 
        "Date": "1990-07-13", 
        "High": 52.624962, 
        "Low": 52.0, 
        "Open": 52.5, 
        "Volume": 3332800, 
        "day": 5, 
        "week": 28
    }
}