{
    "day": {
        "Adj Close": 22.003914, 
        "Close": 56.540001, 
        "Company": "TROW", 
        "Date": "2005-04-14", 
        "High": 57.330002, 
        "Low": 56.419998, 
        "Open": 56.900002, 
        "Volume": 1376000, 
        "day": 104, 
        "year": 2005
    }
}