{
    "day": {
        "Adj Close": 23.167545, 
        "Close": 59.529999, 
        "Company": "TROW", 
        "Date": "2005-05-20", 
        "High": 59.580002, 
        "Low": 58.830002, 
        "Open": 59.580002, 
        "Volume": 861000, 
        "day": 140, 
        "year": 2005
    }
}