{
    "day": {
        "Adj Close": 23.101386, 
        "Close": 59.360001, 
        "Company": "TROW", 
        "Date": "2005-05-27", 
        "High": 59.529999, 
        "Low": 59.0, 
        "Open": 59.240002, 
        "Volume": 335600, 
        "day": 147, 
        "year": 2005
    }
}