{
    "day": {
        "Adj Close": 24.802362, 
        "Close": 63.490002, 
        "Company": "TROW", 
        "Date": "2005-07-07", 
        "High": 63.57, 
        "Low": 62.560001, 
        "Open": 63.5, 
        "Volume": 1167600, 
        "day": 188, 
        "year": 2005
    }
}