{
    "day": {
        "Adj Close": 25.509439, 
        "Close": 65.300003, 
        "Company": "TROW", 
        "Date": "2005-07-13", 
        "High": 65.489998, 
        "Low": 65.029999, 
        "Open": 65.370003, 
        "Volume": 401600, 
        "day": 194, 
        "year": 2005
    }
}