{
    "day": {
        "Adj Close": 25.622725, 
        "Close": 65.589996, 
        "Company": "TROW", 
        "Date": "2005-07-14", 
        "High": 66.010002, 
        "Low": 65.279999, 
        "Open": 65.279999, 
        "Volume": 671800, 
        "day": 195, 
        "year": 2005
    }
}