{
    "day": {
        "Adj Close": 25.681323, 
        "Close": 65.739998, 
        "Company": "TROW", 
        "Date": "2005-07-15", 
        "High": 65.769997, 
        "Low": 64.919998, 
        "Open": 65.529999, 
        "Volume": 1092800, 
        "day": 196, 
        "year": 2005
    }
}