{
    "day": {
        "Adj Close": 25.599286, 
        "Close": 65.529999, 
        "Company": "TROW", 
        "Date": "2005-08-15", 
        "High": 65.809998, 
        "Low": 65.18, 
        "Open": 65.559998, 
        "Volume": 702800, 
        "day": 227, 
        "year": 2005
    }
}