{
    "day": {
        "Adj Close": 24.993779, 
        "Close": 63.98, 
        "Company": "TROW", 
        "Date": "2005-08-18", 
        "High": 64.339996, 
        "Low": 63.75, 
        "Open": 64.120003, 
        "Volume": 864600, 
        "day": 230, 
        "year": 2005
    }
}