{
    "day": {
        "Adj Close": 22.565429, 
        "Close": 58.200001, 
        "Company": "TROW", 
        "Date": "2005-01-25", 
        "High": 59.049999, 
        "Low": 58.060001, 
        "Open": 58.52, 
        "Volume": 912800, 
        "day": 25, 
        "year": 2005
    }
}