{
    "day": {
        "Adj Close": 24.035946, 
        "Close": 61.299999, 
        "Company": "TROW", 
        "Date": "2005-10-12", 
        "High": 62.950001, 
        "Low": 60.66, 
        "Open": 62.509998, 
        "Volume": 2072400, 
        "day": 285, 
        "year": 2005
    }
}