{
    "day": {
        "Adj Close": 25.886673, 
        "Close": 66.019997, 
        "Company": "TROW", 
        "Date": "2005-11-01", 
        "High": 66.099998, 
        "Low": 65.269997, 
        "Open": 65.629997, 
        "Volume": 1347600, 
        "day": 305, 
        "year": 2005
    }
}