{
    "day": {
        "Adj Close": 27.110037, 
        "Close": 69.139999, 
        "Company": "TROW", 
        "Date": "2005-11-15", 
        "High": 69.849998, 
        "Low": 68.75, 
        "Open": 69.389999, 
        "Volume": 952400, 
        "day": 319, 
        "year": 2005
    }
}