{
    "day": {
        "Adj Close": 28.372611, 
        "Close": 72.360001, 
        "Company": "TROW", 
        "Date": "2005-11-23", 
        "High": 73.050003, 
        "Low": 71.760002, 
        "Open": 71.900002, 
        "Volume": 635000, 
        "day": 327, 
        "year": 2005
    }
}