{
    "day": {
        "Adj Close": 28.44319, 
        "Close": 72.540001, 
        "Company": "TROW", 
        "Date": "2005-12-07", 
        "High": 72.760002, 
        "Low": 72.099998, 
        "Open": 72.760002, 
        "Volume": 715800, 
        "day": 341, 
        "year": 2005
    }
}