{
    "day": {
        "Adj Close": 28.741189, 
        "Close": 73.300003, 
        "Company": "TROW", 
        "Date": "2005-12-23", 
        "High": 73.650002, 
        "Low": 72.760002, 
        "Open": 72.800003, 
        "Volume": 473600, 
        "day": 357, 
        "year": 2005
    }
}