{
    "day": {
        "Adj Close": 23.643296, 
        "Close": 60.98, 
        "Company": "TROW", 
        "Date": "2005-02-14", 
        "High": 61.290001, 
        "Low": 60.82, 
        "Open": 61.009998, 
        "Volume": 1003200, 
        "day": 45, 
        "year": 2005
    }
}