{
    "day": {
        "Adj Close": 23.76349, 
        "Close": 61.290001, 
        "Company": "TROW", 
        "Date": "2005-02-25", 
        "High": 61.41, 
        "Low": 59.950001, 
        "Open": 59.950001, 
        "Volume": 1160400, 
        "day": 56, 
        "year": 2005
    }
}