{
    "day": {
        "Adj Close": 24.410985, 
        "Close": 62.959999, 
        "Company": "TROW", 
        "Date": "2005-03-07", 
        "High": 63.450001, 
        "Low": 62.549999, 
        "Open": 62.939999, 
        "Volume": 780000, 
        "day": 66, 
        "year": 2005
    }
}