{
    "day": {
        "Adj Close": 23.189661, 
        "Close": 59.810001, 
        "Company": "TROW", 
        "Date": "2005-01-07", 
        "High": 60.57, 
        "Low": 59.73, 
        "Open": 60.360001, 
        "Volume": 770600, 
        "day": 7, 
        "year": 2005
    }
}