{
    "day": {
        "Adj Close": 22.992417, 
        "Close": 59.080002, 
        "Company": "TROW", 
        "Date": "2005-03-23", 
        "High": 59.580002, 
        "Low": 58.650002, 
        "Open": 59.52, 
        "Volume": 1282600, 
        "day": 82, 
        "year": 2005
    }
}