{
    "day": {
        "Adj Close": 23.081927, 
        "Close": 59.310001, 
        "Company": "TROW", 
        "Date": "2005-03-24", 
        "High": 59.830002, 
        "Low": 58.919998, 
        "Open": 59.139999, 
        "Volume": 963000, 
        "day": 83, 
        "year": 2005
    }
}