{
    "day": {
        "Adj Close": 22.984634, 
        "Close": 59.060001, 
        "Company": "TROW", 
        "Date": "2005-04-06", 
        "High": 60.0, 
        "Low": 58.919998, 
        "Open": 59.200001, 
        "Volume": 1434600, 
        "day": 96, 
        "year": 2005
    }
}