{
    "day": {
        "Adj Close": 30.595958, 
        "Close": 36.849998, 
        "Company": "WBA", 
        "Date": "2004-07-14", 
        "High": 37.200001, 
        "Low": 36.82, 
        "Open": 36.900002, 
        "Volume": 4045100, 
        "day": 3, 
        "week": 29
    }
}