{
    "day": {
        "Adj Close": 32.768178, 
        "Close": 82.940002, 
        "Company": "TROW", 
        "Date": "2006-05-09", 
        "High": 84.120003, 
        "Low": 82.900002, 
        "Open": 83.300003, 
        "Volume": 2107400, 
        "day": 2, 
        "week": 19
    }
}