{
    "day": {
        "Adj Close": 31.891094, 
        "Close": 80.720001, 
        "Company": "TROW", 
        "Date": "2006-05-11", 
        "High": 82.889999, 
        "Low": 80.43, 
        "Open": 82.160004, 
        "Volume": 1062400, 
        "day": 4, 
        "week": 19
    }
}