{
    "day": {
        "Adj Close": 23.877696, 
        "Close": 28.98, 
        "Company": "WBA", 
        "Date": "2002-11-25", 
        "High": 29.99, 
        "Low": 28.049999, 
        "Open": 29.950001, 
        "Volume": 9240300, 
        "day": 25, 
        "month": 11
    }
}