{
    "day": {
        "Adj Close": 11.297023,
        "Close": 16.32,
        "Company": "SUNS",
        "Date": "2011-12-07",
        "High": 16.450001,
        "Low": 16.190001,
        "Open": 16.440001,
        "Volume": 19800,
        "day": 7,
        "month": 12
    }
}