{
    "day": {
        "Adj Close": 24.038772, 
        "Close": 62.23, 
        "Company": "TROW", 
        "Date": "2004-12-21", 
        "High": 62.310001, 
        "Low": 61.459999, 
        "Open": 61.619999, 
        "Volume": 1345800, 
        "day": 2, 
        "week": 52
    }
}