{
    "day": {
        "Adj Close": 13.409838, 
        "Close": 36.860001, 
        "Company": "TROW", 
        "Date": "2001-08-10", 
        "High": 37.099998, 
        "Low": 35.900002, 
        "Open": 36.849998, 
        "Volume": 564400, 
        "day": 10, 
        "month": 8
    }
}