{
    "day": {
        "Adj Close": 13.402562, 
        "Close": 36.84, 
        "Company": "TROW", 
        "Date": "2001-08-17", 
        "High": 37.540001, 
        "Low": 36.650002, 
        "Open": 37.400002, 
        "Volume": 1248000, 
        "day": 17, 
        "month": 8
    }
}