{
    "day": {
        "Adj Close": 26.922807, 
        "Close": 30.360001, 
        "Company": "WBA", 
        "Date": "2010-09-24", 
        "High": 30.5, 
        "Low": 29.76, 
        "Open": 29.92, 
        "Volume": 7320800, 
        "day": 5, 
        "week": 38
    }
}