{
    "day": {
        "Adj Close": 22.119972, 
        "Close": 36.419998, 
        "Company": "MDLZ", 
        "Date": "2011-12-12", 
        "High": 36.66, 
        "Low": 36.169998, 
        "Open": 36.639999, 
        "Volume": 5789900, 
        "day": 1, 
        "week": 50
    }
}