{
    "day": {
        "Adj Close": 22.034942, 
        "Close": 36.279999, 
        "Company": "MDLZ", 
        "Date": "2011-12-13", 
        "High": 36.849998, 
        "Low": 36.209999, 
        "Open": 36.57, 
        "Volume": 6916400, 
        "day": 2, 
        "week": 50
    }
}