{
    "day": {
        "Adj Close": 36.913211, 
        "Close": 39.389999, 
        "Company": "WBA", 
        "Date": "2013-01-16", 
        "High": 39.599998, 
        "Low": 39.0, 
        "Open": 39.110001, 
        "Volume": 7317900, 
        "day": 16, 
        "year": 2013
    }
}