{
    "day": {
        "Adj Close": 47.601606, 
        "Close": 50.18, 
        "Company": "WBA", 
        "Date": "2013-06-14", 
        "High": 50.790001, 
        "Low": 49.77, 
        "Open": 49.93, 
        "Volume": 3597900, 
        "day": 165, 
        "year": 2013
    }
}