{
    "day": {
        "Adj Close": 47.791331, 
        "Close": 50.380001, 
        "Company": "WBA", 
        "Date": "2013-06-17", 
        "High": 50.66, 
        "Low": 49.950001, 
        "Open": 50.360001, 
        "Volume": 3441200, 
        "day": 168, 
        "year": 2013
    }
}