{
    "day": {
        "Adj Close": 46.207138, 
        "Close": 48.709999, 
        "Company": "WBA", 
        "Date": "2013-06-21", 
        "High": 49.310001, 
        "Low": 48.23, 
        "Open": 48.77, 
        "Volume": 5844100, 
        "day": 172, 
        "year": 2013
    }
}