{
    "day": {
        "Adj Close": 46.823741, 
        "Close": 49.360001, 
        "Company": "WBA", 
        "Date": "2013-08-15", 
        "High": 50.200001, 
        "Low": 49.349998, 
        "Open": 50.099998, 
        "Volume": 3273500, 
        "day": 227, 
        "year": 2013
    }
}