{
    "day": {
        "Adj Close": 37.035038, 
        "Close": 39.52, 
        "Company": "WBA", 
        "Date": "2013-01-23", 
        "High": 39.549999, 
        "Low": 39.25, 
        "Open": 39.41, 
        "Volume": 4604200, 
        "day": 23, 
        "year": 2013
    }
}