{
    "day": {
        "Adj Close": 47.248588, 
        "Close": 49.490002, 
        "Company": "WBA", 
        "Date": "2013-09-04", 
        "High": 49.630001, 
        "Low": 48.549999, 
        "Open": 48.75, 
        "Volume": 4099600, 
        "day": 247, 
        "year": 2013
    }
}