{
    "day": {
        "Adj Close": 47.945526, 
        "Close": 50.220001, 
        "Company": "WBA", 
        "Date": "2013-09-09", 
        "High": 50.400002, 
        "Low": 49.540001, 
        "Open": 49.540001, 
        "Volume": 3491500, 
        "day": 252, 
        "year": 2013
    }
}