{
    "day": {
        "Adj Close": 52.041228, 
        "Close": 54.509998, 
        "Company": "WBA", 
        "Date": "2013-09-27", 
        "High": 54.869999, 
        "Low": 54.27, 
        "Open": 54.450001, 
        "Volume": 5607900, 
        "day": 270, 
        "year": 2013
    }
}