{
    "day": {
        "Adj Close": 56.127388, 
        "Close": 58.790001, 
        "Company": "WBA", 
        "Date": "2013-10-23", 
        "High": 58.990002, 
        "Low": 58.349998, 
        "Open": 58.709999, 
        "Volume": 5165700, 
        "day": 296, 
        "year": 2013
    }
}