{
    "day": {
        "Adj Close": 56.50927, 
        "Close": 59.189999, 
        "Company": "WBA", 
        "Date": "2013-10-25", 
        "High": 59.240002, 
        "Low": 58.84, 
        "Open": 59.240002, 
        "Volume": 4226200, 
        "day": 298, 
        "year": 2013
    }
}