{
    "day": {
        "Adj Close": 57.425794, 
        "Close": 60.150002, 
        "Company": "WBA", 
        "Date": "2013-11-04", 
        "High": 60.869999, 
        "Low": 59.970001, 
        "Open": 60.700001, 
        "Volume": 4725900, 
        "day": 308, 
        "year": 2013
    }
}