{
    "day": {
        "Adj Close": 37.44737, 
        "Close": 39.959999, 
        "Company": "WBA", 
        "Date": "2013-01-31", 
        "High": 39.970001, 
        "Low": 39.709999, 
        "Open": 39.830002, 
        "Volume": 7298900, 
        "day": 31, 
        "year": 2013
    }
}