{
    "day": {
        "Adj Close": 57.006128, 
        "Close": 59.400002, 
        "Company": "WBA", 
        "Date": "2013-11-20", 
        "High": 59.490002, 
        "Low": 58.77, 
        "Open": 58.84, 
        "Volume": 5908100, 
        "day": 324, 
        "year": 2013
    }
}