{
    "day": {
        "Adj Close": 55.508996, 
        "Close": 57.84, 
        "Company": "WBA", 
        "Date": "2013-12-30", 
        "High": 57.849998, 
        "Low": 57.130001, 
        "Open": 57.459999, 
        "Volume": 2874300, 
        "day": 364, 
        "year": 2013
    }
}