{
    "day": {
        "Adj Close": 38.712486, 
        "Close": 41.310001, 
        "Company": "WBA", 
        "Date": "2013-02-07", 
        "High": 41.52, 
        "Low": 41.0, 
        "Open": 41.369999, 
        "Volume": 6356900, 
        "day": 38, 
        "year": 2013
    }
}