{
    "day": {
        "Adj Close": 39.401856, 
        "Close": 41.77, 
        "Company": "WBA", 
        "Date": "2013-03-04", 
        "High": 41.790001, 
        "Low": 40.98, 
        "Open": 41.169998, 
        "Volume": 4534500, 
        "day": 63, 
        "year": 2013
    }
}