{
    "day": {
        "Adj Close": 37.694472, 
        "Close": 39.959999, 
        "Company": "WBA", 
        "Date": "2013-03-06", 
        "High": 40.740002, 
        "Low": 39.869999, 
        "Open": 40.709999, 
        "Volume": 7797400, 
        "day": 65, 
        "year": 2013
    }
}