{
    "day": {
        "Adj Close": 43.410903, 
        "Close": 46.02, 
        "Company": "WBA", 
        "Date": "2013-03-20", 
        "High": 46.330002, 
        "Low": 45.16, 
        "Open": 45.25, 
        "Volume": 15550100, 
        "day": 79, 
        "year": 2013
    }
}