{
    "day": {
        "Adj Close": 36.032318, 
        "Close": 38.450001, 
        "Company": "WBA", 
        "Date": "2013-01-09", 
        "High": 38.560001, 
        "Low": 37.990002, 
        "Open": 38.110001, 
        "Volume": 8713700, 
        "day": 9, 
        "year": 2013
    }
}