{
    "day": {
        "Adj Close": 44.957923, 
        "Close": 47.66, 
        "Company": "WBA", 
        "Date": "2013-04-08", 
        "High": 47.66, 
        "Low": 46.639999, 
        "Open": 46.779999, 
        "Volume": 3848200, 
        "day": 98, 
        "year": 2013
    }
}