{
    "day": {
        "Adj Close": 31.765811,
        "Close": 36.59,
        "Company": "LPLA",
        "Date": "2011-05-10",
        "High": 36.740002,
        "Low": 35.810001,
        "Open": 36.73,
        "Volume": 129200,
        "day": 2,
        "week": 19
    }
}