{
    "day": {
        "Adj Close": 27.423749, 
        "Close": 31.620001, 
        "Company": "WBA", 
        "Date": "2009-06-02", 
        "High": 31.76, 
        "Low": 30.9, 
        "Open": 30.98, 
        "Volume": 7140300, 
        "day": 2, 
        "week": 23
    }
}