{
    "day": {
        "Adj Close": 3.576612, 
        "Close": 38.75, 
        "Company": "WBA", 
        "Date": "1992-01-03", 
        "High": 38.75, 
        "Low": 37.875038, 
        "Open": 37.875038, 
        "Volume": 1382400, 
        "day": 5, 
        "week": 1
    }
}