{
    "day": {
        "Adj Close": 14.400754, 
        "Close": 31.24, 
        "Company": "MDLZ", 
        "Date": "2003-05-07", 
        "High": 31.379999, 
        "Low": 31.02, 
        "Open": 31.200001, 
        "Volume": 1176600, 
        "day": 7, 
        "month": 5
    }
}