{
    "day": {
        "Adj Close": 7.49221, 
        "Close": 43.562481, 
        "Company": "TROW", 
        "Date": "1997-01-10", 
        "High": 44.75, 
        "Low": 43.5, 
        "Open": 44.75, 
        "Volume": 575200, 
        "day": 10, 
        "year": 1997
    }
}