{
    "day": {
        "Adj Close": 6.555793, 
        "Close": 38.0, 
        "Company": "TROW", 
        "Date": "1997-04-11", 
        "High": 39.0, 
        "Low": 37.312481, 
        "Open": 38.5, 
        "Volume": 843600, 
        "day": 101, 
        "year": 1997
    }
}