{
    "day": {
        "Adj Close": 6.685184, 
        "Close": 38.75, 
        "Company": "TROW", 
        "Date": "1997-04-18", 
        "High": 39.375, 
        "Low": 38.125, 
        "Open": 39.218761, 
        "Volume": 451200, 
        "day": 108, 
        "year": 1997
    }
}