{
    "day": {
        "Adj Close": 9.113392, 
        "Close": 52.687519, 
        "Company": "TROW", 
        "Date": "1997-08-12", 
        "High": 54.5, 
        "Low": 52.375, 
        "Open": 53.75, 
        "Volume": 496000, 
        "day": 224, 
        "year": 1997
    }
}