{
    "day": {
        "Adj Close": 10.032295, 
        "Close": 58.0, 
        "Company": "TROW", 
        "Date": "1997-09-15", 
        "High": 58.562481, 
        "Low": 57.625, 
        "Open": 58.25, 
        "Volume": 328000, 
        "day": 258, 
        "year": 1997
    }
}