{
    "day": {
        "Adj Close": 11.482356, 
        "Close": 66.25, 
        "Company": "TROW", 
        "Date": "1997-11-10", 
        "High": 67.875, 
        "Low": 65.562477, 
        "Open": 67.75, 
        "Volume": 632400, 
        "day": 314, 
        "year": 1997
    }
}