{
    "day": {
        "Adj Close": 145.720001, 
        "Close": 145.720001, 
        "Company": "TSLA", 
        "Date": "2014-01-10", 
        "High": 148.899994, 
        "Low": 142.25, 
        "Open": 148.460007, 
        "Volume": 7446100, 
        "day": 10, 
        "year": 2014
    }
}