{
    "day": {
        "Adj Close": 198.089996, 
        "Close": 198.089996, 
        "Company": "TSLA", 
        "Date": "2014-04-14", 
        "High": 208.440002, 
        "Low": 194.410004, 
        "Open": 207.600006, 
        "Volume": 7703000, 
        "day": 104, 
        "year": 2014
    }
}