{
    "day": {
        "Adj Close": 207.990005, 
        "Close": 207.990005, 
        "Company": "TSLA", 
        "Date": "2014-04-23", 
        "High": 216.740005, 
        "Low": 207.0, 
        "Open": 216.330002, 
        "Volume": 7295600, 
        "day": 113, 
        "year": 2014
    }
}