{
    "day": {
        "Adj Close": 206.919998, 
        "Close": 206.919998, 
        "Company": "TSLA", 
        "Date": "2014-04-29", 
        "High": 207.149994, 
        "Low": 195.529999, 
        "Open": 198.210007, 
        "Volume": 5779100, 
        "day": 119, 
        "year": 2014
    }
}