{
    "day": {
        "Adj Close": 207.279999, 
        "Close": 207.279999, 
        "Company": "TSLA", 
        "Date": "2014-05-06", 
        "High": 218.660004, 
        "Low": 206.850006, 
        "Open": 216.600006, 
        "Volume": 5636700, 
        "day": 126, 
        "year": 2014
    }
}