{
    "day": {
        "Adj Close": 231.669998, 
        "Close": 231.669998, 
        "Company": "TSLA", 
        "Date": "2014-06-17", 
        "High": 235.539993, 
        "Low": 222.850006, 
        "Open": 224.110001, 
        "Volume": 13304900, 
        "day": 168, 
        "year": 2014
    }
}