{
    "day": {
        "Adj Close": 236.889999, 
        "Close": 236.889999, 
        "Company": "TSLA", 
        "Date": "2014-06-25", 
        "High": 237.550003, 
        "Low": 230.240005, 
        "Open": 233.050003, 
        "Volume": 5801600, 
        "day": 176, 
        "year": 2014
    }
}