{
    "day": {
        "Adj Close": 239.059998, 
        "Close": 239.059998, 
        "Company": "TSLA", 
        "Date": "2014-06-27", 
        "High": 240.0, 
        "Low": 234.5, 
        "Open": 234.690002, 
        "Volume": 5635000, 
        "day": 178, 
        "year": 2014
    }
}