{
    "day": {
        "Adj Close": 215.399994, 
        "Close": 215.399994, 
        "Company": "TSLA", 
        "Date": "2014-07-17", 
        "High": 220.550003, 
        "Low": 213.600006, 
        "Open": 216.160004, 
        "Volume": 4649400, 
        "day": 198, 
        "year": 2014
    }
}