{
    "day": {
        "Adj Close": 224.820007, 
        "Close": 224.820007, 
        "Company": "TSLA", 
        "Date": "2014-07-28", 
        "High": 232.0, 
        "Low": 221.399994, 
        "Open": 224.25, 
        "Volume": 6514300, 
        "day": 209, 
        "year": 2014
    }
}