{
    "day": {
        "Adj Close": 223.300003, 
        "Close": 223.300003, 
        "Company": "TSLA", 
        "Date": "2014-07-31", 
        "High": 231.399994, 
        "Low": 221.5, 
        "Open": 229.259995, 
        "Volume": 7749100, 
        "day": 212, 
        "year": 2014
    }
}