{
    "day": {
        "Adj Close": 248.130005, 
        "Close": 248.130005, 
        "Company": "TSLA", 
        "Date": "2014-08-08", 
        "High": 251.759995, 
        "Low": 246.5, 
        "Open": 251.160004, 
        "Volume": 5090100, 
        "day": 220, 
        "year": 2014
    }
}