{
    "day": {
        "Adj Close": 260.309998, 
        "Close": 260.309998, 
        "Company": "TSLA", 
        "Date": "2014-08-13", 
        "High": 265.640015, 
        "Low": 259.609985, 
        "Open": 262.01001, 
        "Volume": 6932600, 
        "day": 225, 
        "year": 2014
    }
}