{
    "day": {
        "Adj Close": 254.339996, 
        "Close": 254.339996, 
        "Company": "TSLA", 
        "Date": "2014-08-21", 
        "High": 258.799988, 
        "Low": 253.259995, 
        "Open": 256.519989, 
        "Volume": 2915600, 
        "day": 233, 
        "year": 2014
    }
}