{
    "day": {
        "Adj Close": 282.109985, 
        "Close": 282.109985, 
        "Company": "TSLA", 
        "Date": "2014-09-08", 
        "High": 284.880005, 
        "Low": 277.519989, 
        "Open": 277.619995, 
        "Volume": 5501600, 
        "day": 251, 
        "year": 2014
    }
}