{
    "day": {
        "Adj Close": 278.480011, 
        "Close": 278.480011, 
        "Company": "TSLA", 
        "Date": "2014-09-09", 
        "High": 285.48999, 
        "Low": 277.0, 
        "Open": 282.98999, 
        "Volume": 4558800, 
        "day": 252, 
        "year": 2014
    }
}