{
    "day": {
        "Adj Close": 279.200012, 
        "Close": 279.200012, 
        "Company": "TSLA", 
        "Date": "2014-09-12", 
        "High": 282.390015, 
        "Low": 277.0, 
        "Open": 280.5, 
        "Volume": 3324600, 
        "day": 255, 
        "year": 2014
    }
}