{
    "day": {
        "Adj Close": 253.860001, 
        "Close": 253.860001, 
        "Company": "TSLA", 
        "Date": "2014-09-15", 
        "High": 274.399994, 
        "Low": 249.130005, 
        "Open": 274.369995, 
        "Volume": 16455400, 
        "day": 258, 
        "year": 2014
    }
}