{
    "day": {
        "Adj Close": 260.73999, 
        "Close": 260.73999, 
        "Company": "TSLA", 
        "Date": "2014-09-16", 
        "High": 262.459991, 
        "Low": 252.419998, 
        "Open": 255.149994, 
        "Volume": 8300100, 
        "day": 259, 
        "year": 2014
    }
}