{
    "day": {
        "Adj Close": 242.679993, 
        "Close": 242.679993, 
        "Company": "TSLA", 
        "Date": "2014-09-30", 
        "High": 247.649994, 
        "Low": 240.119995, 
        "Open": 246.919998, 
        "Volume": 4238300, 
        "day": 273, 
        "year": 2014
    }
}