{
    "day": {
        "Adj Close": 259.279999, 
        "Close": 259.279999, 
        "Company": "TSLA", 
        "Date": "2014-10-08", 
        "High": 262.880005, 
        "Low": 252.639999, 
        "Open": 260.100006, 
        "Volume": 5055100, 
        "day": 281, 
        "year": 2014
    }
}