{
    "day": {
        "Adj Close": 224.589996, 
        "Close": 224.589996, 
        "Company": "TSLA", 
        "Date": "2014-10-13", 
        "High": 238.960007, 
        "Low": 221.0, 
        "Open": 238.570007, 
        "Volume": 11268700, 
        "day": 286, 
        "year": 2014
    }
}