{
    "day": {
        "Adj Close": 238.660004, 
        "Close": 238.660004, 
        "Company": "TSLA", 
        "Date": "2014-10-30", 
        "High": 240.5, 
        "Low": 235.059998, 
        "Open": 238.139999, 
        "Volume": 3228400, 
        "day": 303, 
        "year": 2014
    }
}