{
    "day": {
        "Adj Close": 249.100006, 
        "Close": 249.100006, 
        "Company": "TSLA", 
        "Date": "2014-11-12", 
        "High": 252.339996, 
        "Low": 245.580002, 
        "Open": 249.720001, 
        "Volume": 5870800, 
        "day": 316, 
        "year": 2014
    }
}