{
    "day": {
        "Adj Close": 177.110001, 
        "Close": 177.110001, 
        "Company": "TSLA", 
        "Date": "2014-02-03", 
        "High": 184.880005, 
        "Low": 175.160004, 
        "Open": 182.889999, 
        "Volume": 6764900, 
        "day": 34, 
        "year": 2014
    }
}