{
    "day": {
        "Adj Close": 205.820007, 
        "Close": 205.820007, 
        "Company": "TSLA", 
        "Date": "2014-12-17", 
        "High": 206.649994, 
        "Low": 192.649994, 
        "Open": 193.059998, 
        "Volume": 7367800, 
        "day": 351, 
        "year": 2014
    }
}