{
    "day": {
        "Adj Close": 218.259995, 
        "Close": 218.259995, 
        "Company": "TSLA", 
        "Date": "2014-12-18", 
        "High": 218.440002, 
        "Low": 211.800003, 
        "Open": 212.380005, 
        "Volume": 7483300, 
        "day": 352, 
        "year": 2014
    }
}