{
    "day": {
        "Adj Close": 220.970001, 
        "Close": 220.970001, 
        "Company": "TSLA", 
        "Date": "2014-12-23", 
        "High": 224.320007, 
        "Low": 219.520004, 
        "Open": 223.809998, 
        "Volume": 4505700, 
        "day": 357, 
        "year": 2014
    }
}