{
    "day": {
        "Adj Close": 222.229996, 
        "Close": 222.229996, 
        "Company": "TSLA", 
        "Date": "2014-12-30", 
        "High": 225.649994, 
        "Low": 221.399994, 
        "Open": 223.990005, 
        "Volume": 2903200, 
        "day": 364, 
        "year": 2014
    }
}