{
    "day": {
        "Adj Close": 178.380005, 
        "Close": 178.380005, 
        "Company": "TSLA", 
        "Date": "2014-02-06", 
        "High": 180.110001, 
        "Low": 176.0, 
        "Open": 176.300003, 
        "Volume": 5841600, 
        "day": 37, 
        "year": 2014
    }
}