{
    "day": {
        "Adj Close": 195.320007, 
        "Close": 195.320007, 
        "Company": "TSLA", 
        "Date": "2014-02-12", 
        "High": 198.270004, 
        "Low": 194.320007, 
        "Open": 195.779999, 
        "Volume": 5173700, 
        "day": 43, 
        "year": 2014
    }
}