{
    "day": {
        "Adj Close": 244.809998, 
        "Close": 244.809998, 
        "Company": "TSLA", 
        "Date": "2014-02-28", 
        "High": 252.679993, 
        "Low": 242.550003, 
        "Open": 249.649994, 
        "Volume": 14589800, 
        "day": 59, 
        "year": 2014
    }
}