{
    "day": {
        "Adj Close": 147.0, 
        "Close": 147.0, 
        "Company": "TSLA", 
        "Date": "2014-01-06", 
        "High": 150.399994, 
        "Low": 145.240005, 
        "Open": 150.0, 
        "Volume": 5361100, 
        "day": 6, 
        "year": 2014
    }
}