{
    "day": {
        "Adj Close": 149.360001, 
        "Close": 149.360001, 
        "Company": "TSLA", 
        "Date": "2014-01-07", 
        "High": 150.399994, 
        "Low": 145.25, 
        "Open": 147.619995, 
        "Volume": 5034100, 
        "day": 7, 
        "year": 2014
    }
}