{
    "day": {
        "Adj Close": 234.910004, 
        "Close": 234.910004, 
        "Company": "TSLA", 
        "Date": "2014-03-20", 
        "High": 239.25, 
        "Low": 233.360001, 
        "Open": 236.160004, 
        "Volume": 3817900, 
        "day": 79, 
        "year": 2014
    }
}