{
    "day": {
        "Adj Close": 16.063771, 
        "Close": 33.490002, 
        "Company": "MDLZ", 
        "Date": "2005-03-01", 
        "High": 33.700001, 
        "Low": 33.380001, 
        "Open": 33.419998, 
        "Volume": 2293900, 
        "day": 1, 
        "month": 3
    }
}