{
    "day": {
        "Adj Close": 15.972635, 
        "Close": 33.299999, 
        "Company": "MDLZ", 
        "Date": "2005-03-10", 
        "High": 33.450001, 
        "Low": 32.950001, 
        "Open": 32.950001, 
        "Volume": 1589700, 
        "day": 10, 
        "month": 3
    }
}