{
    "day": {
        "Adj Close": 15.540682, 
        "Close": 32.200001, 
        "Company": "MDLZ", 
        "Date": "2005-03-22", 
        "High": 32.650002, 
        "Low": 31.92, 
        "Open": 32.0, 
        "Volume": 1679400, 
        "day": 22, 
        "month": 3
    }
}