{
    "day": {
        "Adj Close": 15.492418, 
        "Close": 32.099998, 
        "Company": "MDLZ", 
        "Date": "2005-03-28", 
        "High": 32.119999, 
        "Low": 31.75, 
        "Open": 31.75, 
        "Volume": 1783100, 
        "day": 28, 
        "month": 3
    }
}