{
    "day": {
        "Adj Close": 28.361637, 
        "Close": 34.599998, 
        "Company": "WBA", 
        "Date": "2001-10-17", 
        "High": 35.490002, 
        "Low": 34.32, 
        "Open": 35.400002, 
        "Volume": 2086900, 
        "day": 17, 
        "month": 10
    }
}