{
    "day": {
        "Adj Close": 28.189501, 
        "Close": 34.389999, 
        "Company": "WBA", 
        "Date": "2001-10-18", 
        "High": 34.790001, 
        "Low": 34.23, 
        "Open": 34.599998, 
        "Volume": 1333700, 
        "day": 18, 
        "month": 10
    }
}