{
    "day": {
        "Adj Close": 32.346543, 
        "Close": 38.849998, 
        "Company": "WBA", 
        "Date": "2004-11-10", 
        "High": 39.279999, 
        "Low": 38.68, 
        "Open": 39.0, 
        "Volume": 2088000, 
        "day": 10, 
        "month": 11
    }
}