{
    "day": {
        "Adj Close": 31.846984, 
        "Close": 38.25, 
        "Company": "WBA", 
        "Date": "2004-11-22", 
        "High": 38.560001, 
        "Low": 37.84, 
        "Open": 38.23, 
        "Volume": 2480800, 
        "day": 22, 
        "month": 11
    }
}