{
    "day": {
        "Adj Close": 32.155046, 
        "Close": 38.619999, 
        "Company": "WBA", 
        "Date": "2004-11-26", 
        "High": 38.880001, 
        "Low": 38.57, 
        "Open": 38.599998, 
        "Volume": 570000, 
        "day": 26, 
        "month": 11
    }
}