{
    "day": {
        "Adj Close": 31.788702, 
        "Close": 38.18, 
        "Company": "WBA", 
        "Date": "2004-11-30", 
        "High": 38.77, 
        "Low": 38.150002, 
        "Open": 38.599998, 
        "Volume": 3240800, 
        "day": 30, 
        "month": 11
    }
}