{
    "day": {
        "Adj Close": 32.078103, 
        "Close": 38.580002, 
        "Company": "WBA", 
        "Date": "2004-11-05", 
        "High": 38.689999, 
        "Low": 37.779999, 
        "Open": 37.84, 
        "Volume": 4154400, 
        "day": 5, 
        "month": 11
    }
}