{
    "day": {
        "Adj Close": 31.752725, 
        "Close": 36.169998, 
        "Company": "WBA", 
        "Date": "2010-05-11", 
        "High": 36.439999, 
        "Low": 35.07, 
        "Open": 35.259998, 
        "Volume": 9309300, 
        "day": 2, 
        "week": 19
    }
}