{
    "day": {
        "Adj Close": 3.322773, 
        "Close": 35.875038, 
        "Company": "WBA", 
        "Date": "1992-03-12", 
        "High": 36.124962, 
        "Low": 35.624962, 
        "Open": 36.124962, 
        "Volume": 848800, 
        "day": 4, 
        "week": 11
    }
}