{
    "day": {
        "Adj Close": 3.311191, 
        "Close": 35.75, 
        "Company": "WBA", 
        "Date": "1992-03-13", 
        "High": 35.875038, 
        "Low": 35.75, 
        "Open": 35.875038, 
        "Volume": 779200, 
        "day": 5, 
        "week": 11
    }
}