{
    "day": {
        "Adj Close": 103.389999, 
        "Close": 103.389999, 
        "Company": "TSLA", 
        "Date": "2013-06-18", 
        "High": 103.980003, 
        "Low": 99.199997, 
        "Open": 101.75, 
        "Volume": 8795300, 
        "day": 18, 
        "month": 6
    }
}