{
    "day": {
        "Adj Close": 107.360001, 
        "Close": 107.360001, 
        "Company": "TSLA", 
        "Date": "2013-06-28", 
        "High": 109.440002, 
        "Low": 106.709999, 
        "Open": 108.57, 
        "Volume": 5748600, 
        "day": 28, 
        "month": 6
    }
}