{
    "day": {
        "Adj Close": 36.760502, 
        "Close": 37.959999, 
        "Company": "MDLZ", 
        "Date": "2014-05-09", 
        "High": 37.970001, 
        "Low": 37.52, 
        "Open": 37.610001, 
        "Volume": 8734600, 
        "day": 5, 
        "week": 19
    }
}