{
    "day": {
        "Adj Close": 12.701656, 
        "Close": 34.75, 
        "Company": "TROW", 
        "Date": "2001-12-07", 
        "High": 34.889999, 
        "Low": 33.880001, 
        "Open": 34.41, 
        "Volume": 1812800, 
        "day": 5, 
        "week": 49
    }
}