{
    "day": {
        "Adj Close": 35.643645, 
        "Close": 42.810001, 
        "Company": "WBA", 
        "Date": "2005-02-11", 
        "High": 43.419998, 
        "Low": 42.41, 
        "Open": 43.41, 
        "Volume": 4612400, 
        "day": 11, 
        "month": 2
    }
}