{
    "day": {
        "Adj Close": 36.77598, 
        "Close": 44.169998, 
        "Company": "WBA", 
        "Date": "2005-02-04", 
        "High": 44.189999, 
        "Low": 43.860001, 
        "Open": 43.970001, 
        "Volume": 2167900, 
        "day": 4, 
        "month": 2
    }
}