{
    "day": {
        "Adj Close": 31.346304, 
        "Close": 36.720001, 
        "Company": "WBA", 
        "Date": "2008-08-11", 
        "High": 37.299999, 
        "Low": 36.299999, 
        "Open": 36.439999, 
        "Volume": 6630600, 
        "day": 11, 
        "month": 8
    }
}