{
    "day": {
        "Adj Close": 31.670691, 
        "Close": 37.099998, 
        "Company": "WBA", 
        "Date": "2008-08-12", 
        "High": 37.5, 
        "Low": 36.209999, 
        "Open": 36.52, 
        "Volume": 6331800, 
        "day": 12, 
        "month": 8
    }
}