{
    "day": {
        "Adj Close": 30.208625, 
        "Close": 35.279999, 
        "Company": "WBA", 
        "Date": "2008-08-27", 
        "High": 35.700001, 
        "Low": 34.98, 
        "Open": 35.580002, 
        "Volume": 5362300, 
        "day": 27, 
        "month": 8
    }
}