{
    "day": {
        "Adj Close": 31.270381, 
        "Close": 36.52, 
        "Company": "WBA", 
        "Date": "2008-08-28", 
        "High": 36.599998, 
        "Low": 35.450001, 
        "Open": 35.650002, 
        "Volume": 7003600, 
        "day": 28, 
        "month": 8
    }
}