{
    "day": {
        "Adj Close": 30.569476, 
        "Close": 35.810001, 
        "Company": "WBA", 
        "Date": "2008-08-06", 
        "High": 35.900002, 
        "Low": 35.400002, 
        "Open": 35.610001, 
        "Volume": 6247900, 
        "day": 6, 
        "month": 8
    }
}