{
    "day": {
        "Adj Close": 234.410004, 
        "Close": 234.410004, 
        "Company": "TSLA", 
        "Date": "2014-03-11", 
        "High": 244.600006, 
        "Low": 232.429993, 
        "Open": 236.5, 
        "Volume": 8810100, 
        "day": 11, 
        "month": 3
    }
}