{
    "day": {
        "Adj Close": 228.889999, 
        "Close": 228.889999, 
        "Company": "TSLA", 
        "Date": "2014-03-21", 
        "High": 236.199997, 
        "Low": 227.5, 
        "Open": 236.020004, 
        "Volume": 8216900, 
        "day": 21, 
        "month": 3
    }
}