{
    "day": {
        "Adj Close": 250.559998, 
        "Close": 250.559998, 
        "Company": "TSLA", 
        "Date": "2014-03-03", 
        "High": 251.649994, 
        "Low": 234.990005, 
        "Open": 237.259995, 
        "Volume": 13089300, 
        "day": 3, 
        "month": 3
    }
}