{
    "day": {
        "Adj Close": 246.210007, 
        "Close": 246.210007, 
        "Company": "TSLA", 
        "Date": "2014-03-07", 
        "High": 254.850006, 
        "Low": 244.410004, 
        "Open": 252.940002, 
        "Volume": 7812300, 
        "day": 7, 
        "month": 3
    }
}