{
    "day": {
        "Adj Close": 259.149994, 
        "Close": 259.149994, 
        "Company": "TSLA", 
        "Date": "2015-07-10", 
        "High": 263.0, 
        "Low": 257.820007, 
        "Open": 262.220001, 
        "Volume": 2610900, 
        "day": 5, 
        "week": 28
    }
}