{
    "day": {
        "Adj Close": 247.820007, 
        "Close": 247.820007, 
        "Company": "TSLA", 
        "Date": "2016-04-12", 
        "High": 251.800003, 
        "Low": 243.630005, 
        "Open": 249.5, 
        "Volume": 5750800, 
        "day": 2, 
        "week": 15
    }
}