{
    "day": {
        "Adj Close": 15.489923, 
        "Close": 40.720001, 
        "Company": "TROW", 
        "Date": "2003-10-22", 
        "High": 41.349998, 
        "Low": 40.57, 
        "Open": 41.349998, 
        "Volume": 2131600, 
        "day": 22, 
        "month": 10
    }
}