{
    "day": {
        "Adj Close": 15.976835, 
        "Close": 42.0, 
        "Company": "TROW", 
        "Date": "2003-10-08", 
        "High": 42.360001, 
        "Low": 41.91, 
        "Open": 42.360001, 
        "Volume": 1326200, 
        "day": 8, 
        "month": 10
    }
}