{
    "day": {
        "Adj Close": 30.091184, 
        "Close": 36.75, 
        "Company": "TROW", 
        "Date": "2008-10-28", 
        "High": 36.810001, 
        "Low": 31.25, 
        "Open": 33.009998, 
        "Volume": 6801800, 
        "day": 28, 
        "month": 10
    }
}