{
    "day": {
        "Adj Close": 28.700001, 
        "Close": 28.700001, 
        "Company": "TSLA", 
        "Date": "2011-06-06", 
        "High": 30.129999, 
        "Low": 28.26, 
        "Open": 30.1, 
        "Volume": 2331100, 
        "day": 1, 
        "week": 23
    }
}