{
    "day": {
        "Adj Close": 69.788268, 
        "Close": 76.849998, 
        "Company": "TROW", 
        "Date": "2013-05-23", 
        "High": 77.370003, 
        "Low": 75.900002, 
        "Open": 76.459999, 
        "Volume": 1509400, 
        "day": 4, 
        "week": 21
    }
}