{
    "day": {
        "Adj Close": 35.800318, 
        "Close": 36.669998, 
        "Company": "MDLZ", 
        "Date": "2014-12-15", 
        "High": 37.439999, 
        "Low": 36.57, 
        "Open": 37.439999, 
        "Volume": 8118300, 
        "day": 15, 
        "month": 12
    }
}