{
    "day": {
        "Adj Close": 35.14621, 
        "Close": 36.0, 
        "Company": "MDLZ", 
        "Date": "2014-12-17", 
        "High": 36.169998, 
        "Low": 35.689999, 
        "Open": 36.07, 
        "Volume": 11232800, 
        "day": 17, 
        "month": 12
    }
}