{
    "day": {
        "Adj Close": 35.712456, 
        "Close": 36.580002, 
        "Company": "MDLZ", 
        "Date": "2014-12-18", 
        "High": 36.740002, 
        "Low": 36.169998, 
        "Open": 36.419998, 
        "Volume": 15582900, 
        "day": 18, 
        "month": 12
    }
}