{
    "day": {
        "Adj Close": 37.586919, 
        "Close": 38.5, 
        "Company": "MDLZ", 
        "Date": "2014-12-05", 
        "High": 38.599998, 
        "Low": 38.240002, 
        "Open": 38.540001, 
        "Volume": 7054100, 
        "day": 5, 
        "month": 12
    }
}