{
    "day": {
        "Adj Close": 23.83, 
        "Close": 23.83, 
        "Company": "TSLA", 
        "Date": "2010-06-30", 
        "High": 30.42, 
        "Low": 23.299999, 
        "Open": 25.790001, 
        "Volume": 17187100, 
        "day": 30, 
        "month": 6
    }
}