{
    "day": {
        "Adj Close": 17.139999, 
        "Close": 17.139999, 
        "Company": "FANG", 
        "Date": "2012-10-26", 
        "High": 17.51, 
        "Low": 16.6, 
        "Open": 17.51, 
        "Volume": 199500, 
        "day": 26, 
        "month": 10
    }
}