{
    "day": {
        "Adj Close": 11.624753, 
        "Close": 58.0, 
        "Company": "WBA", 
        "Date": "1997-07-17", 
        "High": 58.812481, 
        "Low": 57.5, 
        "Open": 58.812481, 
        "Volume": 1752400, 
        "day": 17, 
        "month": 7
    }
}