{
    "day": {
        "Adj Close": 11.274006, 
        "Close": 56.25, 
        "Company": "WBA", 
        "Date": "1997-07-02", 
        "High": 56.25, 
        "Low": 54.562481, 
        "Open": 54.875, 
        "Volume": 2491200, 
        "day": 2, 
        "month": 7
    }
}