{
    "day": {
        "Adj Close": 27.364144, 
        "Close": 31.41, 
        "Company": "WBA", 
        "Date": "2009-08-24", 
        "High": 31.629999, 
        "Low": 31.26, 
        "Open": 31.629999, 
        "Volume": 4405200, 
        "day": 1, 
        "week": 35
    }
}