{
    "day": {
        "Adj Close": 84.148294, 
        "Close": 85.25, 
        "Company": "WBA", 
        "Date": "2015-06-04", 
        "High": 86.370003, 
        "Low": 84.720001, 
        "Open": 86.110001, 
        "Volume": 3976200, 
        "day": 4, 
        "month": 6
    }
}