{
    "day": {
        "Adj Close": 10.808942, 
        "Close": 62.187519, 
        "Company": "TROW", 
        "Date": "1998-01-02", 
        "High": 63.25, 
        "Low": 61.75, 
        "Open": 63.125, 
        "Volume": 1101200, 
        "day": 2, 
        "year": 1998
    }
}