{
    "day": {
        "Adj Close": 9.311448, 
        "Close": 26.65624, 
        "Company": "TROW", 
        "Date": "1998-09-22", 
        "High": 27.5, 
        "Low": 26.5, 
        "Open": 26.875, 
        "Volume": 2532600, 
        "day": 265, 
        "year": 1998
    }
}