{
    "day": {
        "Adj Close": 11.167426, 
        "Close": 64.25, 
        "Company": "TROW", 
        "Date": "1998-02-02", 
        "High": 66.75, 
        "Low": 63.187519, 
        "Open": 66.125, 
        "Volume": 1876400, 
        "day": 33, 
        "year": 1998
    }
}