{
    "day": {
        "Adj Close": 13.152197, 
        "Close": 37.531239, 
        "Company": "TROW", 
        "Date": "1998-12-04", 
        "High": 38.5, 
        "Low": 37.25, 
        "Open": 38.0, 
        "Volume": 709600, 
        "day": 338, 
        "year": 1998
    }
}