{
    "day": {
        "Adj Close": 12.261487, 
        "Close": 70.375, 
        "Company": "TROW", 
        "Date": "1998-03-31", 
        "High": 71.0, 
        "Low": 68.187523, 
        "Open": 68.75, 
        "Volume": 854400, 
        "day": 90, 
        "year": 1998
    }
}