{
    "day": {
        "Adj Close": 12.762401, 
        "Close": 73.25, 
        "Company": "TROW", 
        "Date": "1998-04-06", 
        "High": 73.875, 
        "Low": 72.5, 
        "Open": 73.312477, 
        "Volume": 689200, 
        "day": 96, 
        "year": 1998
    }
}