{
    "day": {
        "Adj Close": 12.620842, 
        "Close": 72.437523, 
        "Company": "TROW", 
        "Date": "1998-04-09", 
        "High": 73.0, 
        "Low": 71.5, 
        "Open": 73.0, 
        "Volume": 640800, 
        "day": 99, 
        "year": 1998
    }
}