{
    "day": {
        "Adj Close": 74.519997, 
        "Close": 74.519997, 
        "Company": "FANG", 
        "Date": "2014-04-21", 
        "High": 74.650002, 
        "Low": 71.860001, 
        "Open": 74.019997, 
        "Volume": 982400, 
        "day": 1, 
        "week": 17
    }
}