{
    "day": {
        "Adj Close": 75.419998, 
        "Close": 75.419998, 
        "Company": "FANG", 
        "Date": "2014-04-24", 
        "High": 75.889999, 
        "Low": 73.199997, 
        "Open": 74.25, 
        "Volume": 848300, 
        "day": 4, 
        "week": 17
    }
}