{
    "day": {
        "Adj Close": 42.177413, 
        "Close": 42.360001, 
        "Company": "MDLZ", 
        "Date": "2016-03-11", 
        "High": 42.419998, 
        "Low": 41.560001, 
        "Open": 41.970001, 
        "Volume": 6996800, 
        "day": 11, 
        "month": 3
    }
}