{
    "day": {
        "Adj Close": 40.51461, 
        "Close": 40.689999, 
        "Company": "MDLZ", 
        "Date": "2016-03-21", 
        "High": 40.91, 
        "Low": 40.52, 
        "Open": 40.52, 
        "Volume": 12193900, 
        "day": 21, 
        "month": 3
    }
}