{
    "day": {
        "Adj Close": 41.948405, 
        "Close": 42.130001, 
        "Company": "MDLZ", 
        "Date": "2016-03-04", 
        "High": 42.540001, 
        "Low": 41.77, 
        "Open": 41.970001, 
        "Volume": 6835900, 
        "day": 4, 
        "month": 3
    }
}