{
    "day": {
        "Adj Close": 2.065879, 
        "Close": 46.5, 
        "Company": "WBA", 
        "Date": "1989-08-29", 
        "High": 47.624962, 
        "Low": 46.375038, 
        "Open": 47.624962, 
        "Volume": 2318400, 
        "day": 29, 
        "month": 8
    }
}