{
    "day": {
        "Adj Close": 2.093645, 
        "Close": 47.124962, 
        "Company": "WBA", 
        "Date": "1989-08-30", 
        "High": 47.375038, 
        "Low": 46.624962, 
        "Open": 46.75008, 
        "Volume": 1585600, 
        "day": 30, 
        "month": 8
    }
}