{
    "day": {
        "Adj Close": 23.919492, 
        "Close": 61.23, 
        "Company": "TROW", 
        "Date": "2005-06-24", 
        "High": 61.349998, 
        "Low": 59.990002, 
        "Open": 60.240002, 
        "Volume": 2244800, 
        "day": 24, 
        "month": 6
    }
}