{
    "day": {
        "Adj Close": 23.896053, 
        "Close": 61.169998, 
        "Company": "TROW", 
        "Date": "2005-06-27", 
        "High": 61.599998, 
        "Low": 60.869999, 
        "Open": 61.189999, 
        "Volume": 1110600, 
        "day": 27, 
        "month": 6
    }
}