{
    "day": {
        "Adj Close": 23.478885, 
        "Close": 60.330002, 
        "Company": "TROW", 
        "Date": "2005-06-06", 
        "High": 60.540001, 
        "Low": 59.5, 
        "Open": 60.07, 
        "Volume": 895800, 
        "day": 6, 
        "month": 6
    }
}