{
    "day": {
        "Adj Close": 23.766873, 
        "Close": 61.07, 
        "Company": "TROW", 
        "Date": "2005-06-09", 
        "High": 61.200001, 
        "Low": 59.830002, 
        "Open": 60.209999, 
        "Volume": 849000, 
        "day": 9, 
        "month": 6
    }
}