{
    "day": {
        "Adj Close": 27.351875,
        "Close": 29.43,
        "Company": "LPLA",
        "Date": "2013-01-16",
        "High": 29.719999,
        "Low": 29.299999,
        "Open": 29.48,
        "Volume": 474400,
        "day": 16,
        "month": 1
    }
}