{
    "day": {
        "Adj Close": 26.859299,
        "Close": 28.9,
        "Company": "LPLA",
        "Date": "2013-01-02",
        "High": 28.99,
        "Low": 28.25,
        "Open": 28.280001,
        "Volume": 838700,
        "day": 2,
        "month": 1
    }
}