{
    "day": {
        "Adj Close": 27.389049,
        "Close": 29.469999,
        "Company": "LPLA",
        "Date": "2013-01-04",
        "High": 29.709999,
        "Low": 29.07,
        "Open": 29.450001,
        "Volume": 391800,
        "day": 4,
        "month": 1
    }
}