{
    "day": {
        "Adj Close": 1.897285, 
        "Close": 42.5, 
        "Company": "WBA", 
        "Date": "1989-12-19", 
        "High": 42.75008, 
        "Low": 42.124962, 
        "Open": 42.75008, 
        "Volume": 2158400, 
        "day": 2, 
        "week": 51
    }
}