{
    "day": {
        "Adj Close": 11.590379,
        "Close": 17.1,
        "Company": "SUNS",
        "Date": "2011-08-05",
        "High": 17.59,
        "Low": 16.84,
        "Open": 17.450001,
        "Volume": 63800,
        "day": 5,
        "week": 31
    }
}