{
    "day": {
        "Adj Close": 1.043239, 
        "Close": 25.24992, 
        "Company": "WBA", 
        "Date": "1985-08-07", 
        "High": 25.24992, 
        "Low": 24.37504, 
        "Open": 24.5, 
        "Volume": 3614400, 
        "day": 3, 
        "week": 32
    }
}