{
    "day": {
        "Adj Close": 31.621886, 
        "Close": 36.169998, 
        "Company": "WBA", 
        "Date": "2010-01-26", 
        "High": 36.700001, 
        "Low": 36.110001, 
        "Open": 36.549999, 
        "Volume": 6565500, 
        "day": 2, 
        "week": 4
    }
}