{
    "day": {
        "Adj Close": 41.034202, 
        "Close": 50.779999, 
        "Company": "TROW", 
        "Date": "2008-02-07", 
        "High": 51.470001, 
        "Low": 49.099998, 
        "Open": 49.099998, 
        "Volume": 3048600, 
        "day": 4, 
        "week": 6
    }
}