{
    "day": {
        "Adj Close": 22.959999, 
        "Close": 22.959999, 
        "Company": "TSLA", 
        "Date": "2011-08-23", 
        "High": 23.110001, 
        "Low": 21.5, 
        "Open": 21.93, 
        "Volume": 869000, 
        "day": 23, 
        "month": 8
    }
}