{
    "day": {
        "Adj Close": 38.369475,
        "Close": 40.75,
        "Company": "LPLA",
        "Date": "2013-11-01",
        "High": 41.02,
        "Low": 40.360001,
        "Open": 40.860001,
        "Volume": 542900,
        "day": 5,
        "week": 44
    }
}