{
    "day": {
        "Adj Close": 30.936305, 
        "Close": 35.240002, 
        "Company": "WBA", 
        "Date": "2010-03-02", 
        "High": 35.77, 
        "Low": 35.200001, 
        "Open": 35.5, 
        "Volume": 8807600, 
        "day": 2, 
        "month": 3
    }
}