{
    "day": {
        "Adj Close": 31.076765, 
        "Close": 35.400002, 
        "Company": "WBA", 
        "Date": "2010-03-24", 
        "High": 35.900002, 
        "Low": 35.310001, 
        "Open": 35.869999, 
        "Volume": 6244500, 
        "day": 24, 
        "month": 3
    }
}