{
    "day": {
        "Adj Close": 31.893188, 
        "Close": 36.330002, 
        "Company": "WBA", 
        "Date": "2010-03-25", 
        "High": 36.400002, 
        "Low": 35.450001, 
        "Open": 35.52, 
        "Volume": 9932900, 
        "day": 25, 
        "month": 3
    }
}