{
    "day": {
        "Adj Close": 20.676878, 
        "Close": 34.619999, 
        "Company": "MDLZ", 
        "Date": "2011-05-26", 
        "High": 34.75, 
        "Low": 34.279999, 
        "Open": 34.43, 
        "Volume": 5823100, 
        "day": 4, 
        "week": 21
    }
}