{
    "day": {
        "Adj Close": 17.692589, 
        "Close": 33.139999, 
        "Company": "MDLZ", 
        "Date": "2008-09-15", 
        "High": 33.810001, 
        "Low": 32.700001, 
        "Open": 32.82, 
        "Volume": 13482100, 
        "day": 1, 
        "week": 38
    }
}