{
    "day": {
        "Adj Close": 29.351188, 
        "Close": 30.690001, 
        "Company": "MDLZ", 
        "Date": "2013-07-19", 
        "High": 30.709999, 
        "Low": 30.190001, 
        "Open": 30.59, 
        "Volume": 9527500, 
        "day": 5, 
        "week": 29
    }
}