{
    "day": {
        "Adj Close": 13.057631,
        "Close": 16.600001,
        "Company": "SONA",
        "Date": "2006-12-27",
        "High": 16.600001,
        "Low": 16.600001,
        "Open": 16.600001,
        "Volume": 1100,
        "day": 3,
        "week": 52
    }
}