{
    "day": {
        "Adj Close": 41.553883,
        "Close": 42.540001,
        "Company": "LPLA",
        "Date": "2015-05-28",
        "High": 42.639999,
        "Low": 42.360001,
        "Open": 42.599998,
        "Volume": 990900,
        "day": 4,
        "week": 22
    }
}