{
    "day": {
        "Adj Close": 64.267472, 
        "Close": 71.129997, 
        "Company": "TROW", 
        "Date": "2013-01-18", 
        "High": 71.339996, 
        "Low": 70.0, 
        "Open": 70.160004, 
        "Volume": 2734800, 
        "day": 5, 
        "week": 3
    }
}