{
    "day": {
        "Adj Close": 3.581633, 
        "Close": 38.375038, 
        "Company": "WBA", 
        "Date": "1992-10-06", 
        "High": 38.624962, 
        "Low": 38.0, 
        "Open": 38.0, 
        "Volume": 1320000, 
        "day": 2, 
        "week": 41
    }
}