{
    "day": {
        "Adj Close": 24.717122, 
        "Close": 39.77, 
        "Company": "MDLZ", 
        "Date": "2012-09-11", 
        "High": 40.290001, 
        "Low": 39.619999, 
        "Open": 40.169998, 
        "Volume": 16840600, 
        "day": 2, 
        "week": 37
    }
}