{
    "day": {
        "Adj Close": 29.301621, 
        "Close": 35.639999, 
        "Company": "WBA", 
        "Date": "2002-07-10", 
        "High": 37.470001, 
        "Low": 35.599998, 
        "Open": 37.470001, 
        "Volume": 4189300, 
        "day": 3, 
        "week": 28
    }
}