{
    "day": {
        "Adj Close": 33.709999, 
        "Close": 33.709999, 
        "Company": "TSLA", 
        "Date": "2012-12-05", 
        "High": 34.189999, 
        "Low": 33.580002, 
        "Open": 33.82, 
        "Volume": 661500, 
        "day": 3, 
        "week": 49
    }
}