{
    "day": {
        "Adj Close": 26.341522, 
        "Close": 67.43, 
        "Company": "TROW", 
        "Date": "2005-08-02", 
        "High": 67.860001, 
        "Low": 66.949997, 
        "Open": 67.040001, 
        "Volume": 921000, 
        "day": 2, 
        "week": 31
    }
}