{
    "day": {
        "Adj Close": 21.049999,
        "Close": 21.049999,
        "Company": "TCBI",
        "Date": "2005-09-26",
        "High": 21.059999,
        "Low": 20.66,
        "Open": 20.9,
        "Volume": 73300,
        "day": 1,
        "week": 39
    }
}