{
    "day": {
        "Adj Close": 17.053358, 
        "Close": 33.560001, 
        "Company": "MDLZ", 
        "Date": "2007-02-05", 
        "High": 34.25, 
        "Low": 33.52, 
        "Open": 34.23, 
        "Volume": 3706700, 
        "day": 1, 
        "week": 6
    }
}