{
    "day": {
        "Adj Close": 16.753552, 
        "Close": 32.970001, 
        "Company": "MDLZ", 
        "Date": "2007-02-08", 
        "High": 33.490002, 
        "Low": 32.849998, 
        "Open": 33.450001, 
        "Volume": 5863100, 
        "day": 4, 
        "week": 6
    }
}