{
    "day": {
        "Adj Close": 19.73,
        "Close": 19.73,
        "Company": "TCBI",
        "Date": "2004-11-16",
        "High": 20.450001,
        "Low": 19.690001,
        "Open": 20.450001,
        "Volume": 125400,
        "day": 16,
        "month": 11
    }
}