{
    "day": {
        "Adj Close": 19.719999,
        "Close": 19.719999,
        "Company": "TCBI",
        "Date": "2004-11-22",
        "High": 19.950001,
        "Low": 19.559999,
        "Open": 19.6,
        "Volume": 49700,
        "day": 22,
        "month": 11
    }
}