{
    "day": {
        "Adj Close": 20.110001,
        "Close": 20.110001,
        "Company": "TCBI",
        "Date": "2004-11-23",
        "High": 20.110001,
        "Low": 19.530001,
        "Open": 20.0,
        "Volume": 169200,
        "day": 23,
        "month": 11
    }
}