{
    "day": {
        "Adj Close": 20.620001,
        "Close": 20.620001,
        "Company": "TCBI",
        "Date": "2004-11-30",
        "High": 20.690001,
        "Low": 20.0,
        "Open": 20.209999,
        "Volume": 158100,
        "day": 30,
        "month": 11
    }
}