{
    "day": {
        "Adj Close": 31.809218,
        "Close": 36.639999,
        "Company": "LPLA",
        "Date": "2012-03-14",
        "High": 36.900002,
        "Low": 36.490002,
        "Open": 36.529999,
        "Volume": 264900,
        "day": 3,
        "week": 11
    }
}