{
    "day": {
        "Adj Close": 37.38867, 
        "Close": 47.09, 
        "Company": "TROW", 
        "Date": "2006-10-03", 
        "High": 47.310001, 
        "Low": 46.73, 
        "Open": 47.080002, 
        "Volume": 1973300, 
        "day": 2, 
        "week": 40
    }
}