{
    "day": {
        "Adj Close": 15.08819,
        "Close": 16.469999,
        "Company": "SUNS",
        "Date": "2015-06-10",
        "High": 16.59,
        "Low": 16.290001,
        "Open": 16.59,
        "Volume": 65100,
        "day": 10,
        "month": 6
    }
}