{
    "day": {
        "Adj Close": 43.854257, 
        "Close": 46.490002, 
        "Company": "WBA", 
        "Date": "2013-03-22", 
        "High": 46.490002, 
        "Low": 45.91, 
        "Open": 45.970001, 
        "Volume": 5354500, 
        "day": 5, 
        "week": 12
    }
}