{
    "day": {
        "Adj Close": 13.476993,
        "Close": 18.42,
        "Company": "SUNS",
        "Date": "2012-09-14",
        "High": 18.530001,
        "Low": 18.200001,
        "Open": 18.379999,
        "Volume": 37700,
        "day": 14,
        "month": 9
    }
}