{
    "day": {
        "Adj Close": 13.425778,
        "Close": 18.35,
        "Company": "SUNS",
        "Date": "2012-09-17",
        "High": 18.469999,
        "Low": 18.16,
        "Open": 18.450001,
        "Volume": 30200,
        "day": 17,
        "month": 9
    }
}