{
    "day": {
        "Adj Close": 13.387486,
        "Close": 18.18,
        "Company": "SUNS",
        "Date": "2012-09-24",
        "High": 18.290001,
        "Low": 18.059999,
        "Open": 18.129999,
        "Volume": 41900,
        "day": 24,
        "month": 9
    }
}