{
    "day": {
        "Adj Close": 12.898989,
        "Close": 17.629999,
        "Company": "SUNS",
        "Date": "2012-09-04",
        "High": 17.75,
        "Low": 17.459999,
        "Open": 17.75,
        "Volume": 54100,
        "day": 4,
        "month": 9
    }
}