{
    "day": {
        "Adj Close": 34.119999,
        "Close": 34.119999,
        "Company": "TCBI",
        "Date": "2012-04-18",
        "High": 34.470001,
        "Low": 33.830002,
        "Open": 34.34,
        "Volume": 213400,
        "day": 3,
        "week": 16
    }
}