{
    "day": {
        "Adj Close": 54.070736, 
        "Close": 62.220001, 
        "Company": "TROW", 
        "Date": "2011-05-24", 
        "High": 62.5, 
        "Low": 61.700001, 
        "Open": 62.09, 
        "Volume": 1487200, 
        "day": 2, 
        "week": 21
    }
}