{
    "day": {
        "Adj Close": 54.261919, 
        "Close": 62.439999, 
        "Company": "TROW", 
        "Date": "2011-05-27", 
        "High": 62.779999, 
        "Low": 62.23, 
        "Open": 62.400002, 
        "Volume": 1022000, 
        "day": 5, 
        "week": 21
    }
}