{
    "day": {
        "Adj Close": 32.060984,
        "Close": 36.93,
        "Company": "LPLA",
        "Date": "2012-04-26",
        "High": 37.0,
        "Low": 36.639999,
        "Open": 37.0,
        "Volume": 375200,
        "day": 117,
        "year": 2012
    }
}