{
    "day": {
        "Adj Close": 29.038483,
        "Close": 31.51,
        "Company": "LPLA",
        "Date": "2012-05-25",
        "High": 31.52,
        "Low": 30.98,
        "Open": 31.190001,
        "Volume": 151500,
        "day": 146,
        "year": 2012
    }
}