{
    "day": {
        "Adj Close": 29.57299,
        "Close": 32.09,
        "Company": "LPLA",
        "Date": "2012-05-29",
        "High": 32.09,
        "Low": 31.68,
        "Open": 31.799999,
        "Volume": 195100,
        "day": 150,
        "year": 2012
    }
}