{
    "day": {
        "Adj Close": 29.256842,
        "Close": 33.700001,
        "Company": "LPLA",
        "Date": "2012-01-17",
        "High": 33.82,
        "Low": 33.240002,
        "Open": 33.5,
        "Volume": 288000,
        "day": 17,
        "year": 2012
    }
}