{
    "day": {
        "Adj Close": 30.660436,
        "Close": 33.27,
        "Company": "LPLA",
        "Date": "2012-06-22",
        "High": 33.799999,
        "Low": 33.169998,
        "Open": 33.529999,
        "Volume": 1433900,
        "day": 174,
        "year": 2012
    }
}