{
    "day": {
        "Adj Close": 31.535923,
        "Close": 34.220001,
        "Company": "LPLA",
        "Date": "2012-07-03",
        "High": 34.299999,
        "Low": 33.59,
        "Open": 34.060001,
        "Volume": 97800,
        "day": 185,
        "year": 2012
    }
}