{
    "day": {
        "Adj Close": 30.162791,
        "Close": 32.73,
        "Company": "LPLA",
        "Date": "2012-07-27",
        "High": 33.049999,
        "Low": 32.110001,
        "Open": 32.130001,
        "Volume": 136900,
        "day": 209,
        "year": 2012
    }
}