{
    "day": {
        "Adj Close": 25.628696,
        "Close": 27.809999,
        "Company": "LPLA",
        "Date": "2012-08-01",
        "High": 28.68,
        "Low": 27.42,
        "Open": 28.07,
        "Volume": 665100,
        "day": 214,
        "year": 2012
    }
}