{
    "day": {
        "Adj Close": 25.287718,
        "Close": 27.440001,
        "Company": "LPLA",
        "Date": "2012-08-02",
        "High": 27.84,
        "Low": 26.969999,
        "Open": 27.59,
        "Volume": 758400,
        "day": 215,
        "year": 2012
    }
}