{
    "day": {
        "Adj Close": 25.60105,
        "Close": 27.780001,
        "Company": "LPLA",
        "Date": "2012-08-03",
        "High": 27.91,
        "Low": 26.68,
        "Open": 26.799999,
        "Volume": 984700,
        "day": 216,
        "year": 2012
    }
}