{
    "day": {
        "Adj Close": 26.200066,
        "Close": 28.43,
        "Company": "LPLA",
        "Date": "2012-08-07",
        "High": 28.65,
        "Low": 27.969999,
        "Open": 27.98,
        "Volume": 563100,
        "day": 220,
        "year": 2012
    }
}