{
    "day": {
        "Adj Close": 26.633588,
        "Close": 28.780001,
        "Company": "LPLA",
        "Date": "2012-08-13",
        "High": 28.92,
        "Low": 28.43,
        "Open": 28.780001,
        "Volume": 467600,
        "day": 226,
        "year": 2012
    }
}