{
    "day": {
        "Adj Close": 28.640453,
        "Close": 32.990002,
        "Company": "LPLA",
        "Date": "2012-01-26",
        "High": 33.630001,
        "Low": 32.75,
        "Open": 33.119999,
        "Volume": 438900,
        "day": 26,
        "year": 2012
    }
}