{
    "day": {
        "Adj Close": 25.865489,
        "Close": 27.950001,
        "Company": "LPLA",
        "Date": "2012-09-25",
        "High": 28.870001,
        "Low": 27.799999,
        "Open": 28.68,
        "Volume": 556500,
        "day": 269,
        "year": 2012
    }
}