{
    "day": {
        "Adj Close": 27.327653,
        "Close": 29.530001,
        "Company": "LPLA",
        "Date": "2012-10-04",
        "High": 29.57,
        "Low": 29.110001,
        "Open": 29.200001,
        "Volume": 193400,
        "day": 278,
        "year": 2012
    }
}