{
    "day": {
        "Adj Close": 26.207894,
        "Close": 28.32,
        "Company": "LPLA",
        "Date": "2012-10-15",
        "High": 28.6,
        "Low": 28.209999,
        "Open": 28.440001,
        "Volume": 190300,
        "day": 289,
        "year": 2012
    }
}