{
    "day": {
        "Adj Close": 25.523083,
        "Close": 27.58,
        "Company": "LPLA",
        "Date": "2012-10-19",
        "High": 28.219999,
        "Low": 27.530001,
        "Open": 28.129999,
        "Volume": 359800,
        "day": 293,
        "year": 2012
    }
}