{
    "day": {
        "Adj Close": 26.291182,
        "Close": 28.41,
        "Company": "LPLA",
        "Date": "2012-10-25",
        "High": 28.450001,
        "Low": 27.93,
        "Open": 27.940001,
        "Volume": 213600,
        "day": 299,
        "year": 2012
    }
}