{
    "day": {
        "Adj Close": 28.518908,
        "Close": 32.849998,
        "Company": "LPLA",
        "Date": "2012-01-31",
        "High": 33.119999,
        "Low": 32.599998,
        "Open": 32.849998,
        "Volume": 317100,
        "day": 31,
        "year": 2012
    }
}