{
    "day": {
        "Adj Close": 24.294189,
        "Close": 26.139999,
        "Company": "LPLA",
        "Date": "2012-11-21",
        "High": 26.33,
        "Low": 25.91,
        "Open": 26.049999,
        "Volume": 220400,
        "day": 326,
        "year": 2012
    }
}