{
    "day": {
        "Adj Close": 29.552015,
        "Close": 34.040001,
        "Company": "LPLA",
        "Date": "2012-02-02",
        "High": 34.049999,
        "Low": 33.57,
        "Open": 33.91,
        "Volume": 259500,
        "day": 33,
        "year": 2012
    }
}