{
    "day": {
        "Adj Close": 25.056286,
        "Close": 26.959999,
        "Company": "LPLA",
        "Date": "2012-11-28",
        "High": 27.200001,
        "Low": 26.700001,
        "Open": 26.9,
        "Volume": 353800,
        "day": 333,
        "year": 2012
    }
}