{
    "day": {
        "Adj Close": 25.567451,
        "Close": 27.51,
        "Company": "LPLA",
        "Date": "2012-11-29",
        "High": 27.719999,
        "Low": 26.85,
        "Open": 27.07,
        "Volume": 338100,
        "day": 334,
        "year": 2012
    }
}