{
    "day": {
        "Adj Close": 26.152964,
        "Close": 28.139999,
        "Company": "LPLA",
        "Date": "2012-12-07",
        "High": 28.23,
        "Low": 27.99,
        "Open": 28.219999,
        "Volume": 334800,
        "day": 342,
        "year": 2012
    }
}