{
    "day": {
        "Adj Close": 28.718587,
        "Close": 33.080002,
        "Company": "LPLA",
        "Date": "2012-02-17",
        "High": 33.360001,
        "Low": 32.52,
        "Open": 33.099998,
        "Volume": 352000,
        "day": 48,
        "year": 2012
    }
}