{
    "day": {
        "Adj Close": 32.442972,
        "Close": 37.369999,
        "Company": "LPLA",
        "Date": "2012-03-19",
        "High": 37.490002,
        "Low": 36.610001,
        "Open": 36.93,
        "Volume": 239300,
        "day": 79,
        "year": 2012
    }
}