{
    "day": {
        "Adj Close": 32.93782,
        "Close": 37.939999,
        "Company": "LPLA",
        "Date": "2012-03-30",
        "High": 38.43,
        "Low": 37.630001,
        "Open": 37.939999,
        "Volume": 231400,
        "day": 90,
        "year": 2012
    }
}