{
    "day": {
        "Adj Close": 27.980416, 
        "Close": 34.0, 
        "Company": "WBA", 
        "Date": "2002-10-15", 
        "High": 34.220001, 
        "Low": 33.650002, 
        "Open": 34.0, 
        "Volume": 4907400, 
        "day": 2, 
        "week": 42
    }
}