{
    "day": {
        "Adj Close": 15.630264, 
        "Close": 27.43, 
        "Company": "MDLZ", 
        "Date": "2010-01-04", 
        "High": 27.48, 
        "Low": 27.17, 
        "Open": 27.299999, 
        "Volume": 7953300, 
        "day": 1, 
        "week": 1
    }
}