{
    "day": {
        "Adj Close": 16.507792, 
        "Close": 28.969999, 
        "Company": "MDLZ", 
        "Date": "2010-01-06", 
        "High": 29.16, 
        "Low": 28.1, 
        "Open": 28.299999, 
        "Volume": 40848800, 
        "day": 3, 
        "week": 1
    }
}