{
    "day": {
        "Adj Close": 54.739886, 
        "Close": 62.990002, 
        "Company": "TROW", 
        "Date": "2011-05-03", 
        "High": 63.799999, 
        "Low": 62.630001, 
        "Open": 63.799999, 
        "Volume": 2100000, 
        "day": 123, 
        "year": 2011
    }
}