{
    "day": {
        "Adj Close": 54.331443, 
        "Close": 62.52, 
        "Company": "TROW", 
        "Date": "2011-05-06", 
        "High": 63.919998, 
        "Low": 62.48, 
        "Open": 63.34, 
        "Volume": 1714600, 
        "day": 126, 
        "year": 2011
    }
}