{
    "day": {
        "Adj Close": 54.427036, 
        "Close": 62.630001, 
        "Company": "TROW", 
        "Date": "2011-05-09", 
        "High": 62.700001, 
        "Low": 61.869999, 
        "Open": 62.349998, 
        "Volume": 1346800, 
        "day": 129, 
        "year": 2011
    }
}