{
    "day": {
        "Adj Close": 52.063287, 
        "Close": 59.91, 
        "Company": "TROW", 
        "Date": "2011-06-02", 
        "High": 60.139999, 
        "Low": 59.150002, 
        "Open": 59.610001, 
        "Volume": 2409700, 
        "day": 153, 
        "year": 2011
    }
}