{
    "day": {
        "Adj Close": 50.438211, 
        "Close": 58.040001, 
        "Company": "TROW", 
        "Date": "2011-06-06", 
        "High": 59.0, 
        "Low": 57.900002, 
        "Open": 58.77, 
        "Volume": 2522400, 
        "day": 157, 
        "year": 2011
    }
}