{
    "day": {
        "Adj Close": 49.612637, 
        "Close": 57.09, 
        "Company": "TROW", 
        "Date": "2011-06-08", 
        "High": 58.490002, 
        "Low": 57.040001, 
        "Open": 58.119999, 
        "Volume": 2973100, 
        "day": 159, 
        "year": 2011
    }
}