{
    "day": {
        "Adj Close": 49.520422, 
        "Close": 56.68, 
        "Company": "TROW", 
        "Date": "2011-06-13", 
        "High": 57.27, 
        "Low": 56.389999, 
        "Open": 56.970001, 
        "Volume": 2156400, 
        "day": 164, 
        "year": 2011
    }
}