{
    "day": {
        "Adj Close": 49.502948, 
        "Close": 56.66, 
        "Company": "TROW", 
        "Date": "2011-06-15", 
        "High": 57.580002, 
        "Low": 56.290001, 
        "Open": 57.200001, 
        "Volume": 2320600, 
        "day": 166, 
        "year": 2011
    }
}