{
    "day": {
        "Adj Close": 49.616528, 
        "Close": 56.790001, 
        "Company": "TROW", 
        "Date": "2011-06-16", 
        "High": 57.09, 
        "Low": 56.049999, 
        "Open": 56.450001, 
        "Volume": 2770700, 
        "day": 167, 
        "year": 2011
    }
}