{
    "day": {
        "Adj Close": 53.216106, 
        "Close": 60.91, 
        "Company": "TROW", 
        "Date": "2011-07-08", 
        "High": 61.139999, 
        "Low": 60.150002, 
        "Open": 60.799999, 
        "Volume": 1651600, 
        "day": 189, 
        "year": 2011
    }
}