{
    "day": {
        "Adj Close": 51.058105, 
        "Close": 58.439999, 
        "Company": "TROW", 
        "Date": "2011-07-14", 
        "High": 59.27, 
        "Low": 58.029999, 
        "Open": 59.150002, 
        "Volume": 2197600, 
        "day": 195, 
        "year": 2011
    }
}