{
    "day": {
        "Adj Close": 45.379158, 
        "Close": 51.939999, 
        "Company": "TROW", 
        "Date": "2011-08-15", 
        "High": 52.150002, 
        "Low": 50.900002, 
        "Open": 51.48, 
        "Volume": 2548400, 
        "day": 227, 
        "year": 2011
    }
}