{
    "day": {
        "Adj Close": 44.540422, 
        "Close": 50.98, 
        "Company": "TROW", 
        "Date": "2011-08-17", 
        "High": 51.759998, 
        "Low": 50.66, 
        "Open": 51.400002, 
        "Volume": 2852000, 
        "day": 229, 
        "year": 2011
    }
}