{
    "day": {
        "Adj Close": 43.832736, 
        "Close": 50.169998, 
        "Company": "TROW", 
        "Date": "2011-09-02", 
        "High": 51.34, 
        "Low": 49.939999, 
        "Open": 50.91, 
        "Volume": 1929600, 
        "day": 245, 
        "year": 2011
    }
}