{
    "day": {
        "Adj Close": 43.142528, 
        "Close": 49.380001, 
        "Company": "TROW", 
        "Date": "2011-09-06", 
        "High": 49.450001, 
        "Low": 47.959999, 
        "Open": 48.43, 
        "Volume": 2571100, 
        "day": 249, 
        "year": 2011
    }
}