{
    "day": {
        "Adj Close": 43.186212, 
        "Close": 49.43, 
        "Company": "TROW", 
        "Date": "2011-09-09", 
        "High": 50.740002, 
        "Low": 49.09, 
        "Open": 49.889999, 
        "Volume": 3217800, 
        "day": 252, 
        "year": 2011
    }
}