{
    "day": {
        "Adj Close": 44.82152, 
        "Close": 50.98, 
        "Company": "TROW", 
        "Date": "2011-09-14", 
        "High": 51.709999, 
        "Low": 49.41, 
        "Open": 50.66, 
        "Volume": 2610500, 
        "day": 257, 
        "year": 2011
    }
}