{
    "day": {
        "Adj Close": 45.111657, 
        "Close": 51.310001, 
        "Company": "TROW", 
        "Date": "2011-09-20", 
        "High": 52.490002, 
        "Low": 51.279999, 
        "Open": 51.75, 
        "Volume": 1828600, 
        "day": 263, 
        "year": 2011
    }
}