{
    "day": {
        "Adj Close": 41.295937, 
        "Close": 46.970001, 
        "Company": "TROW", 
        "Date": "2011-09-22", 
        "High": 47.490002, 
        "Low": 45.75, 
        "Open": 47.27, 
        "Volume": 6098900, 
        "day": 265, 
        "year": 2011
    }
}