{
    "day": {
        "Adj Close": 41.999295, 
        "Close": 47.77, 
        "Company": "TROW", 
        "Date": "2011-09-30", 
        "High": 49.209999, 
        "Low": 47.77, 
        "Open": 48.610001, 
        "Volume": 3457400, 
        "day": 273, 
        "year": 2011
    }
}