{
    "day": {
        "Adj Close": 42.605941, 
        "Close": 48.459999, 
        "Company": "TROW", 
        "Date": "2011-10-04", 
        "High": 48.490002, 
        "Low": 44.68, 
        "Open": 45.220001, 
        "Volume": 3770600, 
        "day": 277, 
        "year": 2011
    }
}