{
    "day": {
        "Adj Close": 45.533672, 
        "Close": 51.790001, 
        "Company": "TROW", 
        "Date": "2011-10-10", 
        "High": 51.830002, 
        "Low": 50.130001, 
        "Open": 50.169998, 
        "Volume": 2185500, 
        "day": 283, 
        "year": 2011
    }
}