{
    "day": {
        "Adj Close": 45.850184, 
        "Close": 52.150002, 
        "Company": "TROW", 
        "Date": "2011-11-10", 
        "High": 52.790001, 
        "Low": 51.709999, 
        "Open": 52.560001, 
        "Volume": 1964900, 
        "day": 314, 
        "year": 2011
    }
}