{
    "day": {
        "Adj Close": 58.12593, 
        "Close": 67.209999, 
        "Company": "TROW", 
        "Date": "2011-02-01", 
        "High": 67.599998, 
        "Low": 65.959999, 
        "Open": 66.0, 
        "Volume": 1737700, 
        "day": 32, 
        "year": 2011
    }
}