{
    "day": {
        "Adj Close": 49.903285, 
        "Close": 56.759998, 
        "Company": "TROW", 
        "Date": "2011-11-30", 
        "High": 56.900002, 
        "Low": 55.52, 
        "Open": 55.669998, 
        "Volume": 3191200, 
        "day": 334, 
        "year": 2011
    }
}