{
    "day": {
        "Adj Close": 47.44914, 
        "Close": 53.68, 
        "Company": "TROW", 
        "Date": "2011-12-19", 
        "High": 54.73, 
        "Low": 53.57, 
        "Open": 54.470001, 
        "Volume": 2479500, 
        "day": 353, 
        "year": 2011
    }
}