{
    "day": {
        "Adj Close": 61.490159, 
        "Close": 71.099998, 
        "Company": "TROW", 
        "Date": "2011-02-18", 
        "High": 71.290001, 
        "Low": 70.089996, 
        "Open": 70.5, 
        "Volume": 1214200, 
        "day": 49, 
        "year": 2011
    }
}