{
    "day": {
        "Adj Close": 57.338928, 
        "Close": 66.300003, 
        "Company": "TROW", 
        "Date": "2011-02-24", 
        "High": 67.150002, 
        "Low": 65.470001, 
        "Open": 66.440002, 
        "Volume": 1931700, 
        "day": 55, 
        "year": 2011
    }
}