{
    "day": {
        "Adj Close": 55.678429, 
        "Close": 64.379997, 
        "Company": "TROW", 
        "Date": "2011-03-10", 
        "High": 65.650002, 
        "Low": 64.230003, 
        "Open": 65.510002, 
        "Volume": 1962500, 
        "day": 69, 
        "year": 2011
    }
}