{
    "day": {
        "Adj Close": 56.634357, 
        "Close": 65.169998, 
        "Company": "TROW", 
        "Date": "2011-03-29", 
        "High": 65.169998, 
        "Low": 63.860001, 
        "Open": 64.389999, 
        "Volume": 1496900, 
        "day": 88, 
        "year": 2011
    }
}