{
    "day": {
        "Adj Close": 78.859081, 
        "Close": 83.190002, 
        "Company": "TROW", 
        "Date": "2015-03-24", 
        "High": 83.599998, 
        "Low": 82.860001, 
        "Open": 83.160004, 
        "Volume": 1147200, 
        "day": 2, 
        "week": 13
    }
}