{
    "day": {
        "Adj Close": 77.332898, 
        "Close": 81.580002, 
        "Company": "TROW", 
        "Date": "2015-03-25", 
        "High": 83.379997, 
        "Low": 81.540001, 
        "Open": 83.379997, 
        "Volume": 930400, 
        "day": 3, 
        "week": 13
    }
}