{
    "day": {
        "Adj Close": 76.934765, 
        "Close": 81.160004, 
        "Company": "TROW", 
        "Date": "2015-03-26", 
        "High": 81.949997, 
        "Low": 80.769997, 
        "Open": 80.839996, 
        "Volume": 1433200, 
        "day": 4, 
        "week": 13
    }
}