{
    "day": {
        "Adj Close": 32.642988, 
        "Close": 38.439999, 
        "Company": "WBA", 
        "Date": "2007-11-12", 
        "High": 39.150002, 
        "Low": 38.009998, 
        "Open": 38.009998, 
        "Volume": 6212800, 
        "day": 1, 
        "week": 46
    }
}