{
    "day": {
        "Adj Close": 33.203456, 
        "Close": 39.099998, 
        "Company": "WBA", 
        "Date": "2007-11-13", 
        "High": 39.290001, 
        "Low": 38.650002, 
        "Open": 38.689999, 
        "Volume": 8254900, 
        "day": 2, 
        "week": 46
    }
}