{
    "day": {
        "Adj Close": 40.700001,
        "Close": 40.700001,
        "Company": "TCBI",
        "Date": "2013-03-26",
        "High": 40.790001,
        "Low": 40.099998,
        "Open": 40.18,
        "Volume": 295800,
        "day": 2,
        "week": 13
    }
}