{
    "day": {
        "Adj Close": 46.843884, 
        "Close": 54.400002, 
        "Company": "TROW", 
        "Date": "2010-10-27", 
        "High": 54.75, 
        "Low": 53.849998, 
        "Open": 54.150002, 
        "Volume": 1602200, 
        "day": 3, 
        "week": 43
    }
}