{
    "day": {
        "Adj Close": 2.241763, 
        "Close": 49.75008, 
        "Company": "WBA", 
        "Date": "1990-08-01", 
        "High": 50.375038, 
        "Low": 49.624962, 
        "Open": 50.0, 
        "Volume": 1843200, 
        "day": 3, 
        "week": 31
    }
}