{
    "day": {
        "Adj Close": 1.969827, 
        "Close": 44.124962, 
        "Company": "WBA", 
        "Date": "1989-12-04", 
        "High": 44.875038, 
        "Low": 44.124962, 
        "Open": 44.875038, 
        "Volume": 777600, 
        "day": 1, 
        "week": 49
    }
}