{
    "day": {
        "Adj Close": 35.649848, 
        "Close": 44.900002, 
        "Company": "TROW", 
        "Date": "2006-11-10", 
        "High": 45.009998, 
        "Low": 44.650002, 
        "Open": 44.82, 
        "Volume": 973600, 
        "day": 5, 
        "week": 45
    }
}