{
    "day": {
        "Adj Close": 11.767132, 
        "Close": 31.77, 
        "Company": "TROW", 
        "Date": "2002-07-08", 
        "High": 32.950001, 
        "Low": 31.629999, 
        "Open": 32.790001, 
        "Volume": 833400, 
        "day": 1, 
        "week": 28
    }
}