{
    "day": {
        "Adj Close": 68.494835, 
        "Close": 74.650002, 
        "Company": "TROW", 
        "Date": "2013-09-19", 
        "High": 74.849998, 
        "Low": 73.220001, 
        "Open": 73.300003, 
        "Volume": 2465600, 
        "day": 19, 
        "month": 9
    }
}