{
    "day": {
        "Adj Close": 66.797376, 
        "Close": 72.800003, 
        "Company": "TROW", 
        "Date": "2013-09-25", 
        "High": 73.379997, 
        "Low": 72.230003, 
        "Open": 73.089996, 
        "Volume": 1054500, 
        "day": 25, 
        "month": 9
    }
}