{
    "day": {
        "Adj Close": 66.586337, 
        "Close": 72.57, 
        "Company": "TROW", 
        "Date": "2013-09-26", 
        "High": 73.379997, 
        "Low": 72.07, 
        "Open": 72.889999, 
        "Volume": 1238600, 
        "day": 26, 
        "month": 9
    }
}