{
    "day": {
        "Adj Close": 65.999108, 
        "Close": 71.93, 
        "Company": "TROW", 
        "Date": "2013-09-30", 
        "High": 71.959999, 
        "Low": 71.300003, 
        "Open": 71.550003, 
        "Volume": 1281500, 
        "day": 30, 
        "month": 9
    }
}