{
    "day": {
        "Adj Close": 204.110001, 
        "Close": 204.110001, 
        "Company": "TSLA", 
        "Date": "2015-02-24", 
        "High": 207.289993, 
        "Low": 201.699997, 
        "Open": 207.289993, 
        "Volume": 6603600, 
        "day": 2, 
        "week": 9
    }
}