{
    "day": {
        "Adj Close": 18.456641, 
        "Close": 31.190001, 
        "Company": "MDLZ", 
        "Date": "2011-01-07", 
        "High": 31.43, 
        "Low": 31.139999, 
        "Open": 31.389999, 
        "Volume": 6747800, 
        "day": 5, 
        "week": 1
    }
}