{
    "day": {
        "Adj Close": 16.209999,
        "Close": 16.209999,
        "Company": "TCBI",
        "Date": "2004-08-11",
        "High": 16.33,
        "Low": 15.5,
        "Open": 15.93,
        "Volume": 71300,
        "day": 11,
        "month": 8
    }
}