{
    "day": {
        "Adj Close": 16.120001,
        "Close": 16.120001,
        "Company": "TCBI",
        "Date": "2004-08-03",
        "High": 16.35,
        "Low": 16.0,
        "Open": 16.23,
        "Volume": 14800,
        "day": 3,
        "month": 8
    }
}