{
    "day": {
        "Adj Close": 55.230682, 
        "Close": 57.549999, 
        "Company": "WBA", 
        "Date": "2013-12-12", 
        "High": 57.77, 
        "Low": 56.950001, 
        "Open": 57.560001, 
        "Volume": 7672000, 
        "day": 12, 
        "month": 12
    }
}