{
    "day": {
        "Adj Close": 54.645265, 
        "Close": 56.939999, 
        "Company": "WBA", 
        "Date": "2013-12-19", 
        "High": 57.23, 
        "Low": 56.119999, 
        "Open": 57.169998, 
        "Volume": 6123700, 
        "day": 19, 
        "month": 12
    }
}