{
    "day": {
        "Adj Close": 1.199059, 
        "Close": 28.62496, 
        "Company": "WBA", 
        "Date": "1986-02-18", 
        "High": 28.87504, 
        "Low": 27.37504, 
        "Open": 27.87504, 
        "Volume": 3152000, 
        "day": 18, 
        "month": 2
    }
}