{
    "day": {
        "Adj Close": 1.246189, 
        "Close": 29.75008, 
        "Company": "WBA", 
        "Date": "1986-02-20", 
        "High": 29.75008, 
        "Low": 28.62496, 
        "Open": 28.75008, 
        "Volume": 2915200, 
        "day": 20, 
        "month": 2
    }
}