{
    "day": {
        "Adj Close": 1.256658, 
        "Close": 30.0, 
        "Company": "WBA", 
        "Date": "1986-02-27", 
        "High": 30.0, 
        "Low": 29.37504, 
        "Open": 29.75008, 
        "Volume": 2328000, 
        "day": 27, 
        "month": 2
    }
}