{
    "day": {
        "Adj Close": 41.534446,
        "Close": 43.02,
        "Company": "LPLA",
        "Date": "2014-11-17",
        "High": 43.799999,
        "Low": 42.82,
        "Open": 43.110001,
        "Volume": 924400,
        "day": 1,
        "week": 47
    }
}