{
    "day": {
        "Adj Close": 28.360589, 
        "Close": 72.050003, 
        "Company": "TROW", 
        "Date": "2005-12-29", 
        "High": 72.830002, 
        "Low": 72.019997, 
        "Open": 72.830002, 
        "Volume": 524000, 
        "day": 4, 
        "week": 52
    }
}