{
    "day": {
        "Adj Close": 43.184206, 
        "Close": 50.150002, 
        "Company": "TROW", 
        "Date": "2010-09-21", 
        "High": 51.209999, 
        "Low": 49.98, 
        "Open": 51.009998, 
        "Volume": 2153300, 
        "day": 2, 
        "week": 38
    }
}