{
    "day": {
        "Adj Close": 42.607267, 
        "Close": 49.48, 
        "Company": "TROW", 
        "Date": "2010-09-22", 
        "High": 50.650002, 
        "Low": 49.259998, 
        "Open": 50.139999, 
        "Volume": 1319800, 
        "day": 3, 
        "week": 38
    }
}