{
    "day": {
        "Adj Close": 33.454363, 
        "Close": 36.27, 
        "Company": "WBA", 
        "Date": "2012-08-01", 
        "High": 36.849998, 
        "Low": 36.16, 
        "Open": 36.5, 
        "Volume": 12178800, 
        "day": 1, 
        "month": 8
    }
}