{
    "day": {
        "Adj Close": 33.490906, 
        "Close": 36.029999, 
        "Company": "WBA", 
        "Date": "2012-08-20", 
        "High": 36.029999, 
        "Low": 35.709999, 
        "Open": 35.73, 
        "Volume": 3867900, 
        "day": 20, 
        "month": 8
    }
}