{
    "day": {
        "Adj Close": 17.011983, 
        "Close": 32.709999, 
        "Company": "MDLZ", 
        "Date": "2007-11-12", 
        "High": 33.09, 
        "Low": 32.52, 
        "Open": 32.52, 
        "Volume": 8467400, 
        "day": 1, 
        "week": 46
    }
}