{
    "day": {
        "Adj Close": 28.152497, 
        "Close": 33.950001, 
        "Company": "WBA", 
        "Date": "2004-03-15", 
        "High": 34.290001, 
        "Low": 33.669998, 
        "Open": 33.77, 
        "Volume": 2582500, 
        "day": 15, 
        "month": 3
    }
}