{
    "day": {
        "Adj Close": 26.908646, 
        "Close": 32.450001, 
        "Company": "WBA", 
        "Date": "2004-03-23", 
        "High": 32.880001, 
        "Low": 32.32, 
        "Open": 32.759998, 
        "Volume": 2639900, 
        "day": 23, 
        "month": 3
    }
}