{
    "day": {
        "Adj Close": 29.122699, 
        "Close": 35.119999, 
        "Company": "WBA", 
        "Date": "2004-03-03", 
        "High": 35.27, 
        "Low": 35.009998, 
        "Open": 35.02, 
        "Volume": 2764200, 
        "day": 3, 
        "month": 3
    }
}