{
    "day": {
        "Adj Close": 1.063328, 
        "Close": 25.5, 
        "Company": "WBA", 
        "Date": "1986-01-14", 
        "High": 26.12496, 
        "Low": 25.24992, 
        "Open": 25.75008, 
        "Volume": 1539200, 
        "day": 14, 
        "month": 1
    }
}