{
    "day": {
        "Adj Close": 1.068538, 
        "Close": 25.62496, 
        "Company": "WBA", 
        "Date": "1986-01-21", 
        "High": 25.87504, 
        "Low": 25.5, 
        "Open": 25.75008, 
        "Volume": 904000, 
        "day": 21, 
        "month": 1
    }
}