{
    "day": {
        "Adj Close": 1.063328, 
        "Close": 25.5, 
        "Company": "WBA", 
        "Date": "1986-01-22", 
        "High": 26.0, 
        "Low": 25.37504, 
        "Open": 25.62496, 
        "Volume": 880000, 
        "day": 22, 
        "month": 1
    }
}