{
    "day": {
        "Adj Close": 1.115455, 
        "Close": 26.75008, 
        "Company": "WBA", 
        "Date": "1986-01-28", 
        "High": 26.75008, 
        "Low": 26.0, 
        "Open": 26.12496, 
        "Volume": 1932800, 
        "day": 28, 
        "month": 1
    }
}