{
    "day": {
        "Adj Close": 1.084177, 
        "Close": 26.0, 
        "Company": "WBA", 
        "Date": "1986-01-09", 
        "High": 26.62496, 
        "Low": 24.24992, 
        "Open": 26.62496, 
        "Volume": 3913600, 
        "day": 9, 
        "month": 1
    }
}