{
    "day": {
        "Adj Close": 0.942344, 
        "Close": 24.75008, 
        "Company": "TROW", 
        "Date": "1990-08-13", 
        "High": 24.75008, 
        "Low": 24.24992, 
        "Open": 24.5, 
        "Volume": 241600, 
        "day": 1, 
        "week": 33
    }
}