{
    "day": {
        "Adj Close": 17.75248, 
        "Close": 35.18, 
        "Company": "MDLZ", 
        "Date": "2006-11-24", 
        "High": 35.82, 
        "Low": 35.130001, 
        "Open": 35.330002, 
        "Volume": 1133400, 
        "day": 24, 
        "month": 11
    }
}