{
    "day": {
        "Adj Close": 17.348785, 
        "Close": 34.380001, 
        "Company": "MDLZ", 
        "Date": "2006-11-28", 
        "High": 35.400002, 
        "Low": 34.299999, 
        "Open": 34.299999, 
        "Volume": 2306700, 
        "day": 28, 
        "month": 11
    }
}