{
    "day": {
        "Adj Close": 34.388589, 
        "Close": 43.439999, 
        "Company": "TROW", 
        "Date": "2006-08-30", 
        "High": 43.810001, 
        "Low": 43.139999, 
        "Open": 43.299999, 
        "Volume": 682400, 
        "day": 3, 
        "week": 35
    }
}