{
    "day": {
        "Adj Close": 2.499872, 
        "Close": 61.24992, 
        "Company": "TROW", 
        "Date": "1993-10-13", 
        "High": 61.24992, 
        "Low": 61.0, 
        "Open": 61.24992, 
        "Volume": 36800, 
        "day": 3, 
        "week": 41
    }
}