{
    "day": {
        "Adj Close": 2.642729, 
        "Close": 64.750076, 
        "Company": "TROW", 
        "Date": "1993-10-15", 
        "High": 64.750076, 
        "Low": 63.0, 
        "Open": 63.24992, 
        "Volume": 1822400, 
        "day": 5, 
        "week": 41
    }
}