{
    "day": {
        "Adj Close": 3.216483, 
        "Close": 38.375038, 
        "Company": "TROW", 
        "Date": "1995-05-17", 
        "High": 38.5, 
        "Low": 37.75, 
        "Open": 37.75, 
        "Volume": 636800, 
        "day": 3, 
        "week": 20
    }
}