{
    "day": {
        "Adj Close": 17.0,
        "Close": 17.0,
        "Company": "TCBI",
        "Date": "2010-02-22",
        "High": 17.049999,
        "Low": 16.799999,
        "Open": 17.030001,
        "Volume": 348600,
        "day": 1,
        "week": 8
    }
}