{
    "day": {
        "Adj Close": 36.39277, 
        "Close": 36.970001, 
        "Company": "MDLZ", 
        "Date": "2015-04-17", 
        "High": 37.049999, 
        "Low": 36.68, 
        "Open": 36.950001, 
        "Volume": 7962700, 
        "day": 17, 
        "month": 4
    }
}