{
    "day": {
        "Adj Close": 36.235269, 
        "Close": 36.810001, 
        "Company": "MDLZ", 
        "Date": "2015-04-23", 
        "High": 36.91, 
        "Low": 36.619999, 
        "Open": 36.75, 
        "Volume": 20404500, 
        "day": 23, 
        "month": 4
    }
}