{
    "day": {
        "Adj Close": 36.225423, 
        "Close": 36.799999, 
        "Company": "MDLZ", 
        "Date": "2015-04-28", 
        "High": 36.82, 
        "Low": 36.48, 
        "Open": 36.669998, 
        "Volume": 8316100, 
        "day": 28, 
        "month": 4
    }
}