{
    "day": {
        "Adj Close": 14.201667,
        "Close": 16.950001,
        "Company": "SUNS",
        "Date": "2014-05-22",
        "High": 17.110001,
        "Low": 16.629999,
        "Open": 16.790001,
        "Volume": 52100,
        "day": 4,
        "week": 21
    }
}