{
    "day": {
        "Adj Close": 2.341829, 
        "Close": 51.5, 
        "Company": "WBA", 
        "Date": "1990-12-26", 
        "High": 51.624962, 
        "Low": 50.875038, 
        "Open": 51.124962, 
        "Volume": 854400, 
        "day": 3, 
        "week": 52
    }
}