{
    "day": {
        "Adj Close": 81.457763, 
        "Close": 81.839996, 
        "Company": "WBA", 
        "Date": "2015-11-16", 
        "High": 82.089996, 
        "Low": 78.900002, 
        "Open": 79.0, 
        "Volume": 5944800, 
        "day": 16, 
        "month": 11
    }
}