{
    "day": {
        "Adj Close": 82.443144, 
        "Close": 82.830002, 
        "Company": "WBA", 
        "Date": "2015-11-19", 
        "High": 84.730003, 
        "Low": 81.849998, 
        "Open": 84.550003, 
        "Volume": 4456000, 
        "day": 19, 
        "month": 11
    }
}