{
    "day": {
        "Adj Close": 82.724523, 
        "Close": 83.480003, 
        "Company": "WBA", 
        "Date": "2015-11-09", 
        "High": 84.370003, 
        "Low": 82.440002, 
        "Open": 84.269997, 
        "Volume": 4450700, 
        "day": 9, 
        "month": 11
    }
}