{
    "day": {
        "Adj Close": 35.412907,
        "Close": 37.610001,
        "Company": "LPLA",
        "Date": "2013-08-28",
        "High": 37.759998,
        "Low": 36.580002,
        "Open": 37.130001,
        "Volume": 823000,
        "day": 3,
        "week": 35
    }
}