{
    "day": {
        "Adj Close": 34.547307, 
        "Close": 35.540001, 
        "Company": "MDLZ", 
        "Date": "2014-09-16", 
        "High": 35.689999, 
        "Low": 35.279999, 
        "Open": 35.349998, 
        "Volume": 7424300, 
        "day": 16, 
        "month": 9
    }
}