{
    "day": {
        "Adj Close": 34.673673, 
        "Close": 35.669998, 
        "Company": "MDLZ", 
        "Date": "2014-09-19", 
        "High": 36.009998, 
        "Low": 35.619999, 
        "Open": 36.0, 
        "Volume": 8567700, 
        "day": 19, 
        "month": 9
    }
}