{
    "day": {
        "Adj Close": 33.632971, 
        "Close": 34.450001, 
        "Company": "MDLZ", 
        "Date": "2014-09-26", 
        "High": 34.68, 
        "Low": 34.130001, 
        "Open": 34.470001, 
        "Volume": 8856600, 
        "day": 26, 
        "month": 9
    }
}