{
    "day": {
        "Adj Close": 55.189999,
        "Close": 55.189999,
        "Company": "TCBI",
        "Date": "2014-10-13",
        "High": 55.880001,
        "Low": 54.869999,
        "Open": 55.32,
        "Volume": 373000,
        "day": 1,
        "week": 42
    }
}