{
    "day": {
        "Adj Close": 30.980438, 
        "Close": 33.82, 
        "Company": "WBA", 
        "Date": "2012-02-15", 
        "High": 34.560001, 
        "Low": 33.439999, 
        "Open": 34.529999, 
        "Volume": 12413600, 
        "day": 15, 
        "month": 2
    }
}