{
    "day": {
        "Adj Close": 31.795713, 
        "Close": 34.709999, 
        "Company": "WBA", 
        "Date": "2012-02-17", 
        "High": 34.799999, 
        "Low": 34.34, 
        "Open": 34.5, 
        "Volume": 7587800, 
        "day": 17, 
        "month": 2
    }
}