{
    "day": {
        "Adj Close": 31.117846, 
        "Close": 33.970001, 
        "Company": "WBA", 
        "Date": "2012-02-23", 
        "High": 34.639999, 
        "Low": 33.970001, 
        "Open": 34.259998, 
        "Volume": 7226800, 
        "day": 23, 
        "month": 2
    }
}