{
    "day": {
        "Adj Close": 30.723949, 
        "Close": 33.540001, 
        "Company": "WBA", 
        "Date": "2012-02-27", 
        "High": 33.900002, 
        "Low": 33.310001, 
        "Open": 33.5, 
        "Volume": 7854200, 
        "day": 27, 
        "month": 2
    }
}