{
    "day": {
        "Adj Close": 30.624439, 
        "Close": 33.650002, 
        "Company": "WBA", 
        "Date": "2012-02-03", 
        "High": 33.970001, 
        "Low": 33.200001, 
        "Open": 33.200001, 
        "Volume": 13180600, 
        "day": 3, 
        "month": 2
    }
}