{
    "day": {
        "Adj Close": 31.197791, 
        "Close": 34.279999, 
        "Company": "WBA", 
        "Date": "2012-02-06", 
        "High": 35.349998, 
        "Low": 33.490002, 
        "Open": 33.490002, 
        "Volume": 19906700, 
        "day": 6, 
        "month": 2
    }
}