{
    "day": {
        "Adj Close": 15.983916, 
        "Close": 35.130001, 
        "Company": "MDLZ", 
        "Date": "2002-07-18", 
        "High": 36.5, 
        "Low": 34.869999, 
        "Open": 36.0, 
        "Volume": 3686800, 
        "day": 4, 
        "week": 29
    }
}