{
    "day": {
        "Adj Close": 12.599055, 
        "Close": 36.156239, 
        "Company": "TROW", 
        "Date": "1998-05-21", 
        "High": 36.75, 
        "Low": 35.75, 
        "Open": 36.75, 
        "Volume": 279600, 
        "day": 4, 
        "week": 21
    }
}