{
    "day": {
        "Adj Close": 15.357179, 
        "Close": 30.889999, 
        "Company": "MDLZ", 
        "Date": "2006-06-15", 
        "High": 30.969999, 
        "Low": 30.52, 
        "Open": 30.700001, 
        "Volume": 1609100, 
        "day": 4, 
        "week": 24
    }
}