{
    "day": {
        "Adj Close": 22.98,
        "Close": 22.98,
        "Company": "TCBI",
        "Date": "2005-12-27",
        "High": 23.200001,
        "Low": 22.870001,
        "Open": 23.02,
        "Volume": 129500,
        "day": 2,
        "week": 52
    }
}