{
    "day": {
        "Adj Close": 22.969999,
        "Close": 22.969999,
        "Company": "TCBI",
        "Date": "2005-12-28",
        "High": 23.16,
        "Low": 22.790001,
        "Open": 23.16,
        "Volume": 65600,
        "day": 3,
        "week": 52
    }
}