{
    "day": {
        "Adj Close": 45.59, 
        "Close": 45.59, 
        "Company": "TSLA", 
        "Date": "2013-04-16", 
        "High": 46.139999, 
        "Low": 43.91, 
        "Open": 44.189999, 
        "Volume": 3180400, 
        "day": 106, 
        "year": 2013
    }
}