{
    "day": {
        "Adj Close": 50.43, 
        "Close": 50.43, 
        "Company": "TSLA", 
        "Date": "2013-04-24", 
        "High": 51.049999, 
        "Low": 48.98, 
        "Open": 50.900002, 
        "Volume": 2630000, 
        "day": 114, 
        "year": 2013
    }
}