{
    "day": {
        "Adj Close": 54.939999, 
        "Close": 54.939999, 
        "Company": "TSLA", 
        "Date": "2013-04-29", 
        "High": 54.990002, 
        "Low": 51.200001, 
        "Open": 51.759998, 
        "Volume": 3639700, 
        "day": 119, 
        "year": 2013
    }
}