{
    "day": {
        "Adj Close": 95.370003, 
        "Close": 95.370003, 
        "Company": "TSLA", 
        "Date": "2013-06-05", 
        "High": 97.970001, 
        "Low": 89.110001, 
        "Open": 93.660004, 
        "Volume": 12224800, 
        "day": 156, 
        "year": 2013
    }
}