{
    "day": {
        "Adj Close": 98.18, 
        "Close": 98.18, 
        "Company": "TSLA", 
        "Date": "2013-06-13", 
        "High": 99.279999, 
        "Low": 95.120003, 
        "Open": 99.0, 
        "Volume": 5961600, 
        "day": 164, 
        "year": 2013
    }
}