{
    "day": {
        "Adj Close": 34.52, 
        "Close": 34.52, 
        "Company": "TSLA", 
        "Date": "2013-01-18", 
        "High": 34.779999, 
        "Low": 33.82, 
        "Open": 34.740002, 
        "Volume": 3555100, 
        "day": 18, 
        "year": 2013
    }
}