{
    "day": {
        "Adj Close": 138.0, 
        "Close": 138.0, 
        "Company": "TSLA", 
        "Date": "2013-08-02", 
        "High": 138.25, 
        "Low": 133.610001, 
        "Open": 134.589996, 
        "Volume": 6269900, 
        "day": 214, 
        "year": 2013
    }
}