{
    "day": {
        "Adj Close": 144.679993, 
        "Close": 144.679993, 
        "Company": "TSLA", 
        "Date": "2013-08-05", 
        "High": 144.889999, 
        "Low": 139.649994, 
        "Open": 140.009995, 
        "Volume": 10200700, 
        "day": 217, 
        "year": 2013
    }
}