{
    "day": {
        "Adj Close": 161.839996, 
        "Close": 161.839996, 
        "Company": "TSLA", 
        "Date": "2013-08-23", 
        "High": 162.300003, 
        "Low": 155.0, 
        "Open": 157.0, 
        "Volume": 12931900, 
        "day": 235, 
        "year": 2013
    }
}