{
    "day": {
        "Adj Close": 185.240005, 
        "Close": 185.240005, 
        "Company": "TSLA", 
        "Date": "2013-09-25", 
        "High": 186.300003, 
        "Low": 180.5, 
        "Open": 183.559998, 
        "Volume": 8252700, 
        "day": 268, 
        "year": 2013
    }
}