{
    "day": {
        "Adj Close": 171.539993, 
        "Close": 171.539993, 
        "Company": "TSLA", 
        "Date": "2013-10-22", 
        "High": 177.779999, 
        "Low": 166.110001, 
        "Open": 170.5, 
        "Volume": 11386700, 
        "day": 295, 
        "year": 2013
    }
}