{
    "day": {
        "Adj Close": 137.800003, 
        "Close": 137.800003, 
        "Company": "TSLA", 
        "Date": "2013-11-12", 
        "High": 144.699997, 
        "Low": 136.179993, 
        "Open": 144.690002, 
        "Volume": 14985200, 
        "day": 316, 
        "year": 2013
    }
}