{
    "day": {
        "Adj Close": 124.169998, 
        "Close": 124.169998, 
        "Company": "TSLA", 
        "Date": "2013-12-02", 
        "High": 128.550003, 
        "Low": 123.93, 
        "Open": 126.349998, 
        "Volume": 7751200, 
        "day": 336, 
        "year": 2013
    }
}