{
    "day": {
        "Adj Close": 137.360001, 
        "Close": 137.360001, 
        "Company": "TSLA", 
        "Date": "2013-12-06", 
        "High": 142.490005, 
        "Low": 136.300003, 
        "Open": 141.509995, 
        "Volume": 7909600, 
        "day": 340, 
        "year": 2013
    }
}