{
    "day": {
        "Adj Close": 38.130001, 
        "Close": 38.130001, 
        "Company": "TSLA", 
        "Date": "2013-02-05", 
        "High": 38.650002, 
        "Low": 37.68, 
        "Open": 38.0, 
        "Volume": 1310200, 
        "day": 36, 
        "year": 2013
    }
}