{
    "day": {
        "Adj Close": 150.429993, 
        "Close": 150.429993, 
        "Company": "TSLA", 
        "Date": "2013-12-31", 
        "High": 153.199997, 
        "Low": 148.660004, 
        "Open": 152.320007, 
        "Volume": 4262400, 
        "day": 365, 
        "year": 2013
    }
}