{
    "day": {
        "Adj Close": 38.27, 
        "Close": 38.27, 
        "Company": "TSLA", 
        "Date": "2013-02-14", 
        "High": 38.75, 
        "Low": 38.209999, 
        "Open": 38.639999, 
        "Volume": 990700, 
        "day": 45, 
        "year": 2013
    }
}