{
    "day": {
        "Adj Close": 35.580002, 
        "Close": 35.580002, 
        "Company": "TSLA", 
        "Date": "2013-03-04", 
        "High": 35.830002, 
        "Low": 34.700001, 
        "Open": 34.77, 
        "Volume": 1757700, 
        "day": 63, 
        "year": 2013
    }
}