{
    "day": {
        "Adj Close": 37.689999, 
        "Close": 37.689999, 
        "Company": "TSLA", 
        "Date": "2013-03-06", 
        "High": 37.880001, 
        "Low": 36.970001, 
        "Open": 37.009998, 
        "Volume": 1150000, 
        "day": 65, 
        "year": 2013
    }
}