{
    "day": {
        "Adj Close": 39.099998, 
        "Close": 39.099998, 
        "Company": "TSLA", 
        "Date": "2013-03-11", 
        "High": 39.439999, 
        "Low": 38.650002, 
        "Open": 38.869999, 
        "Volume": 1579500, 
        "day": 70, 
        "year": 2013
    }
}