{
    "day": {
        "Adj Close": 38.16, 
        "Close": 38.16, 
        "Company": "TSLA", 
        "Date": "2013-03-27", 
        "High": 38.380001, 
        "Low": 37.310001, 
        "Open": 37.939999, 
        "Volume": 1296300, 
        "day": 86, 
        "year": 2013
    }
}