{
    "day": {
        "Adj Close": 30.637827, 
        "Close": 34.900002, 
        "Company": "WBA", 
        "Date": "2010-04-27", 
        "High": 35.689999, 
        "Low": 34.77, 
        "Open": 35.5, 
        "Volume": 6926200, 
        "day": 2, 
        "week": 17
    }
}