{
    "day": {
        "Adj Close": 220.029999, 
        "Close": 220.029999, 
        "Company": "TSLA", 
        "Date": "2015-08-25", 
        "High": 230.899994, 
        "Low": 219.119995, 
        "Open": 230.520004, 
        "Volume": 4327300, 
        "day": 25, 
        "month": 8
    }
}