{
    "day": {
        "Adj Close": 18.24,
        "Close": 18.24,
        "Company": "TCBI",
        "Date": "2008-05-21",
        "High": 18.629999,
        "Low": 18.209999,
        "Open": 18.309999,
        "Volume": 120400,
        "day": 21,
        "month": 5
    }
}