{
    "day": {
        "Adj Close": 46.656049,
        "Close": 49.099998,
        "Company": "LPLA",
        "Date": "2014-04-23",
        "High": 49.639999,
        "Low": 48.849998,
        "Open": 49.099998,
        "Volume": 753400,
        "day": 113,
        "year": 2014
    }
}