{
    "day": {
        "Adj Close": 44.622568,
        "Close": 46.959999,
        "Company": "LPLA",
        "Date": "2014-04-29",
        "High": 47.509998,
        "Low": 46.860001,
        "Open": 46.869999,
        "Volume": 1128500,
        "day": 119,
        "year": 2014
    }
}