{
    "day": {
        "Adj Close": 44.993155,
        "Close": 47.349998,
        "Company": "LPLA",
        "Date": "2014-04-30",
        "High": 47.419998,
        "Low": 46.700001,
        "Open": 47.009998,
        "Volume": 884000,
        "day": 120,
        "year": 2014
    }
}