{
    "day": {
        "Adj Close": 44.439601,
        "Close": 46.529999,
        "Company": "LPLA",
        "Date": "2014-05-05",
        "High": 46.720001,
        "Low": 45.82,
        "Open": 46.169998,
        "Volume": 996500,
        "day": 125,
        "year": 2014
    }
}