{
    "day": {
        "Adj Close": 46.722228,
        "Close": 48.919998,
        "Company": "LPLA",
        "Date": "2014-06-16",
        "High": 49.25,
        "Low": 48.459999,
        "Open": 48.740002,
        "Volume": 672200,
        "day": 167,
        "year": 2014
    }
}