{
    "day": {
        "Adj Close": 47.266623,
        "Close": 49.490002,
        "Company": "LPLA",
        "Date": "2014-06-26",
        "High": 49.889999,
        "Low": 48.91,
        "Open": 49.889999,
        "Volume": 528100,
        "day": 177,
        "year": 2014
    }
}