{
    "day": {
        "Adj Close": 50.545337,
        "Close": 53.43,
        "Company": "LPLA",
        "Date": "2014-01-21",
        "High": 53.860001,
        "Low": 53.07,
        "Open": 53.09,
        "Volume": 781200,
        "day": 21,
        "year": 2014
    }
}