{
    "day": {
        "Adj Close": 44.707024,
        "Close": 46.810001,
        "Company": "LPLA",
        "Date": "2014-08-01",
        "High": 47.740002,
        "Low": 46.259998,
        "Open": 47.360001,
        "Volume": 845500,
        "day": 213,
        "year": 2014
    }
}