{
    "day": {
        "Adj Close": 44.506456,
        "Close": 46.599998,
        "Company": "LPLA",
        "Date": "2014-08-07",
        "High": 47.419998,
        "Low": 46.32,
        "Open": 47.110001,
        "Volume": 519800,
        "day": 219,
        "year": 2014
    }
}