{
    "day": {
        "Adj Close": 45.214877,
        "Close": 47.099998,
        "Company": "LPLA",
        "Date": "2014-08-13",
        "High": 47.490002,
        "Low": 46.77,
        "Open": 46.990002,
        "Volume": 264200,
        "day": 225,
        "year": 2014
    }
}