{
    "day": {
        "Adj Close": 51.226465,
        "Close": 54.150002,
        "Company": "LPLA",
        "Date": "2014-01-23",
        "High": 54.599998,
        "Low": 53.740002,
        "Open": 54.360001,
        "Volume": 2445000,
        "day": 23,
        "year": 2014
    }
}