{
    "day": {
        "Adj Close": 46.606844,
        "Close": 48.549999,
        "Company": "LPLA",
        "Date": "2014-08-21",
        "High": 48.68,
        "Low": 47.810001,
        "Open": 47.880001,
        "Volume": 405000,
        "day": 233,
        "year": 2014
    }
}