{
    "day": {
        "Adj Close": 46.693242,
        "Close": 48.639999,
        "Company": "LPLA",
        "Date": "2014-08-22",
        "High": 49.040001,
        "Low": 48.220001,
        "Open": 48.549999,
        "Volume": 273200,
        "day": 234,
        "year": 2014
    }
}