{
    "day": {
        "Adj Close": 46.290053,
        "Close": 48.220001,
        "Company": "LPLA",
        "Date": "2014-09-24",
        "High": 48.529999,
        "Low": 47.75,
        "Open": 48.279999,
        "Volume": 293500,
        "day": 267,
        "year": 2014
    }
}