{
    "day": {
        "Adj Close": 43.592519,
        "Close": 45.41,
        "Company": "LPLA",
        "Date": "2014-10-03",
        "High": 45.93,
        "Low": 45.299999,
        "Open": 45.529999,
        "Volume": 2248700,
        "day": 276,
        "year": 2014
    }
}