{
    "day": {
        "Adj Close": 50.80076,
        "Close": 53.700001,
        "Company": "LPLA",
        "Date": "2014-01-28",
        "High": 53.740002,
        "Low": 52.560001,
        "Open": 52.619999,
        "Volume": 1544500,
        "day": 28,
        "year": 2014
    }
}