{
    "day": {
        "Adj Close": 42.968533,
        "Close": 44.759998,
        "Company": "LPLA",
        "Date": "2014-10-08",
        "High": 44.869999,
        "Low": 43.959999,
        "Open": 44.5,
        "Volume": 2269800,
        "day": 281,
        "year": 2014
    }
}