{
    "day": {
        "Adj Close": 39.704616,
        "Close": 41.360001,
        "Company": "LPLA",
        "Date": "2014-11-03",
        "High": 42.110001,
        "Low": 41.34,
        "Open": 41.34,
        "Volume": 1125800,
        "day": 307,
        "year": 2014
    }
}