{
    "day": {
        "Adj Close": 40.665523,
        "Close": 42.119999,
        "Company": "LPLA",
        "Date": "2014-11-06",
        "High": 42.57,
        "Low": 41.880001,
        "Open": 41.880001,
        "Volume": 568200,
        "day": 310,
        "year": 2014
    }
}