{
    "day": {
        "Adj Close": 41.785466,
        "Close": 43.279999,
        "Company": "LPLA",
        "Date": "2014-11-14",
        "High": 43.560001,
        "Low": 42.91,
        "Open": 43.080002,
        "Volume": 419400,
        "day": 318,
        "year": 2014
    }
}