{
    "day": {
        "Adj Close": 41.186877,
        "Close": 42.66,
        "Company": "LPLA",
        "Date": "2014-11-18",
        "High": 43.34,
        "Low": 42.610001,
        "Open": 43.07,
        "Volume": 587600,
        "day": 322,
        "year": 2014
    }
}