{
    "day": {
        "Adj Close": 40.511048,
        "Close": 41.959999,
        "Company": "LPLA",
        "Date": "2014-12-01",
        "High": 42.82,
        "Low": 41.5,
        "Open": 42.349998,
        "Volume": 570600,
        "day": 335,
        "year": 2014
    }
}