{
    "day": {
        "Adj Close": 41.032402,
        "Close": 42.5,
        "Company": "LPLA",
        "Date": "2014-12-02",
        "High": 42.639999,
        "Low": 41.98,
        "Open": 42.0,
        "Volume": 241500,
        "day": 336,
        "year": 2014
    }
}