{
    "day": {
        "Adj Close": 43.108161,
        "Close": 44.650002,
        "Company": "LPLA",
        "Date": "2014-12-18",
        "High": 44.82,
        "Low": 44.0,
        "Open": 44.439999,
        "Volume": 643300,
        "day": 352,
        "year": 2014
    }
}