{
    "day": {
        "Adj Close": 43.494346,
        "Close": 45.049999,
        "Company": "LPLA",
        "Date": "2014-12-29",
        "High": 45.32,
        "Low": 44.349998,
        "Open": 44.75,
        "Volume": 526800,
        "day": 363,
        "year": 2014
    }
}