{
    "day": {
        "Adj Close": 49.892591,
        "Close": 52.740002,
        "Company": "LPLA",
        "Date": "2014-02-10",
        "High": 53.919998,
        "Low": 52.0,
        "Open": 52.0,
        "Volume": 1721100,
        "day": 41,
        "year": 2014
    }
}