{
    "day": {
        "Adj Close": 51.718387,
        "Close": 54.669998,
        "Company": "LPLA",
        "Date": "2014-02-18",
        "High": 55.029999,
        "Low": 53.110001,
        "Open": 53.389999,
        "Volume": 751400,
        "day": 49,
        "year": 2014
    }
}