{
    "day": {
        "Adj Close": 50.475954,
        "Close": 53.119999,
        "Company": "LPLA",
        "Date": "2014-03-17",
        "High": 53.830002,
        "Low": 52.529999,
        "Open": 52.650002,
        "Volume": 1016000,
        "day": 76,
        "year": 2014
    }
}