{
    "day": {
        "Adj Close": 50.694505,
        "Close": 53.349998,
        "Company": "LPLA",
        "Date": "2014-03-18",
        "High": 53.52,
        "Low": 52.900002,
        "Open": 53.080002,
        "Volume": 391600,
        "day": 77,
        "year": 2014
    }
}