{
    "day": {
        "Adj Close": 48.746545,
        "Close": 51.299999,
        "Company": "LPLA",
        "Date": "2014-03-28",
        "High": 53.049999,
        "Low": 50.990002,
        "Open": 53.0,
        "Volume": 1352800,
        "day": 87,
        "year": 2014
    }
}