{
    "day": {
        "Adj Close": 27.074493, 
        "Close": 32.650002, 
        "Company": "WBA", 
        "Date": "2004-04-21", 
        "High": 32.790001, 
        "Low": 32.490002, 
        "Open": 32.540001, 
        "Volume": 2659200, 
        "day": 3, 
        "week": 17
    }
}