{
    "day": {
        "Adj Close": 12.490415, 
        "Close": 35.343761, 
        "Company": "TROW", 
        "Date": "1999-07-13", 
        "High": 36.4375, 
        "Low": 34.6875, 
        "Open": 35.5, 
        "Volume": 788200, 
        "day": 2, 
        "week": 28
    }
}