{
    "day": {
        "Adj Close": 33.810001, 
        "Close": 33.810001, 
        "Company": "TSLA", 
        "Date": "2012-02-28", 
        "High": 34.439999, 
        "Low": 33.169998, 
        "Open": 33.639999, 
        "Volume": 612200, 
        "day": 2, 
        "week": 9
    }
}