{
    "day": {
        "Adj Close": 82.58249, 
        "Close": 82.970001, 
        "Company": "WBA", 
        "Date": "2015-11-17", 
        "High": 83.739998, 
        "Low": 82.019997, 
        "Open": 82.160004, 
        "Volume": 4723400, 
        "day": 2, 
        "week": 47
    }
}