{
    "day": {
        "Adj Close": 22.700001,
        "Close": 22.700001,
        "Company": "TCBI",
        "Date": "2007-06-15",
        "High": 23.209999,
        "Low": 22.549999,
        "Open": 22.74,
        "Volume": 163000,
        "day": 5,
        "week": 24
    }
}