{
    "day": {
        "Adj Close": 45.195681,
        "Close": 47.080002,
        "Company": "LPLA",
        "Date": "2014-09-25",
        "High": 48.240002,
        "Low": 47.060001,
        "Open": 48.130001,
        "Volume": 361200,
        "day": 4,
        "week": 39
    }
}