{
    "day": {
        "Adj Close": 64.519997, 
        "Close": 64.519997, 
        "Company": "FANG", 
        "Date": "2015-09-01", 
        "High": 67.889999, 
        "Low": 63.689999, 
        "Open": 66.389999, 
        "Volume": 1462600, 
        "day": 1, 
        "month": 9
    }
}