{
    "day": {
        "Adj Close": 69.809998, 
        "Close": 69.809998, 
        "Company": "FANG", 
        "Date": "2015-09-17", 
        "High": 71.639999, 
        "Low": 69.440002, 
        "Open": 70.18, 
        "Volume": 1012300, 
        "day": 17, 
        "month": 9
    }
}