{
    "day": {
        "Adj Close": 19.832083, 
        "Close": 51.34, 
        "Company": "TROW", 
        "Date": "2004-10-05", 
        "High": 51.959999, 
        "Low": 51.279999, 
        "Open": 51.91, 
        "Volume": 734400, 
        "day": 2, 
        "week": 41
    }
}