{
    "day": {
        "Adj Close": 17.385759, 
        "Close": 21.07, 
        "Company": "TROW", 
        "Date": "2009-03-06", 
        "High": 21.690001, 
        "Low": 20.09, 
        "Open": 21.65, 
        "Volume": 7417500, 
        "day": 5, 
        "week": 10
    }
}