{
    "day": {
        "Adj Close": 40.69449,
        "Close": 42.150002,
        "Company": "LPLA",
        "Date": "2014-11-19",
        "High": 42.509998,
        "Low": 41.939999,
        "Open": 42.509998,
        "Volume": 436600,
        "day": 19,
        "month": 11
    }
}