{
    "day": {
        "Adj Close": 39.935008,
        "Close": 41.599998,
        "Company": "LPLA",
        "Date": "2014-11-04",
        "High": 41.810001,
        "Low": 41.029999,
        "Open": 41.18,
        "Volume": 1035900,
        "day": 4,
        "month": 11
    }
}