{
    "day": {
        "Adj Close": 40.588288,
        "Close": 42.040001,
        "Company": "LPLA",
        "Date": "2014-11-07",
        "High": 42.32,
        "Low": 41.720001,
        "Open": 41.990002,
        "Volume": 560600,
        "day": 7,
        "month": 11
    }
}