{
    "day": {
        "Adj Close": 34.725553,
        "Close": 36.880001,
        "Company": "LPLA",
        "Date": "2013-09-03",
        "High": 37.200001,
        "Low": 36.669998,
        "Open": 37.119999,
        "Volume": 727100,
        "day": 2,
        "week": 36
    }
}