{
    "day": {
        "Adj Close": 34.782045,
        "Close": 36.939999,
        "Company": "LPLA",
        "Date": "2013-09-04",
        "High": 37.360001,
        "Low": 36.650002,
        "Open": 36.82,
        "Volume": 801100,
        "day": 3,
        "week": 36
    }
}