{
    "day": {
        "Adj Close": 65.072561, 
        "Close": 65.559998, 
        "Company": "TROW", 
        "Date": "2016-01-19", 
        "High": 66.540001, 
        "Low": 65.07, 
        "Open": 65.949997, 
        "Volume": 2025200, 
        "day": 2, 
        "week": 3
    }
}