{
    "day": {
        "Adj Close": 64.606055, 
        "Close": 65.089996, 
        "Company": "TROW", 
        "Date": "2016-01-20", 
        "High": 65.769997, 
        "Low": 63.75, 
        "Open": 64.400002, 
        "Volume": 2598100, 
        "day": 3, 
        "week": 3
    }
}