{
    "day": {
        "Adj Close": 34.44574, 
        "Close": 39.400002, 
        "Company": "WBA", 
        "Date": "2009-11-16", 
        "High": 39.630001, 
        "Low": 39.16, 
        "Open": 39.43, 
        "Volume": 5770100, 
        "day": 16, 
        "month": 11
    }
}