{
    "day": {
        "Adj Close": 33.723845, 
        "Close": 38.709999, 
        "Company": "WBA", 
        "Date": "2009-11-02", 
        "High": 38.82, 
        "Low": 37.849998, 
        "Open": 38.119999, 
        "Volume": 8318300, 
        "day": 2, 
        "month": 11
    }
}