{
    "day": {
        "Adj Close": 34.473071, 
        "Close": 39.57, 
        "Company": "WBA", 
        "Date": "2009-11-06", 
        "High": 40.259998, 
        "Low": 39.43, 
        "Open": 39.939999, 
        "Volume": 8223300, 
        "day": 6, 
        "month": 11
    }
}