{
    "day": {
        "Adj Close": 38.651052, 
        "Close": 46.310001, 
        "Company": "WBA", 
        "Date": "2005-05-23", 
        "High": 46.740002, 
        "Low": 46.0, 
        "Open": 46.599998, 
        "Volume": 2428500, 
        "day": 1, 
        "week": 21
    }
}