{
    "day": {
        "Adj Close": 1.439922, 
        "Close": 34.375038, 
        "Company": "WBA", 
        "Date": "1986-04-11", 
        "High": 34.875038, 
        "Low": 34.0, 
        "Open": 34.0, 
        "Volume": 776000, 
        "day": 101, 
        "year": 1986
    }
}