{
    "day": {
        "Adj Close": 1.466101, 
        "Close": 35.0, 
        "Company": "WBA", 
        "Date": "1986-04-17", 
        "High": 35.375038, 
        "Low": 34.75008, 
        "Open": 35.124962, 
        "Volume": 704000, 
        "day": 107, 
        "year": 1986
    }
}