{
    "day": {
        "Adj Close": 1.47657, 
        "Close": 35.24992, 
        "Company": "WBA", 
        "Date": "1986-04-21", 
        "High": 35.5, 
        "Low": 34.624962, 
        "Open": 34.875038, 
        "Volume": 1224000, 
        "day": 111, 
        "year": 1986
    }
}