{
    "day": {
        "Adj Close": 1.424212, 
        "Close": 34.0, 
        "Company": "WBA", 
        "Date": "1986-04-23", 
        "High": 34.5, 
        "Low": 33.5, 
        "Open": 34.124962, 
        "Volume": 1009600, 
        "day": 113, 
        "year": 1986
    }
}