{
    "day": {
        "Adj Close": 1.408503, 
        "Close": 33.624962, 
        "Company": "WBA", 
        "Date": "1986-04-30", 
        "High": 35.0, 
        "Low": 33.624962, 
        "Open": 35.0, 
        "Volume": 1996800, 
        "day": 120, 
        "year": 1986
    }
}