{
    "day": {
        "Adj Close": 1.073756, 
        "Close": 25.75008, 
        "Company": "WBA", 
        "Date": "1986-01-13", 
        "High": 26.12496, 
        "Low": 25.5, 
        "Open": 25.87504, 
        "Volume": 3425600, 
        "day": 13, 
        "year": 1986
    }
}