{
    "day": {
        "Adj Close": 1.539409, 
        "Close": 36.75008, 
        "Company": "WBA", 
        "Date": "1986-05-14", 
        "High": 37.375038, 
        "Low": 36.0, 
        "Open": 36.0, 
        "Volume": 2595200, 
        "day": 134, 
        "year": 1986
    }
}