{
    "day": {
        "Adj Close": 1.460599, 
        "Close": 34.75008, 
        "Company": "WBA", 
        "Date": "1986-05-16", 
        "High": 35.0, 
        "Low": 34.624962, 
        "Open": 34.875038, 
        "Volume": 1478400, 
        "day": 136, 
        "year": 1986
    }
}