{
    "day": {
        "Adj Close": 1.528898, 
        "Close": 36.375038, 
        "Company": "WBA", 
        "Date": "1986-05-22", 
        "High": 36.624962, 
        "Low": 36.124962, 
        "Open": 36.375038, 
        "Volume": 2014400, 
        "day": 142, 
        "year": 1986
    }
}