{
    "day": {
        "Adj Close": 1.063328, 
        "Close": 25.5, 
        "Company": "WBA", 
        "Date": "1986-01-16", 
        "High": 25.62496, 
        "Low": 25.12496, 
        "Open": 25.37504, 
        "Volume": 6288000, 
        "day": 16, 
        "year": 1986
    }
}