{
    "day": {
        "Adj Close": 1.607702, 
        "Close": 38.24992, 
        "Company": "WBA", 
        "Date": "1986-06-26", 
        "High": 38.5, 
        "Low": 38.0, 
        "Open": 38.124962, 
        "Volume": 1468800, 
        "day": 177, 
        "year": 1986
    }
}