{
    "day": {
        "Adj Close": 1.141515, 
        "Close": 27.37504, 
        "Company": "WBA", 
        "Date": "1986-01-02", 
        "High": 28.12496, 
        "Low": 27.24992, 
        "Open": 28.12496, 
        "Volume": 982400, 
        "day": 2, 
        "year": 1986
    }
}