{
    "day": {
        "Adj Close": 1.50263, 
        "Close": 35.75008, 
        "Company": "WBA", 
        "Date": "1986-07-31", 
        "High": 36.124962, 
        "Low": 35.624962, 
        "Open": 36.124962, 
        "Volume": 812800, 
        "day": 212, 
        "year": 1986
    }
}