{
    "day": {
        "Adj Close": 1.450087, 
        "Close": 34.5, 
        "Company": "WBA", 
        "Date": "1986-08-01", 
        "High": 35.875038, 
        "Low": 34.5, 
        "Open": 35.875038, 
        "Volume": 1833600, 
        "day": 213, 
        "year": 1986
    }
}