{
    "day": {
        "Adj Close": 1.068538, 
        "Close": 25.62496, 
        "Company": "WBA", 
        "Date": "1986-01-24", 
        "High": 25.75008, 
        "Low": 25.24992, 
        "Open": 25.5, 
        "Volume": 1913600, 
        "day": 24, 
        "year": 1986
    }
}