{
    "day": {
        "Adj Close": 1.407494, 
        "Close": 33.375038, 
        "Company": "WBA", 
        "Date": "1986-09-09", 
        "High": 33.875038, 
        "Low": 33.375038, 
        "Open": 33.624962, 
        "Volume": 2739200, 
        "day": 252, 
        "year": 1986
    }
}