{
    "day": {
        "Adj Close": 1.280978, 
        "Close": 30.37504, 
        "Company": "WBA", 
        "Date": "1986-09-15", 
        "High": 30.62496, 
        "Low": 29.87504, 
        "Open": 30.12496, 
        "Volume": 5352000, 
        "day": 258, 
        "year": 1986
    }
}