{
    "day": {
        "Adj Close": 1.280978, 
        "Close": 30.37504, 
        "Company": "WBA", 
        "Date": "1986-09-16", 
        "High": 30.5, 
        "Low": 29.75008, 
        "Open": 30.37504, 
        "Volume": 5120000, 
        "day": 259, 
        "year": 1986
    }
}