{
    "day": {
        "Adj Close": 1.296794, 
        "Close": 30.75008, 
        "Company": "WBA", 
        "Date": "1986-10-09", 
        "High": 31.24992, 
        "Low": 30.75008, 
        "Open": 31.12496, 
        "Volume": 1747200, 
        "day": 282, 
        "year": 1986
    }
}