{
    "day": {
        "Adj Close": 1.291517, 
        "Close": 30.62496, 
        "Company": "WBA", 
        "Date": "1986-10-10", 
        "High": 31.0, 
        "Low": 30.62496, 
        "Open": 30.87504, 
        "Volume": 1363200, 
        "day": 283, 
        "year": 1986
    }
}