{
    "day": {
        "Adj Close": 1.307333, 
        "Close": 31.0, 
        "Company": "WBA", 
        "Date": "1986-10-22", 
        "High": 31.62496, 
        "Low": 31.0, 
        "Open": 31.0, 
        "Volume": 1254400, 
        "day": 295, 
        "year": 1986
    }
}