{
    "day": {
        "Adj Close": 1.418481, 
        "Close": 33.5, 
        "Company": "WBA", 
        "Date": "1986-11-28", 
        "High": 33.5, 
        "Low": 32.375038, 
        "Open": 33.124962, 
        "Volume": 881600, 
        "day": 332, 
        "year": 1986
    }
}