{
    "day": {
        "Adj Close": 1.407892, 
        "Close": 33.24992, 
        "Company": "WBA", 
        "Date": "1986-12-01", 
        "High": 33.5, 
        "Low": 32.24992, 
        "Open": 33.5, 
        "Volume": 1726400, 
        "day": 335, 
        "year": 1986
    }
}