{
    "day": {
        "Adj Close": 1.444944, 
        "Close": 34.124962, 
        "Company": "WBA", 
        "Date": "1986-12-03", 
        "High": 34.5, 
        "Low": 34.0, 
        "Open": 34.0, 
        "Volume": 2446400, 
        "day": 337, 
        "year": 1986
    }
}