{
    "day": {
        "Adj Close": 1.099816, 
        "Close": 26.37504, 
        "Company": "WBA", 
        "Date": "1986-02-03", 
        "High": 26.37504, 
        "Low": 26.0, 
        "Open": 26.24992, 
        "Volume": 4470400, 
        "day": 34, 
        "year": 1986
    }
}