{
    "day": {
        "Adj Close": 1.418481, 
        "Close": 33.5, 
        "Company": "WBA", 
        "Date": "1986-12-09", 
        "High": 33.75008, 
        "Low": 33.375038, 
        "Open": 33.624962, 
        "Volume": 1129600, 
        "day": 343, 
        "year": 1986
    }
}