{
    "day": {
        "Adj Close": 1.167646, 
        "Close": 27.87504, 
        "Company": "WBA", 
        "Date": "1986-02-14", 
        "High": 27.87504, 
        "Low": 26.75008, 
        "Open": 27.0, 
        "Volume": 2438400, 
        "day": 45, 
        "year": 1986
    }
}