{
    "day": {
        "Adj Close": 1.282837, 
        "Close": 30.62496, 
        "Company": "WBA", 
        "Date": "1986-02-21", 
        "High": 31.12496, 
        "Low": 30.0, 
        "Open": 30.0, 
        "Volume": 3564800, 
        "day": 52, 
        "year": 1986
    }
}