{
    "day": {
        "Adj Close": 1.246189, 
        "Close": 29.75008, 
        "Company": "WBA", 
        "Date": "1986-02-25", 
        "High": 30.12496, 
        "Low": 29.5, 
        "Open": 29.5, 
        "Volume": 1440000, 
        "day": 56, 
        "year": 1986
    }
}