{
    "day": {
        "Adj Close": 1.398034, 
        "Close": 33.375038, 
        "Company": "WBA", 
        "Date": "1986-03-12", 
        "High": 34.124962, 
        "Low": 32.75008, 
        "Open": 33.875038, 
        "Volume": 2627200, 
        "day": 71, 
        "year": 1986
    }
}