{
    "day": {
        "Adj Close": 1.424212, 
        "Close": 34.0, 
        "Company": "WBA", 
        "Date": "1986-04-01", 
        "High": 34.24992, 
        "Low": 33.0, 
        "Open": 33.124962, 
        "Volume": 2436800, 
        "day": 91, 
        "year": 1986
    }
}