{
    "day": {
        "Adj Close": 1.413744, 
        "Close": 33.75008, 
        "Company": "WBA", 
        "Date": "1986-04-02", 
        "High": 33.75008, 
        "Low": 33.124962, 
        "Open": 33.75008, 
        "Volume": 1385600, 
        "day": 92, 
        "year": 1986
    }
}