{
    "day": {
        "Adj Close": 1.382324, 
        "Close": 33.0, 
        "Company": "WBA", 
        "Date": "1986-04-08", 
        "High": 33.24992, 
        "Low": 31.87504, 
        "Open": 31.87504, 
        "Volume": 3532800, 
        "day": 98, 
        "year": 1986
    }
}