{
    "day": {
        "Adj Close": 1.413744, 
        "Close": 33.75008, 
        "Company": "WBA", 
        "Date": "1986-04-09", 
        "High": 33.875038, 
        "Low": 33.24992, 
        "Open": 33.24992, 
        "Volume": 2251200, 
        "day": 99, 
        "year": 1986
    }
}