{
    "day": {
        "Adj Close": 17.081482, 
        "Close": 31.73, 
        "Company": "MDLZ", 
        "Date": "2008-10-06", 
        "High": 33.0, 
        "Low": 31.1, 
        "Open": 32.400002, 
        "Volume": 21207000, 
        "day": 1, 
        "week": 41
    }
}