{
    "day": {
        "Adj Close": 50.808535,
        "Close": 53.470001,
        "Company": "LPLA",
        "Date": "2014-03-06",
        "High": 54.380001,
        "Low": 53.41,
        "Open": 54.25,
        "Volume": 614400,
        "day": 4,
        "week": 10
    }
}