{
    "day": {
        "Adj Close": 83.839996, 
        "Close": 83.839996, 
        "Company": "FANG", 
        "Date": "2014-09-03", 
        "High": 84.540001, 
        "Low": 82.309998, 
        "Open": 83.989998, 
        "Volume": 969400, 
        "day": 3, 
        "week": 36
    }
}