{
    "day": {
        "Adj Close": 14.957393, 
        "Close": 32.299999, 
        "Company": "MDLZ", 
        "Date": "2003-07-01", 
        "High": 32.560001, 
        "Low": 32.150002, 
        "Open": 32.549999, 
        "Volume": 1545900, 
        "day": 2, 
        "week": 27
    }
}