{
    "day": {
        "Adj Close": 39.638057,
        "Close": 40.830002,
        "Company": "LPLA",
        "Date": "2015-04-28",
        "High": 41.09,
        "Low": 39.889999,
        "Open": 40.790001,
        "Volume": 1197300,
        "day": 2,
        "week": 18
    }
}