{
    "day": {
        "Adj Close": 39.861342,
        "Close": 41.060001,
        "Company": "LPLA",
        "Date": "2015-04-29",
        "High": 41.18,
        "Low": 40.400002,
        "Open": 40.860001,
        "Volume": 2672900,
        "day": 3,
        "week": 18
    }
}