{
    "day": {
        "Adj Close": 39.288566,
        "Close": 40.470001,
        "Company": "LPLA",
        "Date": "2015-04-30",
        "High": 41.439999,
        "Low": 39.990002,
        "Open": 41.099998,
        "Volume": 2062700,
        "day": 4,
        "week": 18
    }
}