{
    "day": {
        "Adj Close": 16.143176, 
        "Close": 31.52, 
        "Company": "MDLZ", 
        "Date": "2007-03-29", 
        "High": 31.780001, 
        "Low": 31.299999, 
        "Open": 31.469999, 
        "Volume": 7387700, 
        "day": 29, 
        "month": 3
    }
}