{
    "day": {
        "Adj Close": 16.214878, 
        "Close": 31.66, 
        "Company": "MDLZ", 
        "Date": "2007-03-30", 
        "High": 31.780001, 
        "Low": 31.09, 
        "Open": 31.42, 
        "Volume": 32441500, 
        "day": 30, 
        "month": 3
    }
}