{
    "day": {
        "Adj Close": 28.824065, 
        "Close": 31.25, 
        "Company": "WBA", 
        "Date": "2012-05-22", 
        "High": 31.51, 
        "Low": 31.139999, 
        "Open": 31.41, 
        "Volume": 5909400, 
        "day": 2, 
        "week": 21
    }
}