{
    "day": {
        "Adj Close": 35.769922, 
        "Close": 38.169998, 
        "Company": "WBA", 
        "Date": "2013-01-08", 
        "High": 38.220001, 
        "Low": 37.810001, 
        "Open": 38.02, 
        "Volume": 6952300, 
        "day": 2, 
        "week": 2
    }
}