{
    "day": {
        "Adj Close": 82.314634, 
        "Close": 83.720001, 
        "Company": "WBA", 
        "Date": "2015-03-13", 
        "High": 84.330002, 
        "Low": 83.290001, 
        "Open": 84.25, 
        "Volume": 3643600, 
        "day": 13, 
        "month": 3
    }
}