{
    "day": {
        "Adj Close": 83.022549, 
        "Close": 84.440002, 
        "Company": "WBA", 
        "Date": "2015-03-26", 
        "High": 85.879997, 
        "Low": 84.360001, 
        "Open": 84.510002, 
        "Volume": 5391400, 
        "day": 26, 
        "month": 3
    }
}