{
    "day": {
        "Adj Close": 38.592629, 
        "Close": 46.240002, 
        "Company": "WBA", 
        "Date": "2005-06-14", 
        "High": 46.389999, 
        "Low": 46.02, 
        "Open": 46.02, 
        "Volume": 2187300, 
        "day": 2, 
        "week": 24
    }
}