{
    "day": {
        "Adj Close": 6.857705, 
        "Close": 39.75, 
        "Company": "TROW", 
        "Date": "1997-04-24", 
        "High": 40.125, 
        "Low": 39.062481, 
        "Open": 39.125, 
        "Volume": 1321200, 
        "day": 4, 
        "week": 17
    }
}