{
    "day": {
        "Adj Close": 16.929951, 
        "Close": 33.549999, 
        "Company": "MDLZ", 
        "Date": "2006-09-13", 
        "High": 33.950001, 
        "Low": 33.450001, 
        "Open": 33.939999, 
        "Volume": 2037000, 
        "day": 3, 
        "week": 37
    }
}