{
    "day": {
        "Adj Close": 53.294738, 
        "Close": 61.0, 
        "Company": "TROW", 
        "Date": "2011-07-06", 
        "High": 61.049999, 
        "Low": 59.919998, 
        "Open": 60.549999, 
        "Volume": 1661100, 
        "day": 3, 
        "week": 27
    }
}