{
    "day": {
        "Adj Close": 4.000008, 
        "Close": 42.375038, 
        "Company": "WBA", 
        "Date": "1993-06-17", 
        "High": 42.5, 
        "Low": 41.5, 
        "Open": 41.5, 
        "Volume": 776800, 
        "day": 4, 
        "week": 24
    }
}