{
    "day": {
        "Adj Close": 40.573894, 
        "Close": 46.439999, 
        "Company": "TROW", 
        "Date": "2011-08-19", 
        "High": 48.650002, 
        "Low": 46.279999, 
        "Open": 46.650002, 
        "Volume": 4422300, 
        "day": 5, 
        "week": 33
    }
}