{
    "day": {
        "Adj Close": 10.476812, 
        "Close": 27.940001, 
        "Company": "TROW", 
        "Date": "2003-03-18", 
        "High": 27.940001, 
        "Low": 27.219999, 
        "Open": 27.59, 
        "Volume": 2331200, 
        "day": 2, 
        "week": 12
    }
}