{
    "day": {
        "Adj Close": 40.178433, 
        "Close": 46.919998, 
        "Company": "TROW", 
        "Date": "2010-09-07", 
        "High": 47.66, 
        "Low": 46.82, 
        "Open": 47.66, 
        "Volume": 1400300, 
        "day": 7, 
        "month": 9
    }
}