{
    "day": {
        "Adj Close": 40.820672, 
        "Close": 47.669998, 
        "Company": "TROW", 
        "Date": "2010-09-08", 
        "High": 47.900002, 
        "Low": 47.110001, 
        "Open": 47.110001, 
        "Volume": 1808500, 
        "day": 8, 
        "month": 9
    }
}