{
    "day": {
        "Adj Close": 20.940001, 
        "Close": 20.940001, 
        "Company": "TSLA", 
        "Date": "2010-09-16", 
        "High": 23.16, 
        "Low": 20.84, 
        "Open": 22.15, 
        "Volume": 2684500, 
        "day": 16, 
        "month": 9
    }
}