{
    "day": {
        "Adj Close": 19.870001, 
        "Close": 19.870001, 
        "Company": "TSLA", 
        "Date": "2010-09-22", 
        "High": 20.950001, 
        "Low": 19.799999, 
        "Open": 20.870001, 
        "Volume": 962900, 
        "day": 22, 
        "month": 9
    }
}