{
    "day": {
        "Adj Close": 20.709999, 
        "Close": 20.709999, 
        "Company": "TSLA", 
        "Date": "2010-09-09", 
        "High": 21.049999, 
        "Low": 20.690001, 
        "Open": 21.0, 
        "Volume": 376200, 
        "day": 9, 
        "month": 9
    }
}