{
    "day": {
        "Adj Close": 13.118795, 
        "Close": 36.060001, 
        "Company": "TROW", 
        "Date": "2001-07-20", 
        "High": 36.330002, 
        "Low": 35.060001, 
        "Open": 35.25, 
        "Volume": 1473200, 
        "day": 20, 
        "month": 7
    }
}