{
    "day": {
        "Adj Close": 13.558998, 
        "Close": 37.27, 
        "Company": "TROW", 
        "Date": "2001-07-26", 
        "High": 37.279999, 
        "Low": 36.0, 
        "Open": 36.560001, 
        "Volume": 872800, 
        "day": 26, 
        "month": 7
    }
}