{
    "day": {
        "Adj Close": 13.810023, 
        "Close": 37.959999, 
        "Company": "TROW", 
        "Date": "2001-07-31", 
        "High": 38.57, 
        "Low": 37.700001, 
        "Open": 37.889999, 
        "Volume": 1015800, 
        "day": 31, 
        "month": 7
    }
}