{
    "day": {
        "Adj Close": 17.017931, 
        "Close": 29.290001, 
        "Company": "MDLZ", 
        "Date": "2010-08-24", 
        "High": 29.530001, 
        "Low": 28.879999, 
        "Open": 28.879999, 
        "Volume": 14272500, 
        "day": 2, 
        "week": 34
    }
}