{
    "day": {
        "Adj Close": 166.970001, 
        "Close": 166.970001, 
        "Company": "TSLA", 
        "Date": "2013-09-06", 
        "High": 169.699997, 
        "Low": 165.149994, 
        "Open": 168.570007, 
        "Volume": 8619700, 
        "day": 5, 
        "week": 36
    }
}