{
    "day": {
        "Adj Close": 32.727847, 
        "Close": 40.0, 
        "Company": "WBA", 
        "Date": "2001-04-03", 
        "High": 40.490002, 
        "Low": 39.720001, 
        "Open": 40.330002, 
        "Volume": 3782700, 
        "day": 2, 
        "week": 14
    }
}