{
    "day": {
        "Adj Close": 29.280001, 
        "Close": 29.280001, 
        "Company": "TSLA", 
        "Date": "2012-09-28", 
        "High": 29.889999, 
        "Low": 28.610001, 
        "Open": 28.73, 
        "Volume": 4343400, 
        "day": 5, 
        "week": 39
    }
}