{
    "day": {
        "Adj Close": 20.802303, 
        "Close": 34.830002, 
        "Company": "MDLZ", 
        "Date": "2011-05-17", 
        "High": 34.919998, 
        "Low": 34.48, 
        "Open": 34.509998, 
        "Volume": 11620400, 
        "day": 2, 
        "week": 20
    }
}