{
    "day": {
        "Adj Close": 20.832165, 
        "Close": 34.880001, 
        "Company": "MDLZ", 
        "Date": "2011-05-18", 
        "High": 34.950001, 
        "Low": 34.68, 
        "Open": 34.830002, 
        "Volume": 7096100, 
        "day": 3, 
        "week": 20
    }
}