{
    "day": {
        "Adj Close": 17.505734, 
        "Close": 32.790001, 
        "Company": "MDLZ", 
        "Date": "2008-09-10", 
        "High": 33.060001, 
        "Low": 32.610001, 
        "Open": 32.759998, 
        "Volume": 12421200, 
        "day": 10, 
        "month": 9
    }
}