{
    "day": {
        "Adj Close": 249.449997, 
        "Close": 249.449997, 
        "Company": "TSLA", 
        "Date": "2015-06-01", 
        "High": 251.600006, 
        "Low": 247.470001, 
        "Open": 251.410004, 
        "Volume": 2505100, 
        "day": 1, 
        "month": 6
    }
}