{
    "day": {
        "Adj Close": 250.690002, 
        "Close": 250.690002, 
        "Company": "TSLA", 
        "Date": "2015-06-12", 
        "High": 253.460007, 
        "Low": 250.210007, 
        "Open": 250.210007, 
        "Volume": 1422300, 
        "day": 12, 
        "month": 6
    }
}