{
    "day": {
        "Adj Close": 259.790009, 
        "Close": 259.790009, 
        "Company": "TSLA", 
        "Date": "2015-06-22", 
        "High": 264.399994, 
        "Low": 255.690002, 
        "Open": 262.149994, 
        "Volume": 4561100, 
        "day": 22, 
        "month": 6
    }
}