{
    "day": {
        "Adj Close": 268.790009, 
        "Close": 268.790009, 
        "Company": "TSLA", 
        "Date": "2015-06-25", 
        "High": 271.410004, 
        "Low": 265.25, 
        "Open": 266.450012, 
        "Volume": 2849200, 
        "day": 25, 
        "month": 6
    }
}