{
    "day": {
        "Adj Close": 23.185783, 
        "Close": 59.799999, 
        "Company": "TROW", 
        "Date": "2005-02-23", 
        "High": 60.220001, 
        "Low": 59.540001, 
        "Open": 59.779999, 
        "Volume": 1161600, 
        "day": 23, 
        "month": 2
    }
}