{
    "day": {
        "Adj Close": 70.504257, 
        "Close": 76.839996, 
        "Company": "TROW", 
        "Date": "2013-10-21", 
        "High": 77.150002, 
        "Low": 76.559998, 
        "Open": 77.07, 
        "Volume": 924900, 
        "day": 1, 
        "week": 43
    }
}