{
    "day": {
        "Adj Close": 46.175486, 
        "Close": 52.52, 
        "Company": "TROW", 
        "Date": "2011-11-17", 
        "High": 53.740002, 
        "Low": 52.279999, 
        "Open": 53.34, 
        "Volume": 2591600, 
        "day": 4, 
        "week": 46
    }
}