{
    "day": {
        "Adj Close": 17.049999,
        "Close": 17.049999,
        "Company": "TCBI",
        "Date": "2010-02-18",
        "High": 17.049999,
        "Low": 16.76,
        "Open": 16.799999,
        "Volume": 91600,
        "day": 18,
        "month": 2
    }
}