{
    "day": {
        "Adj Close": 16.639999,
        "Close": 16.639999,
        "Company": "TCBI",
        "Date": "2010-02-23",
        "High": 17.02,
        "Low": 16.49,
        "Open": 17.0,
        "Volume": 305900,
        "day": 23,
        "month": 2
    }
}