{
    "day": {
        "Adj Close": 1.519168, 
        "Close": 34.624962, 
        "Company": "WBA", 
        "Date": "1989-01-24", 
        "High": 35.5, 
        "Low": 34.5, 
        "Open": 35.375038, 
        "Volume": 5798400, 
        "day": 2, 
        "week": 4
    }
}