{
    "day": {
        "Adj Close": 3.882777, 
        "Close": 40.624962, 
        "Company": "WBA", 
        "Date": "1994-02-25", 
        "High": 41.124962, 
        "Low": 40.375038, 
        "Open": 41.0, 
        "Volume": 1372800, 
        "day": 5, 
        "week": 8
    }
}