{
    "day": {
        "Adj Close": 52.720001,
        "Close": 52.720001,
        "Company": "TCBI",
        "Date": "2014-12-17",
        "High": 53.200001,
        "Low": 51.939999,
        "Open": 52.59,
        "Volume": 1237200,
        "day": 17,
        "month": 12
    }
}