{
    "day": {
        "Adj Close": 54.330002,
        "Close": 54.330002,
        "Company": "TCBI",
        "Date": "2014-12-31",
        "High": 55.25,
        "Low": 54.259998,
        "Open": 54.98,
        "Volume": 371400,
        "day": 31,
        "month": 12
    }
}