{
    "day": {
        "Adj Close": 56.16,
        "Close": 56.16,
        "Company": "TCBI",
        "Date": "2014-12-09",
        "High": 56.189999,
        "Low": 53.759998,
        "Open": 55.049999,
        "Volume": 1220700,
        "day": 9,
        "month": 12
    }
}