{
    "day": {
        "Adj Close": 40.238379, 
        "Close": 46.990002, 
        "Company": "TROW", 
        "Date": "2010-06-28", 
        "High": 48.0, 
        "Low": 46.93, 
        "Open": 47.549999, 
        "Volume": 1598300, 
        "day": 1, 
        "week": 26
    }
}