{
    "day": {
        "Adj Close": 21.959999, 
        "Close": 21.959999, 
        "Company": "TSLA", 
        "Date": "2010-07-01", 
        "High": 25.92, 
        "Low": 20.27, 
        "Open": 25.0, 
        "Volume": 8218800, 
        "day": 182, 
        "year": 2010
    }
}