{
    "day": {
        "Adj Close": 19.200001, 
        "Close": 19.200001, 
        "Company": "TSLA", 
        "Date": "2010-07-02", 
        "High": 23.1, 
        "Low": 18.709999, 
        "Open": 23.0, 
        "Volume": 5139800, 
        "day": 183, 
        "year": 2010
    }
}