{
    "day": {
        "Adj Close": 17.459999, 
        "Close": 17.459999, 
        "Company": "TSLA", 
        "Date": "2010-07-08", 
        "High": 17.52, 
        "Low": 15.57, 
        "Open": 16.139999, 
        "Volume": 7711400, 
        "day": 189, 
        "year": 2010
    }
}