{
    "day": {
        "Adj Close": 17.049999, 
        "Close": 17.049999, 
        "Company": "TSLA", 
        "Date": "2010-07-12", 
        "High": 18.07, 
        "Low": 17.0, 
        "Open": 17.950001, 
        "Volume": 2202500, 
        "day": 193, 
        "year": 2010
    }
}