{
    "day": {
        "Adj Close": 19.889999, 
        "Close": 19.889999, 
        "Company": "TSLA", 
        "Date": "2010-07-15", 
        "High": 21.5, 
        "Low": 19.0, 
        "Open": 19.940001, 
        "Volume": 3739800, 
        "day": 196, 
        "year": 2010
    }
}