{
    "day": {
        "Adj Close": 19.15, 
        "Close": 19.15, 
        "Company": "TSLA", 
        "Date": "2010-08-17", 
        "High": 19.4, 
        "Low": 18.780001, 
        "Open": 18.959999, 
        "Volume": 447900, 
        "day": 229, 
        "year": 2010
    }
}