{
    "day": {
        "Adj Close": 19.200001, 
        "Close": 19.200001, 
        "Company": "TSLA", 
        "Date": "2010-08-24", 
        "High": 19.709999, 
        "Low": 18.950001, 
        "Open": 19.25, 
        "Volume": 673100, 
        "day": 236, 
        "year": 2010
    }
}