{
    "day": {
        "Adj Close": 21.059999, 
        "Close": 21.059999, 
        "Company": "TSLA", 
        "Date": "2010-09-02", 
        "High": 21.24, 
        "Low": 20.309999, 
        "Open": 20.370001, 
        "Volume": 487100, 
        "day": 245, 
        "year": 2010
    }
}