{
    "day": {
        "Adj Close": 20.459999, 
        "Close": 20.459999, 
        "Company": "TSLA", 
        "Date": "2010-10-06", 
        "High": 21.26, 
        "Low": 20.32, 
        "Open": 21.059999, 
        "Volume": 313400, 
        "day": 279, 
        "year": 2010
    }
}