{
    "day": {
        "Adj Close": 20.719999, 
        "Close": 20.719999, 
        "Company": "TSLA", 
        "Date": "2010-10-22", 
        "High": 20.93, 
        "Low": 20.549999, 
        "Open": 20.68, 
        "Volume": 161100, 
        "day": 295, 
        "year": 2010
    }
}