{
    "day": {
        "Adj Close": 29.889999, 
        "Close": 29.889999, 
        "Company": "TSLA", 
        "Date": "2010-11-18", 
        "High": 30.74, 
        "Low": 28.92, 
        "Open": 30.67, 
        "Volume": 956100, 
        "day": 322, 
        "year": 2010
    }
}