{
    "day": {
        "Adj Close": 32.349998, 
        "Close": 32.349998, 
        "Company": "TSLA", 
        "Date": "2010-12-02", 
        "High": 34.299999, 
        "Low": 31.200001, 
        "Open": 34.009998, 
        "Volume": 2007000, 
        "day": 336, 
        "year": 2010
    }
}