{
    "day": {
        "Adj Close": 32.369999, 
        "Close": 32.369999, 
        "Company": "TSLA", 
        "Date": "2010-12-08", 
        "High": 32.490002, 
        "Low": 31.52, 
        "Open": 32.48, 
        "Volume": 660000, 
        "day": 342, 
        "year": 2010
    }
}