{
    "day": {
        "Adj Close": 31.52, 
        "Close": 31.52, 
        "Company": "TSLA", 
        "Date": "2010-12-10", 
        "High": 32.919998, 
        "Low": 31.129999, 
        "Open": 32.049999, 
        "Volume": 429400, 
        "day": 344, 
        "year": 2010
    }
}