{
    "day": {
        "Adj Close": 13.691428, 
        "Close": 30.41, 
        "Company": "MDLZ", 
        "Date": "2001-06-28", 
        "High": 30.440001, 
        "Low": 29.969999, 
        "Open": 29.98, 
        "Volume": 2778100, 
        "day": 179, 
        "year": 2001
    }
}