{
    "day": {
        "Adj Close": 14.047109, 
        "Close": 31.200001, 
        "Company": "MDLZ", 
        "Date": "2001-07-20", 
        "High": 31.34, 
        "Low": 31.01, 
        "Open": 31.25, 
        "Volume": 1390900, 
        "day": 201, 
        "year": 2001
    }
}