{
    "day": {
        "Adj Close": 13.821995, 
        "Close": 30.700001, 
        "Company": "MDLZ", 
        "Date": "2001-08-03", 
        "High": 30.98, 
        "Low": 30.5, 
        "Open": 30.860001, 
        "Volume": 456800, 
        "day": 215, 
        "year": 2001
    }
}