{
    "day": {
        "Adj Close": 13.664415, 
        "Close": 30.35, 
        "Company": "MDLZ", 
        "Date": "2001-08-06", 
        "High": 30.84, 
        "Low": 30.25, 
        "Open": 30.709999, 
        "Volume": 847600, 
        "day": 218, 
        "year": 2001
    }
}