{
    "day": {
        "Adj Close": 14.880029, 
        "Close": 33.049999, 
        "Company": "MDLZ", 
        "Date": "2001-09-04", 
        "High": 33.290001, 
        "Low": 32.200001, 
        "Open": 32.700001, 
        "Volume": 1841800, 
        "day": 247, 
        "year": 2001
    }
}