{
    "day": {
        "Adj Close": 15.285235, 
        "Close": 33.950001, 
        "Company": "MDLZ", 
        "Date": "2001-10-09", 
        "High": 34.0, 
        "Low": 33.599998, 
        "Open": 33.700001, 
        "Volume": 2067500, 
        "day": 282, 
        "year": 2001
    }
}