{
    "day": {
        "Adj Close": 15.015097, 
        "Close": 33.349998, 
        "Company": "MDLZ", 
        "Date": "2001-10-15", 
        "High": 33.77, 
        "Low": 33.130001, 
        "Open": 33.150002, 
        "Volume": 1082200, 
        "day": 288, 
        "year": 2001
    }
}