{
    "day": {
        "Adj Close": 15.875032, 
        "Close": 35.259998, 
        "Company": "MDLZ", 
        "Date": "2001-10-22", 
        "High": 35.279999, 
        "Low": 34.560001, 
        "Open": 34.599998, 
        "Volume": 1885500, 
        "day": 295, 
        "year": 2001
    }
}