{
    "day": {
        "Adj Close": 15.712952, 
        "Close": 34.900002, 
        "Company": "MDLZ", 
        "Date": "2001-10-25", 
        "High": 35.0, 
        "Low": 34.610001, 
        "Open": 34.75, 
        "Volume": 1299300, 
        "day": 298, 
        "year": 2001
    }
}