{
    "day": {
        "Adj Close": 15.496841, 
        "Close": 34.419998, 
        "Company": "MDLZ", 
        "Date": "2001-11-12", 
        "High": 34.700001, 
        "Low": 34.299999, 
        "Open": 34.48, 
        "Volume": 772000, 
        "day": 316, 
        "year": 2001
    }
}