{
    "day": {
        "Adj Close": 15.285235, 
        "Close": 33.950001, 
        "Company": "MDLZ", 
        "Date": "2001-11-14", 
        "High": 34.209999, 
        "Low": 33.57, 
        "Open": 33.799999, 
        "Volume": 1256800, 
        "day": 318, 
        "year": 2001
    }
}