{
    "day": {
        "Adj Close": 15.262724, 
        "Close": 33.900002, 
        "Company": "MDLZ", 
        "Date": "2001-11-21", 
        "High": 34.040001, 
        "Low": 33.209999, 
        "Open": 33.25, 
        "Volume": 1162200, 
        "day": 325, 
        "year": 2001
    }
}