{
    "day": {
        "Adj Close": 14.551363, 
        "Close": 32.32, 
        "Company": "MDLZ", 
        "Date": "2001-12-12", 
        "High": 32.490002, 
        "Low": 31.959999, 
        "Open": 32.0, 
        "Volume": 1652600, 
        "day": 346, 
        "year": 2001
    }
}