{
    "day": {
        "Adj Close": 15.389132, 
        "Close": 34.049999, 
        "Company": "MDLZ", 
        "Date": "2001-12-20", 
        "High": 34.049999, 
        "Low": 33.599998, 
        "Open": 33.700001, 
        "Volume": 1366300, 
        "day": 354, 
        "year": 2001
    }
}