{
    "day": {
        "Adj Close": 15.276143, 
        "Close": 33.799999, 
        "Company": "MDLZ", 
        "Date": "2001-12-28", 
        "High": 33.970001, 
        "Low": 33.5, 
        "Open": 33.5, 
        "Volume": 898100, 
        "day": 362, 
        "year": 2001
    }
}