{
    "day": {
        "Adj Close": 1.666099, 
        "Close": 41.75008, 
        "Company": "TROW", 
        "Date": "1992-08-14", 
        "High": 42.24992, 
        "Low": 41.75008, 
        "Open": 42.24992, 
        "Volume": 105600, 
        "day": 14, 
        "month": 8
    }
}