{
    "day": {
        "Adj Close": 1.666099, 
        "Close": 41.75008, 
        "Company": "TROW", 
        "Date": "1992-08-17", 
        "High": 42.24992, 
        "Low": 41.0, 
        "Open": 42.24992, 
        "Volume": 299200, 
        "day": 17, 
        "month": 8
    }
}