{
    "day": {
        "Adj Close": 1.626192, 
        "Close": 40.75008, 
        "Company": "TROW", 
        "Date": "1992-08-19", 
        "High": 41.24992, 
        "Low": 40.75008, 
        "Open": 40.75008, 
        "Volume": 708800, 
        "day": 19, 
        "month": 8
    }
}