{
    "day": {
        "Adj Close": 17.954416, 
        "Close": 30.620001, 
        "Company": "MDLZ", 
        "Date": "2010-11-09", 
        "High": 31.290001, 
        "Low": 30.5, 
        "Open": 31.290001, 
        "Volume": 13387700, 
        "day": 2, 
        "week": 45
    }
}