{
    "day": {
        "Adj Close": 24.784863, 
        "Close": 63.209999, 
        "Company": "TROW", 
        "Date": "2005-10-07", 
        "High": 64.18, 
        "Low": 63.16, 
        "Open": 64.18, 
        "Volume": 1199200, 
        "day": 5, 
        "week": 40
    }
}