{
    "day": {
        "Adj Close": 13.866523,
        "Close": 16.549999,
        "Company": "SUNS",
        "Date": "2014-06-03",
        "High": 16.59,
        "Low": 16.360001,
        "Open": 16.52,
        "Volume": 71100,
        "day": 3,
        "month": 6
    }
}