{
    "day": {
        "Adj Close": 13.908417,
        "Close": 16.6,
        "Company": "SUNS",
        "Date": "2014-06-05",
        "High": 16.66,
        "Low": 16.440001,
        "Open": 16.549999,
        "Volume": 30500,
        "day": 5,
        "month": 6
    }
}