{
    "day": {
        "Adj Close": 13.925174,
        "Close": 16.620001,
        "Company": "SUNS",
        "Date": "2014-06-09",
        "High": 16.66,
        "Low": 16.4,
        "Open": 16.59,
        "Volume": 42400,
        "day": 9,
        "month": 6
    }
}