{
    "day": {
        "Adj Close": 198.119995, 
        "Close": 198.119995, 
        "Company": "TSLA", 
        "Date": "2014-04-17", 
        "High": 202.289993, 
        "Low": 194.080002, 
        "Open": 199.610001, 
        "Volume": 5926800, 
        "day": 4, 
        "week": 16
    }
}