{
    "day": {
        "Adj Close": 18.557238, 
        "Close": 31.360001, 
        "Company": "MDLZ", 
        "Date": "2011-03-14", 
        "High": 31.6, 
        "Low": 31.26, 
        "Open": 31.51, 
        "Volume": 6791200, 
        "day": 14, 
        "month": 3
    }
}