{
    "day": {
        "Adj Close": 18.338291, 
        "Close": 30.99, 
        "Company": "MDLZ", 
        "Date": "2011-03-18", 
        "High": 31.08, 
        "Low": 30.780001, 
        "Open": 30.959999, 
        "Volume": 10564700, 
        "day": 18, 
        "month": 3
    }
}