{
    "day": {
        "Adj Close": 18.361961, 
        "Close": 31.030001, 
        "Company": "MDLZ", 
        "Date": "2011-03-22", 
        "High": 31.08, 
        "Low": 30.889999, 
        "Open": 30.889999, 
        "Volume": 6296500, 
        "day": 22, 
        "month": 3
    }
}