{
    "day": {
        "Adj Close": 18.62233, 
        "Close": 31.469999, 
        "Company": "MDLZ", 
        "Date": "2011-03-28", 
        "High": 31.6, 
        "Low": 31.290001, 
        "Open": 31.35, 
        "Volume": 6950800, 
        "day": 28, 
        "month": 3
    }
}