{
    "day": {
        "Adj Close": 18.823524, 
        "Close": 31.809999, 
        "Company": "MDLZ", 
        "Date": "2011-03-03", 
        "High": 31.870001, 
        "Low": 31.610001, 
        "Open": 31.66, 
        "Volume": 11585400, 
        "day": 3, 
        "month": 3
    }
}