{
    "day": {
        "Adj Close": 30.448378, 
        "Close": 35.560001, 
        "Company": "WBA", 
        "Date": "2008-08-25", 
        "High": 36.52, 
        "Low": 35.41, 
        "Open": 36.259998, 
        "Volume": 5168400, 
        "day": 1, 
        "week": 35
    }
}