{
    "day": {
        "Adj Close": 31.193318, 
        "Close": 36.43, 
        "Company": "WBA", 
        "Date": "2008-08-29", 
        "High": 36.759998, 
        "Low": 36.009998, 
        "Open": 36.009998, 
        "Volume": 5373500, 
        "day": 5, 
        "week": 35
    }
}