{
    "day": {
        "Adj Close": 24.0,
        "Close": 24.0,
        "Company": "TCBI",
        "Date": "2011-02-23",
        "High": 24.23,
        "Low": 23.879999,
        "Open": 24.209999,
        "Volume": 297500,
        "day": 3,
        "week": 8
    }
}