{
    "day": {
        "Adj Close": 35.501446,
        "Close": 35.93,
        "Company": "LPLA",
        "Date": "2016-01-13",
        "High": 39.060001,
        "Low": 35.709999,
        "Open": 38.52,
        "Volume": 1940000,
        "day": 3,
        "week": 2
    }
}