{
    "day": {
        "Adj Close": 57.719454, 
        "Close": 66.739998, 
        "Company": "TROW", 
        "Date": "2011-01-13", 
        "High": 67.470001, 
        "Low": 66.309998, 
        "Open": 66.489998, 
        "Volume": 1533600, 
        "day": 13, 
        "month": 1
    }
}