{
    "day": {
        "Adj Close": 57.096767, 
        "Close": 66.019997, 
        "Company": "TROW", 
        "Date": "2011-01-19", 
        "High": 67.589996, 
        "Low": 65.889999, 
        "Open": 67.440002, 
        "Volume": 1544300, 
        "day": 19, 
        "month": 1
    }
}