{
    "day": {
        "Adj Close": 56.75948, 
        "Close": 65.629997, 
        "Company": "TROW", 
        "Date": "2011-01-20", 
        "High": 66.959999, 
        "Low": 65.419998, 
        "Open": 66.260002, 
        "Volume": 1241100, 
        "day": 20, 
        "month": 1
    }
}