{
    "day": {
        "Adj Close": 1.982576, 
        "Close": 44.624962, 
        "Company": "WBA", 
        "Date": "1989-09-25", 
        "High": 45.375038, 
        "Low": 44.5, 
        "Open": 45.24992, 
        "Volume": 1086400, 
        "day": 1, 
        "week": 39
    }
}