{
    "day": {
        "Adj Close": 46.599998,
        "Close": 46.599998,
        "Company": "TCBI",
        "Date": "2012-11-02",
        "High": 48.240002,
        "Low": 46.490002,
        "Open": 48.02,
        "Volume": 332700,
        "day": 5,
        "week": 44
    }
}