{
    "day": {
        "Adj Close": 1.471103, 
        "Close": 35.0, 
        "Company": "WBA", 
        "Date": "1986-07-21", 
        "High": 35.75008, 
        "Low": 34.875038, 
        "Open": 35.75008, 
        "Volume": 2067200, 
        "day": 1, 
        "week": 30
    }
}