{
    "day": {
        "Adj Close": 1.865955, 
        "Close": 42.0, 
        "Company": "WBA", 
        "Date": "1989-11-03", 
        "High": 42.24992, 
        "Low": 41.624962, 
        "Open": 41.875038, 
        "Volume": 1676800, 
        "day": 5, 
        "week": 44
    }
}