{
    "day": {
        "Adj Close": 1.058117, 
        "Close": 25.37504, 
        "Company": "WBA", 
        "Date": "1986-01-17", 
        "High": 25.37504, 
        "Low": 25.12496, 
        "Open": 25.37504, 
        "Volume": 2859200, 
        "day": 5, 
        "week": 3
    }
}