{
    "day": {
        "Adj Close": 83.150364, 
        "Close": 84.57, 
        "Company": "WBA", 
        "Date": "2015-04-29", 
        "High": 85.839996, 
        "Low": 84.239998, 
        "Open": 85.339996, 
        "Volume": 3224500, 
        "day": 3, 
        "week": 18
    }
}