{
    "day": {
        "Adj Close": 3.66359, 
        "Close": 38.5, 
        "Company": "WBA", 
        "Date": "1994-01-28", 
        "High": 38.624962, 
        "Low": 38.0, 
        "Open": 38.375038, 
        "Volume": 2754400, 
        "day": 28, 
        "month": 1
    }
}