{
    "day": {
        "Adj Close": 3.818218, 
        "Close": 40.124962, 
        "Company": "WBA", 
        "Date": "1994-01-03", 
        "High": 40.875038, 
        "Low": 39.624962, 
        "Open": 40.875038, 
        "Volume": 2724800, 
        "day": 3, 
        "month": 1
    }
}