{
    "day": {
        "Adj Close": 3.72306, 
        "Close": 39.124962, 
        "Company": "WBA", 
        "Date": "1994-01-07", 
        "High": 39.624962, 
        "Low": 38.875038, 
        "Open": 39.25, 
        "Volume": 931200, 
        "day": 7, 
        "month": 1
    }
}