{
    "day": {
        "Adj Close": 16.950001,
        "Close": 16.950001,
        "Company": "TCBI",
        "Date": "2008-08-14",
        "High": 17.809999,
        "Low": 16.799999,
        "Open": 16.799999,
        "Volume": 153100,
        "day": 14,
        "month": 8
    }
}