{
    "day": {
        "Adj Close": 16.549999,
        "Close": 16.549999,
        "Company": "TCBI",
        "Date": "2008-08-19",
        "High": 16.74,
        "Low": 16.33,
        "Open": 16.549999,
        "Volume": 189000,
        "day": 19,
        "month": 8
    }
}