{
    "day": {
        "Adj Close": 16.389999,
        "Close": 16.389999,
        "Company": "TCBI",
        "Date": "2008-08-21",
        "High": 16.690001,
        "Low": 16.24,
        "Open": 16.24,
        "Volume": 65100,
        "day": 21,
        "month": 8
    }
}