{
    "day": {
        "Adj Close": 16.83,
        "Close": 16.83,
        "Company": "TCBI",
        "Date": "2008-08-22",
        "High": 17.17,
        "Low": 16.459999,
        "Open": 16.639999,
        "Volume": 84200,
        "day": 22,
        "month": 8
    }
}