{
    "day": {
        "Adj Close": 16.120001,
        "Close": 16.120001,
        "Company": "TCBI",
        "Date": "2008-08-25",
        "High": 16.690001,
        "Low": 16.01,
        "Open": 16.690001,
        "Volume": 102700,
        "day": 25,
        "month": 8
    }
}