{
    "day": {
        "Adj Close": 33.137687, 
        "Close": 35.650002, 
        "Company": "WBA", 
        "Date": "2012-08-21", 
        "High": 36.0, 
        "Low": 35.619999, 
        "Open": 36.0, 
        "Volume": 5779800, 
        "day": 2, 
        "week": 34
    }
}