{
    "day": {
        "Adj Close": 30.247162, 
        "Close": 31.77, 
        "Company": "MDLZ", 
        "Date": "2013-05-22", 
        "High": 31.99, 
        "Low": 30.9, 
        "Open": 30.940001, 
        "Volume": 18373100, 
        "day": 22, 
        "month": 5
    }
}