{
    "day": {
        "Adj Close": 29.114202, 
        "Close": 30.58, 
        "Company": "MDLZ", 
        "Date": "2013-05-09", 
        "High": 31.049999, 
        "Low": 30.530001, 
        "Open": 30.959999, 
        "Volume": 10968900, 
        "day": 9, 
        "month": 5
    }
}