{
    "day": {
        "Adj Close": 30.084765, 
        "Close": 34.27, 
        "Company": "WBA", 
        "Date": "2010-03-10", 
        "High": 34.66, 
        "Low": 34.200001, 
        "Open": 34.450001, 
        "Volume": 8637100, 
        "day": 3, 
        "week": 10
    }
}