{
    "day": {
        "Adj Close": 37.7945, 
        "Close": 44.790001, 
        "Company": "WBA", 
        "Date": "2007-03-12", 
        "High": 44.950001, 
        "Low": 44.419998, 
        "Open": 44.52, 
        "Volume": 3340800, 
        "day": 1, 
        "week": 11
    }
}