{
    "day": {
        "Adj Close": 23.264629, 
        "Close": 38.009998, 
        "Company": "MDLZ", 
        "Date": "2012-03-01", 
        "High": 38.169998, 
        "Low": 37.919998, 
        "Open": 38.080002, 
        "Volume": 6536500, 
        "day": 1, 
        "month": 3
    }
}