{
    "day": {
        "Adj Close": 23.472731, 
        "Close": 38.349998, 
        "Company": "MDLZ", 
        "Date": "2012-03-19", 
        "High": 38.5, 
        "Low": 38.259998, 
        "Open": 38.34, 
        "Volume": 6736500, 
        "day": 19, 
        "month": 3
    }
}