{
    "day": {
        "Adj Close": 23.151979, 
        "Close": 59.490002, 
        "Company": "TROW", 
        "Date": "2005-05-19", 
        "High": 59.619999, 
        "Low": 58.93, 
        "Open": 59.18, 
        "Volume": 578200, 
        "day": 4, 
        "week": 20
    }
}