{
    "day": {
        "Adj Close": 13.098518,
        "Close": 17.67,
        "Company": "SUNS",
        "Date": "2012-11-07",
        "High": 18.16,
        "Low": 17.620001,
        "Open": 17.9,
        "Volume": 34000,
        "day": 3,
        "week": 45
    }
}