{
    "day": {
        "Adj Close": 76.322519, 
        "Close": 81.029999, 
        "Company": "TROW", 
        "Date": "2015-01-15", 
        "High": 82.190002, 
        "Low": 80.739998, 
        "Open": 81.769997, 
        "Volume": 1251800, 
        "day": 15, 
        "month": 1
    }
}