{
    "day": {
        "Adj Close": 77.207912, 
        "Close": 81.970001, 
        "Company": "TROW", 
        "Date": "2015-01-27", 
        "High": 82.610001, 
        "Low": 81.139999, 
        "Open": 82.029999, 
        "Volume": 1343800, 
        "day": 27, 
        "month": 1
    }
}