{
    "day": {
        "Adj Close": 37.988577, 
        "Close": 45.02, 
        "Company": "WBA", 
        "Date": "2007-04-27", 
        "High": 45.759998, 
        "Low": 45.02, 
        "Open": 45.709999, 
        "Volume": 4258300, 
        "day": 5, 
        "week": 17
    }
}