{
    "day": {
        "Adj Close": 37.939999,
        "Close": 37.939999,
        "Company": "TCBI",
        "Date": "2012-05-14",
        "High": 38.709999,
        "Low": 37.75,
        "Open": 38.599998,
        "Volume": 342300,
        "day": 1,
        "week": 20
    }
}