{
    "day": {
        "Adj Close": 26.648315,
        "Close": 26.969999,
        "Company": "LPLA",
        "Date": "2016-02-09",
        "High": 27.700001,
        "Low": 26.57,
        "Open": 26.99,
        "Volume": 945600,
        "day": 2,
        "week": 6
    }
}