{
    "day": {
        "Adj Close": 1.120709, 
        "Close": 27.12496, 
        "Company": "WBA", 
        "Date": "1985-07-17", 
        "High": 27.5, 
        "Low": 26.87504, 
        "Open": 27.12496, 
        "Volume": 3852800, 
        "day": 17, 
        "month": 7
    }
}