{
    "day": {
        "Adj Close": 1.007092, 
        "Close": 24.37504, 
        "Company": "WBA", 
        "Date": "1985-07-30", 
        "High": 24.5, 
        "Low": 23.0, 
        "Open": 24.37504, 
        "Volume": 5996800, 
        "day": 30, 
        "month": 7
    }
}