{
    "day": {
        "Adj Close": 17.894593, 
        "Close": 39.18, 
        "Company": "MDLZ", 
        "Date": "2002-10-15", 
        "High": 39.599998, 
        "Low": 38.849998, 
        "Open": 39.049999, 
        "Volume": 1966300, 
        "day": 2, 
        "week": 42
    }
}