{
    "day": {
        "Adj Close": 13.414275, 
        "Close": 29.1, 
        "Company": "MDLZ", 
        "Date": "2003-04-16", 
        "High": 29.66, 
        "Low": 28.860001, 
        "Open": 29.450001, 
        "Volume": 3142400, 
        "day": 3, 
        "week": 16
    }
}