{
    "day": {
        "Adj Close": 28.069572, 
        "Close": 33.849998, 
        "Company": "WBA", 
        "Date": "2004-04-06", 
        "High": 33.880001, 
        "Low": 33.450001, 
        "Open": 33.529999, 
        "Volume": 3420400, 
        "day": 2, 
        "week": 15
    }
}