{
    "day": {
        "Adj Close": 1.591945, 
        "Close": 37.875038, 
        "Company": "WBA", 
        "Date": "1986-06-03", 
        "High": 38.0, 
        "Low": 37.375038, 
        "Open": 37.375038, 
        "Volume": 2708800, 
        "day": 2, 
        "week": 23
    }
}