{
    "day": {
        "Adj Close": 38.610337, 
        "Close": 48.439999, 
        "Company": "TROW", 
        "Date": "2007-02-23", 
        "High": 49.310001, 
        "Low": 48.299999, 
        "Open": 49.200001, 
        "Volume": 1153700, 
        "day": 5, 
        "week": 8
    }
}