{
    "day": {
        "Adj Close": 3.95281, 
        "Close": 41.875038, 
        "Company": "WBA", 
        "Date": "1993-06-10", 
        "High": 42.624962, 
        "Low": 41.75, 
        "Open": 42.25, 
        "Volume": 1481600, 
        "day": 10, 
        "month": 6
    }
}