{
    "day": {
        "Adj Close": 3.95281, 
        "Close": 41.875038, 
        "Company": "WBA", 
        "Date": "1993-06-11", 
        "High": 42.124962, 
        "Low": 41.75, 
        "Open": 41.875038, 
        "Volume": 912800, 
        "day": 11, 
        "month": 6
    }
}