{
    "day": {
        "Adj Close": 3.823013, 
        "Close": 40.5, 
        "Company": "WBA", 
        "Date": "1993-06-22", 
        "High": 41.25, 
        "Low": 40.375038, 
        "Open": 41.25, 
        "Volume": 798400, 
        "day": 22, 
        "month": 6
    }
}