{
    "day": {
        "Adj Close": 4.023599, 
        "Close": 42.624962, 
        "Company": "WBA", 
        "Date": "1993-06-04", 
        "High": 42.875038, 
        "Low": 42.5, 
        "Open": 42.875038, 
        "Volume": 2740000, 
        "day": 4, 
        "month": 6
    }
}