{
    "day": {
        "Adj Close": 34.369999,
        "Close": 34.369999,
        "Company": "TCBI",
        "Date": "2012-03-12",
        "High": 34.59,
        "Low": 34.200001,
        "Open": 34.509998,
        "Volume": 209300,
        "day": 12,
        "month": 3
    }
}