{
    "day": {
        "Adj Close": 35.549999,
        "Close": 35.549999,
        "Company": "TCBI",
        "Date": "2012-03-13",
        "High": 35.73,
        "Low": 34.459999,
        "Open": 34.560001,
        "Volume": 277800,
        "day": 13,
        "month": 3
    }
}