{
    "day": {
        "Adj Close": 34.91,
        "Close": 34.91,
        "Company": "TCBI",
        "Date": "2012-03-15",
        "High": 35.16,
        "Low": 34.299999,
        "Open": 34.639999,
        "Volume": 427100,
        "day": 15,
        "month": 3
    }
}