{
    "day": {
        "Adj Close": 36.139999,
        "Close": 36.139999,
        "Company": "TCBI",
        "Date": "2012-03-19",
        "High": 36.380001,
        "Low": 34.75,
        "Open": 35.279999,
        "Volume": 354300,
        "day": 19,
        "month": 3
    }
}