{
    "day": {
        "Adj Close": 34.599998,
        "Close": 34.599998,
        "Company": "TCBI",
        "Date": "2012-03-09",
        "High": 34.959999,
        "Low": 34.119999,
        "Open": 34.34,
        "Volume": 336300,
        "day": 9,
        "month": 3
    }
}