{
    "day": {
        "Adj Close": 52.799999,
        "Close": 52.799999,
        "Company": "TCBI",
        "Date": "2014-07-23",
        "High": 53.189999,
        "Low": 51.68,
        "Open": 52.459999,
        "Volume": 519100,
        "day": 3,
        "week": 30
    }
}