{
    "day": {
        "Adj Close": 77.86329, 
        "Close": 83.099998, 
        "Company": "TROW", 
        "Date": "2014-11-05", 
        "High": 83.330002, 
        "Low": 82.440002, 
        "Open": 82.760002, 
        "Volume": 1395000, 
        "day": 3, 
        "week": 45
    }
}