{
    "day": {
        "Adj Close": 14.378157, 
        "Close": 29.139999, 
        "Company": "MDLZ", 
        "Date": "2006-02-14", 
        "High": 29.25, 
        "Low": 28.799999, 
        "Open": 28.85, 
        "Volume": 1236500, 
        "day": 14, 
        "month": 2
    }
}