{
    "day": {
        "Adj Close": 14.432433, 
        "Close": 29.25, 
        "Company": "MDLZ", 
        "Date": "2006-02-02", 
        "High": 29.35, 
        "Low": 29.030001, 
        "Open": 29.290001, 
        "Volume": 1884100, 
        "day": 2, 
        "month": 2
    }
}