{
    "day": {
        "Adj Close": 28.959999, 
        "Close": 28.959999, 
        "Company": "TSLA", 
        "Date": "2011-07-06", 
        "High": 29.139999, 
        "Low": 28.549999, 
        "Open": 29.139999, 
        "Volume": 926900, 
        "day": 6, 
        "month": 7
    }
}