{
    "day": {
        "Adj Close": 14.193031,
        "Close": 16.82,
        "Company": "SUNS",
        "Date": "2014-06-23",
        "High": 16.889999,
        "Low": 16.75,
        "Open": 16.889999,
        "Volume": 58100,
        "day": 1,
        "week": 26
    }
}