{
    "day": {
        "Adj Close": 17.035361, 
        "Close": 29.32, 
        "Company": "MDLZ", 
        "Date": "2010-07-14", 
        "High": 29.469999, 
        "Low": 29.190001, 
        "Open": 29.42, 
        "Volume": 6171200, 
        "day": 3, 
        "week": 28
    }
}