{
    "day": {
        "Adj Close": 3.576612, 
        "Close": 38.75, 
        "Company": "WBA", 
        "Date": "1992-02-06", 
        "High": 39.375038, 
        "Low": 38.624962, 
        "Open": 39.375038, 
        "Volume": 882400, 
        "day": 4, 
        "week": 6
    }
}