{
    "day": {
        "Adj Close": 23.09,
        "Close": 23.09,
        "Company": "TCBI",
        "Date": "2006-05-11",
        "High": 23.209999,
        "Low": 23.040001,
        "Open": 23.17,
        "Volume": 98800,
        "day": 4,
        "week": 19
    }
}