{
    "day": {
        "Adj Close": 22.959999,
        "Close": 22.959999,
        "Company": "TCBI",
        "Date": "2006-05-12",
        "High": 23.25,
        "Low": 22.65,
        "Open": 23.049999,
        "Volume": 147300,
        "day": 5,
        "week": 19
    }
}