{
    "day": {
        "Adj Close": 28.011411, 
        "Close": 34.209999, 
        "Company": "TROW", 
        "Date": "2008-11-28", 
        "High": 34.27, 
        "Low": 33.049999, 
        "Open": 33.209999, 
        "Volume": 1364900, 
        "day": 5, 
        "week": 48
    }
}