{
    "day": {
        "Adj Close": 35.290001, 
        "Close": 35.290001, 
        "Company": "TSLA", 
        "Date": "2012-03-14", 
        "High": 36.0, 
        "Low": 34.799999, 
        "Open": 36.0, 
        "Volume": 851500, 
        "day": 14, 
        "month": 3
    }
}