{
    "day": {
        "Adj Close": 35.150002, 
        "Close": 35.150002, 
        "Company": "TSLA", 
        "Date": "2012-03-21", 
        "High": 35.299999, 
        "Low": 34.599998, 
        "Open": 34.939999, 
        "Volume": 607200, 
        "day": 21, 
        "month": 3
    }
}