{
    "day": {
        "Adj Close": 34.080002, 
        "Close": 34.080002, 
        "Company": "TSLA", 
        "Date": "2012-03-23", 
        "High": 34.630001, 
        "Low": 33.150002, 
        "Open": 34.259998, 
        "Volume": 1170600, 
        "day": 23, 
        "month": 3
    }
}