{
    "day": {
        "Adj Close": 34.740002, 
        "Close": 34.740002, 
        "Company": "TSLA", 
        "Date": "2012-03-09", 
        "High": 35.310001, 
        "Low": 33.200001, 
        "Open": 33.200001, 
        "Volume": 1553400, 
        "day": 9, 
        "month": 3
    }
}