{
    "day": {
        "Adj Close": 0.989934, 
        "Close": 26.0, 
        "Company": "TROW", 
        "Date": "1990-08-02", 
        "High": 26.24992, 
        "Low": 26.0, 
        "Open": 26.24992, 
        "Volume": 49600, 
        "day": 4, 
        "week": 31
    }
}