{
    "day": {
        "Adj Close": 78.112139, 
        "Close": 82.93, 
        "Company": "TROW", 
        "Date": "2015-01-12", 
        "High": 84.129997, 
        "Low": 82.32, 
        "Open": 84.129997, 
        "Volume": 966000, 
        "day": 12, 
        "year": 2015
    }
}