{
    "day": {
        "Adj Close": 78.97184, 
        "Close": 81.279999, 
        "Company": "TROW", 
        "Date": "2015-05-28", 
        "High": 81.339996, 
        "Low": 80.889999, 
        "Open": 81.110001, 
        "Volume": 992600, 
        "day": 148, 
        "year": 2015
    }
}