{
    "day": {
        "Adj Close": 77.23667, 
        "Close": 78.970001, 
        "Company": "TROW", 
        "Date": "2015-06-11", 
        "High": 79.199997, 
        "Low": 78.57, 
        "Open": 78.980003, 
        "Volume": 1482000, 
        "day": 162, 
        "year": 2015
    }
}