{
    "day": {
        "Adj Close": 76.610718, 
        "Close": 78.330002, 
        "Company": "TROW", 
        "Date": "2015-06-12", 
        "High": 78.830002, 
        "Low": 78.150002, 
        "Open": 78.82, 
        "Volume": 1039400, 
        "day": 163, 
        "year": 2015
    }
}