{
    "day": {
        "Adj Close": 75.730471, 
        "Close": 77.43, 
        "Company": "TROW", 
        "Date": "2015-07-10", 
        "High": 77.580002, 
        "Low": 76.919998, 
        "Open": 77.480003, 
        "Volume": 1193500, 
        "day": 191, 
        "year": 2015
    }
}