{
    "day": {
        "Adj Close": 77.608327, 
        "Close": 79.349998, 
        "Company": "TROW", 
        "Date": "2015-07-20", 
        "High": 79.620003, 
        "Low": 79.050003, 
        "Open": 79.529999, 
        "Volume": 792500, 
        "day": 201, 
        "year": 2015
    }
}