{
    "day": {
        "Adj Close": 75.202323, 
        "Close": 76.889999, 
        "Company": "TROW", 
        "Date": "2015-08-10", 
        "High": 76.900002, 
        "Low": 76.25, 
        "Open": 76.510002, 
        "Volume": 1181900, 
        "day": 222, 
        "year": 2015
    }
}