{
    "day": {
        "Adj Close": 68.121238, 
        "Close": 69.650002, 
        "Company": "TROW", 
        "Date": "2015-08-24", 
        "High": 72.099998, 
        "Low": 67.760002, 
        "Open": 68.330002, 
        "Volume": 4135400, 
        "day": 236, 
        "year": 2015
    }
}