{
    "day": {
        "Adj Close": 66.830211, 
        "Close": 68.330002, 
        "Company": "TROW", 
        "Date": "2015-08-25", 
        "High": 72.199997, 
        "Low": 68.32, 
        "Open": 72.199997, 
        "Volume": 3049100, 
        "day": 237, 
        "year": 2015
    }
}