{
    "day": {
        "Adj Close": 69.588314, 
        "Close": 71.150002, 
        "Company": "TROW", 
        "Date": "2015-09-08", 
        "High": 71.18, 
        "Low": 69.599998, 
        "Open": 70.260002, 
        "Volume": 1839800, 
        "day": 251, 
        "year": 2015
    }
}