{
    "day": {
        "Adj Close": 69.954527, 
        "Close": 71.0, 
        "Company": "TROW", 
        "Date": "2015-09-11", 
        "High": 71.029999, 
        "Low": 70.0, 
        "Open": 70.220001, 
        "Volume": 1181200, 
        "day": 254, 
        "year": 2015
    }
}