{
    "day": {
        "Adj Close": 70.9201, 
        "Close": 71.980003, 
        "Company": "TROW", 
        "Date": "2015-10-07", 
        "High": 72.169998, 
        "Low": 70.650002, 
        "Open": 71.449997, 
        "Volume": 1430500, 
        "day": 280, 
        "year": 2015
    }
}