{
    "day": {
        "Adj Close": 75.068107, 
        "Close": 76.190002, 
        "Company": "TROW", 
        "Date": "2015-11-02", 
        "High": 76.220001, 
        "Low": 75.580002, 
        "Open": 75.959999, 
        "Volume": 1433300, 
        "day": 306, 
        "year": 2015
    }
}