{
    "day": {
        "Adj Close": 75.245457, 
        "Close": 76.370003, 
        "Company": "TROW", 
        "Date": "2015-11-20", 
        "High": 76.910004, 
        "Low": 75.910004, 
        "Open": 76.669998, 
        "Volume": 1069400, 
        "day": 324, 
        "year": 2015
    }
}