{
    "day": {
        "Adj Close": 69.757475, 
        "Close": 70.800003, 
        "Company": "TROW", 
        "Date": "2015-12-11", 
        "High": 72.480003, 
        "Low": 70.470001, 
        "Open": 72.330002, 
        "Volume": 2173200, 
        "day": 345, 
        "year": 2015
    }
}