{
    "day": {
        "Adj Close": 77.443388, 
        "Close": 82.220001, 
        "Company": "TROW", 
        "Date": "2015-02-10", 
        "High": 82.550003, 
        "Low": 81.339996, 
        "Open": 82.199997, 
        "Volume": 1107000, 
        "day": 41, 
        "year": 2015
    }
}