{
    "day": {
        "Adj Close": 77.528156, 
        "Close": 82.309998, 
        "Company": "TROW", 
        "Date": "2015-01-06", 
        "High": 84.690002, 
        "Low": 81.720001, 
        "Open": 84.389999, 
        "Volume": 2012700, 
        "day": 6, 
        "year": 2015
    }
}