{
    "day": {
        "Adj Close": 78.036785, 
        "Close": 82.849998, 
        "Company": "TROW", 
        "Date": "2015-03-03", 
        "High": 83.099998, 
        "Low": 82.370003, 
        "Open": 82.800003, 
        "Volume": 911500, 
        "day": 62, 
        "year": 2015
    }
}