{
    "day": {
        "Adj Close": 79.181377, 
        "Close": 83.529999, 
        "Company": "TROW", 
        "Date": "2015-03-16", 
        "High": 83.540001, 
        "Low": 82.870003, 
        "Open": 82.879997, 
        "Volume": 943400, 
        "day": 75, 
        "year": 2015
    }
}