{
    "day": {
        "Adj Close": 79.617428, 
        "Close": 83.989998, 
        "Company": "TROW", 
        "Date": "2015-03-20", 
        "High": 84.209999, 
        "Low": 82.830002, 
        "Open": 83.18, 
        "Volume": 2858800, 
        "day": 79, 
        "year": 2015
    }
}