{
    "day": {
        "Adj Close": 78.997532, 
        "Close": 83.870003, 
        "Company": "TROW", 
        "Date": "2015-01-09", 
        "High": 84.800003, 
        "Low": 83.209999, 
        "Open": 84.57, 
        "Volume": 956000, 
        "day": 9, 
        "year": 2015
    }
}