{
    "day": {
        "Adj Close": 20.133504, 
        "Close": 23.299999, 
        "Company": "WBA", 
        "Date": "2009-02-26", 
        "High": 24.07, 
        "Low": 23.27, 
        "Open": 23.950001, 
        "Volume": 8325600, 
        "day": 26, 
        "month": 2
    }
}