{
    "day": {
        "Adj Close": 23.723465, 
        "Close": 27.57, 
        "Company": "WBA", 
        "Date": "2009-02-05", 
        "High": 27.700001, 
        "Low": 26.200001, 
        "Open": 26.200001, 
        "Volume": 8334000, 
        "day": 5, 
        "month": 2
    }
}