{
    "day": {
        "Adj Close": 28.605726,
        "Close": 32.950001,
        "Company": "LPLA",
        "Date": "2011-02-11",
        "High": 33.490002,
        "Low": 32.310001,
        "Open": 33.169998,
        "Volume": 221600,
        "day": 5,
        "week": 6
    }
}