{
    "day": {
        "Adj Close": 24.969152, 
        "Close": 63.68, 
        "Company": "TROW", 
        "Date": "2005-10-10", 
        "High": 64.269997, 
        "Low": 63.110001, 
        "Open": 63.18, 
        "Volume": 989400, 
        "day": 10, 
        "month": 10
    }
}