{
    "day": {
        "Adj Close": 23.879105, 
        "Close": 60.900002, 
        "Company": "TROW", 
        "Date": "2005-10-13", 
        "High": 61.32, 
        "Low": 60.209999, 
        "Open": 61.299999, 
        "Volume": 2026600, 
        "day": 13, 
        "month": 10
    }
}