{
    "day": {
        "Adj Close": 24.318261, 
        "Close": 62.02, 
        "Company": "TROW", 
        "Date": "2005-10-17", 
        "High": 62.66, 
        "Low": 61.740002, 
        "Open": 61.860001, 
        "Volume": 863000, 
        "day": 17, 
        "month": 10
    }
}