{
    "day": {
        "Adj Close": 24.875047, 
        "Close": 63.439999, 
        "Company": "TROW", 
        "Date": "2005-10-19", 
        "High": 63.439999, 
        "Low": 61.099998, 
        "Open": 61.360001, 
        "Volume": 1224000, 
        "day": 19, 
        "month": 10
    }
}