{
    "day": {
        "Adj Close": 25.502413, 
        "Close": 65.040001, 
        "Company": "TROW", 
        "Date": "2005-10-24", 
        "High": 65.089996, 
        "Low": 63.400002, 
        "Open": 63.459999, 
        "Volume": 1059200, 
        "day": 24, 
        "month": 10
    }
}