{
    "day": {
        "Adj Close": 25.384781, 
        "Close": 64.739998, 
        "Company": "TROW", 
        "Date": "2005-10-25", 
        "High": 65.050003, 
        "Low": 63.700001, 
        "Open": 64.730003, 
        "Volume": 859200, 
        "day": 25, 
        "month": 10
    }
}