{
    "day": {
        "Adj Close": 25.580833, 
        "Close": 65.239998, 
        "Company": "TROW", 
        "Date": "2005-10-03", 
        "High": 65.57, 
        "Low": 64.699997, 
        "Open": 65.300003, 
        "Volume": 828600, 
        "day": 3, 
        "month": 10
    }
}