{
    "day": {
        "Adj Close": 16.51465, 
        "Close": 34.43, 
        "Company": "MDLZ", 
        "Date": "2005-01-10", 
        "High": 34.68, 
        "Low": 34.25, 
        "Open": 34.490002, 
        "Volume": 1650200, 
        "day": 1, 
        "week": 2
    }
}