{
    "day": {
        "Adj Close": 16.423515, 
        "Close": 34.240002, 
        "Company": "MDLZ", 
        "Date": "2005-01-11", 
        "High": 34.470001, 
        "Low": 34.150002, 
        "Open": 34.439999, 
        "Volume": 1510800, 
        "day": 2, 
        "week": 2
    }
}