{
    "day": {
        "Adj Close": 28.553635,
        "Close": 32.889999,
        "Company": "LPLA",
        "Date": "2012-02-23",
        "High": 33.049999,
        "Low": 32.59,
        "Open": 32.59,
        "Volume": 98100,
        "day": 4,
        "week": 8
    }
}