{
    "day": {
        "Adj Close": 28.484184,
        "Close": 32.810001,
        "Company": "LPLA",
        "Date": "2012-02-24",
        "High": 32.959999,
        "Low": 32.68,
        "Open": 32.939999,
        "Volume": 140800,
        "day": 5,
        "week": 8
    }
}