{
    "day": {
        "Adj Close": 52.57959, 
        "Close": 59.16, 
        "Company": "TROW", 
        "Date": "2012-05-16", 
        "High": 60.41, 
        "Low": 59.139999, 
        "Open": 59.91, 
        "Volume": 1608700, 
        "day": 3, 
        "week": 20
    }
}