{
    "day": {
        "Adj Close": 11.922693, 
        "Close": 32.189999, 
        "Company": "TROW", 
        "Date": "2002-06-25", 
        "High": 33.119999, 
        "Low": 32.099998, 
        "Open": 32.34, 
        "Volume": 2220800, 
        "day": 2, 
        "week": 26
    }
}