{
    "day": {
        "Adj Close": 15.133137, 
        "Close": 26.84, 
        "Company": "MDLZ", 
        "Date": "2009-11-12", 
        "High": 27.02, 
        "Low": 26.75, 
        "Open": 26.870001, 
        "Volume": 7855000, 
        "day": 12, 
        "month": 11
    }
}