{
    "day": {
        "Adj Close": 15.527817, 
        "Close": 27.540001, 
        "Company": "MDLZ", 
        "Date": "2009-11-03", 
        "High": 27.700001, 
        "Low": 27.379999, 
        "Open": 27.65, 
        "Volume": 10624800, 
        "day": 3, 
        "month": 11
    }
}