{
    "day": {
        "Adj Close": 16.415295, 
        "Close": 43.32, 
        "Company": "TROW", 
        "Date": "2003-08-19", 
        "High": 43.720001, 
        "Low": 43.049999, 
        "Open": 43.400002, 
        "Volume": 1875800, 
        "day": 2, 
        "week": 34
    }
}