{
    "day": {
        "Adj Close": 16.078047, 
        "Close": 42.43, 
        "Company": "TROW", 
        "Date": "2003-08-22", 
        "High": 43.82, 
        "Low": 42.419998, 
        "Open": 43.110001, 
        "Volume": 1617400, 
        "day": 5, 
        "week": 34
    }
}