{
    "day": {
        "Adj Close": 38.459091, 
        "Close": 46.080002, 
        "Company": "WBA", 
        "Date": "2005-07-01", 
        "High": 46.349998, 
        "Low": 45.950001, 
        "Open": 46.240002, 
        "Volume": 2165900, 
        "day": 1, 
        "month": 7
    }
}