{
    "day": {
        "Adj Close": 38.792935, 
        "Close": 46.48, 
        "Company": "WBA", 
        "Date": "2005-07-07", 
        "High": 46.599998, 
        "Low": 45.810001, 
        "Open": 46.169998, 
        "Volume": 2783200, 
        "day": 7, 
        "month": 7
    }
}