{
    "day": {
        "Adj Close": 68.089996, 
        "Close": 68.089996, 
        "Company": "FANG", 
        "Date": "2015-03-10", 
        "High": 70.199997, 
        "Low": 68.080002, 
        "Open": 68.709999, 
        "Volume": 859000, 
        "day": 10, 
        "month": 3
    }
}