{
    "day": {
        "Adj Close": 71.489998, 
        "Close": 71.489998, 
        "Company": "FANG", 
        "Date": "2015-03-19", 
        "High": 72.260002, 
        "Low": 70.379997, 
        "Open": 71.230003, 
        "Volume": 669300, 
        "day": 19, 
        "month": 3
    }
}