{
    "day": {
        "Adj Close": 38.483854, 
        "Close": 45.43, 
        "Company": "WBA", 
        "Date": "2007-09-04", 
        "High": 45.5, 
        "Low": 44.900002, 
        "Open": 45.009998, 
        "Volume": 3228300, 
        "day": 2, 
        "week": 36
    }
}