{
    "day": {
        "Adj Close": 16.302014, 
        "Close": 30.82, 
        "Company": "MDLZ", 
        "Date": "2008-03-24", 
        "High": 31.25, 
        "Low": 30.73, 
        "Open": 31.219999, 
        "Volume": 11053200, 
        "day": 1, 
        "week": 13
    }
}