{
    "day": {
        "Adj Close": 18.072004, 
        "Close": 30.540001, 
        "Company": "MDLZ", 
        "Date": "2011-01-27", 
        "High": 31.030001, 
        "Low": 30.5, 
        "Open": 30.98, 
        "Volume": 11887300, 
        "day": 27, 
        "month": 1
    }
}