{
    "day": {
        "Adj Close": 36.722003, 
        "Close": 44.049999, 
        "Company": "WBA", 
        "Date": "2005-05-12", 
        "High": 44.450001, 
        "Low": 43.869999, 
        "Open": 44.029999, 
        "Volume": 2102300, 
        "day": 4, 
        "week": 19
    }
}