{
    "day": {
        "Adj Close": 79.739407, 
        "Close": 82.07, 
        "Company": "TROW", 
        "Date": "2015-04-14", 
        "High": 82.360001, 
        "Low": 80.639999, 
        "Open": 80.889999, 
        "Volume": 1606800, 
        "day": 14, 
        "month": 4
    }
}