{
    "day": {
        "Adj Close": 80.44868, 
        "Close": 82.800003, 
        "Company": "TROW", 
        "Date": "2015-04-21", 
        "High": 83.5, 
        "Low": 82.660004, 
        "Open": 83.419998, 
        "Volume": 1514500, 
        "day": 21, 
        "month": 4
    }
}