{
    "day": {
        "Adj Close": 3.208298, 
        "Close": 34.5, 
        "Company": "WBA", 
        "Date": "1992-07-06", 
        "High": 34.624962, 
        "Low": 33.875038, 
        "Open": 34.0, 
        "Volume": 1552800, 
        "day": 1, 
        "week": 28
    }
}