{
    "day": {
        "Adj Close": 3.301292, 
        "Close": 35.5, 
        "Company": "WBA", 
        "Date": "1992-07-09", 
        "High": 35.5, 
        "Low": 35.124962, 
        "Open": 35.375038, 
        "Volume": 2561600, 
        "day": 4, 
        "week": 28
    }
}