{
    "day": {
        "Adj Close": 27.200001,
        "Close": 27.200001,
        "Company": "TCBI",
        "Date": "2011-10-24",
        "High": 27.26,
        "Low": 26.299999,
        "Open": 26.59,
        "Volume": 410300,
        "day": 24,
        "month": 10
    }
}