{
    "day": {
        "Adj Close": 27.379999,
        "Close": 27.379999,
        "Company": "TCBI",
        "Date": "2011-10-26",
        "High": 27.5,
        "Low": 26.450001,
        "Open": 27.0,
        "Volume": 299800,
        "day": 26,
        "month": 10
    }
}