{
    "day": {
        "Adj Close": 24.440001, 
        "Close": 24.440001, 
        "Company": "TSLA", 
        "Date": "2010-11-05", 
        "High": 24.969999, 
        "Low": 23.719999, 
        "Open": 24.870001, 
        "Volume": 1011000, 
        "day": 5, 
        "month": 11
    }
}