{
    "day": {
        "Adj Close": 16.350394, 
        "Close": 31.18, 
        "Company": "MDLZ", 
        "Date": "2008-01-16", 
        "High": 31.5, 
        "Low": 30.860001, 
        "Open": 30.860001, 
        "Volume": 7741200, 
        "day": 3, 
        "week": 3
    }
}