{
    "day": {
        "Adj Close": 21.559999, 
        "Close": 21.559999, 
        "Company": "FANG", 
        "Date": "2013-02-13", 
        "High": 22.01, 
        "Low": 21.23, 
        "Open": 21.549999, 
        "Volume": 321700, 
        "day": 3, 
        "week": 7
    }
}