{
    "day": {
        "Adj Close": 1.997733, 
        "Close": 44.75008, 
        "Company": "WBA", 
        "Date": "1990-01-10", 
        "High": 45.24992, 
        "Low": 44.5, 
        "Open": 45.124962, 
        "Volume": 1980800, 
        "day": 10, 
        "year": 1990
    }
}