{
    "day": {
        "Adj Close": 1.97928, 
        "Close": 44.124962, 
        "Company": "WBA", 
        "Date": "1990-04-16", 
        "High": 44.75008, 
        "Low": 44.0, 
        "Open": 44.0, 
        "Volume": 1521600, 
        "day": 106, 
        "year": 1990
    }
}