{
    "day": {
        "Adj Close": 1.934424, 
        "Close": 43.124962, 
        "Company": "WBA", 
        "Date": "1990-04-18", 
        "High": 44.0, 
        "Low": 43.0, 
        "Open": 44.0, 
        "Volume": 2225600, 
        "day": 108, 
        "year": 1990
    }
}