{
    "day": {
        "Adj Close": 1.895173, 
        "Close": 42.24992, 
        "Company": "WBA", 
        "Date": "1990-05-10", 
        "High": 42.875038, 
        "Low": 42.24992, 
        "Open": 42.75008, 
        "Volume": 880000, 
        "day": 130, 
        "year": 1990
    }
}