{
    "day": {
        "Adj Close": 1.923213, 
        "Close": 42.875038, 
        "Company": "WBA", 
        "Date": "1990-05-11", 
        "High": 42.875038, 
        "Low": 42.24992, 
        "Open": 42.5, 
        "Volume": 3641600, 
        "day": 131, 
        "year": 1990
    }
}