{
    "day": {
        "Adj Close": 1.993923, 
        "Close": 44.24992, 
        "Company": "WBA", 
        "Date": "1990-05-17", 
        "High": 44.5, 
        "Low": 44.0, 
        "Open": 44.0, 
        "Volume": 2921600, 
        "day": 137, 
        "year": 1990
    }
}