{
    "day": {
        "Adj Close": 2.061521, 
        "Close": 45.75008, 
        "Company": "WBA", 
        "Date": "1990-06-07", 
        "High": 46.124962, 
        "Low": 45.75008, 
        "Open": 46.0, 
        "Volume": 937600, 
        "day": 158, 
        "year": 1990
    }
}