{
    "day": {
        "Adj Close": 2.106581, 
        "Close": 46.75008, 
        "Company": "WBA", 
        "Date": "1990-06-12", 
        "High": 46.75008, 
        "Low": 46.0, 
        "Open": 46.0, 
        "Volume": 1260800, 
        "day": 163, 
        "year": 1990
    }
}