{
    "day": {
        "Adj Close": 2.134742, 
        "Close": 47.375038, 
        "Company": "WBA", 
        "Date": "1990-06-20", 
        "High": 47.5, 
        "Low": 46.624962, 
        "Open": 47.24992, 
        "Volume": 888000, 
        "day": 171, 
        "year": 1990
    }
}