{
    "day": {
        "Adj Close": 2.382575, 
        "Close": 52.875038, 
        "Company": "WBA", 
        "Date": "1990-07-11", 
        "High": 52.875038, 
        "Low": 50.75008, 
        "Open": 50.75008, 
        "Volume": 3270400, 
        "day": 192, 
        "year": 1990
    }
}