{
    "day": {
        "Adj Close": 2.236125, 
        "Close": 49.624962, 
        "Company": "WBA", 
        "Date": "1990-07-24", 
        "High": 49.875038, 
        "Low": 49.0, 
        "Open": 49.75008, 
        "Volume": 1884800, 
        "day": 205, 
        "year": 1990
    }
}