{
    "day": {
        "Adj Close": 2.078413, 
        "Close": 46.124962, 
        "Company": "WBA", 
        "Date": "1990-08-08", 
        "High": 46.24992, 
        "Low": 45.5, 
        "Open": 45.875038, 
        "Volume": 4420800, 
        "day": 220, 
        "year": 1990
    }
}