{
    "day": {
        "Adj Close": 1.869386, 
        "Close": 41.875038, 
        "Company": "WBA", 
        "Date": "1990-01-23", 
        "High": 42.5, 
        "Low": 41.624962, 
        "Open": 42.24992, 
        "Volume": 2092800, 
        "day": 23, 
        "year": 1990
    }
}