{
    "day": {
        "Adj Close": 2.110118, 
        "Close": 46.624962, 
        "Company": "WBA", 
        "Date": "1990-08-20", 
        "High": 47.0, 
        "Low": 46.375038, 
        "Open": 46.375038, 
        "Volume": 712000, 
        "day": 232, 
        "year": 1990
    }
}