{
    "day": {
        "Adj Close": 1.830322, 
        "Close": 41.0, 
        "Company": "WBA", 
        "Date": "1990-01-26", 
        "High": 42.124962, 
        "Low": 40.875038, 
        "Open": 41.375038, 
        "Volume": 2489600, 
        "day": 26, 
        "year": 1990
    }
}