{
    "day": {
        "Adj Close": 2.047887, 
        "Close": 45.24992, 
        "Company": "WBA", 
        "Date": "1990-09-21", 
        "High": 45.375038, 
        "Low": 44.875038, 
        "Open": 45.375038, 
        "Volume": 1528000, 
        "day": 264, 
        "year": 1990
    }
}