{
    "day": {
        "Adj Close": 2.155375, 
        "Close": 47.624962, 
        "Company": "WBA", 
        "Date": "1990-10-02", 
        "High": 48.5, 
        "Low": 47.5, 
        "Open": 47.75008, 
        "Volume": 2276800, 
        "day": 275, 
        "year": 1990
    }
}