{
    "day": {
        "Adj Close": 2.008292, 
        "Close": 44.375038, 
        "Company": "WBA", 
        "Date": "1990-10-11", 
        "High": 46.24992, 
        "Low": 44.375038, 
        "Open": 46.24992, 
        "Volume": 2694400, 
        "day": 284, 
        "year": 1990
    }
}