{
    "day": {
        "Adj Close": 2.11578, 
        "Close": 46.75008, 
        "Company": "WBA", 
        "Date": "1990-10-22", 
        "High": 47.0, 
        "Low": 45.75008, 
        "Open": 45.75008, 
        "Volume": 1931200, 
        "day": 295, 
        "year": 1990
    }
}