{
    "day": {
        "Adj Close": 2.166693, 
        "Close": 47.875038, 
        "Company": "WBA", 
        "Date": "1990-11-02", 
        "High": 48.0, 
        "Low": 47.0, 
        "Open": 47.124962, 
        "Volume": 1614400, 
        "day": 306, 
        "year": 1990
    }
}