{
    "day": {
        "Adj Close": 2.211095, 
        "Close": 48.624962, 
        "Company": "WBA", 
        "Date": "1990-11-07", 
        "High": 48.875038, 
        "Low": 48.5, 
        "Open": 48.875038, 
        "Volume": 3971200, 
        "day": 311, 
        "year": 1990
    }
}