{
    "day": {
        "Adj Close": 2.267939, 
        "Close": 49.875038, 
        "Company": "WBA", 
        "Date": "1990-11-19", 
        "High": 50.0, 
        "Low": 49.375038, 
        "Open": 49.5, 
        "Volume": 2827200, 
        "day": 323, 
        "year": 1990
    }
}