{
    "day": {
        "Adj Close": 2.273621, 
        "Close": 50.0, 
        "Company": "WBA", 
        "Date": "1990-11-26", 
        "High": 50.0, 
        "Low": 49.24992, 
        "Open": 49.624962, 
        "Volume": 1118400, 
        "day": 330, 
        "year": 1990
    }
}