{
    "day": {
        "Adj Close": 2.290675, 
        "Close": 50.375038, 
        "Company": "WBA", 
        "Date": "1990-11-30", 
        "High": 50.75008, 
        "Low": 50.0, 
        "Open": 50.75008, 
        "Volume": 2702400, 
        "day": 334, 
        "year": 1990
    }
}