{
    "day": {
        "Adj Close": 2.302039, 
        "Close": 50.624962, 
        "Company": "WBA", 
        "Date": "1990-12-13", 
        "High": 50.875038, 
        "Low": 50.375038, 
        "Open": 50.875038, 
        "Volume": 1683200, 
        "day": 347, 
        "year": 1990
    }
}