{
    "day": {
        "Adj Close": 2.239513, 
        "Close": 49.24992, 
        "Company": "WBA", 
        "Date": "1990-12-17", 
        "High": 49.624962, 
        "Low": 49.124962, 
        "Open": 49.5, 
        "Volume": 1032000, 
        "day": 351, 
        "year": 1990
    }
}