{
    "day": {
        "Adj Close": 1.863807, 
        "Close": 41.75008, 
        "Company": "WBA", 
        "Date": "1990-02-08", 
        "High": 43.24992, 
        "Low": 41.75008, 
        "Open": 42.624962, 
        "Volume": 1132800, 
        "day": 39, 
        "year": 1990
    }
}