{
    "day": {
        "Adj Close": 1.869386, 
        "Close": 41.875038, 
        "Company": "WBA", 
        "Date": "1990-02-13", 
        "High": 42.24992, 
        "Low": 41.624962, 
        "Open": 41.875038, 
        "Volume": 2403200, 
        "day": 44, 
        "year": 1990
    }
}