{
    "day": {
        "Adj Close": 1.869386, 
        "Close": 41.875038, 
        "Company": "WBA", 
        "Date": "1990-02-14", 
        "High": 42.24992, 
        "Low": 41.875038, 
        "Open": 41.875038, 
        "Volume": 2428800, 
        "day": 45, 
        "year": 1990
    }
}