{
    "day": {
        "Adj Close": 1.883962, 
        "Close": 42.0, 
        "Company": "WBA", 
        "Date": "1990-02-15", 
        "High": 42.124962, 
        "Low": 41.75008, 
        "Open": 41.875038, 
        "Volume": 886400, 
        "day": 46, 
        "year": 1990
    }
}