{
    "day": {
        "Adj Close": 1.867139, 
        "Close": 41.624962, 
        "Company": "WBA", 
        "Date": "1990-03-02", 
        "High": 41.75008, 
        "Low": 41.0, 
        "Open": 41.24992, 
        "Volume": 4193600, 
        "day": 61, 
        "year": 1990
    }
}