{
    "day": {
        "Adj Close": 1.923213, 
        "Close": 42.875038, 
        "Company": "WBA", 
        "Date": "1990-03-06", 
        "High": 42.875038, 
        "Low": 42.124962, 
        "Open": 42.375038, 
        "Volume": 1868800, 
        "day": 65, 
        "year": 1990
    }
}