{
    "day": {
        "Adj Close": 1.945641, 
        "Close": 43.375038, 
        "Company": "WBA", 
        "Date": "1990-03-08", 
        "High": 43.375038, 
        "Low": 42.624962, 
        "Open": 42.75008, 
        "Volume": 1539200, 
        "day": 67, 
        "year": 1990
    }
}