{
    "day": {
        "Adj Close": 1.90639, 
        "Close": 42.5, 
        "Company": "WBA", 
        "Date": "1990-03-14", 
        "High": 42.75008, 
        "Low": 42.24992, 
        "Open": 42.375038, 
        "Volume": 902400, 
        "day": 73, 
        "year": 1990
    }
}