{
    "day": {
        "Adj Close": 1.911996, 
        "Close": 42.624962, 
        "Company": "WBA", 
        "Date": "1990-03-19", 
        "High": 42.75008, 
        "Low": 42.24992, 
        "Open": 42.624962, 
        "Volume": 2323200, 
        "day": 78, 
        "year": 1990
    }
}