{
    "day": {
        "Adj Close": 1.895173, 
        "Close": 42.24992, 
        "Company": "WBA", 
        "Date": "1990-03-29", 
        "High": 42.24992, 
        "Low": 41.5, 
        "Open": 41.875038, 
        "Volume": 907200, 
        "day": 88, 
        "year": 1990
    }
}