{
    "day": {
        "Adj Close": 1.917608, 
        "Close": 42.75008, 
        "Company": "WBA", 
        "Date": "1990-04-06", 
        "High": 42.875038, 
        "Low": 42.5, 
        "Open": 42.75008, 
        "Volume": 1046400, 
        "day": 96, 
        "year": 1990
    }
}