{
    "day": {
        "Adj Close": 32.230865, 
        "Close": 81.580002, 
        "Company": "TROW", 
        "Date": "2006-04-05", 
        "High": 82.169998, 
        "Low": 81.190002, 
        "Open": 81.900002, 
        "Volume": 1507800, 
        "day": 3, 
        "week": 14
    }
}