{
    "day": {
        "Adj Close": 32.317784, 
        "Close": 81.800003, 
        "Company": "TROW", 
        "Date": "2006-04-06", 
        "High": 82.0, 
        "Low": 80.760002, 
        "Open": 81.410004, 
        "Volume": 1587400, 
        "day": 4, 
        "week": 14
    }
}