{
    "day": {
        "Adj Close": 3.514676, 
        "Close": 37.375038, 
        "Company": "WBA", 
        "Date": "1993-03-19", 
        "High": 38.124962, 
        "Low": 37.25, 
        "Open": 38.124962, 
        "Volume": 2132800, 
        "day": 5, 
        "week": 11
    }
}