{
    "day": {
        "Adj Close": 247.139999, 
        "Close": 247.139999, 
        "Company": "TSLA", 
        "Date": "2015-05-19", 
        "High": 251.0, 
        "Low": 246.149994, 
        "Open": 248.429993, 
        "Volume": 3674200, 
        "day": 2, 
        "week": 21
    }
}