{
    "day": {
        "Adj Close": 17.712573, 
        "Close": 30.790001, 
        "Company": "MDLZ", 
        "Date": "2010-04-19", 
        "High": 30.83, 
        "Low": 30.290001, 
        "Open": 30.66, 
        "Volume": 10369100, 
        "day": 109, 
        "year": 2010
    }
}