{
    "day": {
        "Adj Close": 17.367411, 
        "Close": 30.190001, 
        "Company": "MDLZ", 
        "Date": "2010-04-22", 
        "High": 30.35, 
        "Low": 30.01, 
        "Open": 30.25, 
        "Volume": 11029400, 
        "day": 112, 
        "year": 2010
    }
}