{
    "day": {
        "Adj Close": 17.309883, 
        "Close": 30.09, 
        "Company": "MDLZ", 
        "Date": "2010-04-26", 
        "High": 30.4, 
        "Low": 29.969999, 
        "Open": 30.209999, 
        "Volume": 9148000, 
        "day": 116, 
        "year": 2010
    }
}