{
    "day": {
        "Adj Close": 17.114291, 
        "Close": 29.75, 
        "Company": "MDLZ", 
        "Date": "2010-04-28", 
        "High": 29.93, 
        "Low": 29.35, 
        "Open": 29.540001, 
        "Volume": 10251200, 
        "day": 118, 
        "year": 2010
    }
}