{
    "day": {
        "Adj Close": 17.010742, 
        "Close": 29.57, 
        "Company": "MDLZ", 
        "Date": "2010-05-04", 
        "High": 29.93, 
        "Low": 29.549999, 
        "Open": 29.719999, 
        "Volume": 14595300, 
        "day": 124, 
        "year": 2010
    }
}