{
    "day": {
        "Adj Close": 16.803645, 
        "Close": 29.209999, 
        "Company": "MDLZ", 
        "Date": "2010-05-06", 
        "High": 29.82, 
        "Low": 27.49, 
        "Open": 29.629999, 
        "Volume": 20860400, 
        "day": 126, 
        "year": 2010
    }
}