{
    "day": {
        "Adj Close": 17.246603, 
        "Close": 29.98, 
        "Company": "MDLZ", 
        "Date": "2010-06-17", 
        "High": 30.01, 
        "Low": 29.67, 
        "Open": 29.799999, 
        "Volume": 10024200, 
        "day": 168, 
        "year": 2010
    }
}