{
    "day": {
        "Adj Close": 17.209666, 
        "Close": 29.620001, 
        "Company": "MDLZ", 
        "Date": "2010-07-23", 
        "High": 29.799999, 
        "Low": 29.25, 
        "Open": 29.27, 
        "Volume": 7248500, 
        "day": 204, 
        "year": 2010
    }
}