{
    "day": {
        "Adj Close": 17.134134, 
        "Close": 29.49, 
        "Company": "MDLZ", 
        "Date": "2010-08-02", 
        "High": 29.620001, 
        "Low": 29.379999, 
        "Open": 29.49, 
        "Volume": 7719500, 
        "day": 214, 
        "year": 2010
    }
}