{
    "day": {
        "Adj Close": 17.139944, 
        "Close": 29.5, 
        "Company": "MDLZ", 
        "Date": "2010-08-12", 
        "High": 29.629999, 
        "Low": 29.299999, 
        "Open": 29.440001, 
        "Volume": 7061400, 
        "day": 224, 
        "year": 2010
    }
}