{
    "day": {
        "Adj Close": 18.342645, 
        "Close": 31.57, 
        "Company": "MDLZ", 
        "Date": "2010-09-20", 
        "High": 31.620001, 
        "Low": 31.23, 
        "Open": 31.35, 
        "Volume": 7774300, 
        "day": 263, 
        "year": 2010
    }
}