{
    "day": {
        "Adj Close": 18.371696, 
        "Close": 31.620001, 
        "Company": "MDLZ", 
        "Date": "2010-09-21", 
        "High": 31.66, 
        "Low": 31.290001, 
        "Open": 31.549999, 
        "Volume": 8068200, 
        "day": 264, 
        "year": 2010
    }
}