{
    "day": {
        "Adj Close": 18.563431, 
        "Close": 31.950001, 
        "Company": "MDLZ", 
        "Date": "2010-09-24", 
        "High": 31.950001, 
        "Low": 31.49, 
        "Open": 31.530001, 
        "Volume": 15759000, 
        "day": 267, 
        "year": 2010
    }
}