{
    "day": {
        "Adj Close": 19.039187, 
        "Close": 32.470001, 
        "Company": "MDLZ", 
        "Date": "2010-10-25", 
        "High": 32.610001, 
        "Low": 31.969999, 
        "Open": 31.969999, 
        "Volume": 10754100, 
        "day": 298, 
        "year": 2010
    }
}