{
    "day": {
        "Adj Close": 18.634596, 
        "Close": 31.780001, 
        "Company": "MDLZ", 
        "Date": "2010-11-01", 
        "High": 32.459999, 
        "Low": 31.74, 
        "Open": 32.349998, 
        "Volume": 9165600, 
        "day": 305, 
        "year": 2010
    }
}