{
    "day": {
        "Adj Close": 18.247597, 
        "Close": 31.120001, 
        "Company": "MDLZ", 
        "Date": "2010-11-08", 
        "High": 31.23, 
        "Low": 30.709999, 
        "Open": 31.1, 
        "Volume": 9705400, 
        "day": 312, 
        "year": 2010
    }
}