{
    "day": {
        "Adj Close": 17.737461, 
        "Close": 30.25, 
        "Company": "MDLZ", 
        "Date": "2010-11-30", 
        "High": 30.35, 
        "Low": 29.950001, 
        "Open": 30.030001, 
        "Volume": 9512000, 
        "day": 334, 
        "year": 2010
    }
}