{
    "day": {
        "Adj Close": 18.106869, 
        "Close": 30.879999, 
        "Company": "MDLZ", 
        "Date": "2010-12-13", 
        "High": 31.0, 
        "Low": 30.700001, 
        "Open": 30.879999, 
        "Volume": 6556300, 
        "day": 347, 
        "year": 2010
    }
}