{
    "day": {
        "Adj Close": 18.534915, 
        "Close": 31.610001, 
        "Company": "MDLZ", 
        "Date": "2010-12-27", 
        "High": 31.84, 
        "Low": 31.58, 
        "Open": 31.809999, 
        "Volume": 4520700, 
        "day": 361, 
        "year": 2010
    }
}