{
    "day": {
        "Adj Close": 16.484999, 
        "Close": 28.93, 
        "Company": "MDLZ", 
        "Date": "2010-02-10", 
        "High": 29.049999, 
        "Low": 28.75, 
        "Open": 28.969999, 
        "Volume": 19987800, 
        "day": 41, 
        "year": 2010
    }
}