{
    "day": {
        "Adj Close": 16.393828, 
        "Close": 28.77, 
        "Company": "MDLZ", 
        "Date": "2010-01-05", 
        "High": 28.809999, 
        "Low": 28.01, 
        "Open": 28.32, 
        "Volume": 37152800, 
        "day": 5, 
        "year": 2010
    }
}