{
    "day": {
        "Adj Close": 16.200087, 
        "Close": 28.43, 
        "Company": "MDLZ", 
        "Date": "2010-02-26", 
        "High": 28.77, 
        "Low": 28.299999, 
        "Open": 28.75, 
        "Volume": 26546400, 
        "day": 57, 
        "year": 2010
    }
}