{
    "day": {
        "Adj Close": 16.507792, 
        "Close": 28.969999, 
        "Company": "MDLZ", 
        "Date": "2010-03-03", 
        "High": 29.07, 
        "Low": 28.879999, 
        "Open": 28.99, 
        "Volume": 13534300, 
        "day": 62, 
        "year": 2010
    }
}