{
    "day": {
        "Adj Close": 17.545744, 
        "Close": 30.5, 
        "Company": "MDLZ", 
        "Date": "2010-03-30", 
        "High": 30.790001, 
        "Low": 30.34, 
        "Open": 30.629999, 
        "Volume": 9197700, 
        "day": 89, 
        "year": 2010
    }
}