{
    "day": {
        "Adj Close": 17.396174, 
        "Close": 30.24, 
        "Company": "MDLZ", 
        "Date": "2010-03-31", 
        "High": 30.52, 
        "Low": 30.200001, 
        "Open": 30.52, 
        "Volume": 8654100, 
        "day": 90, 
        "year": 2010
    }
}