{
    "day": {
        "Adj Close": 17.378915, 
        "Close": 30.209999, 
        "Company": "MDLZ", 
        "Date": "2010-04-05", 
        "High": 30.530001, 
        "Low": 30.16, 
        "Open": 30.48, 
        "Volume": 10098800, 
        "day": 95, 
        "year": 2010
    }
}