{
    "day": {
        "Adj Close": 21.969999,
        "Close": 21.969999,
        "Company": "TCBI",
        "Date": "2007-10-29",
        "High": 22.1,
        "Low": 21.59,
        "Open": 22.0,
        "Volume": 143200,
        "day": 1,
        "week": 44
    }
}