{
    "day": {
        "Adj Close": 22.129999,
        "Close": 22.129999,
        "Company": "TCBI",
        "Date": "2007-10-31",
        "High": 22.469999,
        "Low": 21.67,
        "Open": 22.290001,
        "Volume": 130900,
        "day": 3,
        "week": 44
    }
}