{
    "day": {
        "Adj Close": 69.511156, 
        "Close": 70.550003, 
        "Company": "TROW", 
        "Date": "2015-10-20", 
        "High": 70.790001, 
        "Low": 70.120003, 
        "Open": 70.489998, 
        "Volume": 1033500, 
        "day": 2, 
        "week": 43
    }
}