{
    "day": {
        "Adj Close": 12.553817, 
        "Close": 35.140621, 
        "Company": "TROW", 
        "Date": "2000-05-08", 
        "High": 35.625, 
        "Low": 34.375, 
        "Open": 34.6875, 
        "Volume": 655800, 
        "day": 8, 
        "month": 5
    }
}