{
    "day": {
        "Adj Close": 17.039009, 
        "Close": 34.02, 
        "Company": "MDLZ", 
        "Date": "2006-09-01", 
        "High": 34.099998, 
        "Low": 33.810001, 
        "Open": 33.830002, 
        "Volume": 1028300, 
        "day": 1, 
        "month": 9
    }
}