{
    "day": {
        "Adj Close": 17.177215, 
        "Close": 34.040001, 
        "Company": "MDLZ", 
        "Date": "2006-09-14", 
        "High": 34.09, 
        "Low": 33.639999, 
        "Open": 33.700001, 
        "Volume": 2869200, 
        "day": 14, 
        "month": 9
    }
}