{
    "day": {
        "Adj Close": 17.202446, 
        "Close": 34.09, 
        "Company": "MDLZ", 
        "Date": "2006-09-18", 
        "High": 34.48, 
        "Low": 33.919998, 
        "Open": 34.060001, 
        "Volume": 2126600, 
        "day": 18, 
        "month": 9
    }
}