{
    "day": {
        "Adj Close": 17.202446, 
        "Close": 34.09, 
        "Company": "MDLZ", 
        "Date": "2006-09-20", 
        "High": 34.389999, 
        "Low": 33.950001, 
        "Open": 34.119999, 
        "Volume": 1506400, 
        "day": 20, 
        "month": 9
    }
}