{
    "day": {
        "Adj Close": 48.816298, 
        "Close": 60.119999, 
        "Company": "TROW", 
        "Date": "2008-05-20", 
        "High": 61.990002, 
        "Low": 59.700001, 
        "Open": 61.560001, 
        "Volume": 3277400, 
        "day": 2, 
        "week": 21
    }
}