{
    "day": {
        "Adj Close": 14.101123,
        "Close": 16.83,
        "Company": "SUNS",
        "Date": "2014-05-29",
        "High": 17.200001,
        "Low": 16.780001,
        "Open": 17.139999,
        "Volume": 39200,
        "day": 4,
        "week": 22
    }
}