{
    "day": {
        "Adj Close": 199.449997, 
        "Close": 199.449997, 
        "Company": "TSLA", 
        "Date": "2014-05-21", 
        "High": 199.869995, 
        "Low": 194.789993, 
        "Open": 196.179993, 
        "Volume": 5285400, 
        "day": 21, 
        "month": 5
    }
}