{
    "day": {
        "Adj Close": 219.080002, 
        "Close": 219.080002, 
        "Company": "TSLA", 
        "Date": "2015-11-11", 
        "High": 219.479996, 
        "Low": 213.630005, 
        "Open": 217.770004, 
        "Volume": 3347800, 
        "day": 11, 
        "month": 11
    }
}