{
    "day": {
        "Adj Close": 2.110118, 
        "Close": 46.624962, 
        "Company": "WBA", 
        "Date": "1990-08-17", 
        "High": 47.124962, 
        "Low": 46.0, 
        "Open": 47.0, 
        "Volume": 1873600, 
        "day": 5, 
        "week": 33
    }
}