{
    "day": {
        "Adj Close": 70.988248, 
        "Close": 71.519997, 
        "Company": "TROW", 
        "Date": "2016-03-09", 
        "High": 72.360001, 
        "Low": 70.900002, 
        "Open": 72.199997, 
        "Volume": 1354400, 
        "day": 3, 
        "week": 10
    }
}