{
    "day": {
        "Adj Close": 70.77981, 
        "Close": 71.309998, 
        "Company": "TROW", 
        "Date": "2016-03-10", 
        "High": 71.900002, 
        "Low": 70.220001, 
        "Open": 71.849998, 
        "Volume": 918200, 
        "day": 4, 
        "week": 10
    }
}