{
    "day": {
        "Adj Close": 4.109951, 
        "Close": 43.875038, 
        "Company": "WBA", 
        "Date": "1992-12-28", 
        "High": 43.875038, 
        "Low": 43.624962, 
        "Open": 43.624962, 
        "Volume": 260000, 
        "day": 1, 
        "week": 53
    }
}