{
    "day": {
        "Adj Close": 4.016277, 
        "Close": 42.875038, 
        "Company": "WBA", 
        "Date": "1992-12-30", 
        "High": 43.375038, 
        "Low": 42.75, 
        "Open": 43.25, 
        "Volume": 840000, 
        "day": 3, 
        "week": 53
    }
}