{
    "day": {
        "Adj Close": 24.932087, 
        "Close": 26.549999, 
        "Company": "MDLZ", 
        "Date": "2012-10-31", 
        "High": 26.790001, 
        "Low": 26.299999, 
        "Open": 26.75, 
        "Volume": 11829900, 
        "day": 3, 
        "week": 44
    }
}