{
    "day": {
        "Adj Close": 24.678542, 
        "Close": 26.280001, 
        "Company": "MDLZ", 
        "Date": "2012-11-02", 
        "High": 26.799999, 
        "Low": 26.24, 
        "Open": 26.799999, 
        "Volume": 27262900, 
        "day": 5, 
        "week": 44
    }
}