{
    "day": {
        "Adj Close": 0.751972, 
        "Close": 19.75008, 
        "Company": "TROW", 
        "Date": "1990-09-12", 
        "High": 21.0, 
        "Low": 19.75008, 
        "Open": 21.0, 
        "Volume": 433600, 
        "day": 3, 
        "week": 37
    }
}