{
    "day": {
        "Adj Close": 28.14519, 
        "Close": 71.779999, 
        "Company": "TROW", 
        "Date": "2005-11-22", 
        "High": 71.900002, 
        "Low": 71.040001, 
        "Open": 71.660004, 
        "Volume": 1204600, 
        "day": 2, 
        "week": 47
    }
}