{
    "day": {
        "Adj Close": 2.436848, 
        "Close": 29.37504, 
        "Company": "TROW", 
        "Date": "1994-11-23", 
        "High": 29.5, 
        "Low": 29.25, 
        "Open": 29.5, 
        "Volume": 646400, 
        "day": 23, 
        "month": 11
    }
}