{
    "day": {
        "Adj Close": 45.297513, 
        "Close": 48.02, 
        "Company": "WBA", 
        "Date": "2013-05-03", 
        "High": 48.490002, 
        "Low": 47.82, 
        "Open": 48.369999, 
        "Volume": 8958900, 
        "day": 5, 
        "week": 18
    }
}