{
    "day": {
        "Adj Close": 13.594472, 
        "Close": 24.98, 
        "Company": "MDLZ", 
        "Date": "2009-02-10", 
        "High": 25.879999, 
        "Low": 24.83, 
        "Open": 25.719999, 
        "Volume": 13997600, 
        "day": 10, 
        "month": 2
    }
}