{
    "day": {
        "Adj Close": 13.23529, 
        "Close": 24.32, 
        "Company": "MDLZ", 
        "Date": "2009-02-18", 
        "High": 24.9, 
        "Low": 24.190001, 
        "Open": 24.84, 
        "Volume": 11156800, 
        "day": 18, 
        "month": 2
    }
}