{
    "day": {
        "Adj Close": 12.794477, 
        "Close": 23.51, 
        "Company": "MDLZ", 
        "Date": "2009-02-20", 
        "High": 24.0, 
        "Low": 23.280001, 
        "Open": 23.85, 
        "Volume": 15247800, 
        "day": 20, 
        "month": 2
    }
}