{
    "day": {
        "Adj Close": 14.334603, 
        "Close": 26.34, 
        "Company": "MDLZ", 
        "Date": "2009-02-06", 
        "High": 26.469999, 
        "Low": 25.92, 
        "Open": 26.08, 
        "Volume": 11156800, 
        "day": 6, 
        "month": 2
    }
}