{
    "day": {
        "Adj Close": 14.767257,
        "Close": 18.23,
        "Company": "SUNS",
        "Date": "2014-01-14",
        "High": 18.379999,
        "Low": 17.9,
        "Open": 18.34,
        "Volume": 149000,
        "day": 2,
        "week": 3
    }
}