{
    "day": {
        "Adj Close": 31.721451, 
        "Close": 38.619999, 
        "Company": "WBA", 
        "Date": "2002-04-15", 
        "High": 39.34, 
        "Low": 38.560001, 
        "Open": 39.34, 
        "Volume": 983500, 
        "day": 1, 
        "week": 16
    }
}