{
    "day": {
        "Adj Close": 23.699197, 
        "Close": 38.720001, 
        "Company": "MDLZ", 
        "Date": "2012-01-18", 
        "High": 38.82, 
        "Low": 38.139999, 
        "Open": 38.139999, 
        "Volume": 11589500, 
        "day": 18, 
        "month": 1
    }
}