{
    "day": {
        "Adj Close": 23.442129, 
        "Close": 38.299999, 
        "Company": "MDLZ", 
        "Date": "2012-01-24", 
        "High": 38.599998, 
        "Low": 38.200001, 
        "Open": 38.369999, 
        "Volume": 7433400, 
        "day": 24, 
        "month": 1
    }
}