{
    "day": {
        "Adj Close": 23.368681, 
        "Close": 38.18, 
        "Company": "MDLZ", 
        "Date": "2012-01-30", 
        "High": 38.330002, 
        "Low": 38.029999, 
        "Open": 38.310001, 
        "Volume": 6203300, 
        "day": 30, 
        "month": 1
    }
}