{
    "day": {
        "Adj Close": 23.442129, 
        "Close": 38.299999, 
        "Company": "MDLZ", 
        "Date": "2012-01-31", 
        "High": 38.360001, 
        "Low": 38.029999, 
        "Open": 38.25, 
        "Volume": 6687500, 
        "day": 31, 
        "month": 1
    }
}