{
    "day": {
        "Adj Close": 43.928807,
        "Close": 45.5,
        "Company": "LPLA",
        "Date": "2015-02-23",
        "High": 45.740002,
        "Low": 44.830002,
        "Open": 45.669998,
        "Volume": 577400,
        "day": 23,
        "month": 2
    }
}