{
    "day": {
        "Adj Close": 10.118919, 
        "Close": 27.32, 
        "Company": "TROW", 
        "Date": "2002-08-12", 
        "High": 27.530001, 
        "Low": 26.549999, 
        "Open": 27.17, 
        "Volume": 696800, 
        "day": 12, 
        "month": 8
    }
}