{
    "day": {
        "Adj Close": 10.663385, 
        "Close": 28.790001, 
        "Company": "TROW", 
        "Date": "2002-08-22", 
        "High": 29.049999, 
        "Low": 28.129999, 
        "Open": 28.610001, 
        "Volume": 1737200, 
        "day": 22, 
        "month": 8
    }
}