{
    "day": {
        "Adj Close": 27.232047, 
        "Close": 32.84, 
        "Company": "WBA", 
        "Date": "2004-04-15", 
        "High": 32.970001, 
        "Low": 32.75, 
        "Open": 32.849998, 
        "Volume": 2789100, 
        "day": 4, 
        "week": 16
    }
}