{
    "day": {
        "Adj Close": 17.984604, 
        "Close": 35.639999, 
        "Company": "MDLZ", 
        "Date": "2006-10-18", 
        "High": 35.82, 
        "Low": 35.59, 
        "Open": 35.700001, 
        "Volume": 2180500, 
        "day": 3, 
        "week": 42
    }
}