{
    "day": {
        "Adj Close": 14.529927, 
        "Close": 29.690001, 
        "Company": "MDLZ", 
        "Date": "2005-10-10", 
        "High": 29.950001, 
        "Low": 29.58, 
        "Open": 29.84, 
        "Volume": 828500, 
        "day": 1, 
        "week": 41
    }
}