{
    "day": {
        "Adj Close": 16.40121, 
        "Close": 32.990002, 
        "Company": "MDLZ", 
        "Date": "2006-05-25", 
        "High": 32.990002, 
        "Low": 32.360001, 
        "Open": 32.560001, 
        "Volume": 3145000, 
        "day": 25, 
        "month": 5
    }
}