{
    "day": {
        "Adj Close": 16.346522, 
        "Close": 32.880001, 
        "Company": "MDLZ", 
        "Date": "2006-05-26", 
        "High": 33.0, 
        "Low": 32.799999, 
        "Open": 32.970001, 
        "Volume": 1359100, 
        "day": 26, 
        "month": 5
    }
}