{
    "day": {
        "Adj Close": 18.713876, 
        "Close": 41.130001, 
        "Company": "MDLZ", 
        "Date": "2002-07-01", 
        "High": 41.700001, 
        "Low": 40.5, 
        "Open": 40.5, 
        "Volume": 2476600, 
        "day": 1, 
        "week": 27
    }
}