{
    "day": {
        "Adj Close": 17.994986, 
        "Close": 39.549999, 
        "Company": "MDLZ", 
        "Date": "2002-07-03", 
        "High": 40.73, 
        "Low": 39.23, 
        "Open": 40.639999, 
        "Volume": 1619100, 
        "day": 3, 
        "week": 27
    }
}