{
    "day": {
        "Adj Close": 40.060001,
        "Close": 40.060001,
        "Company": "TCBI",
        "Date": "2013-03-25",
        "High": 41.23,
        "Low": 39.869999,
        "Open": 41.23,
        "Volume": 638000,
        "day": 25,
        "month": 3
    }
}