{
    "day": {
        "Adj Close": 40.799999,
        "Close": 40.799999,
        "Company": "TCBI",
        "Date": "2013-03-27",
        "High": 40.849998,
        "Low": 40.32,
        "Open": 40.419998,
        "Volume": 195600,
        "day": 27,
        "month": 3
    }
}