{
    "day": {
        "Adj Close": 41.860001,
        "Close": 41.860001,
        "Company": "TCBI",
        "Date": "2013-03-05",
        "High": 42.490002,
        "Low": 40.880001,
        "Open": 42.16,
        "Volume": 954600,
        "day": 5,
        "month": 3
    }
}