{
    "day": {
        "Adj Close": 34.292583,
        "Close": 36.599998,
        "Company": "LPLA",
        "Date": "2013-06-06",
        "High": 36.970001,
        "Low": 36.16,
        "Open": 36.25,
        "Volume": 585600,
        "day": 4,
        "week": 23
    }
}