{
    "day": {
        "Adj Close": 27.3105, 
        "Close": 33.349998, 
        "Company": "WBA", 
        "Date": "2001-08-01", 
        "High": 33.509998, 
        "Low": 33.009998, 
        "Open": 33.5, 
        "Volume": 2525900, 
        "day": 1, 
        "month": 8
    }
}