{
    "day": {
        "Adj Close": 28.156712, 
        "Close": 34.349998, 
        "Company": "WBA", 
        "Date": "2001-08-31", 
        "High": 35.18, 
        "Low": 34.209999, 
        "Open": 34.860001, 
        "Volume": 1974200, 
        "day": 31, 
        "month": 8
    }
}