{
    "day": {
        "Adj Close": 29.480601, 
        "Close": 36.0, 
        "Company": "WBA", 
        "Date": "2001-08-07", 
        "High": 36.080002, 
        "Low": 35.200001, 
        "Open": 35.700001, 
        "Volume": 2456500, 
        "day": 7, 
        "month": 8
    }
}