{
    "day": {
        "Adj Close": 30.274941, 
        "Close": 36.970001, 
        "Company": "WBA", 
        "Date": "2001-08-09", 
        "High": 37.0, 
        "Low": 36.189999, 
        "Open": 36.639999, 
        "Volume": 2824400, 
        "day": 9, 
        "month": 8
    }
}