{
    "day": {
        "Adj Close": 1.131087, 
        "Close": 27.12496, 
        "Company": "WBA", 
        "Date": "1986-02-05", 
        "High": 27.24992, 
        "Low": 26.5, 
        "Open": 26.75008, 
        "Volume": 2497600, 
        "day": 3, 
        "week": 6
    }
}