{
    "day": {
        "Adj Close": 1.157154, 
        "Close": 27.75008, 
        "Company": "WBA", 
        "Date": "1986-02-07", 
        "High": 27.87504, 
        "Low": 27.24992, 
        "Open": 27.5, 
        "Volume": 1529600, 
        "day": 5, 
        "week": 6
    }
}