{
    "day": {
        "Adj Close": 48.346746, 
        "Close": 59.290001, 
        "Company": "TROW", 
        "Date": "2008-09-02", 
        "High": 61.470001, 
        "Low": 58.43, 
        "Open": 61.189999, 
        "Volume": 3125300, 
        "day": 2, 
        "week": 36
    }
}