{
    "day": {
        "Adj Close": 3.870833, 
        "Close": 40.5, 
        "Company": "WBA", 
        "Date": "1994-04-20", 
        "High": 41.25, 
        "Low": 40.375038, 
        "Open": 41.124962, 
        "Volume": 2518400, 
        "day": 3, 
        "week": 16
    }
}