{
    "day": {
        "Adj Close": 3.990303, 
        "Close": 41.75, 
        "Company": "WBA", 
        "Date": "1994-04-22", 
        "High": 41.875038, 
        "Low": 40.75, 
        "Open": 40.75, 
        "Volume": 3500000, 
        "day": 5, 
        "week": 16
    }
}