{
    "day": {
        "Adj Close": 13.737118, 
        "Close": 28.07, 
        "Company": "MDLZ", 
        "Date": "2005-10-27", 
        "High": 28.219999, 
        "Low": 28.030001, 
        "Open": 28.139999, 
        "Volume": 927900, 
        "day": 4, 
        "week": 43
    }
}