{
    "day": {
        "Adj Close": 280.309998, 
        "Close": 280.309998, 
        "Company": "TSLA", 
        "Date": "2014-09-11", 
        "High": 284.790009, 
        "Low": 278.630005, 
        "Open": 280.459991, 
        "Volume": 3766100, 
        "day": 4, 
        "week": 37
    }
}