{
    "day": {
        "Adj Close": 26.356979, 
        "Close": 30.389999, 
        "Company": "WBA", 
        "Date": "2009-06-16", 
        "High": 30.709999, 
        "Low": 30.200001, 
        "Open": 30.610001, 
        "Volume": 7405300, 
        "day": 2, 
        "week": 25
    }
}