{
    "day": {
        "Adj Close": 75.083908, 
        "Close": 76.690002, 
        "Company": "WBA", 
        "Date": "2015-02-10", 
        "High": 76.730003, 
        "Low": 75.639999, 
        "Open": 76.309998, 
        "Volume": 4233400, 
        "day": 2, 
        "week": 7
    }
}