{
    "day": {
        "Adj Close": 66.094902, 
        "Close": 66.589996, 
        "Company": "TROW", 
        "Date": "2016-02-10", 
        "High": 68.349998, 
        "Low": 66.550003, 
        "Open": 67.459999, 
        "Volume": 1509500, 
        "day": 3, 
        "week": 6
    }
}