{
    "day": {
        "Adj Close": 16.275567, 
        "Close": 30.77, 
        "Company": "MDLZ", 
        "Date": "2008-04-29", 
        "High": 30.940001, 
        "Low": 30.35, 
        "Open": 30.389999, 
        "Volume": 12747900, 
        "day": 2, 
        "week": 18
    }
}