{
    "day": {
        "Adj Close": 58.688077, 
        "Close": 67.860001, 
        "Company": "TROW", 
        "Date": "2011-01-18", 
        "High": 67.919998, 
        "Low": 66.940002, 
        "Open": 67.57, 
        "Volume": 1324500, 
        "day": 2, 
        "week": 3
    }
}