{
    "day": {
        "Adj Close": 1.924129, 
        "Close": 47.75008, 
        "Company": "TROW", 
        "Date": "1993-01-18", 
        "High": 47.75008, 
        "Low": 47.24992, 
        "Open": 47.5, 
        "Volume": 462400, 
        "day": 18, 
        "month": 1
    }
}