{
    "day": {
        "Adj Close": 1.94427, 
        "Close": 48.24992, 
        "Company": "TROW", 
        "Date": "1993-01-20", 
        "High": 48.75008, 
        "Low": 48.24992, 
        "Open": 48.24992, 
        "Volume": 721600, 
        "day": 20, 
        "month": 1
    }
}