{
    "day": {
        "Adj Close": 206.550003, 
        "Close": 206.550003, 
        "Company": "TSLA", 
        "Date": "2015-01-26", 
        "High": 208.619995, 
        "Low": 201.050003, 
        "Open": 201.830002, 
        "Volume": 3234500, 
        "day": 1, 
        "week": 5
    }
}