{
    "day": {
        "Adj Close": 199.369995, 
        "Close": 199.369995, 
        "Company": "TSLA", 
        "Date": "2015-01-28", 
        "High": 206.369995, 
        "Low": 198.419998, 
        "Open": 206.110001, 
        "Volume": 3149600, 
        "day": 3, 
        "week": 5
    }
}