{
    "day": {
        "Adj Close": 203.600006, 
        "Close": 203.600006, 
        "Company": "TSLA", 
        "Date": "2015-01-30", 
        "High": 207.470001, 
        "Low": 203.0, 
        "Open": 203.960007, 
        "Volume": 3007000, 
        "day": 5, 
        "week": 5
    }
}