{
    "day": {
        "Adj Close": 20.557427, 
        "Close": 34.419998, 
        "Company": "MDLZ", 
        "Date": "2011-06-02", 
        "High": 34.759998, 
        "Low": 34.240002, 
        "Open": 34.66, 
        "Volume": 9933900, 
        "day": 4, 
        "week": 22
    }
}