{
    "day": {
        "Adj Close": 20.366307, 
        "Close": 34.099998, 
        "Company": "MDLZ", 
        "Date": "2011-06-03", 
        "High": 34.299999, 
        "Low": 34.049999, 
        "Open": 34.080002, 
        "Volume": 7964100, 
        "day": 5, 
        "week": 22
    }
}