{
    "day": {
        "Adj Close": 26.879999, 
        "Close": 26.879999, 
        "Company": "FANG", 
        "Date": "2013-04-26", 
        "High": 27.370001, 
        "Low": 26.35, 
        "Open": 27.290001, 
        "Volume": 147000, 
        "day": 5, 
        "week": 17
    }
}