{
    "day": {
        "Adj Close": 201.350006, 
        "Close": 201.350006, 
        "Company": "TSLA", 
        "Date": "2014-05-07", 
        "High": 210.199997, 
        "Low": 197.25, 
        "Open": 209.639999, 
        "Volume": 10179300, 
        "day": 3, 
        "week": 19
    }
}