{
    "day": {
        "Adj Close": 182.259995, 
        "Close": 182.259995, 
        "Company": "TSLA", 
        "Date": "2014-05-09", 
        "High": 183.399994, 
        "Low": 177.220001, 
        "Open": 179.860001, 
        "Volume": 8495200, 
        "day": 5, 
        "week": 19
    }
}