{
    "day": {
        "Adj Close": 38.696235, 
        "Close": 39.310001, 
        "Company": "MDLZ", 
        "Date": "2015-05-13", 
        "High": 39.59, 
        "Low": 39.02, 
        "Open": 39.360001, 
        "Volume": 9561900, 
        "day": 3, 
        "week": 20
    }
}