{
    "day": {
        "Adj Close": 39.818435, 
        "Close": 40.450001, 
        "Company": "MDLZ", 
        "Date": "2015-05-15", 
        "High": 40.509998, 
        "Low": 39.939999, 
        "Open": 40.18, 
        "Volume": 9836700, 
        "day": 5, 
        "week": 20
    }
}