{
    "day": {
        "Adj Close": 0.980312, 
        "Close": 23.62496, 
        "Company": "WBA", 
        "Date": "1985-09-23", 
        "High": 24.24992, 
        "Low": 23.62496, 
        "Open": 23.87504, 
        "Volume": 1710400, 
        "day": 23, 
        "month": 9
    }
}