{
    "day": {
        "Adj Close": 1.037369, 
        "Close": 25.0, 
        "Company": "WBA", 
        "Date": "1985-09-09", 
        "High": 25.87504, 
        "Low": 24.75008, 
        "Open": 25.62496, 
        "Volume": 3364800, 
        "day": 9, 
        "month": 9
    }
}