{
    "day": {
        "Adj Close": 15.25154, 
        "Close": 27.049999, 
        "Company": "MDLZ", 
        "Date": "2009-10-23", 
        "High": 27.290001, 
        "Low": 26.870001, 
        "Open": 26.99, 
        "Volume": 10450700, 
        "day": 5, 
        "week": 43
    }
}