{
    "day": {
        "Adj Close": 33.650002, 
        "Close": 33.650002, 
        "Company": "FANG", 
        "Date": "2013-06-26", 
        "High": 33.73, 
        "Low": 32.990002, 
        "Open": 33.240002, 
        "Volume": 325100, 
        "day": 3, 
        "week": 26
    }
}