{
    "day": {
        "Adj Close": 33.060001, 
        "Close": 33.060001, 
        "Company": "FANG", 
        "Date": "2013-06-27", 
        "High": 33.77, 
        "Low": 32.959999, 
        "Open": 33.709999, 
        "Volume": 290800, 
        "day": 4, 
        "week": 26
    }
}