{
    "day": {
        "Adj Close": 20.049999, 
        "Close": 20.049999, 
        "Company": "FANG", 
        "Date": "2013-01-04", 
        "High": 20.49, 
        "Low": 18.969999, 
        "Open": 19.25, 
        "Volume": 173300, 
        "day": 5, 
        "week": 1
    }
}