{
    "day": {
        "Adj Close": 20.209999,
        "Close": 20.209999,
        "Company": "TCBI",
        "Date": "2006-11-24",
        "High": 20.309999,
        "Low": 19.690001,
        "Open": 20.02,
        "Volume": 55300,
        "day": 24,
        "month": 11
    }
}