{
    "day": {
        "Adj Close": 19.85,
        "Close": 19.85,
        "Company": "TCBI",
        "Date": "2006-11-03",
        "High": 19.98,
        "Low": 19.629999,
        "Open": 19.889999,
        "Volume": 42100,
        "day": 3,
        "month": 11
    }
}