{
    "day": {
        "Adj Close": 59.610001,
        "Close": 59.610001,
        "Company": "TCBI",
        "Date": "2014-02-14",
        "High": 59.799999,
        "Low": 58.919998,
        "Open": 59.290001,
        "Volume": 289100,
        "day": 14,
        "month": 2
    }
}