{
    "day": {
        "Adj Close": 12.785025,
        "Close": 18.99,
        "Company": "SUNS",
        "Date": "2011-03-21",
        "High": 18.99,
        "Low": 18.709999,
        "Open": 18.9,
        "Volume": 58000,
        "day": 1,
        "week": 12
    }
}