{
    "day": {
        "Adj Close": 84.66157, 
        "Close": 85.769997, 
        "Company": "WBA", 
        "Date": "2015-07-01", 
        "High": 85.860001, 
        "Low": 84.849998, 
        "Open": 85.080002, 
        "Volume": 2834900, 
        "day": 3, 
        "week": 27
    }
}