{
    "day": {
        "Adj Close": 1.492716, 
        "Close": 35.124962, 
        "Company": "WBA", 
        "Date": "1987-04-16", 
        "High": 35.24992, 
        "Low": 34.75008, 
        "Open": 34.875038, 
        "Volume": 2168000, 
        "day": 16, 
        "month": 4
    }
}