{
    "day": {
        "Adj Close": 1.476785, 
        "Close": 34.75008, 
        "Company": "WBA", 
        "Date": "1987-04-28", 
        "High": 35.24992, 
        "Low": 34.75008, 
        "Open": 34.875038, 
        "Volume": 3288000, 
        "day": 28, 
        "month": 4
    }
}