{
    "day": {
        "Adj Close": 1.529903, 
        "Close": 36.0, 
        "Company": "WBA", 
        "Date": "1987-04-06", 
        "High": 36.624962, 
        "Low": 35.875038, 
        "Open": 36.375038, 
        "Volume": 1265600, 
        "day": 6, 
        "month": 4
    }
}