{
    "day": {
        "Adj Close": 1.519282, 
        "Close": 35.75008, 
        "Company": "WBA", 
        "Date": "1987-04-07", 
        "High": 36.0, 
        "Low": 35.24992, 
        "Open": 35.75008, 
        "Volume": 10553600, 
        "day": 7, 
        "month": 4
    }
}