{
    "day": {
        "Adj Close": 17.568965, 
        "Close": 45.650002, 
        "Company": "TROW", 
        "Date": "2004-08-05", 
        "High": 47.139999, 
        "Low": 45.630001, 
        "Open": 47.02, 
        "Volume": 847400, 
        "day": 4, 
        "week": 32
    }
}