{
    "day": {
        "Adj Close": 20.241834, 
        "Close": 23.639999, 
        "Company": "WBA", 
        "Date": "2008-11-11", 
        "High": 24.290001, 
        "Low": 22.99, 
        "Open": 23.41, 
        "Volume": 5272800, 
        "day": 11, 
        "month": 11
    }
}