{
    "day": {
        "Adj Close": 1.45392, 
        "Close": 36.624962, 
        "Company": "TROW", 
        "Date": "1992-04-01", 
        "High": 36.75008, 
        "Low": 36.0, 
        "Open": 36.75008, 
        "Volume": 1000000, 
        "day": 3, 
        "week": 14
    }
}