{
    "day": {
        "Adj Close": 37.958652, 
        "Close": 44.810001, 
        "Company": "WBA", 
        "Date": "2007-08-23", 
        "High": 45.299999, 
        "Low": 44.540001, 
        "Open": 45.16, 
        "Volume": 4420900, 
        "day": 4, 
        "week": 34
    }
}