{
    "day": {
        "Adj Close": 1.521433, 
        "Close": 38.124962, 
        "Company": "TROW", 
        "Date": "1992-08-31", 
        "High": 38.5, 
        "Low": 37.75008, 
        "Open": 38.5, 
        "Volume": 105600, 
        "day": 1, 
        "week": 36
    }
}