{
    "day": {
        "Adj Close": 1.536399, 
        "Close": 38.5, 
        "Company": "TROW", 
        "Date": "1992-09-03", 
        "High": 38.5, 
        "Low": 37.75008, 
        "Open": 38.24992, 
        "Volume": 102400, 
        "day": 4, 
        "week": 36
    }
}