{
    "day": {
        "Adj Close": 18.610001,
        "Close": 18.610001,
        "Company": "TCBI",
        "Date": "2008-05-14",
        "High": 18.66,
        "Low": 18.360001,
        "Open": 18.41,
        "Volume": 238200,
        "day": 3,
        "week": 20
    }
}