{
    "day": {
        "Adj Close": 18.620001,
        "Close": 18.620001,
        "Company": "TCBI",
        "Date": "2008-05-16",
        "High": 18.77,
        "Low": 18.389999,
        "Open": 18.77,
        "Volume": 228600,
        "day": 5,
        "week": 20
    }
}