{
    "day": {
        "Adj Close": 12.206029,
        "Close": 18.129999,
        "Company": "SUNS",
        "Date": "2011-05-26",
        "High": 18.17,
        "Low": 17.93,
        "Open": 18.0,
        "Volume": 81700,
        "day": 26,
        "month": 5
    }
}