{
    "day": {
        "Adj Close": 12.408005,
        "Close": 18.43,
        "Company": "SUNS",
        "Date": "2011-05-06",
        "High": 18.700001,
        "Low": 18.110001,
        "Open": 18.110001,
        "Volume": 33000,
        "day": 6,
        "month": 5
    }
}