{
    "day": {
        "Adj Close": 17.488217, 
        "Close": 30.4, 
        "Company": "MDLZ", 
        "Date": "2010-05-12", 
        "High": 30.59, 
        "Low": 30.129999, 
        "Open": 30.59, 
        "Volume": 10452000, 
        "day": 12, 
        "month": 5
    }
}