{
    "day": {
        "Adj Close": 17.436442, 
        "Close": 30.309999, 
        "Company": "MDLZ", 
        "Date": "2010-05-13", 
        "High": 30.629999, 
        "Low": 30.200001, 
        "Open": 30.4, 
        "Volume": 11088500, 
        "day": 13, 
        "month": 5
    }
}