{
    "day": {
        "Adj Close": 17.574507, 
        "Close": 30.549999, 
        "Company": "MDLZ", 
        "Date": "2010-05-17", 
        "High": 30.639999, 
        "Low": 30.09, 
        "Open": 30.389999, 
        "Volume": 13596300, 
        "day": 17, 
        "month": 5
    }
}