{
    "day": {
        "Adj Close": 16.717354, 
        "Close": 29.059999, 
        "Company": "MDLZ", 
        "Date": "2010-05-27", 
        "High": 29.08, 
        "Low": 28.57, 
        "Open": 28.799999, 
        "Volume": 14550400, 
        "day": 27, 
        "month": 5
    }
}