{
    "day": {
        "Adj Close": 28.049999, 
        "Close": 28.049999, 
        "Company": "TSLA", 
        "Date": "2011-10-14", 
        "High": 28.549999, 
        "Low": 27.26, 
        "Open": 28.0, 
        "Volume": 1400500, 
        "day": 14, 
        "month": 10
    }
}