{
    "day": {
        "Adj Close": 1.295142, 
        "Close": 30.12496, 
        "Company": "WBA", 
        "Date": "1987-12-15", 
        "High": 32.875038, 
        "Low": 30.12496, 
        "Open": 31.62496, 
        "Volume": 1830400, 
        "day": 2, 
        "week": 51
    }
}