{
    "day": {
        "Adj Close": 1.391878, 
        "Close": 32.375038, 
        "Company": "WBA", 
        "Date": "1987-12-16", 
        "High": 32.375038, 
        "Low": 30.37504, 
        "Open": 30.37504, 
        "Volume": 2006400, 
        "day": 3, 
        "week": 51
    }
}