{
    "day": {
        "Adj Close": 1.381127, 
        "Close": 32.124962, 
        "Company": "WBA", 
        "Date": "1987-12-17", 
        "High": 32.624962, 
        "Low": 32.124962, 
        "Open": 32.5, 
        "Volume": 2420800, 
        "day": 4, 
        "week": 51
    }
}