{
    "day": {
        "Adj Close": 143.669998, 
        "Close": 143.669998, 
        "Company": "TSLA", 
        "Date": "2016-02-10", 
        "High": 154.970001, 
        "Low": 141.740005, 
        "Open": 150.5, 
        "Volume": 9067300, 
        "day": 3, 
        "week": 6
    }
}