{
    "day": {
        "Adj Close": 151.039993, 
        "Close": 151.039993, 
        "Company": "TSLA", 
        "Date": "2016-02-12", 
        "High": 157.009995, 
        "Low": 143.699997, 
        "Open": 155.0, 
        "Volume": 7203000, 
        "day": 5, 
        "week": 6
    }
}