{
    "day": {
        "Adj Close": 12.661203,
        "Close": 17.42,
        "Company": "SUNS",
        "Date": "2012-08-20",
        "High": 17.469999,
        "Low": 17.370001,
        "Open": 17.469999,
        "Volume": 30500,
        "day": 20,
        "month": 8
    }
}