{
    "day": {
        "Adj Close": 12.708761,
        "Close": 17.370001,
        "Company": "SUNS",
        "Date": "2012-08-23",
        "High": 17.4,
        "Low": 17.290001,
        "Open": 17.35,
        "Volume": 12000,
        "day": 23,
        "month": 8
    }
}