{
    "day": {
        "Adj Close": 12.595789,
        "Close": 17.33,
        "Company": "SUNS",
        "Date": "2012-08-07",
        "High": 17.629999,
        "Low": 17.25,
        "Open": 17.549999,
        "Volume": 69700,
        "day": 7,
        "month": 8
    }
}