{
    "day": {
        "Adj Close": 71.25, 
        "Close": 71.25, 
        "Company": "FANG", 
        "Date": "2016-02-02", 
        "High": 73.120003, 
        "Low": 70.190002, 
        "Open": 70.709999, 
        "Volume": 990400, 
        "day": 2, 
        "month": 2
    }
}