{
    "day": {
        "Adj Close": 41.710319, 
        "Close": 52.139999, 
        "Company": "TROW", 
        "Date": "2007-06-14", 
        "High": 52.150002, 
        "Low": 51.34, 
        "Open": 51.34, 
        "Volume": 1081200, 
        "day": 4, 
        "week": 24
    }
}