{
    "day": {
        "Adj Close": 2.043665, 
        "Close": 46.0, 
        "Company": "WBA", 
        "Date": "1989-09-20", 
        "High": 46.0, 
        "Low": 45.75008, 
        "Open": 46.0, 
        "Volume": 1726400, 
        "day": 3, 
        "week": 38
    }
}