{
    "day": {
        "Adj Close": 28.885706, 
        "Close": 30.34, 
        "Company": "MDLZ", 
        "Date": "2013-06-17", 
        "High": 30.639999, 
        "Low": 29.91, 
        "Open": 29.91, 
        "Volume": 11431800, 
        "day": 1, 
        "week": 25
    }
}