{
    "day": {
        "Adj Close": 17.972238, 
        "Close": 39.200001, 
        "Company": "MDLZ", 
        "Date": "2003-01-02", 
        "High": 39.400002, 
        "Low": 38.900002, 
        "Open": 39.18, 
        "Volume": 1098500, 
        "day": 4, 
        "week": 1
    }
}