{
    "day": {
        "Adj Close": 18.26,
        "Close": 18.26,
        "Company": "TCBI",
        "Date": "2008-10-15",
        "High": 20.200001,
        "Low": 17.969999,
        "Open": 18.42,
        "Volume": 258500,
        "day": 15,
        "month": 10
    }
}