{
    "day": {
        "Adj Close": 21.129999,
        "Close": 21.129999,
        "Company": "TCBI",
        "Date": "2008-10-02",
        "High": 22.0,
        "Low": 20.700001,
        "Open": 21.16,
        "Volume": 215400,
        "day": 2,
        "month": 10
    }
}