{
    "day": {
        "Adj Close": 16.139999,
        "Close": 16.139999,
        "Company": "TCBI",
        "Date": "2008-10-27",
        "High": 17.26,
        "Low": 16.040001,
        "Open": 16.450001,
        "Volume": 241000,
        "day": 27,
        "month": 10
    }
}