{
    "day": {
        "Adj Close": 21.860001,
        "Close": 21.860001,
        "Company": "TCBI",
        "Date": "2008-10-03",
        "High": 22.0,
        "Low": 20.709999,
        "Open": 21.66,
        "Volume": 231300,
        "day": 3,
        "month": 10
    }
}