{
    "day": {
        "Adj Close": 17.280001,
        "Close": 17.280001,
        "Company": "TCBI",
        "Date": "2008-10-30",
        "High": 17.42,
        "Low": 15.87,
        "Open": 16.110001,
        "Volume": 124500,
        "day": 30,
        "month": 10
    }
}