{
    "day": {
        "Adj Close": 18.190001,
        "Close": 18.190001,
        "Company": "TCBI",
        "Date": "2008-10-08",
        "High": 18.84,
        "Low": 17.700001,
        "Open": 17.950001,
        "Volume": 282800,
        "day": 8,
        "month": 10
    }
}