{
    "day": {
        "Adj Close": 13.057631,
        "Close": 16.600001,
        "Company": "SONA",
        "Date": "2006-12-28",
        "High": 16.600001,
        "Low": 16.580003,
        "Open": 16.580003,
        "Volume": 300,
        "day": 28,
        "month": 12
    }
}