{
    "day": {
        "Adj Close": 3.417535, 
        "Close": 36.75, 
        "Company": "WBA", 
        "Date": "1992-07-16", 
        "High": 37.0, 
        "Low": 36.5, 
        "Open": 36.875038, 
        "Volume": 1928800, 
        "day": 4, 
        "week": 29
    }
}