{
    "day": {
        "Adj Close": 13.209711,
        "Close": 17.82,
        "Company": "SUNS",
        "Date": "2012-11-13",
        "High": 18.040001,
        "Low": 17.809999,
        "Open": 17.809999,
        "Volume": 23600,
        "day": 2,
        "week": 46
    }
}