{
    "day": {
        "Adj Close": 30.208868,
        "Close": 32.779999,
        "Company": "LPLA",
        "Date": "2012-06-26",
        "High": 32.889999,
        "Low": 32.09,
        "Open": 32.639999,
        "Volume": 289300,
        "day": 2,
        "week": 26
    }
}