{
    "day": {
        "Adj Close": 30.651219,
        "Close": 33.259998,
        "Company": "LPLA",
        "Date": "2012-06-27",
        "High": 33.360001,
        "Low": 32.669998,
        "Open": 32.939999,
        "Volume": 203600,
        "day": 3,
        "week": 26
    }
}