{
    "day": {
        "Adj Close": 20.664933, 
        "Close": 34.599998, 
        "Company": "MDLZ", 
        "Date": "2011-06-24", 
        "High": 34.669998, 
        "Low": 34.310001, 
        "Open": 34.330002, 
        "Volume": 11485100, 
        "day": 5, 
        "week": 25
    }
}