{
    "day": {
        "Adj Close": 3.54663, 
        "Close": 38.0, 
        "Company": "WBA", 
        "Date": "1992-09-04", 
        "High": 38.375038, 
        "Low": 37.75, 
        "Open": 38.25, 
        "Volume": 694400, 
        "day": 5, 
        "week": 36
    }
}