{
    "day": {
        "Adj Close": 30.376818,
        "Close": 32.549999,
        "Company": "LPLA",
        "Date": "2013-04-02",
        "High": 32.599998,
        "Low": 32.189999,
        "Open": 32.27,
        "Volume": 689000,
        "day": 2,
        "week": 14
    }
}