{
    "day": {
        "Adj Close": 36.722003, 
        "Close": 44.049999, 
        "Company": "WBA", 
        "Date": "2005-05-04", 
        "High": 44.18, 
        "Low": 43.509998, 
        "Open": 43.52, 
        "Volume": 2900900, 
        "day": 4, 
        "month": 5
    }
}