{
    "day": {
        "Adj Close": 37.038789, 
        "Close": 44.43, 
        "Company": "WBA", 
        "Date": "2005-05-09", 
        "High": 44.5, 
        "Low": 43.860001, 
        "Open": 43.959999, 
        "Volume": 1622300, 
        "day": 9, 
        "month": 5
    }
}