{
    "day": {
        "Adj Close": 15.022838, 
        "Close": 32.060001, 
        "Company": "MDLZ", 
        "Date": "2004-01-28", 
        "High": 33.209999, 
        "Low": 31.950001, 
        "Open": 32.139999, 
        "Volume": 5396300, 
        "day": 3, 
        "week": 5
    }
}