{
    "day": {
        "Adj Close": 18.447158, 
        "Close": 48.119999, 
        "Company": "TROW", 
        "Date": "2004-05-11", 
        "High": 49.240002, 
        "Low": 47.869999, 
        "Open": 48.41, 
        "Volume": 1619600, 
        "day": 11, 
        "month": 5
    }
}