{
    "day": {
        "Adj Close": 18.010131, 
        "Close": 46.98, 
        "Company": "TROW", 
        "Date": "2004-05-24", 
        "High": 47.59, 
        "Low": 46.66, 
        "Open": 46.799999, 
        "Volume": 923400, 
        "day": 24, 
        "month": 5
    }
}