{
    "day": {
        "Adj Close": 18.531497, 
        "Close": 48.34, 
        "Company": "TROW", 
        "Date": "2004-05-25", 
        "High": 48.48, 
        "Low": 46.349998, 
        "Open": 47.209999, 
        "Volume": 1288800, 
        "day": 25, 
        "month": 5
    }
}