{
    "day": {
        "Adj Close": 28.575674,
        "Close": 30.620001,
        "Company": "LPLA",
        "Date": "2013-03-05",
        "High": 31.030001,
        "Low": 30.4,
        "Open": 30.860001,
        "Volume": 268000,
        "day": 2,
        "week": 10
    }
}