{
    "day": {
        "Adj Close": 16.195516, 
        "Close": 42.740002, 
        "Company": "TROW", 
        "Date": "2003-09-04", 
        "High": 43.189999, 
        "Low": 42.450001, 
        "Open": 43.049999, 
        "Volume": 2306400, 
        "day": 4, 
        "week": 36
    }
}