{
    "day": {
        "Adj Close": 24.829249,
        "Close": 28.6,
        "Company": "LPLA",
        "Date": "2011-11-29",
        "High": 28.91,
        "Low": 28.120001,
        "Open": 28.48,
        "Volume": 183600,
        "day": 29,
        "month": 11
    }
}