{
    "day": {
        "Adj Close": 12.148034,
        "Close": 17.02,
        "Company": "SUNS",
        "Date": "2012-05-15",
        "High": 17.200001,
        "Low": 16.98,
        "Open": 17.02,
        "Volume": 29100,
        "day": 2,
        "week": 20
    }
}