{
    "day": {
        "Adj Close": 46.330647,
        "Close": 48.509998,
        "Company": "LPLA",
        "Date": "2014-05-12",
        "High": 48.68,
        "Low": 47.200001,
        "Open": 47.279999,
        "Volume": 622100,
        "day": 1,
        "week": 20
    }
}