{
    "day": {
        "Adj Close": 42.612764, 
        "Close": 52.48, 
        "Company": "TROW", 
        "Date": "2008-04-16", 
        "High": 53.0, 
        "Low": 51.220001, 
        "Open": 51.529999, 
        "Volume": 2010600, 
        "day": 3, 
        "week": 16
    }
}