{
    "day": {
        "Adj Close": 16.99493, 
        "Close": 32.130001, 
        "Company": "MDLZ", 
        "Date": "2008-06-02", 
        "High": 32.470001, 
        "Low": 31.860001, 
        "Open": 32.299999, 
        "Volume": 6169100, 
        "day": 1, 
        "week": 23
    }
}