{
    "day": {
        "Adj Close": 1.204301, 
        "Close": 28.75008, 
        "Company": "WBA", 
        "Date": "1986-02-19", 
        "High": 29.24992, 
        "Low": 28.62496, 
        "Open": 28.62496, 
        "Volume": 2364800, 
        "day": 3, 
        "week": 8
    }
}