{
    "day": {
        "Adj Close": 1.312603, 
        "Close": 31.12496, 
        "Company": "WBA", 
        "Date": "1986-10-07", 
        "High": 31.24992, 
        "Low": 30.62496, 
        "Open": 31.24992, 
        "Volume": 1764800, 
        "day": 7, 
        "month": 10
    }
}