{
    "day": {
        "Adj Close": 17.120001,
        "Close": 17.120001,
        "Company": "TCBI",
        "Date": "2008-04-23",
        "High": 17.26,
        "Low": 16.870001,
        "Open": 17.08,
        "Volume": 207200,
        "day": 23,
        "month": 4
    }
}