{
    "day": {
        "Adj Close": 17.940001,
        "Close": 17.940001,
        "Company": "TCBI",
        "Date": "2008-04-24",
        "High": 18.1,
        "Low": 16.91,
        "Open": 17.190001,
        "Volume": 217500,
        "day": 24,
        "month": 4
    }
}