{
    "day": {
        "Adj Close": 16.219999,
        "Close": 16.219999,
        "Company": "TCBI",
        "Date": "2008-04-09",
        "High": 16.85,
        "Low": 16.049999,
        "Open": 16.690001,
        "Volume": 133000,
        "day": 9,
        "month": 4
    }
}