{
    "day": {
        "Adj Close": 13.972051, 
        "Close": 30.309999, 
        "Company": "MDLZ", 
        "Date": "2003-04-28", 
        "High": 30.549999, 
        "Low": 30.0, 
        "Open": 30.09, 
        "Volume": 1684700, 
        "day": 1, 
        "week": 18
    }
}