{
    "day": {
        "Adj Close": 14.244024, 
        "Close": 30.9, 
        "Company": "MDLZ", 
        "Date": "2003-04-30", 
        "High": 31.049999, 
        "Low": 30.459999, 
        "Open": 30.860001, 
        "Volume": 2350300, 
        "day": 3, 
        "week": 18
    }
}