{
    "day": {
        "Adj Close": 3.913376, 
        "Close": 41.124962, 
        "Company": "WBA", 
        "Date": "1993-12-21", 
        "High": 41.624962, 
        "Low": 41.0, 
        "Open": 41.5, 
        "Volume": 977600, 
        "day": 2, 
        "week": 51
    }
}