{
    "day": {
        "Adj Close": 32.444261, 
        "Close": 39.5, 
        "Company": "WBA", 
        "Date": "2002-03-20", 
        "High": 40.029999, 
        "Low": 39.450001, 
        "Open": 39.939999, 
        "Volume": 1771200, 
        "day": 3, 
        "week": 12
    }
}