{
    "day": {
        "Adj Close": 18.014497, 
        "Close": 39.720001, 
        "Company": "MDLZ", 
        "Date": "2002-05-10", 
        "High": 40.299999, 
        "Low": 39.529999, 
        "Open": 39.880001, 
        "Volume": 1216100, 
        "day": 5, 
        "week": 19
    }
}