{
    "day": {
        "Adj Close": 75.177236, 
        "Close": 75.529999, 
        "Company": "WBA", 
        "Date": "2016-02-11", 
        "High": 76.120003, 
        "Low": 73.879997, 
        "Open": 74.849998, 
        "Volume": 5069300, 
        "day": 11, 
        "month": 2
    }
}