{
    "day": {
        "Adj Close": 79.57, 
        "Close": 79.57, 
        "Company": "WBA", 
        "Date": "2016-02-26", 
        "High": 80.050003, 
        "Low": 78.870003, 
        "Open": 80.0, 
        "Volume": 4505400, 
        "day": 26, 
        "month": 2
    }
}