{
    "day": {
        "Adj Close": 72.0, 
        "Close": 72.0, 
        "Company": "FANG", 
        "Date": "2016-02-04", 
        "High": 76.860001, 
        "Low": 71.68, 
        "Open": 75.480003, 
        "Volume": 2528900, 
        "day": 4, 
        "week": 5
    }
}