{
    "day": {
        "Adj Close": 24.860001,
        "Close": 24.860001,
        "Company": "TCBI",
        "Date": "2011-04-18",
        "High": 25.219999,
        "Low": 24.68,
        "Open": 25.08,
        "Volume": 237300,
        "day": 18,
        "month": 4
    }
}