{
    "day": {
        "Adj Close": 25.73,
        "Close": 25.73,
        "Company": "TCBI",
        "Date": "2011-04-26",
        "High": 26.139999,
        "Low": 25.559999,
        "Open": 25.620001,
        "Volume": 206400,
        "day": 26,
        "month": 4
    }
}