{
    "day": {
        "Adj Close": 25.879999,
        "Close": 25.879999,
        "Company": "TCBI",
        "Date": "2011-04-27",
        "High": 26.0,
        "Low": 25.65,
        "Open": 25.709999,
        "Volume": 169000,
        "day": 27,
        "month": 4
    }
}