{
    "day": {
        "Adj Close": 0.959565, 
        "Close": 23.12496, 
        "Company": "WBA", 
        "Date": "1985-09-30", 
        "High": 24.0, 
        "Low": 23.0, 
        "Open": 23.37504, 
        "Volume": 3224000, 
        "day": 1, 
        "week": 40
    }
}