{
    "day": {
        "Adj Close": 10.481896, 
        "Close": 28.299999, 
        "Company": "TROW", 
        "Date": "2002-09-10", 
        "High": 28.74, 
        "Low": 27.879999, 
        "Open": 28.73, 
        "Volume": 906200, 
        "day": 2, 
        "week": 37
    }
}