{
    "day": {
        "Adj Close": 10.000396, 
        "Close": 27.0, 
        "Company": "TROW", 
        "Date": "2002-09-13", 
        "High": 27.120001, 
        "Low": 26.530001, 
        "Open": 26.540001, 
        "Volume": 1226400, 
        "day": 5, 
        "week": 37
    }
}