{
    "day": {
        "Adj Close": 26.549999,
        "Close": 26.549999,
        "Company": "TCBI",
        "Date": "2011-11-01",
        "High": 27.75,
        "Low": 26.389999,
        "Open": 26.809999,
        "Volume": 477200,
        "day": 1,
        "month": 11
    }
}