{
    "day": {
        "Adj Close": 27.290001,
        "Close": 27.290001,
        "Company": "TCBI",
        "Date": "2011-11-21",
        "High": 27.809999,
        "Low": 26.91,
        "Open": 27.459999,
        "Volume": 220900,
        "day": 21,
        "month": 11
    }
}