{
    "day": {
        "Adj Close": 27.139999,
        "Close": 27.139999,
        "Company": "TCBI",
        "Date": "2011-11-07",
        "High": 27.540001,
        "Low": 26.77,
        "Open": 27.15,
        "Volume": 256700,
        "day": 7,
        "month": 11
    }
}