{
    "day": {
        "Adj Close": 20.155238, 
        "Close": 52.369999, 
        "Company": "TROW", 
        "Date": "2004-09-21", 
        "High": 52.439999, 
        "Low": 50.509998, 
        "Open": 51.099998, 
        "Volume": 1117800, 
        "day": 2, 
        "week": 39
    }
}