{
    "day": {
        "Adj Close": 19.38785, 
        "Close": 50.189999, 
        "Company": "TROW", 
        "Date": "2004-09-23", 
        "High": 50.970001, 
        "Low": 49.98, 
        "Open": 50.529999, 
        "Volume": 1843600, 
        "day": 4, 
        "week": 39
    }
}