{
    "day": {
        "Adj Close": 20.99,
        "Close": 20.99,
        "Company": "TCBI",
        "Date": "2011-01-10",
        "High": 21.02,
        "Low": 20.200001,
        "Open": 20.440001,
        "Volume": 377700,
        "day": 10,
        "month": 1
    }
}