{
    "day": {
        "Adj Close": 21.41,
        "Close": 21.41,
        "Company": "TCBI",
        "Date": "2011-01-13",
        "High": 21.530001,
        "Low": 21.32,
        "Open": 21.459999,
        "Volume": 120800,
        "day": 13,
        "month": 1
    }
}