{
    "day": {
        "Adj Close": 24.389999,
        "Close": 24.389999,
        "Company": "TCBI",
        "Date": "2011-01-31",
        "High": 25.07,
        "Low": 24.389999,
        "Open": 24.700001,
        "Volume": 354700,
        "day": 31,
        "month": 1
    }
}