{
    "day": {
        "Adj Close": 20.559999,
        "Close": 20.559999,
        "Company": "TCBI",
        "Date": "2011-01-07",
        "High": 21.5,
        "Low": 20.51,
        "Open": 21.440001,
        "Volume": 232000,
        "day": 7,
        "month": 1
    }
}