{
    "day": {
        "Adj Close": 51.470001,
        "Close": 51.470001,
        "Company": "TCBI",
        "Date": "2014-05-29",
        "High": 52.66,
        "Low": 51.34,
        "Open": 52.18,
        "Volume": 319300,
        "day": 4,
        "week": 22
    }
}