{
    "day": {
        "Adj Close": 210.940002, 
        "Close": 210.940002, 
        "Company": "TSLA", 
        "Date": "2015-02-02", 
        "High": 211.949997, 
        "Low": 203.300003, 
        "Open": 203.970001, 
        "Volume": 4149200, 
        "day": 2, 
        "month": 2
    }
}