{
    "day": {
        "Adj Close": 207.339996, 
        "Close": 207.339996, 
        "Company": "TSLA", 
        "Date": "2015-02-23", 
        "High": 218.199997, 
        "Low": 206.330002, 
        "Open": 215.660004, 
        "Volume": 8499800, 
        "day": 23, 
        "month": 2
    }
}