{
    "day": {
        "Adj Close": 14.772693, 
        "Close": 31.360001, 
        "Company": "MDLZ", 
        "Date": "2004-04-16", 
        "High": 31.6, 
        "Low": 31.219999, 
        "Open": 31.290001, 
        "Volume": 1224400, 
        "day": 5, 
        "week": 16
    }
}