{
    "day": {
        "Adj Close": 11.569895,
        "Close": 16.209999,
        "Company": "SUNS",
        "Date": "2012-05-01",
        "High": 16.4,
        "Low": 16.02,
        "Open": 16.18,
        "Volume": 102000,
        "day": 1,
        "month": 5
    }
}