{
    "day": {
        "Adj Close": 11.817766,
        "Close": 16.459999,
        "Company": "SUNS",
        "Date": "2012-05-22",
        "High": 16.620001,
        "Low": 16.43,
        "Open": 16.57,
        "Volume": 18500,
        "day": 22,
        "month": 5
    }
}