{
    "day": {
        "Adj Close": 50.18, 
        "Close": 50.18, 
        "Company": "FANG", 
        "Date": "2013-10-17", 
        "High": 50.380001, 
        "Low": 48.549999, 
        "Open": 49.450001, 
        "Volume": 460600, 
        "day": 4, 
        "week": 42
    }
}