{
    "day": {
        "Adj Close": 3.77996, 
        "Close": 40.5, 
        "Company": "WBA", 
        "Date": "1992-11-05", 
        "High": 40.875038, 
        "Low": 40.25, 
        "Open": 40.875038, 
        "Volume": 898400, 
        "day": 4, 
        "week": 45
    }
}