{
    "day": {
        "Adj Close": 223.059998, 
        "Close": 223.059998, 
        "Company": "TSLA", 
        "Date": "2014-07-09", 
        "High": 224.220001, 
        "Low": 219.210007, 
        "Open": 221.270004, 
        "Volume": 4115400, 
        "day": 3, 
        "week": 28
    }
}