{
    "day": {
        "Adj Close": 1.787965, 
        "Close": 45.24992, 
        "Company": "TROW", 
        "Date": "1992-02-10", 
        "High": 45.24992, 
        "Low": 44.5, 
        "Open": 45.0, 
        "Volume": 144000, 
        "day": 10, 
        "month": 2
    }
}