{
    "day": {
        "Adj Close": 1.768215, 
        "Close": 44.75008, 
        "Company": "TROW", 
        "Date": "1992-02-19", 
        "High": 45.75008, 
        "Low": 44.75008, 
        "Open": 45.0, 
        "Volume": 190400, 
        "day": 19, 
        "month": 2
    }
}