{
    "day": {
        "Adj Close": 1.787965, 
        "Close": 45.24992, 
        "Company": "TROW", 
        "Date": "1992-02-25", 
        "High": 45.24992, 
        "Low": 44.5, 
        "Open": 44.5, 
        "Volume": 353600, 
        "day": 25, 
        "month": 2
    }
}