{
    "day": {
        "Adj Close": 29.724174, 
        "Close": 31.08, 
        "Company": "MDLZ", 
        "Date": "2013-07-23", 
        "High": 31.32, 
        "Low": 30.700001, 
        "Open": 30.77, 
        "Volume": 12141400, 
        "day": 2, 
        "week": 30
    }
}