{
    "day": {
        "Adj Close": 37.321962, 
        "Close": 44.23, 
        "Company": "WBA", 
        "Date": "2007-05-01", 
        "High": 44.400002, 
        "Low": 43.5, 
        "Open": 44.130001, 
        "Volume": 6414800, 
        "day": 2, 
        "week": 18
    }
}