{
    "day": {
        "Adj Close": 37.819813, 
        "Close": 44.82, 
        "Company": "WBA", 
        "Date": "2007-05-04", 
        "High": 44.919998, 
        "Low": 44.48, 
        "Open": 44.599998, 
        "Volume": 4148600, 
        "day": 5, 
        "week": 18
    }
}