{
    "day": {
        "Adj Close": 30.097788, 
        "Close": 36.25, 
        "Company": "WBA", 
        "Date": "2004-06-23", 
        "High": 36.349998, 
        "Low": 35.860001, 
        "Open": 36.18, 
        "Volume": 2303500, 
        "day": 23, 
        "month": 6
    }
}