{
    "day": {
        "Adj Close": 30.064576, 
        "Close": 36.209999, 
        "Company": "WBA", 
        "Date": "2004-06-29", 
        "High": 36.639999, 
        "Low": 36.209999, 
        "Open": 36.310001, 
        "Volume": 2204800, 
        "day": 29, 
        "month": 6
    }
}