{
    "day": {
        "Adj Close": 13.713907, 
        "Close": 29.75, 
        "Company": "MDLZ", 
        "Date": "2003-04-17", 
        "High": 29.799999, 
        "Low": 29.049999, 
        "Open": 29.049999, 
        "Volume": 1523000, 
        "day": 107, 
        "year": 2003
    }
}