{
    "day": {
        "Adj Close": 14.267073, 
        "Close": 30.950001, 
        "Company": "MDLZ", 
        "Date": "2003-04-29", 
        "High": 30.950001, 
        "Low": 30.209999, 
        "Open": 30.370001, 
        "Volume": 2757500, 
        "day": 119, 
        "year": 2003
    }
}