{
    "day": {
        "Adj Close": 14.428412, 
        "Close": 31.299999, 
        "Company": "MDLZ", 
        "Date": "2003-05-09", 
        "High": 31.4, 
        "Low": 31.1, 
        "Open": 31.219999, 
        "Volume": 1682500, 
        "day": 129, 
        "year": 2003
    }
}