{
    "day": {
        "Adj Close": 15.299649, 
        "Close": 33.189999, 
        "Company": "MDLZ", 
        "Date": "2003-06-05", 
        "High": 33.32, 
        "Low": 32.950001, 
        "Open": 33.040001, 
        "Volume": 2648600, 
        "day": 156, 
        "year": 2003
    }
}