{
    "day": {
        "Adj Close": 15.553184, 
        "Close": 33.740002, 
        "Company": "MDLZ", 
        "Date": "2003-06-12", 
        "High": 33.84, 
        "Low": 33.259998, 
        "Open": 33.599998, 
        "Volume": 2154100, 
        "day": 163, 
        "year": 2003
    }
}