{
    "day": {
        "Adj Close": 15.073162, 
        "Close": 32.549999, 
        "Company": "MDLZ", 
        "Date": "2003-06-30", 
        "High": 32.880001, 
        "Low": 32.450001, 
        "Open": 32.779999, 
        "Volume": 1959800, 
        "day": 181, 
        "year": 2003
    }
}