{
    "day": {
        "Adj Close": 17.330371, 
        "Close": 37.799999, 
        "Company": "MDLZ", 
        "Date": "2003-01-21", 
        "High": 38.349998, 
        "Low": 37.759998, 
        "Open": 38.25, 
        "Volume": 925300, 
        "day": 21, 
        "year": 2003
    }
}