{
    "day": {
        "Adj Close": 13.304207, 
        "Close": 28.73, 
        "Company": "MDLZ", 
        "Date": "2003-08-12", 
        "High": 28.73, 
        "Low": 28.309999, 
        "Open": 28.32, 
        "Volume": 1075000, 
        "day": 224, 
        "year": 2003
    }
}