{
    "day": {
        "Adj Close": 13.345884, 
        "Close": 28.82, 
        "Company": "MDLZ", 
        "Date": "2003-08-15", 
        "High": 29.299999, 
        "Low": 28.5, 
        "Open": 29.299999, 
        "Volume": 754900, 
        "day": 227, 
        "year": 2003
    }
}