{
    "day": {
        "Adj Close": 13.507962, 
        "Close": 29.17, 
        "Company": "MDLZ", 
        "Date": "2003-08-27", 
        "High": 29.290001, 
        "Low": 29.02, 
        "Open": 29.26, 
        "Volume": 1487500, 
        "day": 239, 
        "year": 2003
    }
}