{
    "day": {
        "Adj Close": 16.665582, 
        "Close": 36.349998, 
        "Company": "MDLZ", 
        "Date": "2003-01-24", 
        "High": 37.380001, 
        "Low": 36.200001, 
        "Open": 37.150002, 
        "Volume": 1780800, 
        "day": 24, 
        "year": 2003
    }
}