{
    "day": {
        "Adj Close": 13.961777, 
        "Close": 30.15, 
        "Company": "MDLZ", 
        "Date": "2003-09-02", 
        "High": 30.299999, 
        "Low": 29.75, 
        "Open": 29.799999, 
        "Volume": 1900100, 
        "day": 245, 
        "year": 2003
    }
}