{
    "day": {
        "Adj Close": 13.604473, 
        "Close": 29.200001, 
        "Company": "MDLZ", 
        "Date": "2003-10-20", 
        "High": 29.33, 
        "Low": 29.01, 
        "Open": 29.08, 
        "Volume": 2205700, 
        "day": 293, 
        "year": 2003
    }
}