{
    "day": {
        "Adj Close": 13.745094, 
        "Close": 29.98, 
        "Company": "MDLZ", 
        "Date": "2003-01-30", 
        "High": 31.209999, 
        "Low": 29.950001, 
        "Open": 31.15, 
        "Volume": 9942200, 
        "day": 30, 
        "year": 2003
    }
}