{
    "day": {
        "Adj Close": 13.581177, 
        "Close": 29.15, 
        "Company": "MDLZ", 
        "Date": "2003-11-04", 
        "High": 29.299999, 
        "Low": 29.15, 
        "Open": 29.24, 
        "Volume": 1183500, 
        "day": 308, 
        "year": 2003
    }
}