{
    "day": {
        "Adj Close": 13.506632, 
        "Close": 28.99, 
        "Company": "MDLZ", 
        "Date": "2003-11-05", 
        "High": 29.110001, 
        "Low": 28.5, 
        "Open": 29.030001, 
        "Volume": 2256400, 
        "day": 309, 
        "year": 2003
    }
}