{
    "day": {
        "Adj Close": 14.699353, 
        "Close": 31.549999, 
        "Company": "MDLZ", 
        "Date": "2003-12-04", 
        "High": 32.349998, 
        "Low": 31.440001, 
        "Open": 32.299999, 
        "Volume": 1655900, 
        "day": 338, 
        "year": 2003
    }
}