{
    "day": {
        "Adj Close": 14.629467, 
        "Close": 31.4, 
        "Company": "MDLZ", 
        "Date": "2003-12-09", 
        "High": 31.799999, 
        "Low": 31.209999, 
        "Open": 31.76, 
        "Volume": 1083400, 
        "day": 343, 
        "year": 2003
    }
}