{
    "day": {
        "Adj Close": 14.47407, 
        "Close": 31.57, 
        "Company": "MDLZ", 
        "Date": "2003-02-10", 
        "High": 31.620001, 
        "Low": 31.25, 
        "Open": 31.6, 
        "Volume": 1436600, 
        "day": 41, 
        "year": 2003
    }
}