{
    "day": {
        "Adj Close": 13.823034, 
        "Close": 30.15, 
        "Company": "MDLZ", 
        "Date": "2003-02-25", 
        "High": 30.190001, 
        "Low": 29.0, 
        "Open": 29.5, 
        "Volume": 2103500, 
        "day": 56, 
        "year": 2003
    }
}