{
    "day": {
        "Adj Close": 12.589735, 
        "Close": 27.459999, 
        "Company": "MDLZ", 
        "Date": "2003-03-06", 
        "High": 27.860001, 
        "Low": 26.85, 
        "Open": 27.860001, 
        "Volume": 4666300, 
        "day": 65, 
        "year": 2003
    }
}