{
    "day": {
        "Adj Close": 17.72466, 
        "Close": 38.66, 
        "Company": "MDLZ", 
        "Date": "2003-01-07", 
        "High": 39.060001, 
        "Low": 38.419998, 
        "Open": 39.0, 
        "Volume": 1363700, 
        "day": 7, 
        "year": 2003
    }
}