{
    "day": {
        "Adj Close": 12.69977, 
        "Close": 27.700001, 
        "Company": "MDLZ", 
        "Date": "2003-03-11", 
        "High": 27.809999, 
        "Low": 27.129999, 
        "Open": 27.299999, 
        "Volume": 2842700, 
        "day": 70, 
        "year": 2003
    }
}