{
    "day": {
        "Adj Close": 14.197927, 
        "Close": 30.799999, 
        "Company": "MDLZ", 
        "Date": "2003-03-21", 
        "High": 30.950001, 
        "Low": 29.940001, 
        "Open": 30.0, 
        "Volume": 4073800, 
        "day": 80, 
        "year": 2003
    }
}