{
    "day": {
        "Adj Close": 13.432714, 
        "Close": 29.139999, 
        "Company": "MDLZ", 
        "Date": "2003-03-27", 
        "High": 29.469999, 
        "Low": 28.969999, 
        "Open": 29.299999, 
        "Volume": 3138000, 
        "day": 86, 
        "year": 2003
    }
}