{
    "day": {
        "Adj Close": 36.943835,
        "Close": 37.599998,
        "Company": "LPLA",
        "Date": "2015-10-14",
        "High": 38.599998,
        "Low": 37.41,
        "Open": 38.0,
        "Volume": 710300,
        "day": 14,
        "month": 10
    }
}