{
    "day": {
        "Adj Close": 38.093419,
        "Close": 38.77,
        "Company": "LPLA",
        "Date": "2015-10-08",
        "High": 39.200001,
        "Low": 38.34,
        "Open": 38.630001,
        "Volume": 936300,
        "day": 8,
        "month": 10
    }
}