{
    "day": {
        "Adj Close": 37.444937,
        "Close": 38.110001,
        "Company": "LPLA",
        "Date": "2015-10-09",
        "High": 38.919998,
        "Low": 37.0,
        "Open": 38.919998,
        "Volume": 1860600,
        "day": 9,
        "month": 10
    }
}