{
    "day": {
        "Adj Close": 23.450001,
        "Close": 23.450001,
        "Company": "TCBI",
        "Date": "2005-12-13",
        "High": 23.540001,
        "Low": 23.030001,
        "Open": 23.309999,
        "Volume": 137700,
        "day": 2,
        "week": 50
    }
}