{
    "day": {
        "Adj Close": 30.208653, 
        "Close": 35.48, 
        "Company": "WBA", 
        "Date": "2008-04-28", 
        "High": 35.799999, 
        "Low": 35.32, 
        "Open": 35.5, 
        "Volume": 4724800, 
        "day": 1, 
        "week": 18
    }
}