{
    "day": {
        "Adj Close": 39.312243, 
        "Close": 41.950001, 
        "Company": "WBA", 
        "Date": "2013-02-12", 
        "High": 41.950001, 
        "Low": 41.59, 
        "Open": 41.91, 
        "Volume": 4799300, 
        "day": 12, 
        "month": 2
    }
}