{
    "day": {
        "Adj Close": 38.834309, 
        "Close": 41.439999, 
        "Company": "WBA", 
        "Date": "2013-02-06", 
        "High": 41.439999, 
        "Low": 40.830002, 
        "Open": 41.110001, 
        "Volume": 8105000, 
        "day": 6, 
        "month": 2
    }
}