{
    "day": {
        "Adj Close": 14.560621, 
        "Close": 26.110001, 
        "Company": "MDLZ", 
        "Date": "2009-09-14", 
        "High": 26.27, 
        "Low": 26.02, 
        "Open": 26.1, 
        "Volume": 12747800, 
        "day": 14, 
        "month": 9
    }
}