{
    "day": {
        "Adj Close": 14.711189, 
        "Close": 26.379999, 
        "Company": "MDLZ", 
        "Date": "2009-09-24", 
        "High": 26.52, 
        "Low": 26.18, 
        "Open": 26.33, 
        "Volume": 10815300, 
        "day": 24, 
        "month": 9
    }
}