{
    "day": {
        "Adj Close": 75.702776, 
        "Close": 81.669998, 
        "Company": "TROW", 
        "Date": "2014-03-28", 
        "High": 82.550003, 
        "Low": 80.629997, 
        "Open": 81.169998, 
        "Volume": 917300, 
        "day": 5, 
        "week": 13
    }
}