{
    "day": {
        "Adj Close": 26.111037, 
        "Close": 66.839996, 
        "Company": "TROW", 
        "Date": "2005-07-20", 
        "High": 67.639999, 
        "Low": 66.790001, 
        "Open": 67.400002, 
        "Volume": 1895600, 
        "day": 20, 
        "month": 7
    }
}