{
    "day": {
        "Adj Close": 25.919619, 
        "Close": 66.349998, 
        "Company": "TROW", 
        "Date": "2005-07-29", 
        "High": 67.349998, 
        "Low": 66.349998, 
        "Open": 67.040001, 
        "Volume": 954600, 
        "day": 29, 
        "month": 7
    }
}