{
    "day": {
        "Adj Close": 15.389132, 
        "Close": 34.049999, 
        "Company": "MDLZ", 
        "Date": "2001-12-26", 
        "High": 34.68, 
        "Low": 34.049999, 
        "Open": 34.68, 
        "Volume": 1066900, 
        "day": 3, 
        "week": 52
    }
}