{
    "day": {
        "Adj Close": 15.212869, 
        "Close": 33.66, 
        "Company": "MDLZ", 
        "Date": "2001-12-27", 
        "High": 34.080002, 
        "Low": 33.650002, 
        "Open": 34.07, 
        "Volume": 1075100, 
        "day": 4, 
        "week": 52
    }
}