{
    "day": {
        "Adj Close": 14.457077, 
        "Close": 30.690001, 
        "Company": "MDLZ", 
        "Date": "2004-06-03", 
        "High": 30.809999, 
        "Low": 30.030001, 
        "Open": 30.049999, 
        "Volume": 2573200, 
        "day": 3, 
        "month": 6
    }
}