{
    "day": {
        "Adj Close": 79.360483, 
        "Close": 81.68, 
        "Company": "TROW", 
        "Date": "2015-05-08", 
        "High": 81.940002, 
        "Low": 81.239998, 
        "Open": 81.330002, 
        "Volume": 1143800, 
        "day": 5, 
        "week": 19
    }
}