{
    "day": {
        "Adj Close": 29.552015,
        "Close": 34.040001,
        "Company": "LPLA",
        "Date": "2011-04-19",
        "High": 34.279999,
        "Low": 33.82,
        "Open": 34.07,
        "Volume": 112900,
        "day": 109,
        "year": 2011
    }
}