{
    "day": {
        "Adj Close": 32.000214,
        "Close": 36.860001,
        "Company": "LPLA",
        "Date": "2011-05-03",
        "High": 37.060001,
        "Low": 36.48,
        "Open": 37.0,
        "Volume": 257600,
        "day": 123,
        "year": 2011
    }
}