{
    "day": {
        "Adj Close": 29.482561,
        "Close": 33.959999,
        "Company": "LPLA",
        "Date": "2011-05-23",
        "High": 34.18,
        "Low": 33.84,
        "Open": 33.950001,
        "Volume": 320600,
        "day": 143,
        "year": 2011
    }
}