{
    "day": {
        "Adj Close": 30.072907,
        "Close": 34.639999,
        "Company": "LPLA",
        "Date": "2011-05-24",
        "High": 34.66,
        "Low": 33.919998,
        "Open": 34.0,
        "Volume": 302800,
        "day": 144,
        "year": 2011
    }
}