{
    "day": {
        "Adj Close": 31.036561,
        "Close": 35.75,
        "Company": "LPLA",
        "Date": "2011-06-01",
        "High": 35.959999,
        "Low": 35.66,
        "Open": 35.849998,
        "Volume": 571200,
        "day": 152,
        "year": 2011
    }
}