{
    "day": {
        "Adj Close": 31.244919,
        "Close": 35.990002,
        "Company": "LPLA",
        "Date": "2011-06-02",
        "High": 36.040001,
        "Low": 35.650002,
        "Open": 35.689999,
        "Volume": 303200,
        "day": 153,
        "year": 2011
    }
}