{
    "day": {
        "Adj Close": 29.925322,
        "Close": 34.470001,
        "Company": "LPLA",
        "Date": "2011-06-29",
        "High": 34.720001,
        "Low": 32.830002,
        "Open": 32.830002,
        "Volume": 350600,
        "day": 180,
        "year": 2011
    }
}