{
    "day": {
        "Adj Close": 29.6996,
        "Close": 34.209999,
        "Company": "LPLA",
        "Date": "2011-06-30",
        "High": 34.709999,
        "Low": 34.150002,
        "Open": 34.389999,
        "Volume": 365400,
        "day": 181,
        "year": 2011
    }
}