{
    "day": {
        "Adj Close": 29.178708,
        "Close": 33.610001,
        "Company": "LPLA",
        "Date": "2011-07-12",
        "High": 33.73,
        "Low": 33.040001,
        "Open": 33.419998,
        "Volume": 139500,
        "day": 193,
        "year": 2011
    }
}