{
    "day": {
        "Adj Close": 29.187388,
        "Close": 33.619999,
        "Company": "LPLA",
        "Date": "2011-07-14",
        "High": 33.740002,
        "Low": 33.110001,
        "Open": 33.689999,
        "Volume": 183300,
        "day": 195,
        "year": 2011
    }
}