{
    "day": {
        "Adj Close": 29.07453,
        "Close": 33.490002,
        "Company": "LPLA",
        "Date": "2011-07-27",
        "High": 34.16,
        "Low": 32.689999,
        "Open": 33.75,
        "Volume": 667600,
        "day": 208,
        "year": 2011
    }
}