{
    "day": {
        "Adj Close": 28.69254,
        "Close": 33.049999,
        "Company": "LPLA",
        "Date": "2011-07-29",
        "High": 33.529999,
        "Low": 31.889999,
        "Open": 32.0,
        "Volume": 363300,
        "day": 210,
        "year": 2011
    }
}