{
    "day": {
        "Adj Close": 24.16945,
        "Close": 27.84,
        "Company": "LPLA",
        "Date": "2011-08-12",
        "High": 27.99,
        "Low": 26.549999,
        "Open": 27.459999,
        "Volume": 133800,
        "day": 224,
        "year": 2011
    }
}