{
    "day": {
        "Adj Close": 23.848232,
        "Close": 27.469999,
        "Company": "LPLA",
        "Date": "2011-08-26",
        "High": 28.030001,
        "Low": 26.969999,
        "Open": 27.66,
        "Volume": 531600,
        "day": 238,
        "year": 2011
    }
}