{
    "day": {
        "Adj Close": 23.318658,
        "Close": 26.860001,
        "Company": "LPLA",
        "Date": "2011-09-07",
        "High": 27.139999,
        "Low": 26.610001,
        "Open": 26.9,
        "Volume": 374800,
        "day": 250,
        "year": 2011
    }
}