{
    "day": {
        "Adj Close": 21.243765,
        "Close": 24.469999,
        "Company": "LPLA",
        "Date": "2011-09-22",
        "High": 25.0,
        "Low": 23.040001,
        "Open": 23.91,
        "Volume": 351500,
        "day": 265,
        "year": 2011
    }
}