{
    "day": {
        "Adj Close": 21.851475,
        "Close": 25.17,
        "Company": "LPLA",
        "Date": "2011-09-28",
        "High": 26.49,
        "Low": 25.129999,
        "Open": 26.1,
        "Volume": 160000,
        "day": 271,
        "year": 2011
    }
}