{
    "day": {
        "Adj Close": 24.056589,
        "Close": 27.709999,
        "Company": "LPLA",
        "Date": "2011-10-12",
        "High": 28.09,
        "Low": 26.01,
        "Open": 26.76,
        "Volume": 202000,
        "day": 285,
        "year": 2011
    }
}