{
    "day": {
        "Adj Close": 23.405473,
        "Close": 26.959999,
        "Company": "LPLA",
        "Date": "2011-10-13",
        "High": 27.629999,
        "Low": 26.84,
        "Open": 27.559999,
        "Volume": 128100,
        "day": 286,
        "year": 2011
    }
}