{
    "day": {
        "Adj Close": 23.466245,
        "Close": 27.030001,
        "Company": "LPLA",
        "Date": "2011-10-14",
        "High": 27.34,
        "Low": 26.34,
        "Open": 27.34,
        "Volume": 138300,
        "day": 287,
        "year": 2011
    }
}