{
    "day": {
        "Adj Close": 24.455942,
        "Close": 28.17,
        "Company": "LPLA",
        "Date": "2011-11-10",
        "High": 28.790001,
        "Low": 28.030001,
        "Open": 28.77,
        "Volume": 64600,
        "day": 314,
        "year": 2011
    }
}