{
    "day": {
        "Adj Close": 29.656193,
        "Close": 34.16,
        "Company": "LPLA",
        "Date": "2011-02-02",
        "High": 34.610001,
        "Low": 34.060001,
        "Open": 34.400002,
        "Volume": 203000,
        "day": 33,
        "year": 2011
    }
}