{
    "day": {
        "Adj Close": 26.035984,
        "Close": 29.99,
        "Company": "LPLA",
        "Date": "2011-12-01",
        "High": 30.01,
        "Low": 29.52,
        "Open": 29.780001,
        "Volume": 455200,
        "day": 335,
        "year": 2011
    }
}