{
    "day": {
        "Adj Close": 23.700646,
        "Close": 27.299999,
        "Company": "LPLA",
        "Date": "2011-12-14",
        "High": 28.200001,
        "Low": 27.26,
        "Open": 28.049999,
        "Volume": 260600,
        "day": 348,
        "year": 2011
    }
}