{
    "day": {
        "Adj Close": 25.254645,
        "Close": 29.09,
        "Company": "LPLA",
        "Date": "2011-12-20",
        "High": 29.280001,
        "Low": 28.700001,
        "Open": 28.700001,
        "Volume": 202600,
        "day": 354,
        "year": 2011
    }
}