{
    "day": {
        "Adj Close": 29.300249,
        "Close": 33.75,
        "Company": "LPLA",
        "Date": "2011-02-07",
        "High": 34.049999,
        "Low": 33.599998,
        "Open": 34.049999,
        "Volume": 132300,
        "day": 38,
        "year": 2011
    }
}