{
    "day": {
        "Adj Close": 28.649133,
        "Close": 33.0,
        "Company": "LPLA",
        "Date": "2011-02-09",
        "High": 33.93,
        "Low": 32.950001,
        "Open": 33.84,
        "Volume": 218900,
        "day": 40,
        "year": 2011
    }
}