{
    "day": {
        "Adj Close": 28.08483,
        "Close": 32.349998,
        "Company": "LPLA",
        "Date": "2011-03-07",
        "High": 32.490002,
        "Low": 32.23,
        "Open": 32.490002,
        "Volume": 95100,
        "day": 66,
        "year": 2011
    }
}