{
    "day": {
        "Adj Close": 30.828202,
        "Close": 35.509998,
        "Company": "LPLA",
        "Date": "2011-03-24",
        "High": 35.549999,
        "Low": 34.639999,
        "Open": 35.23,
        "Volume": 84700,
        "day": 83,
        "year": 2011
    }
}