{
    "day": {
        "Adj Close": 13.847589, 
        "Close": 30.040001, 
        "Company": "MDLZ", 
        "Date": "2003-04-21", 
        "High": 30.129999, 
        "Low": 29.809999, 
        "Open": 29.9, 
        "Volume": 1714700, 
        "day": 1, 
        "week": 17
    }
}