{
    "day": {
        "Adj Close": 36.241501,
        "Close": 38.490002,
        "Company": "LPLA",
        "Date": "2013-09-11",
        "High": 38.5,
        "Low": 38.02,
        "Open": 38.029999,
        "Volume": 661600,
        "day": 3,
        "week": 37
    }
}