{
    "day": {
        "Adj Close": 31.292771, 
        "Close": 36.849998, 
        "Company": "WBA", 
        "Date": "2007-12-17", 
        "High": 37.09, 
        "Low": 36.450001, 
        "Open": 36.509998, 
        "Volume": 9013300, 
        "day": 1, 
        "week": 51
    }
}