{
    "day": {
        "Adj Close": 21.440001,
        "Close": 21.440001,
        "Company": "TCBI",
        "Date": "2005-04-05",
        "High": 21.49,
        "Low": 21.07,
        "Open": 21.120001,
        "Volume": 65400,
        "day": 2,
        "week": 14
    }
}