{
    "day": {
        "Adj Close": 21.459999,
        "Close": 21.459999,
        "Company": "TCBI",
        "Date": "2005-04-06",
        "High": 21.549999,
        "Low": 21.33,
        "Open": 21.33,
        "Volume": 58200,
        "day": 3,
        "week": 14
    }
}