{
    "day": {
        "Adj Close": 86.208159, 
        "Close": 87.68, 
        "Company": "WBA", 
        "Date": "2015-04-08", 
        "High": 88.43, 
        "Low": 86.889999, 
        "Open": 87.040001, 
        "Volume": 5501400, 
        "day": 3, 
        "week": 15
    }
}