{
    "day": {
        "Adj Close": 15.33611, 
        "Close": 30.620001, 
        "Company": "MDLZ", 
        "Date": "2006-07-12", 
        "High": 30.74, 
        "Low": 30.41, 
        "Open": 30.459999, 
        "Volume": 3279800, 
        "day": 3, 
        "week": 28
    }
}