{
    "day": {
        "Adj Close": 14.855517, 
        "Close": 32.080002, 
        "Company": "MDLZ", 
        "Date": "2003-07-03", 
        "High": 32.490002, 
        "Low": 31.83, 
        "Open": 32.380001, 
        "Volume": 2293200, 
        "day": 3, 
        "month": 7
    }
}