{
    "day": {
        "Adj Close": 38.466863, 
        "Close": 48.259998, 
        "Company": "TROW", 
        "Date": "2007-02-01", 
        "High": 48.459999, 
        "Low": 48.029999, 
        "Open": 48.189999, 
        "Volume": 695700, 
        "day": 1, 
        "month": 2
    }
}