{
    "day": {
        "Adj Close": 39.534944, 
        "Close": 49.599998, 
        "Company": "TROW", 
        "Date": "2007-02-14", 
        "High": 49.779999, 
        "Low": 48.869999, 
        "Open": 48.970001, 
        "Volume": 699800, 
        "day": 14, 
        "month": 2
    }
}