{
    "day": {
        "Adj Close": 39.638565, 
        "Close": 49.73, 
        "Company": "TROW", 
        "Date": "2007-02-15", 
        "High": 49.810001, 
        "Low": 49.18, 
        "Open": 49.529999, 
        "Volume": 804600, 
        "day": 15, 
        "month": 2
    }
}