{
    "day": {
        "Adj Close": 39.534944, 
        "Close": 49.599998, 
        "Company": "TROW", 
        "Date": "2007-02-16", 
        "High": 49.880001, 
        "Low": 49.200001, 
        "Open": 49.529999, 
        "Volume": 867500, 
        "day": 16, 
        "month": 2
    }
}