{
    "day": {
        "Adj Close": 39.654507, 
        "Close": 49.75, 
        "Company": "TROW", 
        "Date": "2007-02-20", 
        "High": 49.880001, 
        "Low": 48.900002, 
        "Open": 49.59, 
        "Volume": 898100, 
        "day": 20, 
        "month": 2
    }
}