{
    "day": {
        "Adj Close": 36.466205, 
        "Close": 45.75, 
        "Company": "TROW", 
        "Date": "2007-02-27", 
        "High": 47.849998, 
        "Low": 45.75, 
        "Open": 47.849998, 
        "Volume": 1886200, 
        "day": 27, 
        "month": 2
    }
}