{
    "day": {
        "Adj Close": 39.112495, 
        "Close": 49.07, 
        "Company": "TROW", 
        "Date": "2007-02-06", 
        "High": 49.200001, 
        "Low": 48.220001, 
        "Open": 48.919998, 
        "Volume": 1314700, 
        "day": 6, 
        "month": 2
    }
}