{
    "day": {
        "Adj Close": 20.33,
        "Close": 20.33,
        "Company": "TCBI",
        "Date": "2007-08-14",
        "High": 21.110001,
        "Low": 20.24,
        "Open": 20.540001,
        "Volume": 163700,
        "day": 14,
        "month": 8
    }
}