{
    "day": {
        "Adj Close": 20.32,
        "Close": 20.32,
        "Company": "TCBI",
        "Date": "2007-08-15",
        "High": 21.280001,
        "Low": 20.299999,
        "Open": 20.34,
        "Volume": 134800,
        "day": 15,
        "month": 8
    }
}