{
    "day": {
        "Adj Close": 21.75,
        "Close": 21.75,
        "Company": "TCBI",
        "Date": "2007-08-27",
        "High": 21.98,
        "Low": 21.610001,
        "Open": 21.959999,
        "Volume": 131700,
        "day": 27,
        "month": 8
    }
}