{
    "day": {
        "Adj Close": 46.738365, 
        "Close": 49.27, 
        "Company": "WBA", 
        "Date": "2013-07-15", 
        "High": 49.299999, 
        "Low": 48.66, 
        "Open": 48.880001, 
        "Volume": 4004000, 
        "day": 1, 
        "week": 29
    }
}