{
    "day": {
        "Adj Close": 47.943109, 
        "Close": 50.540001, 
        "Company": "WBA", 
        "Date": "2013-07-18", 
        "High": 51.450001, 
        "Low": 49.619999, 
        "Open": 49.689999, 
        "Volume": 12376400, 
        "day": 4, 
        "week": 29
    }
}