{
    "day": {
        "Adj Close": 32.281216, 
        "Close": 35.240002, 
        "Company": "WBA", 
        "Date": "2012-04-24", 
        "High": 35.459999, 
        "Low": 35.049999, 
        "Open": 35.43, 
        "Volume": 6397000, 
        "day": 2, 
        "week": 17
    }
}