{
    "day": {
        "Adj Close": 12.03744, 
        "Close": 32.650002, 
        "Company": "TROW", 
        "Date": "2002-06-13", 
        "High": 33.5, 
        "Low": 32.599998, 
        "Open": 33.220001, 
        "Volume": 705600, 
        "day": 13, 
        "month": 6
    }
}