{
    "day": {
        "Adj Close": 47.497258, 
        "Close": 50.07, 
        "Company": "WBA", 
        "Date": "2013-06-13", 
        "High": 50.169998, 
        "Low": 49.23, 
        "Open": 49.380001, 
        "Volume": 2972900, 
        "day": 4, 
        "week": 24
    }
}