{
    "day": {
        "Adj Close": 26.171552,
        "Close": 28.16,
        "Company": "LPLA",
        "Date": "2012-12-31",
        "High": 28.469999,
        "Low": 27.98,
        "Open": 28.1,
        "Volume": 370600,
        "day": 1,
        "week": 53
    }
}