{
    "day": {
        "Adj Close": 15.944014, 
        "Close": 44.375, 
        "Company": "TROW", 
        "Date": "2000-10-30", 
        "High": 45.0, 
        "Low": 42.6875, 
        "Open": 42.718761, 
        "Volume": 1375400, 
        "day": 1, 
        "week": 44
    }
}