{
    "day": {
        "Adj Close": 30.620868, 
        "Close": 36.880001, 
        "Company": "WBA", 
        "Date": "2004-07-29", 
        "High": 37.119999, 
        "Low": 36.599998, 
        "Open": 36.869999, 
        "Volume": 1994300, 
        "day": 4, 
        "week": 31
    }
}