{
    "day": {
        "Adj Close": 65.120582, 
        "Close": 71.709999, 
        "Company": "TROW", 
        "Date": "2013-05-01", 
        "High": 72.800003, 
        "Low": 71.699997, 
        "Open": 72.290001, 
        "Volume": 1435800, 
        "day": 3, 
        "week": 18
    }
}