{
    "day": {
        "Adj Close": 18.086418, 
        "Close": 39.599998, 
        "Company": "MDLZ", 
        "Date": "2002-11-08", 
        "High": 40.419998, 
        "Low": 39.549999, 
        "Open": 39.98, 
        "Volume": 948100, 
        "day": 5, 
        "week": 45
    }
}