{
    "day": {
        "Adj Close": 157.100006, 
        "Close": 157.100006, 
        "Company": "TSLA", 
        "Date": "2013-08-22", 
        "High": 157.479996, 
        "Low": 148.139999, 
        "Open": 149.220001, 
        "Volume": 10592400, 
        "day": 4, 
        "week": 34
    }
}