{
    "day": {
        "Adj Close": 14.569078, 
        "Close": 29.77, 
        "Company": "MDLZ", 
        "Date": "2005-11-28", 
        "High": 30.200001, 
        "Low": 29.75, 
        "Open": 30.120001, 
        "Volume": 1458800, 
        "day": 1, 
        "week": 48
    }
}