{
    "day": {
        "Adj Close": 39.090912, 
        "Close": 45.650002, 
        "Company": "TROW", 
        "Date": "2010-08-19", 
        "High": 47.369999, 
        "Low": 45.639999, 
        "Open": 47.110001, 
        "Volume": 2567800, 
        "day": 4, 
        "week": 33
    }
}