{
    "day": {
        "Adj Close": 3.748372, 
        "Close": 38.875038, 
        "Company": "WBA", 
        "Date": "1994-10-17", 
        "High": 39.124962, 
        "Low": 38.75, 
        "Open": 39.0, 
        "Volume": 1363200, 
        "day": 1, 
        "week": 42
    }
}