{
    "day": {
        "Adj Close": 89.274697, 
        "Close": 90.089996, 
        "Company": "WBA", 
        "Date": "2015-09-08", 
        "High": 90.169998, 
        "Low": 88.449997, 
        "Open": 88.669998, 
        "Volume": 3969000, 
        "day": 2, 
        "week": 37
    }
}