{
    "day": {
        "Adj Close": 39.135127, 
        "Close": 46.889999, 
        "Company": "WBA", 
        "Date": "2005-07-08", 
        "High": 47.0, 
        "Low": 46.200001, 
        "Open": 46.400002, 
        "Volume": 2106400, 
        "day": 5, 
        "week": 27
    }
}