{
    "day": {
        "Adj Close": 55.758667, 
        "Close": 62.369999, 
        "Company": "TROW", 
        "Date": "2012-08-17", 
        "High": 63.0, 
        "Low": 61.93, 
        "Open": 62.779999, 
        "Volume": 805300, 
        "day": 5, 
        "week": 33
    }
}