{
    "day": {
        "Adj Close": 55.150002,
        "Close": 55.150002,
        "Company": "TCBI",
        "Date": "2013-12-04",
        "High": 55.73,
        "Low": 54.68,
        "Open": 55.119999,
        "Volume": 275000,
        "day": 3,
        "week": 49
    }
}