{
    "day": {
        "Adj Close": 23.962148, 
        "Close": 29.040001, 
        "Company": "TROW", 
        "Date": "2009-01-14", 
        "High": 30.9, 
        "Low": 28.969999, 
        "Open": 30.9, 
        "Volume": 4215400, 
        "day": 3, 
        "week": 3
    }
}