{
    "day": {
        "Adj Close": 14.838642, 
        "Close": 31.5, 
        "Company": "MDLZ", 
        "Date": "2004-03-25", 
        "High": 31.719999, 
        "Low": 31.27, 
        "Open": 31.629999, 
        "Volume": 2708800, 
        "day": 4, 
        "week": 13
    }
}