{
    "day": {
        "Adj Close": 42.200001,
        "Close": 42.200001,
        "Company": "TCBI",
        "Date": "2013-05-03",
        "High": 42.5,
        "Low": 41.709999,
        "Open": 42.209999,
        "Volume": 433000,
        "day": 5,
        "week": 18
    }
}