{
    "day": {
        "Adj Close": 43.820103,
        "Close": 44.860001,
        "Company": "LPLA",
        "Date": "2015-06-04",
        "High": 45.0,
        "Low": 44.619999,
        "Open": 44.790001,
        "Volume": 1582200,
        "day": 4,
        "week": 23
    }
}