{
    "day": {
        "Adj Close": 44.562483,
        "Close": 45.619999,
        "Company": "LPLA",
        "Date": "2015-06-05",
        "High": 45.91,
        "Low": 44.919998,
        "Open": 45.669998,
        "Volume": 1775600,
        "day": 5,
        "week": 23
    }
}