{
    "day": {
        "Adj Close": 17.557418, 
        "Close": 45.619999, 
        "Company": "TROW", 
        "Date": "2004-07-20", 
        "High": 45.810001, 
        "Low": 44.360001, 
        "Open": 44.549999, 
        "Volume": 1078800, 
        "day": 20, 
        "month": 7
    }
}