{
    "day": {
        "Adj Close": 17.226436, 
        "Close": 44.759998, 
        "Company": "TROW", 
        "Date": "2004-07-26", 
        "High": 45.43, 
        "Low": 44.349998, 
        "Open": 45.299999, 
        "Volume": 1748000, 
        "day": 26, 
        "month": 7
    }
}