{
    "day": {
        "Adj Close": 84.839996, 
        "Close": 84.839996, 
        "Company": "TSLA", 
        "Date": "2013-05-15", 
        "High": 86.879997, 
        "Low": 78.110001, 
        "Open": 81.800003, 
        "Volume": 16878700, 
        "day": 3, 
        "week": 20
    }
}