{
    "day": {
        "Adj Close": 18.646323, 
        "Close": 31.799999, 
        "Company": "MDLZ", 
        "Date": "2010-10-14", 
        "High": 31.809999, 
        "Low": 31.49, 
        "Open": 31.58, 
        "Volume": 7620300, 
        "day": 14, 
        "month": 10
    }
}