{
    "day": {
        "Adj Close": 18.763596, 
        "Close": 32.0, 
        "Company": "MDLZ", 
        "Date": "2010-10-27", 
        "High": 32.189999, 
        "Low": 31.75, 
        "Open": 32.189999, 
        "Volume": 6967700, 
        "day": 27, 
        "month": 10
    }
}