{
    "day": {
        "Adj Close": 18.353141, 
        "Close": 31.299999, 
        "Company": "MDLZ", 
        "Date": "2010-10-06", 
        "High": 31.5, 
        "Low": 31.24, 
        "Open": 31.32, 
        "Volume": 6644300, 
        "day": 6, 
        "month": 10
    }
}