{
    "day": {
        "Adj Close": 19.030001, 
        "Close": 19.030001, 
        "Company": "TSLA", 
        "Date": "2010-08-10", 
        "High": 19.65, 
        "Low": 18.82, 
        "Open": 19.65, 
        "Volume": 1281300, 
        "day": 2, 
        "week": 32
    }
}