{
    "day": {
        "Adj Close": 67.239077, 
        "Close": 73.669998, 
        "Company": "TROW", 
        "Date": "2013-07-01", 
        "High": 74.519997, 
        "Low": 73.459999, 
        "Open": 73.589996, 
        "Volume": 1363000, 
        "day": 1, 
        "week": 27
    }
}