{
    "day": {
        "Adj Close": 67.595032, 
        "Close": 74.059998, 
        "Company": "TROW", 
        "Date": "2013-07-03", 
        "High": 74.25, 
        "Low": 73.190002, 
        "Open": 73.459999, 
        "Volume": 684000, 
        "day": 3, 
        "week": 27
    }
}