{
    "day": {
        "Adj Close": 20.049999, 
        "Close": 20.049999, 
        "Company": "FANG", 
        "Date": "2013-02-26", 
        "High": 20.52, 
        "Low": 19.700001, 
        "Open": 19.84, 
        "Volume": 119300, 
        "day": 26, 
        "month": 2
    }
}