{
    "day": {
        "Adj Close": 20.959999, 
        "Close": 20.959999, 
        "Company": "FANG", 
        "Date": "2013-02-27", 
        "High": 21.5, 
        "Low": 19.85, 
        "Open": 20.09, 
        "Volume": 158500, 
        "day": 27, 
        "month": 2
    }
}