{
    "day": {
        "Adj Close": 14.779515, 
        "Close": 30.200001, 
        "Company": "MDLZ", 
        "Date": "2005-09-27", 
        "High": 30.33, 
        "Low": 29.57, 
        "Open": 29.57, 
        "Volume": 2025800, 
        "day": 2, 
        "week": 39
    }
}