{
    "day": {
        "Adj Close": 18.700001,
        "Close": 18.700001,
        "Company": "TCBI",
        "Date": "2010-03-18",
        "High": 18.82,
        "Low": 18.5,
        "Open": 18.65,
        "Volume": 147600,
        "day": 4,
        "week": 11
    }
}