{
    "day": {
        "Adj Close": 1.982661, 
        "Close": 44.0, 
        "Company": "WBA", 
        "Date": "1990-05-16", 
        "High": 44.0, 
        "Low": 43.75008, 
        "Open": 43.875038, 
        "Volume": 2326400, 
        "day": 3, 
        "week": 20
    }
}