{
    "day": {
        "Adj Close": 12.849516, 
        "Close": 73.75, 
        "Company": "TROW", 
        "Date": "1998-03-19", 
        "High": 74.875, 
        "Low": 70.562477, 
        "Open": 71.75, 
        "Volume": 1196400, 
        "day": 4, 
        "week": 12
    }
}