{
    "day": {
        "Adj Close": 16.790001,
        "Close": 16.790001,
        "Company": "TCBI",
        "Date": "2004-07-23",
        "High": 16.959999,
        "Low": 16.57,
        "Open": 16.719999,
        "Volume": 34700,
        "day": 23,
        "month": 7
    }
}