{
    "day": {
        "Adj Close": 0.917567, 
        "Close": 23.75008, 
        "Company": "TROW", 
        "Date": "1991-02-04", 
        "High": 24.0, 
        "Low": 21.5, 
        "Open": 22.24992, 
        "Volume": 491200, 
        "day": 1, 
        "week": 6
    }
}