{
    "day": {
        "Adj Close": 0.898244, 
        "Close": 23.24992, 
        "Company": "TROW", 
        "Date": "1991-02-08", 
        "High": 23.75008, 
        "Low": 23.24992, 
        "Open": 23.75008, 
        "Volume": 102400, 
        "day": 5, 
        "week": 6
    }
}