{
    "day": {
        "Adj Close": 38.200359, 
        "Close": 45.77, 
        "Company": "WBA", 
        "Date": "2005-06-07", 
        "High": 46.200001, 
        "Low": 45.77, 
        "Open": 45.98, 
        "Volume": 2888600, 
        "day": 2, 
        "week": 23
    }
}