{
    "day": {
        "Adj Close": 4.571605, 
        "Close": 47.0, 
        "Company": "WBA", 
        "Date": "1995-02-21", 
        "High": 47.375038, 
        "Low": 47.0, 
        "Open": 47.25, 
        "Volume": 2024000, 
        "day": 21, 
        "month": 2
    }
}