{
    "day": {
        "Adj Close": 4.608084, 
        "Close": 47.375038, 
        "Company": "WBA", 
        "Date": "1995-02-23", 
        "High": 47.375038, 
        "Low": 47.124962, 
        "Open": 47.375038, 
        "Volume": 2379200, 
        "day": 23, 
        "month": 2
    }
}