{
    "day": {
        "Adj Close": 4.595922, 
        "Close": 47.25, 
        "Company": "WBA", 
        "Date": "1995-02-24", 
        "High": 47.375038, 
        "Low": 47.124962, 
        "Open": 47.375038, 
        "Volume": 1636000, 
        "day": 24, 
        "month": 2
    }
}