{
    "day": {
        "Adj Close": 4.595922, 
        "Close": 47.25, 
        "Company": "WBA", 
        "Date": "1995-02-27", 
        "High": 47.25, 
        "Low": 47.0, 
        "Open": 47.124962, 
        "Volume": 1104800, 
        "day": 27, 
        "month": 2
    }
}