{
    "day": {
        "Adj Close": 79.556687, 
        "Close": 79.93, 
        "Company": "WBA", 
        "Date": "2016-01-13", 
        "High": 82.190002, 
        "Low": 79.620003, 
        "Open": 81.830002, 
        "Volume": 5080500, 
        "day": 13, 
        "month": 1
    }
}