{
    "day": {
        "Adj Close": 80.462433, 
        "Close": 80.839996, 
        "Company": "WBA", 
        "Date": "2016-01-22", 
        "High": 81.089996, 
        "Low": 79.610001, 
        "Open": 80.629997, 
        "Volume": 3449200, 
        "day": 22, 
        "month": 1
    }
}