{
    "day": {
        "Adj Close": 79.258085, 
        "Close": 79.629997, 
        "Company": "WBA", 
        "Date": "2016-01-06", 
        "High": 81.260002, 
        "Low": 79.43, 
        "Open": 80.540001, 
        "Volume": 11659200, 
        "day": 6, 
        "month": 1
    }
}