{
    "day": {
        "Adj Close": 80.790894, 
        "Close": 81.169998, 
        "Company": "WBA", 
        "Date": "2016-01-07", 
        "High": 82.400002, 
        "Low": 79.029999, 
        "Open": 82.400002, 
        "Volume": 11362000, 
        "day": 7, 
        "month": 1
    }
}