{
    "day": {
        "Adj Close": 35.03516, 
        "Close": 42.82, 
        "Company": "WBA", 
        "Date": "2001-02-21", 
        "High": 44.25, 
        "Low": 42.82, 
        "Open": 43.450001, 
        "Volume": 3562700, 
        "day": 3, 
        "week": 8
    }
}