{
    "day": {
        "Adj Close": 3.069797, 
        "Close": 36.624962, 
        "Company": "TROW", 
        "Date": "1995-04-24", 
        "High": 37.0, 
        "Low": 36.375038, 
        "Open": 36.375038, 
        "Volume": 339200, 
        "day": 24, 
        "month": 4
    }
}