{
    "day": {
        "Adj Close": 52.991356, 
        "Close": 59.950001, 
        "Company": "TROW", 
        "Date": "2012-02-14", 
        "High": 60.040001, 
        "Low": 59.330002, 
        "Open": 59.689999, 
        "Volume": 1468500, 
        "day": 2, 
        "week": 7
    }
}