{
    "day": {
        "Adj Close": 55.607775, 
        "Close": 62.91, 
        "Company": "TROW", 
        "Date": "2012-02-17", 
        "High": 62.950001, 
        "Low": 62.099998, 
        "Open": 62.5, 
        "Volume": 1914500, 
        "day": 5, 
        "week": 7
    }
}