{
    "day": {
        "Adj Close": 17.282578, 
        "Close": 37.84, 
        "Company": "MDLZ", 
        "Date": "2002-11-25", 
        "High": 37.919998, 
        "Low": 37.32, 
        "Open": 37.650002, 
        "Volume": 2579700, 
        "day": 1, 
        "week": 48
    }
}