{
    "day": {
        "Adj Close": 2.087017, 
        "Close": 46.75008, 
        "Company": "WBA", 
        "Date": "1989-12-29", 
        "High": 46.875038, 
        "Low": 46.24992, 
        "Open": 46.24992, 
        "Volume": 1112000, 
        "day": 5, 
        "week": 52
    }
}