{
    "day": {
        "Adj Close": 32.245111, 
        "Close": 39.41, 
        "Company": "WBA", 
        "Date": "2001-04-11", 
        "High": 40.299999, 
        "Low": 38.959999, 
        "Open": 39.860001, 
        "Volume": 3400200, 
        "day": 3, 
        "week": 15
    }
}