{
    "day": {
        "Adj Close": 32.727847, 
        "Close": 40.0, 
        "Company": "WBA", 
        "Date": "2001-04-12", 
        "High": 40.23, 
        "Low": 39.509998, 
        "Open": 39.799999, 
        "Volume": 2033000, 
        "day": 4, 
        "week": 15
    }
}