{
    "day": {
        "Adj Close": 18.697736, 
        "Close": 22.66, 
        "Company": "TROW", 
        "Date": "2009-02-23", 
        "High": 25.190001, 
        "Low": 22.59, 
        "Open": 24.1, 
        "Volume": 5708900, 
        "day": 1, 
        "week": 9
    }
}