{
    "day": {
        "Adj Close": 1.748553, 
        "Close": 39.5, 
        "Company": "WBA", 
        "Date": "1989-05-23", 
        "High": 40.24992, 
        "Low": 39.375038, 
        "Open": 40.24992, 
        "Volume": 2196800, 
        "day": 2, 
        "week": 21
    }
}