{
    "day": {
        "Adj Close": 7.342916, 
        "Close": 42.562481, 
        "Company": "TROW", 
        "Date": "1997-03-19", 
        "High": 42.625, 
        "Low": 40.75, 
        "Open": 42.0, 
        "Volume": 595600, 
        "day": 3, 
        "week": 12
    }
}