{
    "day": {
        "Adj Close": 16.655946, 
        "Close": 29.23, 
        "Company": "MDLZ", 
        "Date": "2010-03-09", 
        "High": 29.440001, 
        "Low": 29.16, 
        "Open": 29.389999, 
        "Volume": 14592500, 
        "day": 9, 
        "month": 3
    }
}