{
    "day": {
        "Adj Close": 32.716869, 
        "Close": 34.060001, 
        "Company": "MDLZ", 
        "Date": "2013-12-10", 
        "High": 34.669998, 
        "Low": 34.0, 
        "Open": 34.599998, 
        "Volume": 9193700, 
        "day": 10, 
        "month": 12
    }
}