{
    "day": {
        "Adj Close": 32.515147, 
        "Close": 33.849998, 
        "Company": "MDLZ", 
        "Date": "2013-12-16", 
        "High": 34.130001, 
        "Low": 33.759998, 
        "Open": 33.849998, 
        "Volume": 6876700, 
        "day": 16, 
        "month": 12
    }
}