{
    "day": {
        "Adj Close": 33.322022, 
        "Close": 34.689999, 
        "Company": "MDLZ", 
        "Date": "2013-12-09", 
        "High": 35.200001, 
        "Low": 34.619999, 
        "Open": 35.080002, 
        "Volume": 10238800, 
        "day": 9, 
        "month": 12
    }
}