{
    "day": {
        "Adj Close": 23.84, 
        "Close": 23.84, 
        "Company": "TSLA", 
        "Date": "2011-09-07", 
        "High": 24.0, 
        "Low": 23.280001, 
        "Open": 23.389999, 
        "Volume": 459200, 
        "day": 7, 
        "month": 9
    }
}