{
    "day": {
        "Adj Close": 14.210395, 
        "Close": 28.799999, 
        "Company": "MDLZ", 
        "Date": "2006-02-08", 
        "High": 29.1, 
        "Low": 28.530001, 
        "Open": 29.0, 
        "Volume": 1748200, 
        "day": 3, 
        "week": 6
    }
}