{
    "day": {
        "Adj Close": 14.328816, 
        "Close": 29.040001, 
        "Company": "MDLZ", 
        "Date": "2006-02-09", 
        "High": 29.15, 
        "Low": 28.74, 
        "Open": 28.75, 
        "Volume": 2045700, 
        "day": 4, 
        "week": 6
    }
}