{
    "day": {
        "Adj Close": 16.386645, 
        "Close": 30.98, 
        "Company": "MDLZ", 
        "Date": "2008-04-10", 
        "High": 31.549999, 
        "Low": 30.940001, 
        "Open": 31.5, 
        "Volume": 8651600, 
        "day": 10, 
        "month": 4
    }
}