{
    "day": {
        "Adj Close": 16.704011, 
        "Close": 31.58, 
        "Company": "MDLZ", 
        "Date": "2008-04-02", 
        "High": 31.85, 
        "Low": 31.459999, 
        "Open": 31.67, 
        "Volume": 6135800, 
        "day": 2, 
        "month": 4
    }
}