{
    "day": {
        "Adj Close": 16.06399, 
        "Close": 30.370001, 
        "Company": "MDLZ", 
        "Date": "2008-04-28", 
        "High": 30.75, 
        "Low": 30.309999, 
        "Open": 30.65, 
        "Volume": 11459400, 
        "day": 28, 
        "month": 4
    }
}