{
    "day": {
        "Adj Close": 25.902031,
        "Close": 27.870001,
        "Company": "LPLA",
        "Date": "2012-12-10",
        "High": 28.24,
        "Low": 27.84,
        "Open": 28.17,
        "Volume": 377900,
        "day": 1,
        "week": 50
    }
}