{
    "day": {
        "Adj Close": 5.054328, 
        "Close": 51.75, 
        "Company": "WBA", 
        "Date": "1995-07-24", 
        "High": 52.375038, 
        "Low": 51.624962, 
        "Open": 51.624962, 
        "Volume": 2005600, 
        "day": 1, 
        "week": 30
    }
}