{
    "day": {
        "Adj Close": 46.404076, 
        "Close": 52.779999, 
        "Company": "TROW", 
        "Date": "2011-10-20", 
        "High": 53.240002, 
        "Low": 51.73, 
        "Open": 52.650002, 
        "Volume": 3369100, 
        "day": 4, 
        "week": 42
    }
}