{
    "day": {
        "Adj Close": 2.10269, 
        "Close": 47.5, 
        "Company": "WBA", 
        "Date": "1989-08-04", 
        "High": 47.875038, 
        "Low": 47.24992, 
        "Open": 47.375038, 
        "Volume": 1849600, 
        "day": 5, 
        "week": 31
    }
}