{
    "day": {
        "Adj Close": 0.933632, 
        "Close": 22.5, 
        "Company": "WBA", 
        "Date": "1985-10-07", 
        "High": 23.12496, 
        "Low": 22.5, 
        "Open": 23.0, 
        "Volume": 2358400, 
        "day": 1, 
        "week": 41
    }
}