{
    "day": {
        "Adj Close": 32.413349, 
        "Close": 36.369999, 
        "Company": "WBA", 
        "Date": "2010-12-09", 
        "High": 36.98, 
        "Low": 36.029999, 
        "Open": 36.970001, 
        "Volume": 6329100, 
        "day": 4, 
        "week": 49
    }
}