{
    "day": {
        "Adj Close": 30.139999, 
        "Close": 30.139999, 
        "Company": "TSLA", 
        "Date": "2011-05-31", 
        "High": 30.280001, 
        "Low": 29.549999, 
        "Open": 29.690001, 
        "Volume": 3290500, 
        "day": 2, 
        "week": 22
    }
}