{
    "day": {
        "Adj Close": 30.129999, 
        "Close": 30.129999, 
        "Company": "TSLA", 
        "Date": "2011-06-03", 
        "High": 31.5, 
        "Low": 29.5, 
        "Open": 29.950001, 
        "Volume": 6209200, 
        "day": 5, 
        "week": 22
    }
}