{
    "day": {
        "Adj Close": 18.72255, 
        "Close": 31.93, 
        "Company": "MDLZ", 
        "Date": "2010-12-17", 
        "High": 31.950001, 
        "Low": 31.530001, 
        "Open": 31.67, 
        "Volume": 11699500, 
        "day": 5, 
        "week": 50
    }
}