{
    "day": {
        "Adj Close": 26.54386, 
        "Close": 31.0, 
        "Company": "WBA", 
        "Date": "2008-09-29", 
        "High": 32.549999, 
        "Low": 30.26, 
        "Open": 31.700001, 
        "Volume": 12548600, 
        "day": 29, 
        "month": 9
    }
}