{
    "day": {
        "Adj Close": 13.168811, 
        "Close": 36.349998, 
        "Company": "TROW", 
        "Date": "2001-04-20", 
        "High": 37.0, 
        "Low": 35.439999, 
        "Open": 36.950001, 
        "Volume": 731800, 
        "day": 5, 
        "week": 16
    }
}