{
    "day": {
        "Adj Close": 9.775607, 
        "Close": 26.07, 
        "Company": "TROW", 
        "Date": "2003-02-21", 
        "High": 26.23, 
        "Low": 25.309999, 
        "Open": 25.85, 
        "Volume": 1758800, 
        "day": 5, 
        "week": 8
    }
}