{
    "day": {
        "Adj Close": 30.25362, 
        "Close": 35.439999, 
        "Company": "WBA", 
        "Date": "2008-06-19", 
        "High": 35.68, 
        "Low": 35.009998, 
        "Open": 35.200001, 
        "Volume": 5580200, 
        "day": 4, 
        "week": 25
    }
}