{
    "day": {
        "Adj Close": 3.103683, 
        "Close": 33.375038, 
        "Company": "WBA", 
        "Date": "1992-06-01", 
        "High": 33.375038, 
        "Low": 32.5, 
        "Open": 33.375038, 
        "Volume": 1267200, 
        "day": 1, 
        "week": 23
    }
}