{
    "day": {
        "Adj Close": 49.59,
        "Close": 49.59,
        "Company": "TCBI",
        "Date": "2015-03-16",
        "High": 51.470001,
        "Low": 49.41,
        "Open": 50.880001,
        "Volume": 478400,
        "day": 1,
        "week": 12
    }
}