{
    "day": {
        "Adj Close": 15.181011, 
        "Close": 28.950001, 
        "Company": "MDLZ", 
        "Date": "2008-02-05", 
        "High": 29.27, 
        "Low": 28.860001, 
        "Open": 29.15, 
        "Volume": 10549300, 
        "day": 2, 
        "week": 6
    }
}